caption_id,caption,score,source
11042,A large slice of cheese pizza on a paper plate.,1.8333333333333333,mscoco
156802,Group of people eating food at an outdoor table.,2.0,mscoco
175353,"A couple of plates of sausages, broccoli and purple food.",1.9,mscoco
368626,A street scene with a railroad crossing and traffic lights.,1.6166666666666667,mscoco
12475,Two brown and white cows in field with hazy sky.,1.5,mscoco
93496,A pasture with sheep inside a fence ,2.0,mscoco
267844,The kitchen has a small sink and a miniature stove.,1.6875,mscoco
539098,A man watches a young boy play with his phone.,1.3666666666666667,mscoco
429990,A refrigerator and a stove in a kitchen,1.6666666666666663,mscoco
15735,A person is holding a hot dog in their hand.,1.9,mscoco
365115,A bacon cheeseburger with a donut as the bun.,1.7142857142857144,mscoco
72873,An empty hospital room is seen in this image.,2.0,mscoco
88915,"A bathroom with a shower stall, sink and tub.",1.75,mscoco
185834,A living room with a christmas tree near the fireplace,2.0,mscoco
516812,A red fire hydrant in a park near a tree. ,1.9924242424242424,mscoco
314298,A woman with glasses biting into a doughnut.,2.0,mscoco
5111,huge round bath tub with large mirror and window,1.5,mscoco
190617,two birds sitting on branches of a tree,2.0,mscoco
319612,Close up of a cluster of white flowers with yellow stamen,1.875,mscoco
301247,A baseball player holding his arm up with a ball in his hand.,1.4821428571428572,mscoco
133672,A pizza in a pizza box with lots of toppings.,2.0,mscoco
338224,A cat sitting next to a fish figurine on a window sill.,1.75,mscoco
330181,two red suitcases are in a room and a chair desk and a bed,1.5446428571428572,mscoco
449098,The inside of a bicycle store with numerous related items on display,2.0,mscoco
171590,A man walking down a dirt road holding an umbrella.,2.0,mscoco
365003,The living area is open and brightly lit by the tall window.,2.0,mscoco
286962,"A cut of meat is served with rice, broccoli and other vegetables.",2.0,mscoco
307480,Orange tree with ripe oranges and green leaves.,2.0,mscoco
421777,"A blurry night-time street scene shows a higher and lower roadway with overpasses and lots of traffic  going the same way, while to the left an area of red glare with an arrow and number, suggests a caution area. ",1.5833333333333337,mscoco
443944,A living room with couches and recliner chairs with a kitchen behind it.,2.0,mscoco
185519,A woman flying a kite on a beach while several people play.,1.898173515981735,mscoco
155212,A giraffe about to eat leaves from a tree,0.3333333333333333,mscoco
44627,A man who is performing a trick on a skateboard.,0.5,mscoco
566324,"A bedroom with tv, computer, and bookshelves in it.",1.5,mscoco
146186,The kitchen counter is covered with various cooking ingredients.,2.0,mscoco
202392,Pizza and spinach on a plate on the table.,1.4,mscoco
262162,A small bedroom with a desk and computer in it.,1.8333333333333333,mscoco
13020,A man lunging down to catch a frisbee on a field.,1.6333333333333333,mscoco
82833,this living room has a brown couch  and a white glass coffee table,2.0,mscoco
465786,A view of a sink and commode in a bathroom.,1.6666666666666663,mscoco
340602,A snowboarder rides a bench set up in the snow,1.6666666666666663,mscoco
98447,A blurry photo shows men sitting in car seats playing Wii at a party.,1.875,mscoco
372024,People interact during a soccer match with a large crowd.,2.0,mscoco
358399, a man playing with a wii mote ,1.8333333333333333,mscoco
145155,The healthy food is prepared on the plate ready to be eaten. ,2.0,mscoco
89446,A red train traveling over a bridge over a forest.,1.9166666666666663,mscoco
98882,The skateboarder does an aerial stunt of the stairs in the City.,2.0,mscoco
260942,A large elephant walks with a small elephant behind it.,2.0,mscoco
205473,A group of people are skiing while dressed in costumes.,1.9,mscoco
10229,a blue truck with bicycles tied down in the back,2.0,mscoco
509691,A bunch of ducks swimming around in a pond ,2.0,mscoco
264396,An electric train on a bridge crossing a river.,1.8333333333333333,mscoco
301799,"A bento box with chopsticks containing strawberries, carrots, sandwiches, broccoli, lettuce, and some other foods.",1.8166666666666669,mscoco
289971,two people cutting a cake on a table,1.75,mscoco
304008,Young man wearing shorts throws a frisbee among trees.,2.0,mscoco
482298,A red commuter train traveling down train tracks.,1.9166666666666663,mscoco
105611,A close-up of a dog in a boat wearing clothing.,2.0,mscoco
452083,A white and red train at a train station.,2.0,mscoco
29,Hovering cow abducting aliens.,2.0,drawbench
54329,Colorado Rockies' pitcher about to release ball from mound.,2.0,mscoco
261744,People stand on the beach underneath a green kite.,1.9,mscoco
281582,A large stack of Fedex boxes on a carpeted floor.,1.6,mscoco
515581,"The girl, a Kuwaiti kite flyer, is very happy ",1.875,mscoco
548393,Six different types of doughnuts are arranged in a box.,1.6666666666666667,mscoco
99094,Two yellow and white trains are riding the tracks into a station.,1.8333333333333333,mscoco
448974,A person holding a silver cell phone in their hand.,1.875,mscoco
335975,a building with a pole and some street signs,1.8,mscoco
499730,Two balconies are shown with a stop sign next to them. ,1.8333333333333333,mscoco
475509,a person standing in a living room playing nintendo wii,2.0,mscoco
420287,"A tidy corner features a black book shelf, a desk with two computers and a black chair.",1.875,mscoco
107840,A city bus is stopped at a light on a sunny day.,1.5,mscoco
434409,A man is eating a doughnut hanging from a string.,1.375,mscoco
575574,Young adults playing on grassy field with flying disc during match play.,2.0,mscoco
235651,"A sitting area with a television, in a hotel room.",1.875,mscoco
247529,A black fire hydrant sits between two silver poles on the sidewalk near a building.,1.3333333333333333,mscoco
434673,A tennis player is preparing to play a game of tennis.,1.6,mscoco
388893,A man with an orange ribbon clutched in his teeth tucks his ski poles as he races down a slope.,1.2891963109354414,mscoco
41962,A woman playing tennis on the tennis court,-1.0,mscoco
195911,A large kitchen with a metallic refrigerator freezer and a center island.,1.6666666666666667,mscoco
119171,A white cat sits below a boot filled shoe rack.,1.68156766687079,mscoco
210909,Various shots of a woman smiling and messing with a keyboard.,1.75,mscoco
567416,Trash cans are on a sidewalk next to a fire hydrant and fence.,1.6666666666666667,mscoco
64139,An Apple instruction book with a mouse and keyboard next to it.,0.3333333333333333,mscoco
86687,A cat sticking its head in a toilet.,1.8,mscoco
581486,A man stands in a library wearing glasses and a bow tie.,2.0,mscoco
248809,A boat filled with people observing a large elephant on land ,0.3333333333333333,mscoco
500861,A man on a boat in the ocean. ,2.0,mscoco
405995,two women standing around and playing a wii game,1.75,mscoco
243825,Vehicle and pedestrian traffic at night on a city street.,1.8333333333333333,mscoco
268897,Three giraffes standing around in a zoo enclosure,2.0,mscoco
291990,"Street sign, with name and abbreviation, in front of very old building.",1.6666666666666663,mscoco
149230,Three people with umbrellas walking over a wooden bridge.,2.0,mscoco
228409,Animation of a person riding on a motorcycle.,2.0,mscoco
60467,"LUNCH TRAY WITH EGG SANDWICH, HASH BROWNS, FRUIT AND CONDIMENTS",1.75,mscoco
531126,Woman playing with soccer while children watch intently,1.75,mscoco
493477,A yellow and black fire hydrant next to a  red truck.,2.0,mscoco
68852,A surfboard on top of a beaten car near the ocean,2.0,mscoco
242656,Several cows grazing in a field under a tree.,2.0,mscoco
369000,A tusked elephant eating grass in a zoo enclosure,1.8333333333333333,mscoco
526247,Fresh baked pizza on metal pans being sliced for service.,2.0,mscoco
558235,A orange and red train parked at the station.,2.0,mscoco
321717,A person preparing sandwiches at a food stand.,2.0,mscoco
9142,A bird standing on the sand at the beach. ,2.0,mscoco
9851,A horse leans over the fence to talk to a dog.,0.125,mscoco
254892,A giraffe standing on grass inside a fenced area.,2.0,mscoco
548822,A man in shorts has his foot on a soccer ball.,2.0,mscoco
194909,Adult on skis in snow covered alpine area with tents.,2.0,mscoco
203433,A woman in blue shirt holding two cellphones with cars in background.,2.0,mscoco
127072,A large herd of sheep are grazing in a field.,2.0,mscoco
485752,A long cargo train is on railroad tracks. ,2.0,mscoco
34754,A baseball player swings at a low pitch.,2.0,mscoco
454892,a bench sits alone on a field in front of trees. ,1.875,mscoco
16805,A yellow fire hydrant next to a street.,1.97887323943662,mscoco
369593,A clock is displayed on a white painted tower.,2.0,mscoco
84174,A baseball player begins to run while holding the bat.,2.0,mscoco
24723,A baseball player getting ready to swing at a baseball game in a stadium packed with people.,1.8333333333333333,mscoco
24375,A person on a snowboard performs a jump while two people watch.,1.5833333333333337,mscoco
534521,A toilet without a tank is in a bathroom next to a bathtub. ,1.5833333333333337,mscoco
71621,A white toilet sitting under a toilet seat protector.,2.0,mscoco
56400,A man wearing glasses while holding a banana.,2.0,mscoco
206398,A giraffe standing in a grassy open field.,2.0,mscoco
434177,a group of people walk on a beach with surf boards,2.0,mscoco
385744,Two women sitting at a table taking pictures of food.,2.0,mscoco
247474,a woman and young child pose on steps with  teddy bear statue,0.25,mscoco
305082,"A plate with a grilled cheese sandwich, french fries, tomatoes, and pickles. ",1.9,mscoco
422536,a woman looking at the banana tree in the garden,1.8333333333333333,mscoco
457882,A woman with a swimsuit on sitting with a dog.,1.9375,mscoco
89052,Two people are eating breakfast at a restaurant.,2.0,mscoco
183762,A young man tossing a white frisbee across a field.,1.875,mscoco
82486,Adults hugging in open large field with suitcases.,2.0,mscoco
462071,"A fruit stand with apples, bananas, oranges, pineapples, watermelon and grapes. ",1.8333333333333333,mscoco
264718,A green and white traffic sign stands on the corner.,1.6666666666666667,mscoco
268710,Two zebras stand next to each other in a black and white photo. ,2.0,mscoco
204626,A woman is skiing down a snowy hill.,2.0,mscoco
107881,Large brown dog standing next to a person on red scooter. ,1.5333333333333332,mscoco
76146,A man and woman standing in front of a man leaning on a parking meter.,1.8333333333333333,mscoco
432053,Bunches of bananas are being displayed in a decorative bowl.,2.0,mscoco
58640,Herds of okapi and other animals on the African Savannah. ,2.0,mscoco
233726,Two people standing up with wii wired controllers.  ,1.7571428571428571,mscoco
4266,A skiier is skiing down a bunny hill slope.,2.0,mscoco
423448,A white refrigerator freezer next to a washer.,1.6607142857142856,mscoco
193271,A small kitchen with glass and wooden cabinets.,2.0,mscoco
192652,A chocolate donut on a red plate near a beverage cup.,1.75,mscoco
210777,A kid eats a sandwich on a picnic bench.,2.0,mscoco
355385,A bride and groom cutting a wedding cake.,1.75,mscoco
555782,Two horses are standing together near a fence.,2.0,mscoco
50324,Two animated woman and a man standing in a yard.,2.0,mscoco
186240,An elephant eating hay as a person disperses it out.,1.5,mscoco
252811,A Jets transport vehicle near a group of people.,2.0,mscoco
290378,Altered photograph of a toddler in a baseball cap on a wooden bench,1.75,mscoco
353701,Pizza is sitting on a plate which is sitting on table.,1.9,mscoco
480818,Several people sitting at a large table with papers on it.,2.0,mscoco
393036,Riders on horseback travel along the seashore under the pier.,2.0,mscoco
142014,People are riding bicycles and walking across an intersection.,2.0,mscoco
51027,A black dog is tied to a chair arm and looks at the camera.,1.5,mscoco
543877,"A bathroom features white, bowl sinks and a bathtub.",1.9,mscoco
321168,A boy in a tie poses for a picture. ,2.0,mscoco
463296,A living room has modern white furniture and red walls.,1.55,mscoco
504868,Two giraffes standing in front of the door to a house. ,2.0,mscoco
342942,A dog standing on an opened window ,1.8333333333333333,mscoco
462814,Two women on a tennis court shaking hands ,1.7,mscoco
97028,a bowl of vegetable soup on a table,2.0,mscoco
514073,two people in the distance carry a surfboard on a beach,1.8333333333333333,mscoco
52853,A small cow is walking down a path with an adult cow while a man in a red shirt watches.,1.4,mscoco
359148,A large clock is displayed on a building.,2.0,mscoco
146881,"A blue, green, black and white shuttle bus and cars on road",2.0,mscoco
56641,A city street with a no parking sign on a post,1.125,mscoco
412094,A train locomotive sitting on the tracks at a station.,2.0,mscoco
261333,A black cat with its head in a blue cup.,2.0,mscoco
64501,A baseball game with the pitcher in throwing motion and a base runner leading off of first base.,1.7857142857142856,mscoco
248948,Three giraffes and three zebras wander around in a field with trees.,1.225,mscoco
137552,Vase with roses displayed on table alongside electronic computer equipment.,2.0,mscoco
572448,a close up of a plate of fruit with apples,2.0,mscoco
111318,The black and white photo shows an old clock tower.,2.0,mscoco
67220,An emergency response person is on a motorcycle.,2.0,mscoco
381117,A man in a black hat standing next to a parking meter.,2.0,mscoco
576803,A woman reading a book on a park bench. ,2.0,mscoco
420330,A spinach and cheese pizza with tomato sauce on a plate. ,2.0,mscoco
119132,An airplane ascends through a cloud into a blue sky.,2.0,mscoco
22530,A white refrigerator freezer sitting inside of a kitchen.,1.8333333333333333,mscoco
349318,"American Airlines' 707 Astrojet was  the first to be commercially successful in the 1960s, cutting travel time   from coast to coast.",1.6666666666666667,mscoco
95349,"Preparing a pizza topped with grated cheese, tomato sauce and vegetables for baking.",2.0,mscoco
406152,Three people are walking in the rain carrying umbrellas. ,2.0,mscoco
92196,A green vase with red roses sitting on a table.,2.0,mscoco
204289,A doughnut covered in nuts sitting in a blue bowl. ,1.875,mscoco
165174,Two men posing for pictures with their skis on a mountain.,2.0,mscoco
56506,a snow skier in a yellow jacket is doing a jump,2.0,mscoco
301257,Protesters carrying pink parasols and signs in front of a wrought-iron gate.,1.5,mscoco
279265,A man walking in the kitchen near a chair. ,1.875,mscoco
76100,Kitchen cabinets above refrigerator with magnets and notes.,2.0,mscoco
210932,A picture of a several individuals walking on a sidewalk in between buildings.,2.0,mscoco
14850,Some elephants stand in a zoo exhibit with a small pond.,2.0,mscoco
184135,This is an aerial view of people gathered with umbrellas on a rainy street.,2.0,mscoco
167348,A young girl in a green shirt holds out a tennis racket as an over sized tennis ball hovers over it.,1.5,mscoco
479481,"A bathroom area with toilet, toilet paper dispenser and trash can.",1.625,mscoco
138742,A man in a red coat skiing down a snow covered hill.,1.9,mscoco
146,"A fluffy baby sloth with a knitted hat trying to figure out a laptop, close up, highly detailed, studio lighting, screen reflecting in its eyes.",2.0,drawbench
486770,Men serve themselves pizza out of boxes laid out on a table.,1.875,mscoco
521796,There is a bed bunk above some seats on a train.,2.0,mscoco
178009,View of residential street at traffic light with orange and white gates and cones in street.,1.9,mscoco
323502,An elephant with tusks standing on a path.,2.0,mscoco
165455,A green car and a bus travel down a street. ,1.8,mscoco
374068,A woman holds a Wii remote with both hands.,1.5,mscoco
307364,some people on a street with umbrellas and some buildings,2.0,mscoco
83277,a person jumping a skate board in the air ,2.0,mscoco
175693,A red and orange fire hydrant sits on a snowy street while people are walking by.,1.8333333333333333,mscoco
365565,Dirt bike racing demands regular maintenance prior to a race.,1.3333333333333333,mscoco
133565,Black cat laying on a green blanket staring at the camera.,2.0,mscoco
152668,A group of motorcyclists are parked in a parking lot.,2.0,mscoco
41730,"Two yellow dishes of food, one with rice and the other containing broccoli and an orange and a container of activia next to it.",1.25,mscoco
312033,"Little League baseball players, including a pitcher, a hitter, and two umpires.",2.0,mscoco
327032,A boy playing a game with a remote controller.,2.0,mscoco
234967,A fire hydrant with a mans face painted on it. ,1.8333333333333333,mscoco
219435,A small charter plane sitting on a runway.,1.8333333333333333,mscoco
242539,Several baseball players wearing white sitting on a bench in the dugout next to baseball bats. ,2.0,mscoco
480634,Various glasses of juices and breakfast foods on a table.,2.0,mscoco
114661,A woman wearing white rides her surfboard on a wave.,1.6666666666666663,mscoco
89618,The personal pizza is next to a plate of french fries.,2.0,mscoco
98689,Two people are on a tennis court playing tennis.,1.625,mscoco
494049,An elephant standing near rocks in front of a building.,2.0,mscoco
397980,The child in the black helmet is swinging at a tee ball stand.,1.6666666666666663,mscoco
322392,A Grizzly bear sits in a field near a river.,1.3333333333333337,mscoco
77100,A street scene with people walking and street signs.,0.25,mscoco
113649,The black cat is sitting on the unmade bed.,2.0,mscoco
529266,A horse grazes on beach grass with a lighthouse in the background.,1.8333333333333333,mscoco
312182,A large group of people walk under highway signs.,1.575,mscoco
488645,A toast and tomato breakfast with orange juice.,2.0,mscoco
550206,A street scene with focus on a gray and red fire hydrant.,1.9,mscoco
332931,A large group of motorcycle riders travel on the highway.,2.0,mscoco
201702,A man standing in a room with an aquarium ,2.0,mscoco
446088,A home computer and coffee mug on a desk.,2.0,mscoco
390395,"A steep incline of snow, a strip of sky and what looks like a large red strut sticking out of the snow make a setting for a helmeted skier in otherwise regular clothes in a twisted posture the points of his or her skis ascending the slope. ",1.3333333333333333,mscoco
516268,An empty playground with three small wood benches and money bars. ,1.8333333333333333,mscoco
54204,People with horse drawn carriage on side of city street.,2.0,mscoco
287302,Zebras racing each other in their zoo enclosure,2.0,mscoco
126288,A cross-country skier in the snow under a tree.,2.0,mscoco
406723,"A woman is standing on a surfboard, riding a wave.",1.875,mscoco
110,"A sjmall domesticated carnivorious mammnal with sof fuh,y a sthort sout, and retracwtablbe flaws. It iw widexly kept as a pet or for catchitng mic, ad many breeds zhlyde beefn develvoked.",2.0,drawbench
233169,An orange cat sitting at corner of desk next to a keyboard.,2.0,mscoco
28555,A woman talking on a cell phone with a smile.,1.9375,mscoco
253906,A close up of a man wearing glasses eating a hot dog.,2.0,mscoco
390286,A large display of stuffed animals are on a pink cloth.,2.0,mscoco
147,"A tiger in a lab coat with a 1980s Miami vibe, turning a well oiled science content machine, digital art.",2.0,drawbench
284770,Players and officials standing around on an indoor tennis court.,1.875,mscoco
444209,a white and black parked motorcycle and some other parked bikes,2.0,mscoco
322297,People are on the beach with chairs and colorful umbrellas.,2.0,mscoco
176732,Many large jets are parked at the airport loading area.,0.5,mscoco
444033,people standing around a table set up with many boxes of pizza ,2.0,mscoco
435389,a shelf with some flowers a vase a clock and a television,1.7,mscoco
187566,A steak and several hotdogs cook on a grill.,2.0,mscoco
38552,A group of sheep are shown under a tree.,2.0,mscoco
107734,A large bowl of bananas and oranges in a room.,2.0,mscoco
374087,A large box filled with assorted fruits and vegetables.,2.0,mscoco
460040,Several glazed doughnuts in a white box container.,2.0,mscoco
43893,The man is standing in front of a television near a bed. ,2.0,mscoco
320857,A cell phone sits on a desk next to a green box.,1.8333333333333333,mscoco
476268,A row of chairs and umbrellas on a beach.,2.0,mscoco
455639,A young boy in a baseball uniform is swinging a baseball bat.,2.0,mscoco
332812,Old photograph depicting major league baseball player at stadium.,2.0,mscoco
419144,Elephants and riders standing in grassy area in old photograph.,1.984122983870968,mscoco
310629,A bird sitting on some plants in the water.,1.75,mscoco
195,New York Skyline with 'Text to Image' written with fireworks on the sky.,1.75,drawbench
344730,A wrong way sign is posted on a two-way street.,1.625,mscoco
102757,a man and a woman looking at a tablet in a kitchen,2.0,mscoco
535019,An old fashioned passenger train is travelling on the tracks through the countryside.,2.0,mscoco
111004,"An elephant with a lighter color neck and ears, standing in an enclosure.",1.6666666666666667,mscoco
308590,A skateboarder performing a trick at a skateboard park.,1.8166666666666669,mscoco
371426,Little boy with baseball glove waiting for a incoming ball,1.6875,mscoco
541025,"A BATTER, CATCHER, AND UMPIRE NEAR HOME PLATE ",1.8333333333333333,mscoco
239936,A baseball field that has players standing on it.,2.0,mscoco
18614,Two women who are walking by a fire hydrant.,1.5,mscoco
461871,A small bathroom features a toilet and small window.,1.875,mscoco
325584,A bedroom with large windows and the bed in the corner,1.75,mscoco
163176,The rows of bananas on the shelf have a price sign nearby.,1.9,mscoco
117935,a small white boat is at the beach,2.0,mscoco
248141,Man and woman standing up while playing wii.,1.8,mscoco
421744,A Monarch brand airplane taking off from the runway.,1.6666666666666663,mscoco
113638,Zebra grazing on grass in outdoor enclosed area.,0.3,mscoco
549817,Dirty open toilet surrounded by a green metal cabinet and exposed metal pipes.,2.0,mscoco
154752,"Black and white of a wet city sidewalk with pedestrians, mostly from the back, carrying open umbrellas, and on umbrella lying on the sidewalk near a booth and a parked SUV, with buildings.",2.0,mscoco
309797,A bathroom with white counters and a sink under a large mirror.,1.6666666666666667,mscoco
509154,a large giraffe near many bushes in a field ,1.9285714285714288,mscoco
503790,a group of people riding motorcycles on a highway,2.0,mscoco
350670,Young man does a trick in a skate park on his skateboard.,1.95,mscoco
227031,A man cutting a piece of cake on top of  a table.,1.4166666666666663,mscoco
14864,Female tennis player in the motion of hitting a ball. ,1.75,mscoco
306661,A woman and man playing video games in  a room.,2.0,mscoco
517148,a sheep stands next to a baby sheep on some grass,2.0,mscoco
382564,A white table sitting below a window in a room.,2.0,mscoco
543947,A dark wood table in a kitchen with white appliances.,2.0,mscoco
95063,A traffic light with a pedestrian crossing signal.,2.0,mscoco
408465,A woman takes a picture of herself in a public bathroom mirror.,2.0,mscoco
74576,Three computer monitors which are displaying several landscape scenes. ,1.8333333333333333,mscoco
51704,A boy is practicing a jump on a skateboard.,0.3333333333333333,mscoco
164200,People having a donut eating contest at a picnic,2.0,mscoco
305206,A picture of a pitcher in a baseball game.,2.0,mscoco
393054,A modern open concept kitchen and dining room.,2.0,mscoco
78707,A baseball player up at bat with the catcher behind him.,1.75,mscoco
530433,A large red and yellow double decker bus driving down a street.,2.0,mscoco
289260,An old kitchen exhibit in a museum depicting a stove and work area.,1.9245816372682043,mscoco
113701,A UNRAVELED BED WITH A BLUE AND WHITE BED SPREAD,1.6666666666666667,mscoco
263974,a number of people riding bicycles on a street ,2.0,mscoco
337433,Two birds are standing together on a pole near wire.,1.6666666666666663,mscoco
86555,a room with an electric rotating fan near furniture,1.6666666666666663,mscoco
336021,A large truck is parked in front of a cafe,1.5,mscoco
265008,A handicapped bathroom with toilet and wall sink.,0.75,mscoco
414609,A skateboarder hitting a trick in a black and white photo.,0.5,mscoco
460484,A man in a plaid shirt is by himself with a solemn expression.,2.0,mscoco
39864,A brown and white cow in grassy area next to a tree.,2.0,mscoco
234847,"Ovens in a historic bakery, similar to pizza ovens.",1.375,mscoco
553373,Several people gathered around a horse in a field.,2.0,mscoco
72507,An older style black locomotive numbered 473 pullin passenger cabins.,1.0,mscoco
227293,A hotdog with mayonnaise and mustard is on a plate.,1.8333333333333333,mscoco
231581,Two zebras are grazing in a fenced enclosure.,2.0,mscoco
47,One cat and three dogs sitting on the grass.,2.0,drawbench
142,"Painting of the orange cat Otto von Garfield, Count of Bismarck-Schönhausen, Duke of Lauenburg, Minister-President of Prussia. Depicted wearing a Prussian Pickelhaube and eating his favorite meal - lasagna.",2.0,drawbench
576966,Several boats are docked under a tall mountain.,2.0,mscoco
320246,a couple of people on bikes are talking on a platform,1.35,mscoco
355424,A pizza is topped with ham and onions.,2.0,mscoco
276260,A man is riding a brown horse along with a black horse.,1.5833333333333337,mscoco
522637,A man leaning up against a brick wall while talking on a phone.,2.0,mscoco
197461,A woolly sheep stands in the grass looking at the camera. ,2.0,mscoco
67560,A group of people sitting on a couch playing a game on the Nintendo Wii.,1.775,mscoco
101348,a person feeding a cat with a small bottle,1.6428571428571428,mscoco
114945,A tall woman in a pink dress plays tennis.,1.8333333333333333,mscoco
659,Train with bright striped rear with attendants and onlookers on platform.,1.6666666666666663,mscoco
386161,A clock with red hands is mounted on a large sign.,1.6875,mscoco
506470,A living room scene with a table and a television.,1.8333333333333333,mscoco
392058,A black locomotive  on display at a museum,1.9166666666666663,mscoco
467112,Several animals with large horns eat while a zebra drinks from a pond near a tree.,1.65,mscoco
127,A cat on the left of a dog.,1.5,drawbench
6306,Boats docked at a dock on the water ,2.0,mscoco
14252,A male tennis player about to hit the ball,0.5,mscoco
141962,A person with a helmet on a blue motorcycle.,2.0,mscoco
113708,A bird with its mouth open stands on the beach.,1.6666666666666663,mscoco
135226,A large bed in a bedroom with two windows.,1.8333333333333333,mscoco
451767,Black and white photograph of people walking on a sidewalk.,1.9166666666666663,mscoco
471785,Two women eating hot dogs in a eating contest.,2.0,mscoco
510275,A banana peel lies next to a beer bottle.,1.8333333333333333,mscoco
38645,A shade umbrella is anchored in a planter on a deck.,2.0,mscoco
192098,A white building shows through a glass window.,1.6,mscoco
503318,Modern electronic commode displayed in white tiled bathroom.,2.0,mscoco
546632,A giraffe standing alone in a large field.,1.6666666666666663,mscoco
403065,A beach patrol jeep drives along the sand as people wade and fly kites down the beach.,2.0,mscoco
564483,A black dog standing by a frisbee in a field.,2.0,mscoco
495388,Two chili dogs on a food tray with a drink.,1.8333333333333333,mscoco
461561,Several oranges rest in a bowl and on a table.,1.8333333333333333,mscoco
395987,A white and black cat is in a refrigerator.,2.0,mscoco
118974,A small whit dog sitting outside a restaurant.,2.0,mscoco
393176,A pair of scissors and books with a picture on a shelf.,-1.0,mscoco
266369,A woman with a knit hat is holding a cell phone.,2.0,mscoco
353460,A security officer talks on the phone at an outdoor event.,2.0,mscoco
186734,The electronic and personal contents of a persons backpack,2.0,mscoco
103158,A red fire hydrant situated in a landscaped garden. ,2.0,mscoco
484090,A kitchen sink with a toaster sitting next to it on the counter.,1.6666666666666667,mscoco
202131,"a kitchen view of a refridgerator, counter top and stove",1.6666666666666663,mscoco
45464,Pair of skiers with woman posing for photo near lodge.,1.8333333333333333,mscoco
441652,golden retriever gazing at sheep in field from behind gate,1.7593825665859564,mscoco
360540,a yellow scooter parked in front of a store,2.0,mscoco
101750,a black and white photo of a parking meter ,2.0,mscoco
151589,A blue snowboard sitting on top of a snow covered slope.,1.9285714285714288,mscoco
425773,A black and white photo of a coned-off road with a road closed sign.,1.8571428571428568,mscoco
235741,A black and white train engine next to a building.,2.0,mscoco
301643,A man wearing sunglasses and smiling in front of a building.,2.0,mscoco
72284,A dog with glasses on sitting in a bicycle basket.,1.8,mscoco
202622,A vertical view of of a tower reveals a clock and a flag.,1.7166666666666668,mscoco
411451,A white plate with two sandwiches and fries.,1.8333333333333333,mscoco
216443,A tall giraffe peers out from a forest.,2.0,mscoco
437883,A man helps a small child ride on a skateboard. ,1.75,mscoco
270636,A person on a beach flying a kite in the sand.,2.0,mscoco
397109,A bench on a concrete slab overlooking a lake.,1.8333333333333333,mscoco
1785,Many people on the beach with large colorful kites flying in the air.,2.0,mscoco
259186,Two duplicate images show a tennis player swinging at a ball.,1.3333333333333337,mscoco
488243,A group of people are skiing down a snow covered hill.,1.8333333333333333,mscoco
76103,"A room with two beds, television, fireplace and walkout doors.",1.6666666666666667,mscoco
556001,A large brown dog laying on top of a bed.,2.0,mscoco
236162,two cats laying on a couch with books,2.0,mscoco
231093,A bathroom with blue tiles and wooden vanity,2.0,mscoco
244748,"Police standing on a rode with bicycles, motorcycle and a golf cart",1.4666666666666668,mscoco
120285,A modern living room has large bright windows.,2.0,mscoco
78593,A black and white dog jumps to catch a Frisbee.,1.75,mscoco
96716,Several boats docked in a marina at night.,2.0,mscoco
519558,a wooden table with silverware glasses and some food,2.0,mscoco
343394,A woman on the beach is jumping in the air under a kite.,2.0,mscoco
451559,A bicycle sits next to an empty park bench.,2.0,mscoco
260223,a baseball player takes a swing at the ball,2.0,mscoco
150074,A group of young men eating plates of food.,2.0,mscoco
429892,A television mounted on a wall of a commercial kitchen.,1.6666666666666663,mscoco
397353,A blue and white airplane is sitting on the concrete.,2.0,mscoco
297724,A man stands next to food cooking on the stove.,1.8,mscoco
192539,A group of protestors display various anti-Obama propaganda.,1.6666666666666667,mscoco
541558,A fluffy cat with a long tail standing near a bike,0.5,mscoco
138556,A green suitcase sitting on a wooden floor.,2.0,mscoco
53369,A group of elephants stands on a grassy area.,2.0,mscoco
254411,A yellow and blue fire hydrant outside on the grass.,2.0,mscoco
336568,A dog is running alongside a horse in a corral.,1.5666666666666669,mscoco
524692,A group of elephants marches down the city street in front of a large building.,2.0,mscoco
43546,a train on a track near a platform ,2.0,mscoco
349026,Two people on a grassy field flying kites.,2.0,mscoco
125318,A tray of doughnuts is sitting next to a fryer.,1.625,mscoco
575367,a stainless steel oven in a white tiled kitchen,2.0,mscoco
150999,The front of a building with columns and a clock.,1.625,mscoco
286361,A stop sign that has been tagged with graffiti.,1.375,mscoco
457360,A bird on a tree limb with mountains in the background,2.0,mscoco
157300,A wooden bench sitting on a hillside next to a road.,1.8,mscoco
388674,Closeup of a mature elephant in a shady park enclosure.,1.9,mscoco
81001,A tall giraffe is standing by piles of rocks.,1.75,mscoco
317087,A fire hydrant between two red poles sits next to a wall.,1.875,mscoco
535699,A dessert plate that has fruit and cake.,2.0,mscoco
71038,a group of people playing a game of frisbe ,2.0,mscoco
125815,a train sits parked at a train depot ,2.0,mscoco
184550,Laptop sitting on a small table in front of a bed. ,1.8333333333333333,mscoco
154928,A hand holding a remote control pointed at a television.,1.625,mscoco
283131,A bathroom is shown with a bag on the counter.,1.6666666666666667,mscoco
99997,Several trays of pastries sit on a table.,2.0,mscoco
445071,A skate board rider flying off a ramp in a skate park,2.0,mscoco
408449,A shirtless smiling man skates down a street with his skateboard.,2.0,mscoco
97048,Athlete on red clay court preparing to return ball.,1.875,mscoco
481457,man in yellow suit looks out window of train,2.0,mscoco
426915,A variety of boats are docked in a harbour. ,2.0,mscoco
448825,Surfer wearing wet suit riding large wave in urban river with onlooker nearby.,1.8333333333333333,mscoco
99451,Two boys sitting on a bed playing a video game.,1.875,mscoco
100378,A very well constructed Mario cake with cupcakes. ,2.0,mscoco
520208,A white bowl filled with mixed vegetables and a spoon.,2.0,mscoco
417369,A young woman is peeling an orange at the table.,2.0,mscoco
274642,a woman looks over an infant in a high chair reaching for a birthday cake,1.6666666666666667,mscoco
185520,Male tennis player with arms ready to return the ball.,0.5,mscoco
520873,A blonde little girl eating a cookie sandwich.,2.0,mscoco
15826,Young men riding their skate boards in a public skate park.,2.0,mscoco
528892,A variety of foods are displayed on plates on tables.,2.0,mscoco
16290,Two pictures of a toddler playing baseball outside.,1.8333333333333333,mscoco
258517,Food displayed partially eaten on a table for little ones ,1.8,mscoco
461311,A group of people flying kites at a crowded park,2.0,mscoco
332958,A man skateboarding in a bowl at a skate park. ,-1.0,mscoco
40478,A large clock tower next to a large building.,1.5,mscoco
553141,A person skiing down a snow covered ski jump.,1.8333333333333333,mscoco
382898,A giraffe sticking its head over the top of a barrier.,2.0,mscoco
432570,A vase with flowers sitting in front of a window.,2.0,mscoco
181697,Two grown zebras eating grass in an enclosure.,1.75,mscoco
374984,A toilet sitting on a cement pad outside.,1.9166666666666663,mscoco
369199,Two small horses standing in a field covered with grass.,2.0,mscoco
282942,A woman stands over a cake with a knife.,1.8333333333333333,mscoco
506226,Several people in military uniforms cutting a cake.,2.0,mscoco
543058,Custom motorcycle has a wooden barrel as a sidecar.,1.25,mscoco
577653,A woman holding an inverted black umbrella in her hands.,1.2916666666666663,mscoco
428389,A large green truck on a paved road.,2.0,mscoco
87234,A dish features meat in gravy and broccoli. ,2.0,mscoco
509411,Crude airplane from the early days of flying.,2.0,mscoco
7643,A row of five travel bags lined up all different colors.,1.75,mscoco
261596,Three adult elephants standing around a wooded area.,1.25,mscoco
110490,A woman talking on a cell phone while standing in a park.,2.0,mscoco
509733,A chair and a table with a computer and other items on it,2.0,mscoco
251741,A mounted police officer is riding a horse,2.0,mscoco
243027,The sun shines brightly behind a stop sign.,2.0,mscoco
216327,A group of kids sitting on top of and in between two train cars.,1.4166666666666663,mscoco
196817,"A plate of food including rice, broccoli, protein and a sauce in a bowl.  ",1.5,mscoco
325532,Kites being flow in the blue sky near a beach,2.0,mscoco
46195,A person riding skis down a snow covered slope.,2.0,mscoco
337771,"A kitchen area with stoves, coffee maker and cutting board.",1.875,mscoco
369546,"Cucumbers, tomatoes, string beans, broccoli and eggplant on a table.",2.0,mscoco
77005,"Many people, with one lady looking at the camera, are at the table eating. ",1.6666666666666667,mscoco
531406,A very interesting looking piece of pottery thats sitting in some tall grass.,2.0,mscoco
330649,A large bus is sitting in traffic near many parked cars. ,1.4523809523809523,mscoco
382032,A person with skis and ski poles is trekking up a mountain.,2.0,mscoco
55166,A white passenger train with an orange stripe riding down tracks. ,2.0,mscoco
294925,A herd of elephants in a grassy area with sky in the background.,2.0,mscoco
407053,A passenger train speeds along a bridge next to a street. ,1.5,mscoco
465625,a man on a screen behind a beer bottle ,1.4655270655270654,mscoco
43543,A person on a snowboard in the snow.,1.9166666666666663,mscoco
404992,A girl rides her horse on a track with her helmet.,2.0,mscoco
340039,A snowboarder is performing a stunt from the very high ledge of a building.,2.0,mscoco
311195,A person standing alone on skis on a hill.,2.0,mscoco
87986,A boy plays a game on the Wii near a fireplace. ,1.7000000000000002,mscoco
119337,Two women posing for a picture with a man at a dance.,2.0,mscoco
414659,A car is parked in front of a donut shop with a person standing by the building.,1.8333333333333333,mscoco
147826,"A plate of meat, potatoes, carrots, and peas.",1.6666666666666663,mscoco
374890,A covered pizza cooking in a hot oven.,1.6666666666666667,mscoco
232371,Two giraffes standing next to one another with trees and bushes near them.,2.0,mscoco
219906,A clock is posted on top of a brick tower.,1.875,mscoco
34431,Several people stand in a field flying a kite.,2.0,mscoco
211205,a family is waiting with their luggage on a curb.,2.0,mscoco
533989,A red car is parked along a city sidewalk.,2.0,mscoco
88695,Guy poses for school picture wearing glasses and a tie,2.0,mscoco
155705,A woman in blue shirt and white skirt playing a game of tennis.,2.0,mscoco
167347,A person walks on a bridge with a kite.,2.0,mscoco
1732,A man standing next to his guitar case talking on his cell phone.,1.4583333333333337,mscoco
413297,Two zebras stand side by side with their noses to grass.,1.3884169884169886,mscoco
475723,A corner desk with a computer by a bright window.,1.875,mscoco
304815,White keyboard and mouse sitting in front of a laptop. ,1.375,mscoco
436413,A child's toy bear is laying on a bed with a blue and orange pillow. ,1.8333333333333333,mscoco
182937,A man on a snowboard performing a trick.,2.0,mscoco
535510,Old style steam train with the name Colin McAndrew & Co.,1.6,mscoco
148531,A blue airplane with a propeller is sitting on a runway.,2.0,mscoco
83159,Several small rectangular pieces of pizza on a plate.,1.6666666666666663,mscoco
213577,Two men holding tennis racquets on the court,1.6666666666666663,mscoco
537007,A man and a young child in the ocean on a surf board.,1.8333333333333333,mscoco
535655,a male skateboarder with a black shirt and a building,1.4166666666666663,mscoco
252844,A blue plane is at the terminal of an airport.,1.75,mscoco
219248,Black and white photo of two people riding horses,2.0,mscoco
174787,Two black and white cats romp on a bed.,1.8333333333333333,mscoco
450607,A red double decker bus driving past a building.,1.6666666666666667,mscoco
306453,A group of people holding Nintendo wii game controllers.,2.0,mscoco
487322,A skateboarder performs a jump in the halfpipe.,2.0,mscoco
491753,A CLOCK IS ON THE DESK WITH A VASE AND USA FLAG,2.0,mscoco
30706,A man with a goatee and glasses takes a selfie with his cell phone in a mirror. ,1.6666666666666667,mscoco
511341,A person walking down a sidewalk holding an umbrella and handbag.,2.0,mscoco
49559,A person with a flying kite on a beach.,2.0,mscoco
368931,A small piece of pizza is shaped like a house on a plate with a red pepper.,1.8333333333333333,mscoco
436323,Some people playing with a disc in a big grassy field.,1.9,mscoco
70478,Young adults playing with a Nintendo Wii in room,2.0,mscoco
240436,river in forested area with large hills in background,2.0,mscoco
307884,A family sits at a dinner table and eats food.,2.0,mscoco
572889,Roadway intersection with traffic in city on foggy day.,1.9,mscoco
573388,Commercial passenger plane flying overhear on clear sunny day.,2.0,mscoco
170069,A boat traveling across a body of blue water under a snow covered mountain.,2.0,mscoco
408227,A bathroom scene with the sink and a washer.,1.6666666666666667,mscoco
125548,a large elephant that has a kid on top,1.3333333333333337,mscoco
578092,A stop sign is at the corner of the street.,1.6666666666666667,mscoco
429949,An adult black bear with a cub walking through green grass.,1.875,mscoco
405840,A stop sign sits at the end of a small street.,2.0,mscoco
282617,"One little girl, who is wearing green socks, is crouching and holding a blue umbrella while another little girl in a green shirt is looking up outside the umbrella and has a big smile.",1.125,mscoco
300321,A sequential shot of a little league player hitting a ball.,1.3333333333333333,mscoco
152436,An intersection in a small city has a street sign.,1.375,mscoco
189568,An unlit traffic light system in a European country,1.775,mscoco
450026,Some young people with skate boards near a busy city street.,2.0,mscoco
305800,A group of people standing around a wine cellar.,2.0,mscoco
69583,Black and white photo of a street with a sign on a pole.,2.0,mscoco
422887,A statue of an elephant painted like a panda bear,1.8333333333333333,mscoco
314844,A man wearing a hat talking on a cellphone holding his arm up.,1.875,mscoco
418569,Two men playing with a frisbee on the beach. ,1.875,mscoco
347793,A few trains situated next to each other on parallel rail road tracks.,2.0,mscoco
100499,Four young people are sitting on a bench in front of a display of lip photos.,1.6666666666666667,mscoco
573191,The large city bus is painted dark green.,2.0,mscoco
422779,A bathroom vanity and suit and door open to show two beds in bedroom.,1.0,mscoco
245797,Bar scene with man talking on cell phone and girl drinking from a bottle.,1.625,mscoco
7594,A young boy sitting on a chair and hugging a teddy bear.,2.0,mscoco
66662,Black and white image of a van being lifted onto a tow truck.,1.5,mscoco
104221,A man running and reaching to catch a frisbee on the beach.,2.0,mscoco
327663,"Police on foot, horseback, and bicycle engage in crowd control on city street.",1.625,mscoco
278338,a bathroom with a double sink and a large mirror,2.0,mscoco
116272,A group of people on a sunny day at the beach.,2.0,mscoco
526797,A huge and sleek train pulls up to the station.,2.0,mscoco
28952,A blue and yellow bus stopped at a curb.,1.75,mscoco
510232,A woman in a red dress wearing sun glasses.,1.9166666666666663,mscoco
39159,Two ladies holding drinks pose in front of a rock wall.,2.0,mscoco
66088,A large pizza with various types of cheese.,1.25,mscoco
97146,A view of a city through a building corridor. . ,2.0,mscoco
459210,an image of a person sitting holding a snow board,1.5833333333333337,mscoco
187797,Nordic skier posing for a picture on a lightly traveled path.,1.75,mscoco
355119,Two black and white horse standing next to each other with gears.,2.0,mscoco
374976,A tall clock tower under a cloudy sky.,2.0,mscoco
533446,A black bear is sitting on a ledge.,2.0,mscoco
478742,Is this possibly a bathroom on a ship?,1.8,mscoco
407017,two people in a kitchen area preparing food on a stove,2.0,mscoco
520685,Kitchen staff preparing meals in large commercial setting.,1.9,mscoco
137,Peristeronic.,0.0,drawbench
557985,"A plate of food that includes ribs, corn and salad.",2.0,mscoco
343162,"many large balloons in the shape of different animals, flowers and shapes floating in the air and being filled to fly in the air",2.0,mscoco
393291,A bathroom showing a sink and shower stall.,1.875,mscoco
173149,Two women walk along a sidewalk underneath an umbrella. ,1.8571428571428568,mscoco
101,"A donkey and an octopus are playing a game. The donkey is holding a rope on one end, the octopus is holding onto the other. The donkey holds the rope in its mouth. A cat is jumping over the rope.",1.8333333333333333,drawbench
239975,This living room is packed tightly with furniture.,2.0,mscoco
336682,Four brown cows standing inside a small enclosure.,1.3333333333333333,mscoco
474970,A wilted flower sits in a clear glass jar.,1.875,mscoco
76487,A man in a uniform stands next to a train.,2.0,mscoco
306128,Two males reaching for disc during on field competition.,0.1666666666666666,mscoco
135139,Several bunches of fresh cut green bananas on ground,2.0,mscoco
293679,A living room with a white circular table in it's center.,2.0,mscoco
385174,Stir fry chicken and broccoli on a plate on a table.,2.0,mscoco
515186,A woman and a dog are looking out a window at a cow and flowers.,2.0,mscoco
558401,"A small table is covered in laptops, tablets and other electronics.",1.6015625,mscoco
141372,A clock post with two faces pointing to the same time,1.2,mscoco
275612,A automated toilet that has the seat up.,1.3333333333333337,mscoco
9836,A man performing a skateboard trick at a skate park.,2.0,mscoco
494041,A group of different mopeds sitting in the street.,2.0,mscoco
384010,A large piece of chicken on a plate with broccoli. ,2.0,mscoco
170190,A car drives past a street sign with a list of many names.,1.6666666666666667,mscoco
457651,A black fire hydrant sits in a dead field.,2.0,mscoco
424002,Two hikers are traveling with two well equipped dogs.,1.6666666666666667,mscoco
476447,Lone skier leaving tracks in large snow covered field.,1.75,mscoco
442001,A table filled with bowls of vegetables next to a cut up pizza.,1.6666666666666667,mscoco
160433,A train is passing by at a subway station,2.0,mscoco
119145,Street sign in city saying keep moving use.,1.8333333333333333,mscoco
411856,A vintage train parked on the rail road tracks.,1.8,mscoco
262369,"A bathroom with a built in shower, toilet and sink.",1.8333333333333333,mscoco
17474,People walk through a city square with umbrellas on a rainy day.,2.0,mscoco
580957,A vegetable side dish with carrots and brussel sprouts.,1.75,mscoco
81591,The cat is colorful with black and brown  spots on it.,2.0,mscoco
231958,An open area filled with people and kites.,2.0,mscoco
180410,A woman is getting ready to hit a ball with a tennis racket.,0.5,mscoco
287318,a green and yellow train traveling down a train track,2.0,mscoco
520109,Several colorful umbrellas sit on colorful squares in a green field. ,1.75,mscoco
18766,An umbrella is attached to a bicycle frame with leather straps.,1.9,mscoco
34474,The interior of an old fashioned bathroom with wood paneling.,2.0,mscoco
535811,Long haired skateboarder performing tricks in skate park near beach.,2.0,mscoco
42385,Mountain climber poses in front of huger rocks and ice,1.9,mscoco
127823,A car waits at a stop sign on a town street.,1.8,mscoco
249836,A sequence of photos showing a boy throwing a Frisbee.,2.0,mscoco
483645,A kitchen that is being remodeled with cabinet doors off,1.425,mscoco
118581,A view of a beach with closed umbrellas at sunset.,1.8333333333333333,mscoco
141795,A view of a bathroom complete with a green sink.,1.5,mscoco
347972,An old blue train sitting on the tracks.,1.8333333333333333,mscoco
510175,Two horses in a grassy lot feeding at a wooden stall..,1.5416666666666663,mscoco
190952,This pizza crust has sauce and spices but no cheese or toppings.,1.3333333333333333,mscoco
350086,A business establishment with motorcycle displays in it.,1.8333333333333333,mscoco
83219,A large green bus with a bike on the front.,1.25,mscoco
157980,A poppy seed bagel sandwich with eggs and meat.,1.8333333333333333,mscoco
506444,Various supplies and food on a carpet that include water bottles and pens.,1.625,mscoco
64915,Variety of stacked trunks on display in outside area with sign.,2.0,mscoco
496078,A duck swimming next to a red frisbee in water.,2.0,mscoco
463876,A computer desk is set up with a laptop and speakers. ,1.6666666666666667,mscoco
363386,A girl is holding a racket while playing tennis.,0.5,mscoco
10005,A group of people and dogs carry their surfboards in hand.,2.0,mscoco
209493,A person uses a laptop while lying down.,0.375,mscoco
126502,Two birds sitting on the the back of a giraffe. ,0.0,mscoco
6262,A person riding a yellow motorcycle on a track.,2.0,mscoco
349144,A street scene looking at a rack of bikes.,2.0,mscoco
22174,A grounded kite that is set on a grass field.,2.0,mscoco
330578,"a man playing tennis on a purple court
",2.0,mscoco
377155,"A small part of a yard shows a fence, grass, and a woman standing cross-legged under a big umbrella with light playing over it, inside what looks like an assemblage of long metal struts going upwards.   ",1.5,mscoco
92183,A white sink and toilet in a room.,2.0,mscoco
557636,Three skiers are on the slopes with a rock arch in the background.,1.625,mscoco
492492,"Harbor scene, city buildings, cloudy sky during sun rise or sun set.",1.5,mscoco
33900,A man standing on a mound of snow with several dogs,2.0,mscoco
359143,A blurry photo of a cyclist on a forest path.,2.0,mscoco
25232,Two people stand on a snowy hill in skis.,2.0,mscoco
264647,Two young men are playing the Wii system.,1.8571428571428568,mscoco
544215,Three elephants near a water hole surrounded by grass.,1.3333333333333333,mscoco
473741,A traffic light on a city street at night.,1.8333333333333333,mscoco
457214,A cat and a dog laying on a bed.,1.875,mscoco
499829,Several stuffed animals sitting in wooden boxes outside.,2.0,mscoco
579081,Four people on a ski lift going up a mountain.,1.8333333333333333,mscoco
128670,A brown flower pot surrounded by green plants.,1.8333333333333333,mscoco
360274,A young boy holding a baseball bat during a game.,2.0,mscoco
274894,A clock tower in a tow square on a stormy day.,2.0,mscoco
301908,An elephant mounting another elephant in a dry field next to a water source.,1.2083333333333337,mscoco
133051,A clock tower with a set windows and a weather indicator on top.,1.1666666666666663,mscoco
420300,A kitchen filled with dishes and appliances with a sink.,2.0,mscoco
489810,A sub sandwich sits on white paper next to some root beer.,2.0,mscoco
95336,A child is shown eating a scoop of yogurt.,2.0,mscoco
231801,A woman seals up a glass of wine on her table. ,1.875,mscoco
407915,Bathroom scene of a sink and decorations surrounded by pink walls.,2.0,mscoco
322783,A bathroom sink with a tile design on the vanity.,1.8333333333333333,mscoco
186788,Foot view of a young man in yellow sneakers as he rides down the road on his skateboard. ,1.8333333333333333,mscoco
44911,An oven with the door open beside a microwave in a kitchen,1.1833333333333331,mscoco
252625,The small street is crowded with small shops.,2.0,mscoco
560797,"NASA men making first, ceremonial pitch at a baseball game.",1.8333333333333333,mscoco
222351,An airshow with people looking at an airplane ,2.0,mscoco
448024,An orange cat laying on the ground in front of a bench.,1.3333333333333337,mscoco
145915,A small train travels on tracks through the outskirts of town.,1.775,mscoco
336578,A man stands at a refrigerator near a packing box.,1.5,mscoco
430035,Inside of a bathroom with a sink and toilet.,2.0,mscoco
210389,A woman holding a kite outside of a building.,2.0,mscoco
224476,A mp3 player and cell phone on a laptop.,2.0,mscoco
343455,A close up of a piece of pizza with bacon on a plate.,1.8333333333333333,mscoco
187810,Two giraffes are standing on opposite sides of a elevated walkway staring at the people above.,1.75,mscoco
401768,Player preparing to return volley during match on red clay court.,2.0,mscoco
528318,"A small living room with windows, sofas and a coffee table.",2.0,mscoco
504540,A large commercial air plane flying through a cloudy sky.,2.0,mscoco
194191,A large passenger jet flying through a blue sky.,1.875,mscoco
16098,a closeup of a person's hands as it plays with a Wii controller in front of booklet with Mario and Luigi characters,2.0,mscoco
577796,Three urinals mounted to a wall with white little dividers.,1.8333333333333333,mscoco
377476,A girl has a spoon in her mouth in front of her lunch at school.,1.9,mscoco
402957,A bench surrounded by a lush garden of trees and flowers.,2.0,mscoco
539808,A Lufthansa jumbo-jet at some airport during the day.,1.75,mscoco
65880,Baseball players playing a game of baseball in front of fans.,2.0,mscoco
280226,A little blue arrangement of flowers is soaking in a vase of red liquid.,1.25,mscoco
286656,Young calf being bottle fed above red bucket.,1.1666666666666667,mscoco
340923,An infant sits next to a stuffed teddy bear toy. ,2.0,mscoco
88914,Produce on white table cloth including potatoes and strawberries.,2.0,mscoco
415925,A hand holds a hot dog covered with condiments. ,1.8333333333333333,mscoco
234643,A man flies a kite in the sky above a stone retaining wall.,1.8333333333333333,mscoco
210042,A zebra standing in the grass near a fence.,1.5,mscoco
422953,Two planes sitting on runway with engines running.,0.5,mscoco
393809,Several young men playing frisbee on a field.,2.0,mscoco
303126,a girl holding onto a homemade kite at the park,1.6666666666666667,mscoco
394583,A man is riding a bike while using a cell phone.,1.0,mscoco
385669,"Front view of person holding animal spotted print umbrella up so head unseen with a ""SALE"" bag in crook of arm, and purse over shoulder of opposite arm, standing outside on sidewalk by low wall, in wet city street setting, with lamp post base behind.",1.3907734056987788,mscoco
151214,A cake with a cartoon character on it and lit sparkler.,2.0,mscoco
130032,A traffic light hanging over a street surrounded by forest.,2.0,mscoco
434410,a child in an orange coat playing with a wood sander,1.5,mscoco
325487,Baseball game showing a pitcher and batter in motion.,1.5,mscoco
26748,Two kites flying in a cloudy sky above a field of people,1.75,mscoco
31465,A young man performs a trick on a skateboard.,1.8333333333333333,mscoco
291319,Two baseball players standing at first base in a professional baseball game.,1.75,mscoco
473616,A man holding a tennis ball and raquet in front of a crowd.,1.65,mscoco
409833,An old photo of a building with a clock tower.,1.9166666666666663,mscoco
326820,An arrangement of yellow flowers with one white flower.,2.0,mscoco
371694,A single piece of pizza is seen on a plate.,1.8333333333333333,mscoco
241779,A zebra stands between several small trees in tall grass.,1.7590990990990991,mscoco
579188,Clock tower and dock in front of river paddle boat.,1.7857142857142856,mscoco
8473,Italian blood oranges for sale in a market,1.6666666666666667,mscoco
305152,"A sandwich is covered in cheese, meat, and greens. ",2.0,mscoco
233477,A red double-decker bus moving along a residential street.,2.0,mscoco
495993,A parking lot with cars and people in front on a row of tents and a building with Public Market sign by water.,2.0,mscoco
251797,A toilet with the seat down in a tiled room. ,2.0,mscoco
211811,A grey fighter plane with propeller on display in museum.,0.5,mscoco
172627,A homemade cake is decorated with a smiley face. ,2.0,mscoco
66346,A horse is adorned with a head decor piece.,2.0,mscoco
371005,A yellow and black motorcycle parked on the street,2.0,mscoco
493187,Multiple highway signs point to different directions for vehicles. ,0.0,mscoco
80943,Two giraffes standing side by side in a wooded field.,1.8333333333333333,mscoco
222195,A cat lying down with a packaged toothbrush on its head.,1.1666666666666663,mscoco
353707,A person riding a surfboard in the water.,2.0,mscoco
207058,A group of people standing together in a room.,2.0,mscoco
515301,A man doing a trick on a skateboard at a skate park. ,2.0,mscoco
69488,"Two servicemembers cut a large, brightly decorated cake which says ""Navy"".",2.0,mscoco
551994,A cat sits in a bowl on the table. ,1.6666666666666663,mscoco
414592,A fast food sign sits on top of a pole on the street.,1.5,mscoco
166750,Line of bikers going down a road in a town.,1.9166666666666663,mscoco
3751,"Several suitcases, a pair of shoes and a hand bag in a hallway.",1.75,mscoco
31752,A baseball player swinging a bat near home plate.,2.0,mscoco
81842,Town road with pickup truck and hanging yellow stop lights with parked cars and short buildings.,2.0,mscoco
257965,A snowboarder in mid air from a jump ,2.0,mscoco
209180,A group of baseball players playing a game of baseball.,2.0,mscoco
561666,Commercial plane flying overhead on day with clear blue sky.,1.625,mscoco
235132,An old boat is parked on a gravel beach.,2.0,mscoco
108392,A large display of many different types of doughnuts.,2.0,mscoco
202010,A small herd of three zebras behind a fence.,2.0,mscoco
244735,A coo coo clock ornament hanging in a Christmas Tree.,2.0,mscoco
408219,Altered photograph of a snow boarder in flight ,2.0,mscoco
581539,A large number of different kites in the air.,2.0,mscoco
402082,there is a elephant standing by a fence next to a large white ball,0.5,mscoco
343090,Two people are skiing on a snowy hill.,1.625,mscoco
309585,Red and white commuter train arriving at station.,1.8571428571428568,mscoco
358801,A man water skiing using a single ski.,1.8333333333333333,mscoco
97844,A laptop sitting on a computer desk in a home office.,2.0,mscoco
15693,a camera and cords sitting on a bed with a green folder ,1.625,mscoco
413869,A green and white EVA Air Cargo jet taking off.,1.8,mscoco
250223,The two sheep are walking across the sand near the water.,2.0,mscoco
26425,A man on a skateboard performs a jump off a ledge.,1.8333333333333333,mscoco
306621,A plate topped with chicken and broccoli covered in sauce.,1.8333333333333333,mscoco
380724,A person on a longboard rides with a dog.,2.0,mscoco
443455,A girl is standing next to an older woman while holding a cake with a candle on it.,1.6666666666666667,mscoco
420874,A toy train with a black engine and red cars on tracks.,1.8,mscoco
17147,A white jet airliner flying in a blue sky.,2.0,mscoco
458461,An elephant with large tusks and his trunk in the air.,1.4,mscoco
131826,A wooden bench sits by the fence and some trees.,1.5,mscoco
133090,A tennis player in a white shirt playing tennis on a court.,2.0,mscoco
232862,A skateboarder skates under a sculpture in front of boats.  ,1.8333333333333333,mscoco
5755,Yellow fire hydrant with an old abandoned blue shopping cart curb side,1.5,mscoco
258101,A man flying a large kite in the desert.,2.0,mscoco
428310,A dog lays on a couch next to a book.,2.0,mscoco
495825,Farm field for grazing featured near snow covered mountains.,2.0,mscoco
455767,A man and woman are standing together playing Wii.,1.9285714285714288,mscoco
86189,A woman in a bikini top riding a bicycle while using a cell phone.,2.0,mscoco
36252,A woman wading through water holding a surfboard.,2.0,mscoco
326891,Fire truck in heavy traffic on a bridge crossing another highway.,1.6666666666666667,mscoco
489719,An adult elephant and a baby elephant by a lake.,2.0,mscoco
131856,There are two kites that are flying over the water at a beach,1.9,mscoco
453697,a child standing on a skateboard and wearing a helmet.,2.0,mscoco
563083,A close up view of a man's hands as he operates a smart phone.,1.75,mscoco
130076,A man in brown holding a wii remote,1.6666666666666663,mscoco
66034,A photo of a roast beef sandwich with lettuce and spinach.,1.8333333333333333,mscoco
61624,An Asiana Airlines plane taxiing at an airport.,1.75,mscoco
181367,Woman standing next to her bicycle near a children's park.,-1.0,mscoco
152657,A living room painted with a dark color and has lots of furniture.,2.0,mscoco
163091,Several planes are admired in an airplane museum.,1.5,mscoco
427943,an image of the Big Ben clock tower in London,1.875,mscoco
93732,a red white and black bus and some cars,1.5,mscoco
56650,A young boy and a teenage girl play with a blue Frisbee.,1.5833333333333337,mscoco
400602,A group of people play tennis on a tennis court.,1.8333333333333333,mscoco
377716,A tall building looms in the background of a courtyard where people are walking around.,2.0,mscoco
159026,Two people flying a red kite in front of a crowd.,0.25,mscoco
523677,A pizza shop display showing ready-made pizzas for sale.,1.6666666666666667,mscoco
364299,A power boat on a body of water with a large water spray behind.,1.9,mscoco
256590,"A head-on shot of a stone building labelled ""Scalextric Palau"" ",1.1666666666666663,mscoco
538133,A bowl of food with gravy and a ladle sits on a table.,1.9166666666666663,mscoco
515072,A clock tower that is near an ocean.,2.0,mscoco
188973,Several zebra stand in a group eating grass.,1.875,mscoco
244022,an image of a man doing tricks on a skateboard,1.875,mscoco
305638,A large jet flying over an airport near a mountain.,2.0,mscoco
208714,Two pizzas are sitting on plates on a table.,1.3333333333333333,mscoco
360452,Child swinging bat playing baseball with adult watching and fence,1.5833333333333337,mscoco
406855,Two females riding an elephant with a two elephant handlers,1.5,mscoco
425063,Several different kinds of donuts on a tray.,1.6666666666666663,mscoco
301208,Several sheep and a cow grazing on grass near water.,1.6666666666666667,mscoco
412813,a big umbrella sitting on the beach ,2.0,mscoco
500100,A woman being towed by a dog while riding a skateboard.,0.5,mscoco
501047,a big elephant standing near a small tree and grass,1.625,mscoco
326035,A pair of scissors are sitting on a table with needle and thread. ,0.125,mscoco
444324,Man poses sideways wearing a plaid shirt and a tie. ,1.25,mscoco
149849,"A view of a street corner, with a mattress on it.",2.0,mscoco
548962,"A living area with chairs, sofa and a television.",1.625,mscoco
302503,A toilet has graffiti drawn on the lid.,2.0,mscoco
282206,A person lies down in a boat with their feet over the edge.,0.375,mscoco
227577,many people on a beach with a large tent,1.6666666666666667,mscoco
364188,Small child holding an electric toothbrush in  their mouth.,1.5,mscoco
351759,A suitcase packed with clothes and various items. ,2.0,mscoco
513810,a blurry photo of a person holding a kite,1.875,mscoco
236837,A TRAIN STATION WITH SEVERAL TRAINS IN THE STATION ,2.0,mscoco
237912,A daredevil attempts to ski off the roof of a house.,1.6666666666666667,mscoco
259296,A mother and baby elephant walking in the grasslands. ,1.8333333333333333,mscoco
202414,A sub sandwich with lunch meat and lettuce.,2.0,mscoco
379771,A home office area with a desk and two computer monitors.,1.8571428571428568,mscoco
394909,Two kids are flying a kite on a beach with a man.,1.8333333333333333,mscoco
497969,A city street crowded with people riding motorcycles,2.0,mscoco
368424,a surf board on the sandy beach ,1.9166666666666663,mscoco
244978,A horned cow with head in basin of apples.,1.7,mscoco
123855,a kitchen with a map on the wall ,2.0,mscoco
263434,A desktop computer and two laptop computers on a corner desk.,1.5416666666666663,mscoco
104893,A passenger train runs along a train track away from a city center.,1.625,mscoco
565438,A man performs a kick flip on his skate board,1.75,mscoco
153824,A cat sits on a chair at the dinner table.,1.8333333333333333,mscoco
5256,An old man in a leather jacket on a motorcycle,2.0,mscoco
26094,Many directional road signs in a foreign language.,2.0,mscoco
366792,A truck wrapped in beer advertisements parked in a parking lot.,1.8333333333333333,mscoco
128395,a small plane on a field with trees in the background,2.0,mscoco
356662,"A close up of stir fried noodles, broccoli and tomatoes.",2.0,mscoco
202201,an image of a tray of donuts being handed out,2.0,mscoco
379518,A pair of giraffes walk around a fenced enclosure. ,1.8660714285714288,mscoco
154755,"A black and white,  round-cornered shot  shows a cloudy sky and a high parking lot with a concrete border over which trees are visible, a car and a leaping skateboarder, his shirt concealing his head, suspended over a concrete island and up-ramp.",1.3333333333333333,mscoco
536926,A man on a skateboard in the air during a trick.,2.0,mscoco
133002,A man riding a motorcycle with a woman on the back.,-1.0,mscoco
523672,A herd of sheep near a barn near a mountain.,2.0,mscoco
261066,an image of a bathroom with a toilet and sink,2.0,mscoco
74901,A bunch of white bananas grow on a tree.,2.0,mscoco
513704,A box that is filled with a variety of doughnuts.,2.0,mscoco
318807,Man running a skateboard over a deep curved area.,1.5,mscoco
353902,Bathroom with shower and toilet on far side.,1.5,mscoco
259677,Surf n' Turf with broccoli and carrots really looks good on a white plate.,2.0,mscoco
365903,Group of giraffes in rock enclosure of urban zoo.,2.0,mscoco
551900,Several signs written in Arabic under a cloudy sky.,1.625,mscoco
228604,a man takes a picture of a little girl standing in front of a mirror ,1.5,mscoco
100157,A woman serves out a sauce for her dinner party.,2.0,mscoco
172805,A retro style living room with wood floor and large windows.,2.0,mscoco
157673,The adult zebra eats grass from the side of the road.,1.5,mscoco
58157,A group of athletes engage in an organized game of ultimate frisbee. ,1.75,mscoco
217531,A catcher waits on his knees at home plate while a batter approaches.,2.0,mscoco
61882,A white toilet sitting next to a bathroom sink.,2.0,mscoco
128922,A large lake filled with sailboats and motor boats on a sunny day.,1.966216216216216,mscoco
174005,An orange cat lays his head on a pair of shoes.,1.6666666666666663,mscoco
497330,A woman is posing with a tennis racket for an advertisement.,0.5,mscoco
128439,A large bed with pillows in a room.,2.0,mscoco
464598,Two people enjoying large personal pizzas at a restaurant.,2.0,mscoco
371706,A skateboarder jumps into a foam pit at a skate park,1.7166666666666668,mscoco
212635,"A living area with a couch, two photographs of a candle holder.",1.225,mscoco
467723,A person holds a surfboard while riding a bus. ,1.8333333333333333,mscoco
313655,A large wooden bed with a green blanket on top of it.,2.0,mscoco
283982,Giraffes in a green field with large trees ,2.0,mscoco
574413,"Three people are riding on top of a elephant, two woman have there arms out.",1.5476190476190477,mscoco
25343,A large long train on a steel track.,1.6666666666666663,mscoco
209335,A clock above an entrance to an historical structure.,2.0,mscoco
62170,a large elephants is outside in a field ,2.0,mscoco
397483,A black and white boat anchored at a boat dock.,2.0,mscoco
187354,A child looks at her birthday cake with lit candles.,2.0,mscoco
146965,A bedroom has a very antique look to it.,2.0,mscoco
369309,"A home desk has a computer, lamp, and knick-knacks.",2.0,mscoco
193986,Two men and a woman sitting on a couch playing a Wii game. ,1.5,mscoco
263858,A group of boats traveling down the river ,2.0,mscoco
5288,a small dog is holding a brush in its mouth,1.6428571428571428,mscoco
121384,A seagull swims toward a rocky shore in a lake.,1.55,mscoco
228799,A two story business building housing several small businesses.,1.625,mscoco
434771,Doughnuts sit ready for cooking on a floured tray.,2.0,mscoco
563364,A group of people posing in front of a table of food. ,2.0,mscoco
132196,A man sitting on the floor of a room with boxes near him.,2.0,mscoco
305431,A large herd of brown cows in a field.,2.0,mscoco
31230,Two women play a boxing video game in a living room.,1.3333333333333333,mscoco
381246,A man is sitting at a table with pizza and beer.,2.0,mscoco
23298,A man pedals a stationary bike indoors as a group of people look on.,2.0,mscoco
300014,A herd of cows with calves standing in a river.,2.0,mscoco
188987,Two people riding an elephant in the middle of a forest.,1.6666666666666667,mscoco
144468,People are riding on an elephant in the forest.,1.8571428571428568,mscoco
316073,A white toilet attached to a wall with silver surroundings.,2.0,mscoco
95203,Two women are walking around on a sailboat.,1.75,mscoco
116316,A partially cut pizza in a box on a bed with person sitting next to it.,1.6285714285714286,mscoco
150639,A man on a  red phone while in a car,0.75,mscoco
431921,A narrow city street packed with vehicles and business signs.,1.960689484126984,mscoco
52069,two kites flying in the air on a beach,2.0,mscoco
307652,a woman is wearing a red dress and playing tennis,2.0,mscoco
450343,This is a dish of buttered asparagus with dressing.,2.0,mscoco
130275,"Pizza, pasta and salad on shiny metal plates sit on orange tiled counter.",1.8333333333333333,mscoco
187025,A view of a parking meter with a bridge and river behind it.,1.875,mscoco
93246,A dim lit desk with an open laptop sits near a window.,2.0,mscoco
316481,A tall wooden snow board next to a woman at a table.,1.625,mscoco
357088,A tennis player getting ready to serve the ball.,1.5,mscoco
501875,A woman is walking with a blue umbrella.,2.0,mscoco
254585,A group of people standing on a snow covered ski slope.,2.0,mscoco
308950,A black clock tower on grassy area next to water and mountains.,1.75,mscoco
517086,A white and green bus parked on the side of the road. ,1.75,mscoco
183614,A sign for Water Lane by the side of a building.,0.5,mscoco
78553,a number of people with luggage near a train,2.0,mscoco
559647,A baseball player is sliding to one or the bases. ,1.6166666666666667,mscoco
9673,A view of a street sign with a building and bridge in the background.,-0.75,mscoco
273276,A woman holding a Nintendo Wii game controller.,1.5,mscoco
562559,Meat and broccoli in a sauce on a plate.,2.0,mscoco
158087,Two skate boarders performing stunts at night on sidewalk and steps,2.0,mscoco
454751,Two people playing a WII game at an event,1.5,mscoco
139457,A large group of people sitting around a table posing for a photo.,2.0,mscoco
417410,"A bunch of different fruits and vegetables such as garlic, tomotates, red peppers, and bannanas ",2.0,mscoco
126120,The thin pizza is topped with various ingredients.,1.9166666666666663,mscoco
207943, A baseball player preparing to throw a ball. ,1.75,mscoco
508055,A woman eating a mean of fries and a sandwich outdoors.,1.863636363636364,mscoco
536932,a guy making a face holding an umbrella and a bike,0.5,mscoco
121188,A large boat is in the water with a string attached.,1.9166666666666663,mscoco
350133,a black kitty laying on a bench licking its paw,1.6666666666666667,mscoco
343599,A building with a snow topped roof and clock tower.,2.0,mscoco
384598,A red meter on a street corner in front of a bridge. ,2.0,mscoco
113,"A ldarge keybord msical instroument lwith a woden case enmclosig a qsouvnkboajrd and mfgtal strivgf, which are strucrk b hammrs when the nels are depresdsmed.f lhe strsingsj' vibration ie stopped by damperds when the keys re released and can bce regulavewdd for lengh and vnolume y two or three pedalvs.",-0.5,drawbench
369580,Sheep graze in a meadow under a pale orange sky.,2.0,mscoco
148808,A giraffe is shown in a close-up outdoor image.,2.0,mscoco
83235,A blue and white passenger jet is sitting on the runway.,2.0,mscoco
235244,A white table holding a plate of food that includes small bananas and fried balls.,1.75,mscoco
164924,View of a mans legs with tattoos on a bed in front of a television.,-1.0,mscoco
224260,A monorail train is pulling into a station.,2.0,mscoco
245182,Four competitive skiers skiing down a mountain slope.,1.6666666666666667,mscoco
174276,"yachts in clear, shallow water near a rocky outcropping",2.0,mscoco
208002,A brown horse standing in a lush green field.,2.0,mscoco
107,Dininrg tablez.,2.0,drawbench
330932,Five people are running and playing soccer on an open field.,1.3333333333333337,mscoco
74938,A black cell phone sitting on a silver holder on a table. ,2.0,mscoco
340096,a decorated lite up stop sign at the corner,0.3333333333333333,mscoco
188612,A steeple with a clock with a bell tower.,1.8333333333333333,mscoco
571774,A black bear stands in the foliage beside a tree branch. ,1.6666666666666663,mscoco
2907,A group of young people playing a game of frisbee.,2.0,mscoco
192502,Four people are standing in the snow with ski equipment.  ,2.0,mscoco
158,Photo of a cat singing in a barbershop quartet.,2.0,drawbench
91675,Two people pose for a picture as they are surrounded by elephants.,1.7083333333333337,mscoco
322785,A double decker bus is parked on the side of a street.,1.9,mscoco
348874,a couple of stop signs that are next to some people,1.5,mscoco
575355,a dining space with a table and some benches,2.0,mscoco
581466,A large number of cattle confined in a small area.,2.0,mscoco
276133,Baked carrots in glass pan on counter with green napkin,1.875,mscoco
339757,a male in a red shirt and some brown cows ,2.0,mscoco
183895,A large passenger jet taking off from an airport runway.,2.0,mscoco
359451,a number of motorcycles parked near one another ,2.0,mscoco
65209,Young soccer player sitting on the ground with soccer ball.,0.5,mscoco
113391,A large bed and a computer screen in a room.,1.8333333333333333,mscoco
547155,a couple of zebras stand next to a antelope ,1.0,mscoco
532175,There is a woman in a white dress riding a bike.,2.0,mscoco
528284,Man in a maroon shirt holding up a yellow baseball bat. ,1.8,mscoco
143582,Motorcycle racer leaning low coming out of a turn.,0.5,mscoco
59542,"Some boys playing soccer, the goalie has the ball in his hands.",1.1833333333333331,mscoco
437736,A teddy bear with a tag on one ear sitting in a chair.,1.8333333333333333,mscoco
140954,a man and a woman play a wii game,1.9,mscoco
17676,a bathroom with a toilet and tiled floor,2.0,mscoco
7247,"A white and orange cat and a black, orange and white cat sleeping in front of each other. ",1.8,mscoco
246970,Player taking a fall at base during game.,2.0,mscoco
149220,A group of sheep are near a wire fence.,2.0,mscoco
56701,Person reading a magazine on the couch while dog sleeps next to it.,1.3333333333333333,mscoco
327935,a baseball player hits the ball on homebase.,1.8333333333333333,mscoco
145217,A man in blue shorts carrying a white surfboard.,2.0,mscoco
439809,A woman is standing with a horse in front of a mountain.,2.0,mscoco
93677,Four young men in suits pose for the camera. ,1.875,mscoco
361321,A double parking meter is decorated with a picture of a girl with wings on her feet.,1.6666666666666667,mscoco
319055,A view of a building from the other side of a street intersection.,1.75,mscoco
24899,A red train pulls alongside a train platform beneath a metal bridge.,1.7000000000000002,mscoco
380522,A group of people standing on top of a beach flying kites.,2.0,mscoco
334630,Man sitting under red and white striped umbrella near woman sitting on beach,2.0,mscoco
31536,A woman sitting at a table that has flowers and plates of food on it.,1.8333333333333333,mscoco
339151,a mountain with green grass and an animal,2.0,mscoco
88388,A batter swinging at a pitch in a baseball game.,2.0,mscoco
114559,A group of motor cycles and people on horses on a grassy field by a mountain.,1.5,mscoco
186148,A group of people standing side by side holding skis.,2.0,mscoco
49952,A double decker bus features an ad for a Superman film.,1.8,mscoco
251801,a table filled with a huge variety of cakes,2.0,mscoco
84984,Two men who are in the water with surfboards.,1.9,mscoco
574025,Boxes of glazed doughnuts sit open on a table.,1.9285714285714288,mscoco
224138,A dessert with chocolate and banana slices sits on a plate.,2.0,mscoco
569190,A train traveling past a traffic light next to tracks.,1.6666666666666663,mscoco
278309,A CAT IS LYING DOWN LOOKING AT AN ELECTRONIC MOUSE,1.9,mscoco
262979,Two elephants are standing by the concrete barrier. ,1.8333333333333333,mscoco
271929,A woman sitting cross legged by a river using a cell phone,2.0,mscoco
439537,Two donuts sitting on a brown paper wrapper.,2.0,mscoco
30947,computer desk with various  papers  and a computer,2.0,mscoco
179191,Five ties in different colors lying on blankets with sheets,1.6666666666666663,mscoco
1340,A flower arrangement in a glass vase on a table.,2.0,mscoco
84211,Five women smile as they pose near a large cake.,1.8571428571428568,mscoco
35571,A phone displaying a game sits in front of a box of donuts.,1.75,mscoco
366591,Several giraffes that are standing together on a path.,2.0,mscoco
292140,Two adult and one baby elephant walking in the forest.,1.25,mscoco
293061,Closeup of a green bowl holding pieces of broccoli.,1.5,mscoco
353358,Modern semi trailer truck with cargo container on a road,2.0,mscoco
314558,An overhead shot shows people dining outside. ,2.0,mscoco
84821,A red and white fire hydrant by a street,2.0,mscoco
293453,The back of a van is packed full of luggage and bags,2.0,mscoco
363951,Black and white of windsurfers on a lake.,2.0,mscoco
20677,A gray bird perched on towel eating from a tin,1.1666666666666663,mscoco
41155,Little oriental girl in a pink top and white bottom stands next to TV.,1.6666666666666667,mscoco
134703,The skier is posing near a lot of other skiers.,1.0,mscoco
478845,People using laptop computers in an undisclosed public location.,1.875,mscoco
297819,An assortment of dessert foods arranged in a small table.,1.625,mscoco
427805,three glass vases one with red flowers ,1.5,mscoco
233878,"A counter containing many food dishes, including carrots, macaroni and cheese, cranberry sauce and more",2.0,mscoco
509482,a round bundt cake on a plate with white frosting ,2.0,mscoco
549122,An intersection in a city with stop lights and street signs.,0.5,mscoco
133331,Ad showing picks for top six at Australian open.,0.5833333333333334,mscoco
274860,The motorcycle riders visit the site with several flags.,1.9,mscoco
91137,A man flying through the air while riding a skateboard.,2.0,mscoco
97458,A person that is standing on a skateboard.,1.8333333333333333,mscoco
132901,A man and a woman standing next to a motor cycle.,2.0,mscoco
571564,A tennis player is holding his racket and waiting for the ball.,1.8333333333333333,mscoco
255728,A propeller airplane sitting on top of an airport tarmac.,2.0,mscoco
44045,a bicycle leaning against a stop and a yellow car,1.4166666666666663,mscoco
96530,A rodeo rider on horseback attempting to lasso a cow.,1.6666666666666667,mscoco
352481,A blue and white bus is parked in front of a brick red building.,2.0,mscoco
98328,A zebra rests its head on the back of another zebra.,1.6666666666666663,mscoco
428340,A refrigerator is shown with food inside of it.,2.0,mscoco
78,"A machine next to a parking space in a street, into which the driver puts money so as to be authorized to park the vehicle for a particular length of time.",1.6666666666666667,drawbench
211116,Big trucks are needed to haul construction equipment to the work site.,1.5982142857142856,mscoco
571858,A person is chopping carrots with a knife.,2.0,mscoco
18073,An ocean view including a man being pulled along by a water skiing parachute.,2.0,mscoco
330824,A woman swinging a tennis racket on a court.,0.5,mscoco
109450,A group of people walking across the street in front of a city bus.,1.75,mscoco
381842,An intersection street sign with one sign reading Brad St.,1.35,mscoco
185945,Young boy wearing a baseball glove looking down a ball. ,2.0,mscoco
228920,A young boy cutting a piece of construction paper. ,2.0,mscoco
463680,A very small bathroom with only a toilet and sink.,1.6666666666666663,mscoco
115911,A baseball player is holding a baseball bat at a game.,2.0,mscoco
567372,A train is on the tracks in front of a building that sits on a hill.,2.0,mscoco
548362,Two children eat doughnuts at a restaurant table.,2.0,mscoco
526082,an image of a man on his snow board sitting at the bottom of the mountain,1.75,mscoco
335103,A man adjusts his tie with a sticker on his shirt.,1.5833333333333337,mscoco
217517,view of tall city buildings with cars and people walking by,2.0,mscoco
63230,An outdoor patio has tables with yellow and green umbrellas.,1.75,mscoco
184,A storefront with 'Google Brain Toronto' written on it.,2.0,drawbench
229362,Two women are snacking and drinking beers at a pub.,0.5,mscoco
472737,"A laptop, cellphone, headphones and speaker on a table.",1.75,mscoco
310867,A small bathroom with a square shaped sink.,2.0,mscoco
534578,"Two blue and white street signs that read ""sync signal"" and ""western av.""",0.5,mscoco
101837,A lone horse is grazing on grass next to a group of horses.,2.0,mscoco
72376,A man in a brown shirt throwing a frisbee.,2.0,mscoco
183247,A man in black shirt playing a game with a Nintendo Wii controller.,1.775,mscoco
295376,two big red double decker buses on the road,2.0,mscoco
308160,Some children are standing on a tennis court.,2.0,mscoco
433101,A living room decorated with a Christmas tree and stockings.,2.0,mscoco
462138,Man and older woman smiling with champagne and cake,2.0,mscoco
526418,"A cluttered shelf with a stereo, book and a teddy bear.",2.0,mscoco
208274,A little girl flying a kite on a big field with buildings in the background.,2.0,mscoco
137108,A tennis player is juggling the ball as the crowd watches.,1.7,mscoco
458103,The baseball player reaches out to catch a ball.,1.9,mscoco
539891,Several people in a park playing a game of frisbee.,2.0,mscoco
472609,A large roast beef sandwich sitting in a paper basket on a glass tabletop.,1.8333333333333333,mscoco
26362,Woman in yellow skirt holding an umbrella buying something out of a vending machine.,1.8333333333333333,mscoco
212462,"A pineapple, orange, and bananas sit on a plate in a kitchen.",2.0,mscoco
319073,A surfer in a wetsuit rides on a wave.,2.0,mscoco
454236,a school bus driving on a road with a mountain in the background,2.0,mscoco
79459,A kid practices skateboard moves at a green park. ,1.8333333333333333,mscoco
381948,A plane descending to land in a airport,2.0,mscoco
404495,Two female snow skiers racing down a course.,2.0,mscoco
261759,little girl standing in kitchen between stove and sink,2.0,mscoco
40051,toilet in small space with blue and white tile,2.0,mscoco
79191,The stop sign is posted at the intersection of the street.,2.0,mscoco
411334,Small black cat laying among several different used shoes.,2.0,mscoco
100202,"This dinner platter has roast beef and mashed potatoes with gravy, vegetables, greens, and bread.",2.0,mscoco
96618,A dog looks out an open door at the snowy ground.,2.0,mscoco
576576,A fisheye lens photograph of a residential bathroom,1.9,mscoco
139538,Several people with helmets gathered to fly kites,1.8,mscoco
79303,A stop sign warning that pedestrians are crossing.,0.25,mscoco
86576,A yellow bird sitting on a branch in a green tree,2.0,mscoco
329088,A skier standing at the stop of a mountain slope.,2.0,mscoco
142318,A large horse in an enclosed field eating grass,2.0,mscoco
350837,A woman in a blue dress is on a tennis court.,0.5,mscoco
415694,A home office features a large desk and other items.,2.0,mscoco
112495,"There is a smile face on a plate made out of vitamins, banana and butter.",2.0,mscoco
183847,Man carrying skis in high altitude mountainous area.,1.875,mscoco
409443,A polka dot patterned coffee mug sits in front of a clock.,2.0,mscoco
158272,woman studies a map while standing on street,2.0,mscoco
432484,A black and white cow standing on top of a grass covered field.,2.0,mscoco
251758,A large group of skiers gathered around a ski slope.,2.0,mscoco
490462,A man looking at the graffiti on the side of a train,2.0,mscoco
73120,People flying kites in a large green park by the ocean,2.0,mscoco
414071,Three young guys are playing the Wii together. ,1.6666666666666667,mscoco
319456,A woman standing in front of a bathroom mirror next to a sink.,0.25,mscoco
484754,A reflection of a yellow vehicle in a mirror,1.5,mscoco
328315,"A desk with many items, including a keyboard, monitor, and books.",2.0,mscoco
572409,A black and white bird standing on a wooden board.,2.0,mscoco
51982,A young man is trying to pull off a skateboarding trick. ,2.0,mscoco
429671,Brown cow lying in field with standing black cow in background.,2.0,mscoco
469921,A stop sign that is at an intersection instead of stop lights.,0.0,mscoco
490366,"Near the surf, a man sits hunched over on his board.",2.0,mscoco
3003,three different trains one is green and silver and the other two are orange and silver,1.8333333333333333,mscoco
2833,A man walking down a street while holding an umbrella.,2.0,mscoco
315864,The birthday cake is a train carrying candy on it.,1.75,mscoco
395552,A boat is docked in the water with a mountain in the background.,2.0,mscoco
176,Illustration of a mouse using a mushroom as an umbrella.,2.0,drawbench
452414,A group of people laughing over bunches of bananas.,2.0,mscoco
553879,There are many cars and buses on the busy highway.,2.0,mscoco
12495,Three zebras are standing in a grassy field.,1.7857142857142856,mscoco
461815,A kid in green shoes on a skateboard,2.0,mscoco
414787,Shower and toilet in compact toiler at a lodge.,1.8333333333333333,mscoco
345145,A man who is wearing a multicolored shirt and a tie.,2.0,mscoco
23,A blue cup and a green cell phone.,1.4166666666666663,drawbench
28614,"A pizza with mushrooms, cheese and onions sitting on a table.",2.0,mscoco
381629,There is a nice living room set up with nice furnitures.,2.0,mscoco
422354,A man is holding a drink and posing for a picture wearing a long tie.,1.6666666666666667,mscoco
513766,"A living room has a couch, a cluttered table, and a bicycle sitting in front of a glass door.",2.0,mscoco
104811,a green fire hydrant standing in the grass close to the street ,2.0,mscoco
152333,Commuter bus on roadway in large city with traffic.,2.0,mscoco
25325,A plate of salad with other fruits and vegetables and a notebook.,1.9285714285714288,mscoco
531093,some oranges hanging from some branches of an orange tree,1.8,mscoco
216449,A woman sits at a table eating with her children on either side of her.,2.0,mscoco
23141,Gourmet pizzas are now very popular in restaurants.,2.0,mscoco
317615,A computer with a suspended monitor and keyboard on a desk.,0.5,mscoco
169,A photocopy of a photograph of a painting of a sculpture of a giraffe.,1.75,drawbench
66156,A truck carries a load of police motorcycles.,1.25,mscoco
61,A single clock is sitting on a table.,2.0,drawbench
38525,A dog sleeps in bed with a person.,1.875,mscoco
73387,Two zebra standing next to each other in a dry grass field.,2.0,mscoco
173966,A group of businessmen pose in a lobby.,2.0,mscoco
157486,White painted fire hydrant on sidewalk near small brush.,1.875,mscoco
258134,A woman carries a bright orange umbrella in a city.,2.0,mscoco
549184,Two men are sitting on a couch in the background and a Wii controller is in the foreground.,1.5,mscoco
25290,Black and white photograph of a skate boarder climbing his board,1.625,mscoco
249687,A young girl in pink holding a set of skis.,1.8333333333333333,mscoco
44446,A close up of a frying pan with pieces of broccoli.,2.0,mscoco
576950,Tortilla cooking over hot coals with meat onion and pepper filling.,1.6041666666666663,mscoco
487222,An airplane is seen flying over several trees.,2.0,mscoco
6451,The tower of the building has a clock displayed on it. ,1.25,mscoco
341128,Sheep laying and eating hay in an enclosure.,1.8,mscoco
181713,The flower arrangement has red berries and green leaves.,2.0,mscoco
86248,two females wearing blue pants playing tennis in a tennis court,0.5,mscoco
249537,A person riding a surfboard on the waves.,2.0,mscoco
198486,A person takes a selfie in a school bus mirror.,1.75,mscoco
270604,A person is surfing on small waves in the ocean.,1.8,mscoco
245351,A man riding a brown horse wearing a blue shirt. ,2.0,mscoco
390969,A man uses a cell phone while sitting on a curb.,2.0,mscoco
139780,Two people standing near the beach with their bikes,2.0,mscoco
211540,A girl is sitting at a table playing with her phone.,0.5,mscoco
151965,Two people standing next to each other and holding snowboards.,1.8333333333333333,mscoco
330808,A man in a suit smiles and looks at the camera. ,2.0,mscoco
345531,A young man is skateboarding on a ramp.,2.0,mscoco
321700,Player swinging at ball with catcher holding glove out,2.0,mscoco
141040,A couple of young men sitting in a living room with plates of food.,2.0,mscoco
519076,A home office with a glass desktop and picture window.,1.6666666666666667,mscoco
49234,A black and white photo of a small room .,1.8333333333333333,mscoco
544626,A vase of wilting roses sits by a window with white polka dot curtains.,2.0,mscoco
289689,A horse walks beside an old building near a cliff,2.0,mscoco
49120,Two photos of a man hitting a ball with a tennis racket. ,1.5,mscoco
31442,A man sits on a stool in a kitchen.,2.0,mscoco
35663,A man flying through the air while riding a snowboard.,2.0,mscoco
28239,A dollhouse kitchen is decorated with bright colors. ,2.0,mscoco
273886,A man holds a young baby in a blanket while playing Wii.,1.625,mscoco
575135,Two young children standing in a tennis court holding tennis gear.,2.0,mscoco
156404,A brown teddy bear with a maroon shirt on.,2.0,mscoco
313532,A baseball player batting a ball with a catcher and umpire standing behind him.,1.9166666666666663,mscoco
218492,A restaurant table is lined with various breakfast plates of food.,2.0,mscoco
73141,This black and white photo shows several people walking down the sidewalk with luggage.,2.0,mscoco
73154,Old orange and yellow bus parked on grass near wood shed.,2.0,mscoco
491707,A woman in shorts and heels waiting on a train platform,2.0,mscoco
477475,A man in a suit holding his hat.,1.75,mscoco
493753,An office desk holding multiple computers and various supplies.,1.8333333333333333,mscoco
177618,A picture of a train pulling into a station.,1.9,mscoco
333324,A man plays Frisbee with some other people in a gymnasium. ,2.0,mscoco
525675,A tennis player hitting the ball from a high point.,1.125,mscoco
39,Five cars on the street.,1.8333333333333333,drawbench
304684,A baseball player is swinging a bat at a ball.,2.0,mscoco
403472,A black and white cat is standing on the window. ,1.875,mscoco
516595,People flying kites on the beach with others walking along the beach.,2.0,mscoco
388823,The large yellow flowers are inside a clear glass vase.,1.9166666666666663,mscoco
236314,"Legs of man with tattoos, standing on towel with cat, in bathroom. ",1.875,mscoco
41938,Two bears play fight while swimming in a stream.,2.0,mscoco
262819,A yellow and black motor bike on a dirt path. ,2.0,mscoco
449770,A cat that is sitting next to a backpack.,2.0,mscoco
546333,Old personal window frame in the side of a personal kitchen.,1.2,mscoco
175539,A glove is tied to a stop sign on a street corner. ,0.5,mscoco
208163,A green and yellow truck is driving on the road.,2.0,mscoco
1407,The tennis player is poised to serve a ball.,1.5833333333333337,mscoco
33499,An ornate outdoor clock with streetlamps above and below it.,2.0,mscoco
60482,Angry cat on top of clothing packed in luggage case.,2.0,mscoco
476597,These three people are dressed up in costumes. ,1.8333333333333333,mscoco
370821,A white and black dog is wearing a winter hat.,1.875,mscoco
264697,a plate with a flower made of tangerines,2.0,mscoco
453483,A child stands on skis in a snowy area.,2.0,mscoco
119101,Darkly lit living room with large picture window with a view of sunshine and large clouds.,2.0,mscoco
91543,Bowl of pastas with vegetables displayed for consumption.,1.8985294117647056,mscoco
496424,Several layered cakes are displayed on a finishing table at a bakery.,1.875,mscoco
126321,Black and white photograph of a cat in a window.,2.0,mscoco
208283,Girl waving sword in front of boat with cooler ,0.25,mscoco
145199,A kitchen area with a dining table and counter.,2.0,mscoco
531092,a sandwich on wheat bread sits on a plate,2.0,mscoco
33116,A man swinging a tennis racquet on a court.,2.0,mscoco
253491,An apple mouse sitting by a book and keyboard.,1.375,mscoco
454144,Three people look around the living room of a house. ,2.0,mscoco
535218,Two men playing a game of frisbee on the beach.,1.8333333333333333,mscoco
227000,SEVERAL PEOPLE STANDING NEAR A PARKING METER ON THE SIDEWALK,2.0,mscoco
381826,A man with a black wet suit rides a white surfboard.,2.0,mscoco
224278,Many giraffes stand next to a large tree. ,2.0,mscoco
339611,The young man is throwing the baseball during a game.,2.0,mscoco
569449,a sandwich with chips on top in a box next to a soft drink,1.8333333333333333,mscoco
232842,A group of people flying several kites close to the water.,2.0,mscoco
361484,Duck leaning forward towards a body of water from a concrete footing. ,1.6666666666666667,mscoco
156630,A man in a hat and glasses taking a bite from a hot dog.,2.0,mscoco
370831,A living room is shown with couches and a table.,2.0,mscoco
461498,"a bird sitting on a tree stump in a forest
",2.0,mscoco
250579,Various photographs of food that include a sausage and deep fried bread.,2.0,mscoco
307113,some white plates with many different food items and a person,1.6666666666666667,mscoco
176210,A clock tower in space next to street corner.,2.0,mscoco
81964,"A plate of food with tomatoes, broccoli and strawberries on it. ",2.0,mscoco
465740,A person with a backpack standing on skis on a mountain trail.,2.0,mscoco
308486,A person skiing down a slope while others ride the lift in the background.,2.0,mscoco
284349,Bearded man on a skateboard riding down a street.,2.0,mscoco
557698,A black and white dog wearing a red bow tie.,2.0,mscoco
484227,A small brown crocheted stuffed animal on display.,2.0,mscoco
162977,"A bathroom with sink, and toilet are shown in the image.",2.0,mscoco
301438,Tennis player in  a white shirt holding a racket,1.75,mscoco
161846,Nuts and dried fruits in a canister; carrots and celery in another; red grapefruit in yet another.,1.75,mscoco
114729,A laptop with a colorful screen is sitting on a glass top desk.,1.9,mscoco
441614,A wooden desk with a laptop sitting on it.,2.0,mscoco
485843,A view of a street out in an open area ,1.2916666666666663,mscoco
230078,"a plate filled with cheese slices, bacon, donuts, and beef patties ",1.8333333333333333,mscoco
484450,"A person in motorcycle apparel from the back, standing in front of a person in motorcycle apparel on a motorcycle from the side, on pave surface by water.",1.4642857142857144,mscoco
11198,Someone prepares salads as part of a healthy meal.,2.0,mscoco
48661,a bathroom that has a toilet and a bathtub,1.7142857142857144,mscoco
59738,A delicious meatball sandwich topped with marinara sauce and Parmesan cheese.,2.0,mscoco
424303,A shirtless man riding a wave on a surfboard,2.0,mscoco
232047,A street lined with buildings and red double deck buses.,1.75,mscoco
258331,two zebras walking  next to each other across a field ,2.0,mscoco
65195,An elephant being led down a sidewalk as cattle graze near a large castle.,1.75,mscoco
510644,Small bird standing on a tree limb next to an apple.,2.0,mscoco
572627,Orange and white cat sitting on a stair looking at black shoes. ,2.0,mscoco
478968,A man with glasses is wearing three ties while holding a camera.,1.5,mscoco
566849,A dog is sitting on a table at a grooming parlor. ,2.0,mscoco
273155,female tennis player running to intercept the ball,2.0,mscoco
376422,Many stuffed bears are on display in the window. ,2.0,mscoco
24755,A group of men on skis in a race.,2.0,mscoco
312536,A plate of doughnuts sitting on a table. ,2.0,mscoco
181763,A black and white dog wearing a hat in a field.,1.9285714285714288,mscoco
16567,Several people ride surfboards in the ocean waves.,1.6666666666666663,mscoco
87740,People riding on elephants that are walking through a river. ,2.0,mscoco
101073,A city street with construction signs and barriers.,1.8,mscoco
483039,A person laying on a couch with a cat on their abdomen.,1.5,mscoco
271844,A woman walks down an alley with an umbrella.  ,2.0,mscoco
190998,A wet sand area with three people in wet suits and a aqua surfboard with a white horizontal stripe.,1.3333333333333333,mscoco
216985,A boy is sitting at a table eating doughnuts.,2.0,mscoco
360189,A street sign and restaurant sign and several people standing on a corner.,0.5,mscoco
448064,A man standing behind a large pizza that has a variety of toppings on it.,1.75,mscoco
16038,A woman and man talk in front of a train.,2.0,mscoco
259800,young man skateboarding on a railing at dark,0.3333333333333333,mscoco
343670,Two round sinks are in a wooden counter top next to a large mirror.,1.8571428571428568,mscoco
237735,A large jet plane that is flying in the air.,1.5,mscoco
240689,a young child on a beach with a kite flying in the sky,2.0,mscoco
15269,a tennis player about to hit a tennis ball.,2.0,mscoco
152474,A microwave sitting in a small kitchen area.,2.0,mscoco
343703,A lone skier is skiing down a path.,2.0,mscoco
328607,A train sits at an empty station in the daylight.,2.0,mscoco
143952,A train engine carrying a small cart of people.,1.625,mscoco
257470,A young woman sits in bed combing her hair.,2.0,mscoco
547903,Street signs at the corner of Kalakaua and Paoakalani avenue.,-0.1666666666666666,mscoco
91949,"Two men standing with signpost with words ""Tewodros St.""",1.8333333333333333,mscoco
319731,The dual image shows a woman stretching to hit a tennis ball.,1.6,mscoco
152633,a small kid wearing a uniform playing soccer.,2.0,mscoco
184497,A bathroom wall with a vanity mirror and sink.,2.0,mscoco
473373,A baby in a highchair with a slice of cake and a spoon.,2.0,mscoco
549962,A wooden bowl of cooked broccoli and cauliflower.,2.0,mscoco
352178,A man poses with a small child and a surfboard on a beach.,1.6666666666666663,mscoco
305905,A booth at an event displays stacks of vintage suitcases and a trunk.,2.0,mscoco
90433,Black and white image of thin cows near a waterway.,2.0,mscoco
66066,A small bathroom has yellow wallpaper and tile.,1.4,mscoco
285397,A plate has several small decorative donuts. ,1.75,mscoco
399668,A bowl of food that includes vegetables and fried foods.,1.6666666666666667,mscoco
211389,A close up view of a man riding the waves on his board.,1.3333333333333333,mscoco
89894,A white vase holds a bouquet of red roses.,1.625,mscoco
69944,Many double decked buses are lined on a bridge and three of them are red and one is blue.,1.625,mscoco
71870,"Toothpaste, toothbrushes, deodorant, shampoo, nutrition bars and lotion.",1.55,mscoco
104006,A picture of a young man doing stunts on a skateboard. ,1.8333333333333333,mscoco
390184,Modern kitchenette with stainless steel appliances and black cabinets.,1.9166666666666663,mscoco
64731,Woman standing under umbrella in the rain near railroad tracks.,2.0,mscoco
206475,A rib sandwich in a box with french fries on the side,1.75,mscoco
416331,A train wreck with cars submerged in water. ,1.625,mscoco
463084,A bus is parked near a bus stop on a street. ,1.5833333333333337,mscoco
402717,Grilled chicken breast served with broccoli on a red plate.,1.8333333333333333,mscoco
84165,A teddy bear wearing overalls sitting on a railing pole,1.9166666666666663,mscoco
333431,A man standing in a dark field while holding a Frisbee.,2.0,mscoco
482515,a group of people standing in the snow on snow boards next to the woods,2.0,mscoco
32766,A view from a plane window near a large snowy peak.,1.6666666666666663,mscoco
373033,A green double decker tour bus advertises a hamburger tour.,1.75,mscoco
528756,Bananas connected to forks attached to wood in an electrical experiment.,2.0,mscoco
218302,A black and a white horse are grazing in a green pasture.,0.3333333333333333,mscoco
389108,Adults gathered in living room playing video games.,2.0,mscoco
241461,A brown and white sheep is standing in the grass.,1.1666666666666667,mscoco
92041,Man playing a guitar while in a store.,2.0,mscoco
175151,A city passenger bus on a street that has construction cones on the lanes on the street.,2.0,mscoco
38357,Two busses on street next to cars with buildings in the background.,1.7314293032786885,mscoco
557596,Female tennis player during mid swing on court.,2.0,mscoco
566502,A white plate holds an ear of corn and a pasta salad with vegetables and eggs. ,1.8,mscoco
52433,A woman smiles as she holds a lemon over a plate of fish.,1.7000000000000002,mscoco
233121,A man that is standing next to a table with bread.,2.0,mscoco
542,large group of people standing next to very old style air plane,2.0,mscoco
146659,A commercial jet with its wheels down in a blue sky,1.9641821946169773,mscoco
176477,Side by side image of same photo of tennis player aiming for ball.,1.375,mscoco
344853,A young man dressed in blue jeans and a hat standing on a sidewalk.,2.0,mscoco
284340,a black and white photo with a double decker bus in color,1.775,mscoco
285451,A man with glasses smiles as he holds a cell phone.,2.0,mscoco
517998,A man with long hair using a laptop computer.,2.0,mscoco
478142,black and white image of a motorcycle rider going down the freeway,1.761904761904762,mscoco
445898,A squirrel eating seeds on a platform in a garden,1.75,mscoco
71602,A group of people are standing in the snow on skis.,2.0,mscoco
516988,People on elephant with umbrella in jungle area,2.0,mscoco
127553,Panoramic photograph of a living room in December,1.5,mscoco
2377,Black and white picture of a motorcycle racing.,1.75,mscoco
399177,A building with a clock tower and a bird statue on top ,1.5833333333333337,mscoco
40732,A woman standing on a tennis court with a tennis racket in her hand. ,2.0,mscoco
458677,A skateboarder performing tricks at a park while a man watches.,1.6666666666666667,mscoco
76648,a stop sign altered to say 'stop hammertime',1.1666666666666663,mscoco
327448,A wide street with parked cars and brick buildings. ,2.0,mscoco
73511,Food items are sitting on a tray with a clock sitting in front.,2.0,mscoco
564431,A woman with a black polka dot umbrella walking down a street.,2.0,mscoco
577270,A street with a building that has a black iron gate that is closed and signs on and next to it.,1.75,mscoco
138915,Some of the salad in the container is placed in a bowl.,1.6666666666666663,mscoco
279787,a living room with a a desk and a monitor ,2.0,mscoco
110209,A kid riding a toy horse in a day care.,2.0,mscoco
106586,An engine with a propeller blade attached in a large open building.,0.25,mscoco
152385,A blue motorcycle parked in a parking space.,1.7083333333333337,mscoco
244692,A woman holds a rainbow kite while standing in the middle of a field.,1.8333333333333333,mscoco
457230,Horse mounted police lined up on street at night.,2.0,mscoco
83518,close up of a black bird in the grass,2.0,mscoco
512173,A person on white surfboard next to group in an ocean.,1.75,mscoco
221899,A horse figure is on a snowy track,1.8333333333333333,mscoco
23998,Skateboarder with different color socks holding up his board. ,1.25,mscoco
565034,A white car is shown on a computer monitor.,1.5,mscoco
519153,The view out the window of a passenger train.,1.75,mscoco
111322,A cat stretches its arm to play with a computer mouse.,1.5833333333333337,mscoco
201825,"A very formally styled wedding cake, decorated in white icing and adorned with green ribbons and pink flowers. ",2.0,mscoco
47614,Two people flying a kite on the beach.,2.0,mscoco
172513,a military event with a group of people cutting a cake,2.0,mscoco
114083,THIS IS A CLOSE UP PHOTO OF A PERSON HOLDING A WII REMOTE,1.1666666666666663,mscoco
254130,A blue and yellow train traveling across a rail bridge.,2.0,mscoco
7307,a man standing on one foot while playing a game of tennis ,1.6666666666666663,mscoco
224242,Two people standing on snowboards in the snow.,2.0,mscoco
244000,A group of people standing around a pile of luggage.,2.0,mscoco
427283,A purple commuter train at a train station.,2.0,mscoco
173500,Two women walking down the street holding umbrellas.,2.0,mscoco
62397,A man that is standing on a skateboard.,2.0,mscoco
318234,A woman lying in a bed looking at a laptop.,2.0,mscoco
37104,A single passenger train car sits on a track.,1.8333333333333333,mscoco
301129,People walking along a beach with rough surf and parasailers.,1.6666666666666667,mscoco
425207,A man in a yellow jacket making a sandwich.,2.0,mscoco
186109,Rugby player prepares to make a move to avoid other team. ,1.7000000000000002,mscoco
403143,three cows standing in large a field of tall grass,1.6666666666666667,mscoco
233366,"A spread of fruit includes apples, watermelon, bananas, pineapple, and more.",2.0,mscoco
485185,Seven cows are lined up while being milked.,-0.25,mscoco
31053,A person reaching towards a Frisbee that is near a window. ,0.0,mscoco
177193,The dinner setup includes a glass of wine and a small pizza.,1.625,mscoco
146623,Small dog wearing sweater holding disc in mouth while being petted.,0.125,mscoco
93838,Two women playing a video game with hand held controllers.,1.5,mscoco
451024,An old pickup truck is parked in front of a parking meter.,1.8333333333333333,mscoco
224168,A cat sitting in a bowl on top of a table.,2.0,mscoco
475765,A man walks with his surfboard along the beach.,2.0,mscoco
460362,Two young people taking a picture of a pizza in a box.,1.625,mscoco
531474,A shirtless man skateboards in a parking lot with parked cars.,2.0,mscoco
227826,a cat that is standing up on a chair,0.5,mscoco
209933,A bidet and a toilet in a bathroom.,1.3333333333333337,mscoco
2007,a tennis player hitting a serve on the court,0.25,mscoco
126020,a fedex truck driving away from a building with a bench and bikes,1.7,mscoco
384910,"Black and white photo of ocean side with horses walking out of water, boats under cloudy sky, processing imperfections on left and right side of photo.",1.6666666666666663,mscoco
143217,A train is making its way through the town on the tracks.,1.6666666666666663,mscoco
536716,two zebras walking around their pen at the zoo,1.675,mscoco
374966,A skate park with several children playing on skateboards,2.0,mscoco
210434,A giraffe is standing inside a wet enclosure.,1.625,mscoco
80386,Many donuts are on the cooking grill of a fryer.,1.9,mscoco
75898,A plane is displayed on the top of a building.,1.6,mscoco
470174,"A living room with two large couches, a coffee table, a television and an animal crate.",1.6875,mscoco
118724,Four giraffes are standing together inside a fenced-in area. ,1.375,mscoco
555322,A flat screen tv in a living room with several windows.,2.0,mscoco
304092,A pack of elephants are walking through the terrain.,2.0,mscoco
26713,"A brick building with yellow doors and shutters leads to a courtyard area with a person bent over one of two pallets with pink pillows, a sitting dog, and a number of long-legged birds.    ",1.5833333333333337,mscoco
67443,A dog jumping to catch a flying frisbee in a yard.,1.9285714285714288,mscoco
61133,A bottle of fresh milk sits beside a container of chocolate cookies and 3 tangerines on a table. ,1.4166666666666663,mscoco
235792,A commercial stove top with many pots being used.,1.8771859026096316,mscoco
252054,A little girl sitting at a table eating a donut. ,0.5,mscoco
139512,A person takes photos of sheep laying down. ,0.3333333333333333,mscoco
121193,A brown and tan bird on a white plate with a persons hand holding a fork.,2.0,mscoco
47734,A man performing a stunt on a skateboard on a sidewalk.,1.75,mscoco
366282,A man in brown sitting on a motorcycle,2.0,mscoco
310989,A maintenance worker is utilizing a stair cart to clean the windshield of an aircraft.,1.375,mscoco
535242,A stop sign along a road is vandalized with graffiti.,1.6666666666666663,mscoco
264233,two people having fun in a storage room with boxes,2.0,mscoco
66944,Professional baseball players giving each other a high five by the dugout,2.0,mscoco
289752,A white boat on water with seagulls and umbrella in the foreground.,1.8571428571428568,mscoco
307323,A living area with a table and chairs and various art.,1.9375,mscoco
42204,Many people are walking along a crowded market place.,2.0,mscoco
305991,A sandwich with egg and ham and spinach,1.875,mscoco
539359,A zebra is standing in tall grass near a tree.,1.8333333333333333,mscoco
309257,a zebra laying on a hill with grass ,1.625,mscoco
147092,Glass vase with floral arrangement and large ribbon on table.,2.0,mscoco
146503,A collage of white squares with pictures of different meals.,2.0,mscoco
358982,A young girl in a helmet riding a skateboard.,2.0,mscoco
498922,A herd of three cattle walking together in a grassy area.,1.0,mscoco
343153,Woman in green shirt and black pants talking on cellphone. ,2.0,mscoco
15394,A baseball game in progress with the batter up to plate.,1.875,mscoco
113897,A beige bathroom with a phone beside the toilet.,1.2999999999999998,mscoco
482829,A woman that is holding a racquet hitting a ball.,0.4166666666666666,mscoco
76992,A man in a grass field catching a frisbee.,2.0,mscoco
378768,A young skateboarder attempts a rick on a concrete block.,2.0,mscoco
184585,A man doing a kick flip on a skateboard.,2.0,mscoco
456919,a brown and white horse and three brown black and white cows,0.3333333333333333,mscoco
306524,A clock is posted on the front of a building.,2.0,mscoco
112,"A domesticated carnivvorous mzammal that typicbally hfaas a lons sfnout, an acxujte sense off osmell, noneetractaaln crlaws, anid xbarkring,y howlingu, or whining rvoiche.",1.0,drawbench
361685,This is an image of tow urinals in black and white.,1.75,mscoco
208557,Small couch sitting in the living room with green carpeting. ,2.0,mscoco
414045,A laptop and computer monitor sit adjacent to one another on a desk top.,1.8,mscoco
522021,Three zebras standing next to each other with heads together.,1.8,mscoco
166987,A plate of food that includes broccoli and white dough balls.,2.0,mscoco
521881,a yellow bird that is on a branch,2.0,mscoco
248229,Four people on horseback stand at the shore on a beach.,1.5833333333333337,mscoco
34985,Water floods an area with trees and street signs.,2.0,mscoco
323499,A fork and paper plate of chocolate cake on a desk.,2.0,mscoco
229324,A large empty kitchen is shown with white cabinetry.,2.0,mscoco
181028,"Office desk with a laptop, computer monitor, and other electronic utilities. ",1.7222222222222223,mscoco
218204,SEVERAL CLEAR VASES ARE ON THE TABLE WITH TULIPS IN EACH ONE,1.95,mscoco
242570,Black and white Toyota truck with two dogs on back.,1.375,mscoco
384346,A man wearing a hard hat talks on a phone.,1.8333333333333333,mscoco
544240,A professional baseball player holding a bat on the baseball field. ,2.0,mscoco
455756,A skateboarder rides the rim at a skate park.,2.0,mscoco
353836,Two people standing near a red and white food truck. ,1.9692095588235292,mscoco
442321,A man wearing a helmet is riding a motorcycle.,2.0,mscoco
416535,Side by side photos of a woman playing tennis. ,1.625,mscoco
204225,A group of people playing Wii games. ,1.6666666666666667,mscoco
311882,An apple is growing and near ripe for eating,2.0,mscoco
437701,A man riding on a snowboard jumping over a hill.,1.875,mscoco
286310,A banana tree filled with lots of unripe bananas.,2.0,mscoco
271011,A group of men sitting on a snow slope while attached to snowboard.,2.0,mscoco
244571,a white couch tan pillows coffee table and a television set,2.0,mscoco
167725,a player is swinging a baseball bat during a game,0.5,mscoco
334932,A young man going down a ramp on his skateboard at a skateboard park.,2.0,mscoco
511803,A woman sitting at a table with a pizza in a box ,2.0,mscoco
290911,Small single engine airplane on a small runway. ,2.0,mscoco
170917,A man sitting in front of a laptop computer.,1.7083333333333337,mscoco
547944,Broccoli and other vegetables displayed in a market.,2.0,mscoco
52773,A large purple flower is in a green vase.,2.0,mscoco
95213,The large industrial kitchen is very organized and clean.,2.0,mscoco
186280,A kitchen with a white trash can and cleaning supplies,1.8333333333333333,mscoco
344498,A group of people gather in a kitchen with wine.,1.9,mscoco
242544,a woman is standing in front of a horse,1.6666666666666663,mscoco
483788,A bride and groom cut their wedding cake.,2.0,mscoco
113801,Airplane with vintage bus in front of air plane hangar,1.8333333333333333,mscoco
305441,A pile of apples lying underneath a tree on the ground.,2.0,mscoco
415670,A platter of sliced fruit including oranges and apples.,2.0,mscoco
35884,Close up of a hand writing on a tablet computer with a pen,2.0,mscoco
295778,A cross-country skier sprints to the finish line.,2.0,mscoco
134818,A box filled with various types of donuts.,2.0,mscoco
107072,A group of teenagers dressed as zombies mill about.,2.0,mscoco
529475,A dog with his teeth showing and semis and a car in the background. ,1.4166666666666667,mscoco
346392,A young man is enjoying a day of water skiing. ,2.0,mscoco
162578,several children are playing soccer on a field.,2.0,mscoco
389698,The skateboarder makes a jump in the bright sunlight.,2.0,mscoco
181836,A person standing by a cone on a street.,1.5,mscoco
306553,Two people in hats sit on a park bench.,2.0,mscoco
26932,Black and white photograph of a person doing a trick on a skateboard.,0.5,mscoco
337547,Man wearing a helmet and knee pad skateboarding down a hill.,1.6666666666666667,mscoco
554037,"The preparation of salmon, asparagus and lemons. ",2.0,mscoco
120259,a man in an orange shirt and a man i a stripped shirt petting an elephant ,0.5,mscoco
197499,A doughnut bag with a sprinkle doughnut next to it,0.1666666666666666,mscoco
103539,A man smiling while holding a Frisbee in his hands.,2.0,mscoco
199358,A set of luggage on a hotel room bed.,1.75,mscoco
444467,Two people lick fruit with costumes and hats on.,2.0,mscoco
535526,A red four wheel drive pickup truck with dual rear wheel.s,2.0,mscoco
542453,A group of people in grassy area flying kites.,2.0,mscoco
184513,"A red traffic light has a ""sad face"" drawn on it.",1.8,mscoco
440778,A large broccoli plant has grows a big piece of broccoli.,1.8333333333333333,mscoco
492967,A woman is taking a photo of her male companion's funnel cake.,1.5,mscoco
459208,A man and woman riding a bike in the street.,1.3333333333333337,mscoco
191390,Four giraffes all walking and looking same direction and all same height in rocky field lined by short trees behind.,1.6428571428571428,mscoco
417961,a man with a helmet snowboarding down a track,2.0,mscoco
114158,A woman that is standing on ski's in the snow.,1.8333333333333333,mscoco
172315,"A teenager sitting in front of a store window talking on a cell phone.,",-1.0,mscoco
527453,A stalk of ripe bananas on a white background,1.75,mscoco
533770,A skateboarder is on top of a cement ramp.,1.625,mscoco
42057,Three giraffes eat from a post with their food attached to the top.,1.6666666666666667,mscoco
424669,People playing a game on a television screen during an event. ,1.9,mscoco
379754,A stop sign on a pole in a residential neighborhood.,1.8333333333333333,mscoco
4,A red colored dog.,1.8333333333333333,drawbench
450567,Man in blue tennis uniform swinging his racket back. ,1.9,mscoco
466681,A black and white view of a sculpture in an urban environment.,2.0,mscoco
537470,A green double decker bus drives down a street.,2.0,mscoco
457011,Adult riding horse next to skiers on snow covered area.,1.4166666666666663,mscoco
479611,A short white horse looking over a fence.,2.0,mscoco
187162,A man talking on a cell phone while wearing a yellow shirt.,2.0,mscoco
162386,Little girl with blonde hair sitting at a table while smiling.,2.0,mscoco
33756,an image of a professional baseball game being played,2.0,mscoco
290836,Elephant enjoying bath in deep pool in heavily fenced enclosure.,1.875,mscoco
11364,A black bear walking through a field by a road.,1.8333333333333333,mscoco
497736,An adult and baby elephant standing together in a zoo pin.,1.75,mscoco
266769,A man performing a grind on his skateboard.,1.3333333333333333,mscoco
267200,Skateboarder in mid air in an indoor facility.,2.0,mscoco
187869,A boat travels through the water near a pier with a red lighthouse. ,2.0,mscoco
530417,A train passing under a bridge in the middle of a field.,1.75,mscoco
306159,a person standing over a squat down toilet ,0.5,mscoco
170662,Large passenger electric train passing through open field. ,2.0,mscoco
38000,a stop sign a light post a street sign and some white flowers,2.0,mscoco
158873,A stop light is in the foreground of a city photo.,1.9166666666666663,mscoco
83494,"A dinner plate is arranged with meat, broccoli and carrots.",2.0,mscoco
39258,a boy is on a skateboard jumping over a rock,1.9,mscoco
489467,A half eaten piece of pie sits on a plate with a silver fork.,1.375,mscoco
405179,BUS THAT LOOKS LIKE ITS FROM THE FUTURE JUST SITTING STILL,2.0,mscoco
82920,A man flying a kite in an open field.,2.0,mscoco
470097,Man in blue and gray uniform throwing a baseball. ,0.5,mscoco
499374,A black and white picture of someone holding an umbrella. ,1.6,mscoco
275656,A laptop computer sits open on a wall mounted shelf above a tabletop.,2.0,mscoco
455505,"A sign advertising a festival on H Street, NE, Washington D.C.",0.3333333333333333,mscoco
572250,Two giraffes are standing inside a fenced area in a zoo.,2.0,mscoco
24125,"A bagel, cream cheese and lox is served with fresh cucumber and tomato slices. ",1.75,mscoco
85340,A woman holds a basket with a hot dog while she is surrounded by two other people.,0.3333333333333333,mscoco
526522,Three people sitting on a couch with coffee looking at a centerpiece on the coffee table.,1.3333333333333337,mscoco
479617,"A potato, carrots, cabbage, and piece of meat sitting on a plate.",1.8452380952380956,mscoco
41288,A baseball bat leaning agains a wall beside a yellow box.,2.0,mscoco
576810,"A man wearing a red hat, eating a hotdog.",1.9,mscoco
211956,Large brown cow tied up to a wooden post in a building. ,2.0,mscoco
199575,a small dog is standing in a large kitchen,2.0,mscoco
71109,Train with orange engine is pulling a long line of cars.,0.4166666666666666,mscoco
239625,A large square pizza being cut up by a person.,1.8333333333333333,mscoco
198,New York Skyline with 'Google Brain Toronto' written with fireworks on the sky.,2.0,drawbench
321970,An old truck and memorabilia are featured in an exhibit. ,2.0,mscoco
252091,A woman holds food in front of a food truck. ,2.0,mscoco
72133,A photo of a control box for the intersection.,1.0,mscoco
297045,A person cutting into a cake with a knife.,1.8333333333333333,mscoco
95371,A double decker bus on a street in England,2.0,mscoco
222107,A view from above of clock tower in a plaza next to a beach at sunset.  ,1.8,mscoco
495687,a black and white photo with a person on a skateboard,2.0,mscoco
261202,A teddy bear with a bow tie next to a bunny rabbit stuffed animal.,2.0,mscoco
426086,A man sitting in front of a pizza at a table.,2.0,mscoco
388615,A man taking a big bite of a hot dog.,2.0,mscoco
374211,A boy and his mother feed a giraffe at the zoo,1.8333333333333333,mscoco
393714,A woman sitting on a bench while talking on a cell phone.,2.0,mscoco
420593,Several young soccer players on the field during a game.,2.0,mscoco
170885,A toilet and sink are seen in this dirty bathroom.,0.3333333333333333,mscoco
441854,A traffic sign with writing on it at an intersection. ,1.5,mscoco
144486,A fried and breaded sandwich is topped with preserves.,2.0,mscoco
537558,A dog standing on the floor with a mesh cone on its head ,1.8333333333333333,mscoco
149388,Baseball player delivering hit of the ball about to run.,2.0,mscoco
314193,A woman sitting on a bench reading a book,2.0,mscoco
348478,A white stove stop oven in a kitchen.,2.0,mscoco
28356,A man in black jacket flying a kite on a beach.,1.8333333333333333,mscoco
576025,An ornate antique bed is scene in a museum display.,1.8333333333333333,mscoco
557239,The orange and white cat is sitting in a toilet bowl. ,2.0,mscoco
490175,A man riding a wave on his surf board.,2.0,mscoco
304758,A black dog is sitting under a man that sits cross-legged on a wall.,0.1666666666666666,mscoco
87285,A cat standing up against a window in a living room.,2.0,mscoco
286137,A crowd of people standing around a food truck.,2.0,mscoco
188941,"A living room contains a couch, chair, tables and a rug.",1.8333333333333333,mscoco
573750,A group of people with snowboards in the snow.,2.0,mscoco
48129,A man is smiling as he enjoys a dessert at a restaurant.,2.0,mscoco
471504,A small and cluttered bathroom is decorated in shades of brown and white.,1.6666666666666667,mscoco
487061,A man sharing a smile with a child at a dinner table.,2.0,mscoco
557922,a person sitting on a bench using a cell phone ,2.0,mscoco
225108,a boy is flying a kite in a field,2.0,mscoco
91756,A man in a tie standing next to some people.,2.0,mscoco
35961,An adult elephant and a baby elephant are eating a bush.,0.2916666666666666,mscoco
205461,a table full of different kinds of yellow fruit.,2.0,mscoco
18736,Two white sheep graze in a grassy field.,1.75,mscoco
15588,A young man riding a skateboard at a skate park.,2.0,mscoco
384836,A giraffe stands in front of two others near a fence.,1.8333333333333333,mscoco
419559,A mattress that has a tag on the end of it.,2.0,mscoco
392657,Two little boys playing a game on a bed.,2.0,mscoco
267710,Black and white photograph of a flock of birds in flight,2.0,mscoco
414884,A toilet sits outside on slanted cement near a doorway.,2.0,mscoco
325362,A woman drinks from a mug while a man prepares food.,1.75,mscoco
128409,A plate of chicken and broccoli and a pair of chop sticks.,2.0,mscoco
474471,Three giraffes can be seen in zoo enclosures.,1.8333333333333333,mscoco
194941,A male professional tennis player serving the ball.,0.375,mscoco
76882,A man helps a woman to prepare a toothbrush outdoors.,1.380952380952381,mscoco
51484,A few people are walking on the beach carrying surfboards.,2.0,mscoco
23140,A batter holding a bat with a catcher and umpire behind.,1.7083333333333337,mscoco
115356,A giraffe turns its neck to preen its body.,0.0,mscoco
423613,A man wearing a suit and tie with his hands on his head.,1.625,mscoco
21212,A crowd of people walking on a brick street.,2.0,mscoco
462135,A bathroom with wooden cabinets and tile flooring,2.0,mscoco
48037,An open refrigerator with several bottles of water,2.0,mscoco
434305,A pizza is served on a plate with water.,1.8,mscoco
181949,A boy and a girl sitting on a couch while the boy is holding a cat. ,1.8333333333333333,mscoco
238605,A large clock in the front of a building.,1.9782608695652173,mscoco
87504,A box full of several powdered white doughnuts.,1.8333333333333333,mscoco
480624,A group of kids sitting at a table with some food.,2.0,mscoco
416322,A white Apple mouse next to a white keyboard.,2.0,mscoco
91868,A man in a white outfit preparing to hit a tennis ball.,1.7,mscoco
22377,A stack of shutters and skis are in storage.,1.775,mscoco
470553,A cake mostly eaten made with blue icing,1.7142857142857144,mscoco
576583,A fire hydrant and tv are shown next to a wall.,1.5,mscoco
373645,Two women and a baby are sitting on a wooden bench.,-1.0,mscoco
346724,A woman in black taking a picture of herself in a mirror.,2.0,mscoco
305564,Two large brown dogs sleeping on a bed.  ,2.0,mscoco
180129,A small kitten figurine on top of a cellphone screen.,1.5,mscoco
554727,A man in white shirt jumping on a  skateboard with fence in background.,1.875,mscoco
471118,A stoplight controlling traffic in an urban intersection,1.8333333333333333,mscoco
22799,A male tennis player playing on a grass court.,2.0,mscoco
571610,A number of people fly kites on the beach.,2.0,mscoco
514984,A man sitting by the window with a pizza,2.0,mscoco
475438,A group of skiers pose on top  of the mountain for a picture.,2.0,mscoco
325966,A man and a woman sitting on a bench with laptops.,1.8,mscoco
430640,A Dell laptop sitting on a desk with other gadgets,1.75,mscoco
411862,"Home plate in a professional baseball game, just after batter has hit the ball.",0.625,mscoco
455414,A young skier is skiing downhill in a competition.,1.8333333333333333,mscoco
338167,A woman brushing her teeth with a green toothbrush.,2.0,mscoco
170752,Two cows standing in a grassy field next to a fence.,2.0,mscoco
65156,A group of zebras standing next to a body of water. ,2.0,mscoco
323123,A watercolor painting of a clear vase holding flowers. ,2.0,mscoco
484985,The interior of a small home with wooden floors.,1.875,mscoco
457800,An older man helps a young girl fly a kite.,1.8015873015873012,mscoco
363908,Hitter in a baseball game trying to execute a bunt,2.0,mscoco
290521,The herd of sheep stand close to a wooden fence.,2.0,mscoco
548224,A young person rides a snow board down the ski slopes. ,2.0,mscoco
482534,A red train next to the loading area of a station.,2.0,mscoco
533897,A white plate topped with broccoli and chicken.,2.0,mscoco
503518,Three people in uniform looking at a cell phone.,2.0,mscoco
353299,Tourists taking photos of a half-horse half-zebra playing,1.5,mscoco
388696,A skier in mid-jump on a down hill course. ,2.0,mscoco
286816,Remote controls that work for the home theater system.,1.8333333333333333,mscoco
447991,This is a busy city street with many bright signs at dusk.,2.0,mscoco
420721,A cat laying next to a white toilet in a bathroom.,1.7142857142857144,mscoco
343257,A woman in a sun hat poses on a white wood bench.,2.0,mscoco
50912,Black and white cat on cream sofa in pink room.,2.0,mscoco
139139,A person skis across flat snowy ground on a bright day.,1.8,mscoco
495570,A view of a couple on a motorcycle from the seat of a car.,1.6666666666666667,mscoco
220076,A woman drinking from a glass while wearing glasses.,2.0,mscoco
403144,A orange striped cat sleeping in a child's bed.,1.8333333333333333,mscoco
463319,A batter up to bat during a baseball game.,2.0,mscoco
532912,Many sheep roam around an open grassy field.,2.0,mscoco
395606,Very cute little boy with baseball bat and Yankees hat,2.0,mscoco
481710,A microwave oven sitting on a table with pots on top.,1.0,mscoco
182658,A small half bathroom with sink and toilet.,1.6,mscoco
250711,A stop sign that is located on the street.,1.8333333333333333,mscoco
564627,A double image of a male tennis player attempting to hit a tennis ball.,0.375,mscoco
282419,A polar bear is climbing down an enclosure.,1.625,mscoco
24040,The three men are skiing and racing one another.,1.7083333333333337,mscoco
143436,A passenger bus that is driving down the street.,2.0,mscoco
522302,A train traveling over a bridge next to a brick wall.,1.5,mscoco
176342,Man and woman cutting a purple wedding cake.,2.0,mscoco
390048,A black and white image of a man biting a donut. ,1.75,mscoco
186962,A woman with glasses leaning on her desk,1.75,mscoco
226190,A man in a wet suit carrying a surfboard away from the ocean.,1.6666666666666667,mscoco
365068,A woman and two men sitting on a bench in front of a store.,1.6666666666666667,mscoco
368311,a park bench on a hill overlooking other hills,1.9375,mscoco
356286,Several bikes on display on a circular platform inside a store. ,2.0,mscoco
277918,Two horses standing in mud in a pasture ,2.0,mscoco
465050,A brown and orange tray with five compartments of food.,1.5,mscoco
347811,A baby elephant is walking in the grass near larger elephants.,1.5,mscoco
297954,a clock on top of a small tower near many buildings ,1.6666666666666663,mscoco
458861,two people riding skate board down a steep road,1.2916666666666663,mscoco
343341,A black and white photo shows three people near a lamp.,2.0,mscoco
38,Four cars on the street.,2.0,drawbench
535342,A skate boarder reaches the edge of a ramp during a skill.,1.875,mscoco
571780,A group of people in a grassy park flying kites.,2.0,mscoco
123970,A cat laying on top of a blue umbrella.,1.3333333333333337,mscoco
240128,Man in wetsuit sitting on a beach next to surfboards.,2.0,mscoco
79654,show horses and organization performing during a parade,2.0,mscoco
525903,The blue bowl has skinny green vegetables in it.,1.6726190476190477,mscoco
160852,Three brown cows standing in the snow. ,1.7,mscoco
46356,Laundry hangs on a line in a rustic jungle dwelling.,1.9166666666666663,mscoco
281656,Traffic light in front of building with small balconies on corner windows,-1.0,mscoco
56616,A series of photographs of a person skiing.,2.0,mscoco
559194,A baseball player winds up to pitch a ball.,1.75,mscoco
347649,A train with three lights on near a platform. ,2.0,mscoco
451407,A white plate with a piece of pizza on it and fork and knife.,1.125,mscoco
446901,A man with a surf board is standing on the beach with other people. ,1.75,mscoco
399276,A parking meter is expired while cars are still parked. ,1.675,mscoco
495905,A batter taking a swing at a ball at home plate.,1.875,mscoco
577160,A table with a bottle of wine and a plate of food including a sweet potato and pineapple salad.,2.0,mscoco
151615,Dairy cows lined up beside a barbed wire fence.,2.0,mscoco
95297,A man in glasses eating a large pizza off of the plate. ,0.5,mscoco
469661,A cat sitting in front of a tv watching soccer.,1.9166666666666663,mscoco
291330,A lone giraffe stands in front of a small tree in a barren area.,2.0,mscoco
310978,a red fire hydrant some yellow flowers and a brown wall,2.0,mscoco
388714,A couple of people riding skis down a snow covered slope.,2.0,mscoco
65087,A girl who is jumping to catch a Frisbee.,0.5,mscoco
341232,a living room with couches chairs and pictures on the wall,2.0,mscoco
175671,A boy in blue shorts stands in a dirt area holding a baseball and a bat.,1.2,mscoco
40500,A green and yellow fire hydrant with water spraying out of the side.,2.0,mscoco
83547,A large elephant is standing in a fenced in enclosure.,2.0,mscoco
449976,a black bench and a green and blue bottle,1.75,mscoco
262940,Several airplanes parked on the tarmac at an airport.,1.8333333333333333,mscoco
108680,a blue train sits parked on some train tracks ,2.0,mscoco
120674,Two young men jump in the air trying to catch a Frisbee. ,2.0,mscoco
400948,Two adults and one baby elephant walking in the woods,1.8333333333333333,mscoco
72902,A man standing by a dog catching a frisbee on a field.,2.0,mscoco
218179,Residential bathroom with decorated shower curtain and tile walls.,1.75,mscoco
263014,Two zebras that are standing in the road.,2.0,mscoco
66466,Skiers with red coats in large snow covered field.,2.0,mscoco
334012,"A bathroom has a large mirror, toilet, and sink.",2.0,mscoco
131617,Simulated photo of girl brushing teeth with adults nearby in room.,1.75,mscoco
276686,Pitcher winding his arm back on the mound in the motion of throwing the ball. ,1.75,mscoco
358174,a vice with a pair of vice grips and drill in between,1.1666666666666663,mscoco
334080,Two giraffes standing in the grass near trees.,1.75,mscoco
253805,Several small boats parked along a pier with people.,2.0,mscoco
337826,"Sheared sheep on roadway taken from vehicle, with green hillside in background.",1.5,mscoco
450426,A large church tower next to two tall buildings.,1.9166666666666663,mscoco
482994,A large white cat sitting on top of a piece of luggage.,2.0,mscoco
340959,Closeup of a pizza with tomatoes on a plate.,2.0,mscoco
46761,A small elephant standing next to a white bird.,2.0,mscoco
470647,A woman is sitting outdoors at a table with a sandwich. ,0.5,mscoco
396754,A group of people on horses walk along the beach.,2.0,mscoco
34120,A group of men playing a game with Nintendo Wii controllers.,2.0,mscoco
268340,A stop sign with the mountains in the background.,1.875,mscoco
224905,Commuter rail cars at indoor train depot area.,2.0,mscoco
326583,Red commuter bus at curb with pedestrian walking on large path with trees.,2.0,mscoco
172004,Group of giraffes in an outdoor exhibit with onlookers.,1.625,mscoco
109586,A zebra standing in a open field with bushes.,2.0,mscoco
412325,A man is skating on a skate board.,1.9,mscoco
106497,A man uses a pizza wheel to prepare his dinner.,1.5,mscoco
28149,A bathroom with a TV near the mirror,1.6666666666666663,mscoco
118936,A woman biting into a sandwich at a table.,1.8760557432432432,mscoco
553780,A person cutting into a doughnut in a box.,1.3333333333333333,mscoco
58553,A large bathroom with a white marble counter top and red rugs.,2.0,mscoco
573627,a man on a skate board riding down a ramp,1.8333333333333333,mscoco
548893,Train with lush green forests in the background and water in the foreground.,1.75,mscoco
341775,An elephant walking near a fence in an enclosure.,1.875,mscoco
452816,A group of cross country skiers skiing on a trail,2.0,mscoco
95022,A bird with red eyes and claws is perched on a branch. ,1.9,mscoco
161,"A keyboard made of water, the water is made of light, the light is turned off.",0.25,drawbench
159377,Two people are preparing a meal in the kitchen.,1.7,mscoco
457824,"A sign posted on a wooden stake saying ""Stop the Drop 1080.""",0.5,mscoco
130438,A vegetable sandwich sits on a paper plate.,1.9166666666666663,mscoco
402658,Two pastries and a coffee sit on a table.,1.5,mscoco
307246,a large herd of elephants standing in the water,2.0,mscoco
329932,A skateboarder is balanced on the lip of a half pipe.,1.6607142857142856,mscoco
510207,a street sign near a traffic light ,1.75,mscoco
242278,A body of water with a bench on a hill underneath a tree behind it.,1.9166666666666663,mscoco
199432,A silver American Airlines airplane at an airport. ,2.0,mscoco
47992,A young boy riding a pedal boat at an amusement park.,2.0,mscoco
60297,Two matching skis abut in the snow with mountain and cloudy sky.,1.8333333333333333,mscoco
143745,"Muzzled, leashed dog sitting next to a ""Beware of Dog"" sign in a shop ",1.3333333333333337,mscoco
176668,A blue umbrella sits open on the ground near steps.,2.0,mscoco
232760,A man with a surfboard is walking along the beach.,2.0,mscoco
529532,A couple of giraffes sitting and standing in an enclosure at a zoo.,1.5,mscoco
310875,A male tennis player swings at a served ball.,0.5,mscoco
246307,View of a small apartment kitchen and a balcony.,2.0,mscoco
499537,A street sign is standing on the corner of the street.,1.8,mscoco
289610,A display case of teddy bears wearing various clothing.,2.0,mscoco
430251,Many sheep are roaming in a grassy field.,2.0,mscoco
243831,Skiers coming down and walking up a slope.,1.6666666666666667,mscoco
131208,a girl lays on a bed with her dog,1.8333333333333333,mscoco
172377,A woman is sitting underneath an colorful umbrella on the beach.,1.8333333333333333,mscoco
145912,A dog running beside three sheep in a large field.,1.3333333333333337,mscoco
531697,A computer desk houses both a laptop and a PC computer and monitor.,1.4666666666666668,mscoco
120411,A baseball player with a bat at home plate.,1.875,mscoco
66255,A light airplane flying in a cloudy sky,2.0,mscoco
170194,Old train car and railway with buildings in the background,1.9,mscoco
430092,A smiling woman is standing in a vegetable garden next to a house.,2.0,mscoco
218774,A white cow standing on a sandy beach with boats in the background.,2.0,mscoco
235091,"A colorful, cartoonish hot air balloon at an outdoor event",1.875,mscoco
95873,Two women dressed in blue outfits with cell phones.,0.5,mscoco
512940,A tennis player is on the court with his white uniform and tennis racket as a crowd looks on.,0.5,mscoco
30608,A black and white dog jumping into the air to catch a red frisbee.,1.875,mscoco
530906,"A bowl of chicken, lo mein noodles and vegetables.",2.0,mscoco
278237,A street scene with several cars and a bus.,2.0,mscoco
362498,Two stuffed polar bears in a snowy exhibit,2.0,mscoco
323968,A small bunch of bananas holding a photograph.,1.8333333333333333,mscoco
157921,three baby elephants being playful in the wild ,1.875,mscoco
74055,A World War Plane sitting in an indoor museum.,1.8333333333333333,mscoco
286583,Several people crossing at a crosswalk holding umbrellas.,2.0,mscoco
397,A prepared pizza being served at a table.,2.0,mscoco
42,Three dogs on the street.,2.0,drawbench
477927,A white bird with black eyes and beak flying over grass.,2.0,mscoco
142981,Two boys in uniforms running towards a soccer ball. ,2.0,mscoco
420253,Several different fruits and vegetables arranged on a counter.,1.8333333333333333,mscoco
329014,A small wooden cutting board and knife with a cut apple.,1.7857142857142856,mscoco
493484,Baseball player at home plate swinging at a pitch coming over the plate,2.0,mscoco
61150,The men are playing a ball game in the field.,1.875,mscoco
131587,Close up of very young baby giraffe nursing.,1.6333333333333333,mscoco
146837,A man flying through the air over a skateboard.,2.0,mscoco
232339,An orange motorcycle that is parked in the street.,2.0,mscoco
416300,a zebra is drinking under a shade tree,1.3333333333333333,mscoco
167456,a group of small boats parked next to some rocks in the water,2.0,mscoco
36,Two cars on the street.,1.6666666666666667,drawbench
99910,A man jumping in the air to catch a frisbee,1.8333333333333333,mscoco
40620,A bus driving down the road near a church and traffic light.,1.7000000000000002,mscoco
200794,A pair of scissors with a white handle and five blades.,-0.5359477124183006,mscoco
376848,A man and woman at table making game pieces out of a box.,2.0,mscoco
465693,A woman and a child looking at  giraffes as one looks at the camera.,1.8333333333333333,mscoco
507749,Person and their child cook over the stove while child stands in high stand.,1.483736664064533,mscoco
23107,A double decker bus with the top half green and the bottom orange.,1.5,mscoco
284589,A bed with white sheets and pillows with a laptop on it.,2.0,mscoco
345725,a close up of an elephant with trees in the background,2.0,mscoco
31537,A woman standing in a kitchen preparing food.,1.875,mscoco
22051,Children playing tennis on a clay-court outdoors. ,1.9,mscoco
434805,A man in a suit and tie with sunglasses riding on a skateboard in an empty parking lot.,2.0,mscoco
238361,Smiling man wearing a t-shirt with a vibrant tie-dyed neck tie,1.8333333333333333,mscoco
421229,an image of a light show in a bedroom,1.5,mscoco
541767,An umbrella provides some shade for two people working at an archeological site. ,1.8333333333333333,mscoco
558467,a fat cat laying on a towel next to a chair,2.0,mscoco
544819,A baseball player swinging at a ball during a game,2.0,mscoco
437209,A stack of suitcases on brown table next to a wall.,1.875,mscoco
153259,A teddy bear in yellow holding a chocolate muffin.,1.75,mscoco
513466,A galley kitchen in a house or apartment ,2.0,mscoco
219859,Men on bikes cross the path of a bus moving through a festival.,1.6666666666666663,mscoco
412916,A group of baseball players on the field during a game,1.75,mscoco
574592,A white and black ceramic vase with yellow flowers.,2.0,mscoco
571407,A young man sitting in a chair holding a Nintendo Wii controller.,2.0,mscoco
517451,A very small bathroom with red tile flooring.,1.75,mscoco
403937,Two men are riding bikes in front of the school,1.6666666666666663,mscoco
535685,A skier is walking up a snowy mountain.,1.875,mscoco
214007,This is a red kitchen with an oven and cooking supplies.,1.8333333333333333,mscoco
548965,Several boats are docked next to a bock in a harbor. ,2.0,mscoco
402971,A pitcher in the middle of delivering a pitch.,2.0,mscoco
458827,Two men riding on skateboard down a sidewalk.,0.5,mscoco
378655,Slider burgers with hot dog and fries on plate on table,1.9,mscoco
460403,Several elephants near a waterfall in a zoo setting.,2.0,mscoco
369504,A yard filled with bicycles next to a parking lot.,2.0,mscoco
285220,A baseball player with his bat up in swinging position. ,2.0,mscoco
277061,A baseball player swings at a pitch during a game.,1.9,mscoco
455658,a horse race with jockeys running along a beach,2.0,mscoco
411015,A boat sits at the end of a pier on a sunny day with blue skies.,2.0,mscoco
512537,A man wearing skis on a snowy mountain. ,1.9444444444444444,mscoco
430359,A baseball player is holding his bat over his head.,2.0,mscoco
540460,a refrigerator a white cabinet a microwave and some blue walls,1.8333333333333333,mscoco
116497,a large display of bananas and other fruit,2.0,mscoco
545066,A man in blue and black jacket sitting on toilet holding a beer outdoors.,1.875,mscoco
5917,The action at home plate in a professional baseball game.,1.8452380952380956,mscoco
553232,A woman riding in a horse drawn sled pulled by a pony,2.0,mscoco
547592,a hotel room with a nice tv and sofa setup,2.0,mscoco
373577,A man with a beard holding a bin of fruit and vegetables.,2.0,mscoco
66543,A sign in front of a brick wall that says accident prone zone,1.6,mscoco
318437,A white and green train on tracks with people inside,1.3333333333333333,mscoco
349918,An corner office has computers and a laptop set up.,1.8333333333333333,mscoco
561164,A street corner with a sign and windows on the building.,1.6,mscoco
45710,An adult and a baby elephant eating in the wild.,2.0,mscoco
297104,Mother and daughter enjoying a sidewalk cafe meal,1.75,mscoco
29346,A green cake that is shaped to be a train,2.0,mscoco
1611,Ukraine International plane sitting on a runway at an airport. ,2.0,mscoco
83093,Two young boys sitting on the couch playing Wii games,2.0,mscoco
295308,A skateboarder skates next to a ledge in a skate park.,2.0,mscoco
86064,two men eating sandwich on with a scarf on,0.5,mscoco
26828,Toothbrushes and paste displayed in holder in bathroom.,2.0,mscoco
276842,A man in a pin-striped baseball uniform swinging a bat.,2.0,mscoco
233137,A old black and white photo of a small air plane,2.0,mscoco
17859,A fire hydrant in front of a blossoming tree on the side of the road,2.0,mscoco
538982,a dog in a field with many sheep ,2.0,mscoco
216726,a number of colorful decorative cakes on display,2.0,mscoco
489524,Several boats that are sitting on land outside of a hut.,1.75,mscoco
299216,A giraffe in captivity eating a bale of hay positioned high on a post.,0.4,mscoco
245049,A stop sign is next to an electronic traffic signal.,0.5,mscoco
161885,"Pink, white, and yellow flowers are shown in a vase.",2.0,mscoco
210791,Batter up as the boy behind the fence watches intently.,-1.0,mscoco
293545,a close up of a sink with many items on a counter,1.5,mscoco
205757,A close up of a sandwich and fries on a table.,1.75,mscoco
2684,A pack of zebras standing around a dry pasture.,2.0,mscoco
556999,A bathroom area with a sink and toilet.,1.9,mscoco
15289,Double-decker bus moving down empty street with palm trees,1.8,mscoco
388619,A group of bikes are on the beach with a boat nearby on the water.,1.75,mscoco
262549,A cat laying on top of a pair of shoes.,2.0,mscoco
214137,A black and white zebra stands out in the green background.,2.0,mscoco
469973,Young skateboarder performing trick in skate park with ramps.,2.0,mscoco
205854,A tan dog laying its head on a teddy bear,1.7,mscoco
567780,Shirtless male surfer riding a board at the peak of a wave.,1.9,mscoco
51178,A vegetable pizza sitting in an open pizza box.,1.875,mscoco
62459,A red and white fire hydrant sitting on the side of a road.,2.0,mscoco
124477,Two women in white clothes play a game of tennis.,1.25,mscoco
19637,The kitchen is clean and ready to use by the tenants. ,2.0,mscoco
135161,A photograph of a bathroom undergoing some renovations.,1.75,mscoco
58572,a bunch of food and blue plates on a table,2.0,mscoco
47774,Man with a bag sitting on a bench reading a magazine. ,1.6666666666666667,mscoco
444156,A plate of sup and crab cakes are sitting on a plate.,1.75,mscoco
44404,"A kitchen has wood cabinets, a dishwasher, sink, and refrigerator. ",1.8333333333333333,mscoco
451768,View of the underside of a large airplane with its landing gear out.,1.8333333333333333,mscoco
227270,A young elephant is walking in the dirt next to a stump.,1.6666666666666663,mscoco
111223,A large jetliner sitting on top of an airport runway.,2.0,mscoco
400851,Many people are on a beach with the view of the water and a mountain range.,1.9785714285714289,mscoco
363885,Cars going past an intersection with lights at night.,2.0,mscoco
89356,A white horse on grassy area with trees in the background.,2.0,mscoco
134320,A large brown brick clock tower with a clock on every side.,1.2,mscoco
219217,A bed topped with blankets and sheets next to a door..,2.0,mscoco
143331,living room with architectural prints on the wall ,2.0,mscoco
472666,A car travelling down a road where a herd of cattle are resting on the side of the road.,1.4166666666666663,mscoco
302662,Two blue double decker buses are on the road.  ,1.5,mscoco
385118,A skateboarder practicing his moves on a ramp.,2.0,mscoco
132453,A plate of pizza topped with shell macaroni and cheese.,2.0,mscoco
526414,A living room with a sewing machine during a sunny day.,2.0,mscoco
227316,A clock on a tower on top of a brick building.,1.5833333333333337,mscoco
281733,A boy eating a chocolate donut with sprinkles.,2.0,mscoco
275202,a small pizza that is on a brown table,1.875,mscoco
508878,A little boy that is standing in front of a refrigerator.,1.8333333333333333,mscoco
529120,"A train with red, white and blue colored cars at a station.",1.75,mscoco
329931,Adult woman looking into open refrigerator in kitchen.,1.875,mscoco
246792,A plate contains a roasted bird with a side of carrots. ,1.9166666666666663,mscoco
271298,A baseball game is played in front of a full crowd.,2.0,mscoco
347948,A red double decker bus is on the street.,2.0,mscoco
447099,A airplane is flying as an orange sunset disperses into the sky.,2.0,mscoco
118911,A zebra grazing on grass at an open zoo.,1.5,mscoco
507334,entryway if a home with tile floor and wood doors,2.0,mscoco
26803,A cat sitting on a window sill looking out a window.,2.0,mscoco
13249,A LOT OF PEOPLE WALKING THROUGH A BUSY SQUARE ,2.0,mscoco
141232,A black and white picture of bare cobblestone street.,2.0,mscoco
86032,A man on a motorcycle with a dog sitting in front of him ,1.9285714285714288,mscoco
337425,Many bird sit on a wooden stand. ,1.8333333333333333,mscoco
12429,Cluttered but clean shared bathroom vanity counter top.,1.9285714285714288,mscoco
305060,A person slices a small pizza with a knife.,2.0,mscoco
311469,A traffic sign is shown next to a lake.,1.8333333333333333,mscoco
543000,A train is parked on a track in the city. ,1.8333333333333333,mscoco
346497,A bed with three pillows and the covers pulled back.,1.6666666666666667,mscoco
373099,A open door displaying a bathroom with a toilet.,1.75,mscoco
522452,The airplane is from the country of Singapore.,2.0,mscoco
540716,A man talking on a cell phone in front a no cell phone sign.,1.6666666666666667,mscoco
318740,A bird eating a piece of bread on a branch.,1.8333333333333333,mscoco
310193,A large pizza on a white plate sitting on a table.,1.9513888888888888,mscoco
205594,A soccer player getting ready to kick the ball.,2.0,mscoco
364656,A PAIR OF ORANGE SCISSORS ARE ON THE CLOTH,2.0,mscoco
453164,Two stuffed bears are sitting and holding each other.,2.0,mscoco
86989,Several people are shown in the water with their surf boards.,2.0,mscoco
420649,"A young girl sitting in her bed with a laptop on her lap, talking on a phone.",2.0,mscoco
541338,Bowls of food and a beer are on a bright tablecloth.,2.0,mscoco
207378,A person riding a bike next to a yellow school bus.,1.75,mscoco
415539,A train on one of multiple parallel tracks passes under a bridge.,1.6666666666666667,mscoco
56201,"A bowl containing broccoli, noodles, and dumplings in broth.",2.0,mscoco
408806,A Person with their head in their hands sits on a bench.,0.5,mscoco
367242,A small kitchen with a stove and large window,2.0,mscoco
147970,A young person throws a Frisbee in a park.,2.0,mscoco
217393,A young man is feeding a cow by the edge of the road.,0.5,mscoco
26762,two elephants on a field of green of green grass,1.75,mscoco
491579,A toaster sits on the sidewalk in dim lighting.,1.7083333333333337,mscoco
197775,Assortment of beach clothing and surfboard in back of vehicle.,1.625,mscoco
197836,A homemade pizza is generously topped with chicken and cheese.,2.0,mscoco
208240,A skateboarder is airborne above an indoor ramp.,1.875,mscoco
15818,A surfer walks along the shore with board in tow.,2.0,mscoco
14,A brown colored giraffe.,2.0,drawbench
112574,A baseball player is up to bat dodging a ball.,0.4,mscoco
298182,An orange bicycle stands out in a black and white photograph.,1.6666666666666663,mscoco
135626,A woman in a trench coat walks alongside a yellow bicycle.,1.9166666666666663,mscoco
574194,a small white toilet in the bathroom with wood flooring,2.0,mscoco
143559,Three people are playing frisbee on a grassy field.,2.0,mscoco
352019,A double decker bus stopped at a bus stop.,1.6666666666666663,mscoco
373278,Yellow commuter train at station with passengers on platform.,2.0,mscoco
379279,Two brown cows in the field eating grass.,1.75,mscoco
228647,Equestrian rider on gray horse jumping fence during competition.,1.8,mscoco
221243,A white tow truck parked in front of a metro shop.,1.5,mscoco
248918,A made bed in a dark room with white curtains.,2.0,mscoco
170232,A bus driving up a road on a rainy day.,2.0,mscoco
33572,A woman sits on a bicycle while talking to several men. ,-1.0,mscoco
353588,two spotted giraffes eating from a tall tree,-1.0,mscoco
5324,A family on the river in a sailboat,2.0,mscoco
97229,A train sitting on the tracks near a platform.,2.0,mscoco
39513,A person wearing a white shirt and colorful tie.,1.5,mscoco
131927,A group of people standing in a living room holding Wii game controllers.,0.5,mscoco
84585,A man in a brown suit and hat stands next to a bike.,2.0,mscoco
540642,Well designed kitchen area with cabinets and tiled floor.,2.0,mscoco
121989,A group of people sitting at a table eating food.,2.0,mscoco
76893,A man riding up the side of a ramp in a skate park.,0.5,mscoco
33642,A red double decker bus travels through the city.,2.0,mscoco
265619,a plane flying away from a runway on a sunny day,1.525,mscoco
346972,A woman standing in a kitchen next to a sink.,2.0,mscoco
239452,dumping water into a toilet which resides in a garden.,1.6666666666666663,mscoco
410920,Zebra and group of gazelle grazing on plain.,0.5,mscoco
173574,A huge heard of sheep are all scattered together. ,2.0,mscoco
483453,A bowl of soup on a table in a cafeteria.,1.875,mscoco
510611,Several giraffes are standing near a tree in their enclosure.,1.875,mscoco
501497,A young boy riding on top of a skateboard near a street.,2.0,mscoco
550739,A fire hydrant leaving a shadow on a public sidewalk.,1.8333333333333333,mscoco
561082,Plate on table containing toast with fried egg and some meat with lettuce. ,2.0,mscoco
322615,A white robe hangs on a wall next to an empty bathtub.,2.0,mscoco
332355,A tall clock with a man on a cherry picker working on it.,1.8333333333333333,mscoco
102439,A wii remote is aimed at a television screen.,1.761904761904762,mscoco
110325,A bathroom being remodeled filled with construction supplies.,2.0,mscoco
271892,Several cows are in barn while a child is among them.,2.0,mscoco
79641,A young boy surfing on a blue surfboard,1.875,mscoco
31788,A group of men standing around a motorcycle.,2.0,mscoco
247874,A banana that is sitting in a coffee cup.,1.3333333333333337,mscoco
298644,a large tower with a clock built into the side of it,2.0,mscoco
490629,Pedestrians and people on motor bikes travel down a busy street.,2.0,mscoco
253227,a large white clock is on a tower,1.5833333333333337,mscoco
234031,A man in glasses talking on a cellphone.,2.0,mscoco
96244,Several elephants are in a grassy place that is surrounded by thin trees.,1.6666666666666667,mscoco
681,Passenger bus parked on street with sunset in background,2.0,mscoco
240301,Longhorn cows stand or recline in a barn.,2.0,mscoco
174802,The bathroom is decorated with an unusual wall paper.,2.0,mscoco
533742,A person surfs a wave on top of a surfboard. ,2.0,mscoco
575933,A man holding a black umbrella while standing on a bridge.,2.0,mscoco
317019,A herd of zebra standing next to a lush green tree.,2.0,mscoco
370138,A small kitchen has appliances and houseplants on the window sill.,2.0,mscoco
163175,A train crossing a street next to a railroad crossing signal.,1.9,mscoco
55318,a person riding a skate board at a skate park,2.0,mscoco
510756,An orange bench in an urban park area,2.0,mscoco
195351,A chef prepares a meal while diners eat nearby.,1.25,mscoco
172673,Several items from an unboxed cell phone are on a table.,2.0,mscoco
284989,a man in a hat rides a skateboard in a skateboard park,2.0,mscoco
578884,A man standing on the side of a road next to a bus and fire engine.,1.9,mscoco
392010,A man and a young child fly a kite in a park.,2.0,mscoco
178166,A small child in a gray hoodie eating a doughnut.,2.0,mscoco
301875,"A stop sign with a sticker reading ""eating animals.""",1.575,mscoco
508071,A cow laying in the middle of a street.,2.0,mscoco
123511,A close up of an orange in a red serving bowl.,2.0,mscoco
108898,The blooming yellow flowers are in the copper vase.,1.9,mscoco
197540,Woman carrying bags eating a hotdog on a crowded street.,1.9166666666666663,mscoco
360851,Young boy doing a jump while riding a skateboard.,0.5,mscoco
538838,"A fire hydrant with an ""OUT OF SERVICE"" sign sits in front of a house.",1.619047619047619,mscoco
184578,Several elephants are gathered at the edge of a water hole. ,2.0,mscoco
382582,a cat lounges on the seat of a red chair,2.0,mscoco
388311,A red and white bus is next to a truck.,1.5416666666666663,mscoco
141955,The kittens lays on the pink and white mat in bathroom.,2.0,mscoco
61717,A bed in a hotel room is made up with white and maroon linens. ,1.625,mscoco
87901,An elephant by a small pool in a zoo.,1.9,mscoco
221985,A highway sign and a stop sign are on the street beside houses.,1.5,mscoco
435909,A plate with a sandwich cut in half and onion rings.,1.5,mscoco
157160,A hitter is at bat in a baseball game.,2.0,mscoco
356877,A female tennis player on a court with a tennis racket.,2.0,mscoco
2842,Two tennis players are on a team in a match.,2.0,mscoco
407974,A group of people playing soccer on a beach.,2.0,mscoco
227612,Group of people riding bicycles and skateboards in a plaza.,2.0,mscoco
240589,A yellow fire hydrant is the focal point of this picture.,2.0,mscoco
547795,a man uses a laptop with a group of people,2.0,mscoco
125616,A yellow and red train traveling down train tracks.,2.0,mscoco
463611,A white cat sitting in a kitchen sink,2.0,mscoco
514871,A baby elephant is surrounded by older herd members.,1.8333333333333333,mscoco
393915,A man rides his skateboard at a skate park.,2.0,mscoco
469347,Young male rides a surfboard at an indoor wave pool.,2.0,mscoco
257204,a number of cows on a field with a mountain in the background,2.0,mscoco
431323,Several peeled vegetables are sitting in a baking dish.,1.9444444444444444,mscoco
543409,A whole cheese pizza sitting on a wood pan on a table. ,1.9444444444444444,mscoco
265566,Many clothes are being unpacked from bags on the bed.,1.8333333333333333,mscoco
50846,a close up of a hotdog in a paper box,2.0,mscoco
47588,a black and yellow trains engine pulling its cars,1.6666666666666667,mscoco
106165,A wooden park bench in heavily wooded area.,1.8333333333333333,mscoco
405579,A plate of food with chicken and vegetables . ,2.0,mscoco
503806,Close up of tennis ball with a mountain view.,1.8452380952380956,mscoco
99218,A young boy holding a kite while running across a field.,2.0,mscoco
351567,a black and white photo of some horses in a field,2.0,mscoco
156349,A child in a pink suit  and an adult in a blue jacket downhill skiing.,1.8333333333333333,mscoco
231503,A giraffe stretches its neck to reach leaves high on a tree.,0.5,mscoco
99252,A woman prepares to cut a cake with red icing.,1.8333333333333333,mscoco
206806,An older man sits on a bench while gazing at the water.,2.0,mscoco
421569,light brown cocker spaniel dog howling in street,1.9166666666666663,mscoco
55821,A giraffe that is leaning its head over a fence.,2.0,mscoco
52790,A side view of a train passing through a mountain trail.,2.0,mscoco
45628,a gray clay dog with a green collar ,1.8333333333333333,mscoco
92014,A row of five urinals in a bathroom,1.5833333333333337,mscoco
246014,A woman in white dress playing a game of tennis.,0.5,mscoco
168806,Two woman in a kitchen with a dog on the floor.,1.75,mscoco
97503,An airplane's luggage door is opened for unloading.,1.5,mscoco
422176,A white vase of flowers sits on a wood shelf.,2.0,mscoco
458282,View of a hotel room with a bathroom and bedroom. ,1.25,mscoco
28293,A green truck traveling down a road with a wooden flatbed.,2.0,mscoco
200736,A cardboard box containing an electric blender and accessories.,2.0,mscoco
350111,A beach area with people on the sand and various kites flying overhead in the sky.,2.0,mscoco
61260,a boy wearing a red baseball hat is swinging a bat,2.0,mscoco
236282,Two giraffes are in the enclosure surrounded by a group of people.,1.5,mscoco
386500,A dog lying on a couch under a white blanket,2.0,mscoco
135,Jentacular.,0.0,drawbench
206613,A baseball player swings his bat after a hit.,2.0,mscoco
451274,Person in kitchen basting item being cooked in oven.,1.5833333333333337,mscoco
424271,A group of young children riding skateboards in a building.,2.0,mscoco
527863,"A dinner plate features a fried egg, potatoes and broccoli with sauce.",2.0,mscoco
297414,"Lovely , clean dark set kitchen displayn newly remodeled.",2.0,mscoco
581458,A train passing on bridge over a busy city street.,1.7083333333333337,mscoco
298836,"Closeup of two street signs that read ""Airport Pkwy"" and ""Karmill Ave.""",1.1666666666666663,mscoco
202850,Two sheep graze in a meadow above a village.,2.0,mscoco
529586,A black and red double decker bus on street next to a building.,2.0,mscoco
175347,Two airplanes flying in sky with tree and traffic light in foreground.,1.5,mscoco
117792,A red fire hydrant in front of a window with large windows.,2.0,mscoco
17425,A man and a woman playing a game on the Nintendo Wii.,1.5,mscoco
176736,Several people lying on surfboards listening to an instructor on the beach.,2.0,mscoco
440062,A woman is skiing down a hill with flags.,1.6666666666666667,mscoco
264032,A kitchen counter is cluttered with items around the partially full kitchen sink.,2.0,mscoco
487442,A multi-colored stuffed animal on a chair with two mini heads,1.4,mscoco
2753,A brown and white dog is holding a yellow Frisbee.,1.5,mscoco
498072,a couple of elephants are standing near some people,1.3777777777777778,mscoco
470551,The batter stands at the plate ready to swing while the catcher and umpire look on.,1.6666666666666663,mscoco
31729,Two people pose for a photo while holding pizza,1.8,mscoco
552138,A large clock mounted to the side of a clock tower.,1.8333333333333333,mscoco
39403,A train station with a high speed train on the tracks.,2.0,mscoco
107191,The man wearing a cap jumps high on a skateboard.,2.0,mscoco
574654,A couple hold their cellphones while taking selfies.,1.9166666666666663,mscoco
132500,Two men in suits are talking in front of a TV.,-0.5,mscoco
243627,A children's toy train rides along a set of tracks.,2.0,mscoco
224391,Lone elephant walking on dirt path near bushy area.,0.5,mscoco
74217,A group of police motorcycles lined up in a row.  ,2.0,mscoco
226973,A large brown cow walking across a sandy beach.,2.0,mscoco
213158,A large elephant with long tusks in dense vegetation.,2.0,mscoco
399236,A colorful passenger bus stopped with the door open.,1.4333333333333331,mscoco
476960,a house cat playing with a ripe banana,1.8333333333333333,mscoco
111553,two zebras some dirt bushes plants rocks and trees,1.8558006535947715,mscoco
122776,A yellow and gray train parked at a train station.,2.0,mscoco
389682,This is an image of a United airplane at the airport.,2.0,mscoco
179876,Two zebras standing next to each other in dried grass,0.5,mscoco
7320,A Wii controller facing a TV with a video game on the channel.,1.5,mscoco
422960,A birthday cake with a Thomas the train topping ,2.0,mscoco
230708,People are surfing in the ocean at a beach.,1.955128205128205,mscoco
263873,A variety of people ride on a hill with snow.,2.0,mscoco
296676,A woman holding several frisbees while a dog catches a frisbee in its mouth.,1.3333333333333337,mscoco
507330,A double decker bus parked on the street.,2.0,mscoco
188156,a close up of a cat on a wooden bench,1.8333333333333333,mscoco
190568,Black umbrella laying upside down on ground next to water.,1.4,mscoco
352949,Woman with blue hair taking self photo using cell phone.,1.9375,mscoco
519588,A baby girl standing in front of a computer keyboard.,1.875,mscoco
459929,A poster advertising a cellphone using a male model.,0.5,mscoco
338745,A double decker bus is shown driving through the street.,2.0,mscoco
544752,A white horse stands on a grassy hill.,2.0,mscoco
577650,A black and white cat in the woods looking at the camera.,1.8,mscoco
284056,Dog wearing large hat in room with bookshelves.,2.0,mscoco
467197,An orange tabby cat is curled on top of a black bag.,1.3333333333333337,mscoco
104493,A woman sitting on a beach next to an umbrella.,1.9375,mscoco
8300,Giraffes are standing under a feeder in a zoo.   ,1.5,mscoco
433297,A school bus which has been decorated for other use cruising down a country road.,1.875,mscoco
253072,A professional tennis player hitting a shot on a clay surface court,1.9,mscoco
365618,Roadway intersections in urban area near waterway with bridge.,2.0,mscoco
173759,Motorcycle with American flag motif parked on a brick-paved lot.,1.9,mscoco
249288,A group of people in police uniforms riding motorcycles.,1.9,mscoco
75552,A woman in a dress and Mary Janes bends down towards a Frisbee in a fenced in yard.,1.5833333333333337,mscoco
45471,Stop sign with graffiti on NE Failing St.,1.375,mscoco
80471,A man is riding a bike across the street as three young men walk across.,1.8333333333333333,mscoco
108380,Two cows in a grassy field with a water trough.,2.0,mscoco
488960,A young girl eating a piece of chocolate cake.,1.954594017094017,mscoco
427990,A very cool fighter style jet flying in the air.,2.0,mscoco
338969,A bus parked near a gate on a dirt road. ,1.5,mscoco
572781,a jet is flying in a gray sky with some clouds,2.0,mscoco
452693,A man prepares to launch a frisbee in a large field.,1.75,mscoco
410755,Person comes in smiling using skis in a competition.,2.0,mscoco
8314,A person on a snowboard standing on a mountain top,1.375,mscoco
486968,Bench near water area such as a lake.,2.0,mscoco
370413,a young man rides a horse down a paved pedestrian area in a town,2.0,mscoco
245298,A woman in a blue dress petting a small dog.,2.0,mscoco
483992,Woman in glasses eating a piece of pizza.,0.5,mscoco
450110,A group of skiers stand at the bottom of a slope.,1.6,mscoco
97561,A small hotel room with a TV and a wooden desk.,1.8333333333333333,mscoco
119600,A red fir hydrant in an empty dirt covered area with houses in the background.,2.0,mscoco
236025,Male athlete ready for ball during outdoor tennis game.,2.0,mscoco
470539,A red teddy bear sitting on a stool in a garden.,2.0,mscoco
143666,A skateboarder skates at a skate park designed for advanced users.,1.75,mscoco
431699,The doorway shows a small bathroom with a toilet and sink. ,0.5,mscoco
262014,A fluffy white cat stands in front of the glass window.,2.0,mscoco
566308,Action shot of a skate boarder jumping at a skate park.,2.0,mscoco
16547,A baseball player holding a baseball bat during a game.,2.0,mscoco
470925,A man walks down a street next to a blue building,2.0,mscoco
5277,A small bathroom is shown with a violet shower curtain.,1.6428571428571428,mscoco
127056,Fuzzy cat sitting on the arms of couches in front of window.,2.0,mscoco
3192,"a pizza with red onions, mushrooms and spinach on a plate",2.0,mscoco
529017,Several people are walking and skiing at the top of a mountain.,2.0,mscoco
301467,The zebra is standing near four brown deer. ,1.9166666666666663,mscoco
68867,A bathroom with two sinks and two urinals. ,2.0,mscoco
492990,A man standing in a room holding a drink and a game controller.,1.75,mscoco
425341,A picture of a kitchen with orange decor. ,2.0,mscoco
7050,Some women in helmets are riding in kayaks.,2.0,mscoco
517690,A view of a pizza cooking in an oven.,2.0,mscoco
554100,a close up of a sandwich on a table ,1.875,mscoco
507550,some birds are standing by a body of water,2.0,mscoco
378149,Several baskets of fresh broccoli at a produce market,2.0,mscoco
502554,A stop sign on the corner of Montview Blvd and Roslyn St.,1.1666666666666663,mscoco
248767,A city street has several stoplights and cars.,2.0,mscoco
11661,Young man eating a slice of pizza in a darkened restaurant and arcade.,1.75,mscoco
568633,A open white toilet in a small bathroom.,1.5833333333333337,mscoco
366867,"A white bathroom with toilet, pedestal sink and bathtub and a window over the sink.",1.6666666666666667,mscoco
109011,a pastry next to a spoon on a dish  on a table,1.9285714285714288,mscoco
410509,A crate of yellow and green bananas with a screen on top.,1.4285714285714286,mscoco
496569,A group of people who are standing on snowboards at the top of a hill.,2.0,mscoco
395144,A bicycle is parked next to a long train.,1.8333333333333333,mscoco
168178,A large military aircraft at low altitude flight.,2.0,mscoco
231091,A cat laying on a desk with a book and laptop.,2.0,mscoco
185448,Zebras standing near shaded areas inside a corralled habitat.,1.5,mscoco
98832,a kitchen island with a double sink fridge and stove,2.0,mscoco
65554,Two women playing a match of doubles tennis,0.4,mscoco
326569,A boy is up to bat in a baseball game.,2.0,mscoco
192577,A close up of a pizza with cheese and mushrooms,2.0,mscoco
475493,A herd of cattle crossing a street while a man stands in the middle of the road.,2.0,mscoco
450037,Several people riding some horses in an enclosure. ,2.0,mscoco
351968,Man sitting on a ski bike with another man looking on.,1.6357142857142857,mscoco
447767,Skateboarders skate on a pedestrian pathway in a park.,2.0,mscoco
40334,A person cross country skiing on a sunny day.,2.0,mscoco
208633,"Meat, fried potatoes and vegetables on a plate",1.9671052631578947,mscoco
95915,A glass plate and vases that are on a table.,1.5,mscoco
413367,A man flies a kite high above a beach. ,2.0,mscoco
308473,A pair of scissors sitting on top of a piece of cloth.,0.5,mscoco
19320,The young baseball player wearing blue is swinging at a pitch.,-1.0,mscoco
328743,A polar bear swimming in the water with a blue ball.,1.8333333333333333,mscoco
76,"A small vessel propelled on water by oars, sails, or an engine.",2.0,drawbench
212633,Several people who are serving food in a kitchen.,2.0,mscoco
416408,A very gooey cheese and mushroom pizza sits on a plate.,2.0,mscoco
476011,Small black cat laying down on top of a concrete slab. ,1.7000000000000002,mscoco
446807,A group of white toilets in a room.,2.0,mscoco
292510,A baseball game with a couple of baseball players.,1.9444444444444444,mscoco
41322,a cat in a red shirt is wearing some glasses,2.0,mscoco
389154,A baby sheep is next to an adult sheep on the grass.,2.0,mscoco
579735,A young man on a skate board in mid air over a rail.,0.1666666666666666,mscoco
369179,"Plate of food with asparagus, a donut and sausage.",2.0,mscoco
82796,a green and white train at a station and train tracks,2.0,mscoco
574066,A photo of donuts frying in oil behind glass.,1.0,mscoco
149890,Two zebras and a giraffe stand near a tree in an open field.,1.6666666666666667,mscoco
60671,A red fire hydrant with a yellow top in the grass off of the street.,1.6666666666666667,mscoco
4885,A black suitcase with pink writing in front of a door.,1.6666666666666667,mscoco
453167,A woman in a red dress poses in front of a wall.,2.0,mscoco
163260,Two people pose for a picture while holding up their skis.,2.0,mscoco
144246,Woman in demonstration pose with a microwave oven.,2.0,mscoco
355480,Three office workers wear neckties in their place of employment.,1.8333333333333333,mscoco
422744,Black and white photograph of a man carrying a surfboard.,2.0,mscoco
66118,Adult cow with horns in a wooded area. ,2.0,mscoco
508373,A person leans forward with ski sticks. ,2.0,mscoco
509364,A passenger train is parked while a person waits to board it.,0.5,mscoco
352302,A man poses for a picture with outstretched arms on a ski slope.,2.0,mscoco
354277,A large building with a sign on top of it,1.6666666666666663,mscoco
90659,An orange tabby cat perches near a computer monitor.,2.0,mscoco
265168,A large bus parked on the street in the shade ,1.625,mscoco
525640,A person holding a decorated banana with a sheet of paper. ,1.5476190476190477,mscoco
324012,Two laptops are next to a monitor on a cluttered desk.,2.0,mscoco
179134,A yellow train is parked at the station.,2.0,mscoco
305684,A black and white dog is looking out of a window from inside a house.,0.3571428571428571,mscoco
182300,A Nintendo Wii game controller sitting upright next to a phone.,1.1666666666666663,mscoco
406121,two people sitting at a table with cup cakes,2.0,mscoco
384037,A man riding a snowboard on the side of a rail.,1.9166666666666663,mscoco
291528,A banana and peanut butter sandwich on a plate.,2.0,mscoco
129,A pizza on the right of a suitcase.,2.0,drawbench
212532,A young man shows a frisbee to a girl who has plans of swimming.,1.1666666666666663,mscoco
541870,A man on a beach where kites are being flown,2.0,mscoco
511406,Two motorcycles with helmeted riders ride along a highway. ,2.0,mscoco
519905,A man is catching a Frisbee in a grass yard.,2.0,mscoco
210951,An elephant is standing in a grassy area with a baby elephant underneath.,2.0,mscoco
380920,Man on bike towing child passing by ice cream truck.,1.8333333333333333,mscoco
197278,Portable toilet in a wooden box area of a field.,1.625,mscoco
237401,A cow standing in the grass behind a wire fence.,2.0,mscoco
345598,Picture of a tab tub where the wall is open exposing wood studs and a shop vacuum is in the tub.,0.8,mscoco
488232,A white refrigerator next to a wooden kitchen cabinet,2.0,mscoco
576011,A brown and white cat sitting in a suitcase. ,2.0,mscoco
352507,A living room filled with furniture and a flat screen TV.,1.9,mscoco
365831,A blue wooden bench sitting in the middle of a forest.,2.0,mscoco
102306,a man on a bicycle in a crowded parking lot,0.5833333333333333,mscoco
454565,A Delta airplane parked at an airport gate.,1.4166666666666663,mscoco
249666,A green bicycle with a black seat resting on wood.,2.0,mscoco
511325,A man doing a jump over a wave on a surfboard,2.0,mscoco
331272,a public transit train on a city street,2.0,mscoco
409751,A person is using a remote control for a television set. ,1.75,mscoco
462046,A skier glides down a hill in other skier's tracks.,1.9,mscoco
265773,Passenger train traveling on a track with a mountain backdrop.,2.0,mscoco
108670,Three photos of older people playing tennis on a court.,1.4166666666666663,mscoco
15472,Five baseball players on the field during a game,1.8,mscoco
542407,A brown dog has a yellow toy in its mouth as it lays on black and white pillows.,2.0,mscoco
152,"An IT-guy trying to fix hardware of a PC tower is being tangled by the PC cables like Laokoon. Marble, copy after Hellenistic original from ca. 200 BC. Found in the Baths of Trajan, 1506.",1.3333333333333337,drawbench
503799,A man on a skate board wearing a helmet and no shirt.,2.0,mscoco
559411,A person wearing a helmet and ski glasses skis the slopes.,2.0,mscoco
378419,A person in riding gear jumps over an obstacle while riding a horse.,2.0,mscoco
163460, A red and blue bird is sitting on a branch.,2.0,mscoco
75778,"The large, adult zebra is eating from the short grass. ",1.625,mscoco
365592,Towels on a towel rack of a bathroom and a towel mat on the floor.,2.0,mscoco
490490,A kitty cat sitting inside a suitcase with purses in it.,1.8571428571428568,mscoco
295537,A herd of sheep and man on horse in desert area.,2.0,mscoco
572894,A statue is shown on the side of a wall.,2.0,mscoco
168377,Woman in pink flying kite on top of grassy hill.,2.0,mscoco
483867,A woman with a rainbow umbrella walks a dog in the rain.,1.575,mscoco
273200,PIcture of batter looking back at the catcher as he catches a ball during a baseball game.,-1.0,mscoco
327536,A young boy eats pizza from a plate.,2.0,mscoco
204514,a close up of a few sandwiches wrapped in plastic,2.0,mscoco
1756,A group of people sitting at tables with laptops.,2.0,mscoco
365530,An oven range sits in a small kitchen space with a microwave and cabinets.,1.6666666666666663,mscoco
146813,a close up of a bed with pillows and sheets,1.9166666666666663,mscoco
349263,Small outdated residential kitchen showing sink and refrigerator,2.0,mscoco
318837,A multi-colored cat laying down next to several pieces of luggage that are various colors and sizes.,1.9,mscoco
577940,A photo of a ski resort with people on skis and snowboards.,2.0,mscoco
288397,A red and yellow double decker bus is at the side of a street.,1.5,mscoco
575197,A skate board park with a person riding inside.,2.0,mscoco
268317,Two yummy pieces of pie are displayed on two plates.,1.4333333333333331,mscoco
371149,A red and blue fire hydrant with a yellow chain.,1.75,mscoco
132795,A traffic sign next to a small fire hydrant on a sidewalk.,1.5,mscoco
521620,A large mirror with vanity lights above a bathroom sink.,2.0,mscoco
194555,"A close shot of a sign that says ""Church Avenue"". ",1.5,mscoco
151273,A cross country skier makes his way down the trail through the woods.,1.8571428571428568,mscoco
451169,A male tennis player dressed in white striking a ball.,2.0,mscoco
41074,a teddy bear reading a red book with glasses,2.0,mscoco
463432,A piece of cake with red syrup on a white plate.,2.0,mscoco
90801,"A living room area features a corner fireplace, a love seat, windows and lamps.",1.9,mscoco
352407,A black and white double decker bus on the road.,2.0,mscoco
441062,Pitcher preparing to throw ball at hitter with crowd watching,2.0,mscoco
252979,Several sheep are grazing in a large green field. ,2.0,mscoco
225537,Open laptop style device chained to a table.,1.75,mscoco
34063,A stop sign next to a building at a street corner.,1.75,mscoco
252137,A group of vegetables on top of  a dark surface.,2.0,mscoco
87847,A water main crossing sign warning against boat anchors.,1.75,mscoco
572182,A man riding a skateboard next to a woman.,2.0,mscoco
315846,A street sign for car garages next to a building.,1.625,mscoco
362309,a white blue green and  yellow colored bus ,1.8333333333333333,mscoco
514387,A cow with tagged ears peering over a wooden fence.,2.0,mscoco
270325,A long silver train traveling through a wooded area.,1.875,mscoco
461847,a black and chrome motorcycle made by Harley davidson,1.9,mscoco
277239,"A view of a learning type environment, a classroom or a business meeting.",2.0,mscoco
56312,Zebras are walking around in a field of grass.,2.0,mscoco
323576,A beach with lawn chairs and umbrellas on a blue green ocean.,1.75,mscoco
18559,a man on a tennis court being watched by a crowd,2.0,mscoco
134242,A herd of elephants are by the water.,1.9166666666666663,mscoco
341852,A close up of a cat's face ,2.0,mscoco
393696,Several rocks and a pair of scissors sitting on a table.,1.775,mscoco
316143,A snowboarder jumps from a hill in front of trees.,1.9,mscoco
198733,A man on a skateboard jumps in the air.,2.0,mscoco
516490,A street sign set alongside a residential street.,1.875,mscoco
204052,"Prepared breakfast sits on a table, with peanut butter and jelly sandwich.",1.9,mscoco
34950,"The train is painted red, orange, blue, and yellow.",2.0,mscoco
52628,An abundance of green bananas on the ground at a produce market.,1.8333333333333333,mscoco
447109,People sitting on benches next to several trees.,2.0,mscoco
534564,A variety of vegetables on display at a produce stand.,2.0,mscoco
445143,"Shoe polish, a toothbrush, a black brush and a cloth lay on a brown wood floor.",1.5833333333333337,mscoco
417416,A skateboarder salutes the sky as he jumps his board.,1.9444444444444444,mscoco
450500,A large group of people on a corner waiting to cross the street.,1.5833333333333337,mscoco
309983,a plate with a burger and some fruits and vegetables ,2.0,mscoco
123055,A bird that is standing on a beach.,2.0,mscoco
118320,A large tan cow laying in a field with three calves. ,1.5416666666666663,mscoco
62244,A hand holding a piece of food at a table.,2.0,mscoco
9960,A batter hitting a pitch at a baseball game.,0.5,mscoco
128475,Three doughnuts sitting on a napkin next to three cups .,1.5,mscoco
455166,Many fruit are lined up and displayed at a market. ,1.8,mscoco
234211,A row of umbrellas and chairs in the sand with birds flying over.,2.0,mscoco
225251,Soldier and children reaching in unison towards supplies,1.0,mscoco
569618,a cheese and mushroom pizza sitting on a round pan,1.9926470588235292,mscoco
123835,An airliner is parked on the tarmac at an airport.,2.0,mscoco
410711,A clock above a window near the ceiling containing a light fixture.,0.75,mscoco
40497,A crowded city street with the red umbrellas of a streetside market on the sidewalk,2.0,mscoco
396252,A blue bird on a branch in the woods.,2.0,mscoco
149456,A pile of vegetables on a green crate that is sitting on bed.,1.8333333333333333,mscoco
249556,A variety of fruits and vegetables on a cutting board.,2.0,mscoco
21147,A coal powered engine blows smoke as it travels down a mountainside track.,2.0,mscoco
219201,A man hitting a tennis ball with a tennis racquet.,2.0,mscoco
451196,A horse with a saddle walking across a bridge.,1.75,mscoco
412760,A group of people guide a group of horses across a rocky running river.,1.875,mscoco
72714,A herd of cows walking down a small country road.,2.0,mscoco
104466,A women tennis player getting ready to hit the ball.,0.5,mscoco
2823,Racing motorcycle's sitting on racks next to each other.,1.6666666666666663,mscoco
298141,A bench is nestled in a wooded walkway.,1.8333333333333333,mscoco
143418,A group of cows mill about in a grassy dirt field. ,2.0,mscoco
211498,A meal of broccoli and cheese on a plate on a table.,1.7,mscoco
465005,a man laying on the ground next to a bicycle while a man walks toward him,0.25,mscoco
498770,A very close up image of some broccoli,2.0,mscoco
43873,A polar bear standing near a pool of water at a zoo.,2.0,mscoco
299448,A passenger train is parked on the tracks.,1.7,mscoco
189559,A long vehicle with a trailer holding an animal.,1.9166666666666663,mscoco
29886,Bald man wearing suit and corsage talking to woman in red dress.,1.8333333333333333,mscoco
146620,A large coffee table is placed in front of a sectional couch.,2.0,mscoco
183528,"A bathroom has a fancy light on the floor, as well as red and white walls ",2.0,mscoco
574971,Teddy bear sitting on a wooden shelf in front of books.,1.8333333333333333,mscoco
435468,A woman is cutting clusters of grapes for sale.,1.875,mscoco
164687,A street sign pointing to the direction of 25 North.,1.8333333333333333,mscoco
286186,Thick coated sheep stand behind trees in a field.,2.0,mscoco
422792,a desk with two monitors and two laptops ,1.1666666666666667,mscoco
449274,A horse is walking in the sand along the water.,2.0,mscoco
354695,a toilet with an instruction sign on the lid ,1.0,mscoco
265814,A bus waits next to parked cars in a village.,1.8333333333333333,mscoco
559566,A young girl is sitting on a horse in this black and white photo. ,2.0,mscoco
40737,A black and white image where two men are riding in a horse carriage. ,2.0,mscoco
299862,a white train with an orange stripe on the tracks,1.912339971550498,mscoco
296030,A person petting a cow that is eating hay.,1.675,mscoco
358825,A white bathroom has sun streaming in a window above the sink. ,1.6666666666666667,mscoco
42492,Man standing next to kitchen island with orange top.,2.0,mscoco
569062,A skateboarder is riding a rail in a skatepark.,2.0,mscoco
90331,A cat lies on a person with a hand on the keyboard.  ,1.3333333333333333,mscoco
141,A church with stained glass windows depicting a hamburger and french fries.,2.0,drawbench
184263,a red white and black double decker bus and buildings,1.9285714285714288,mscoco
197383,A young woman standing underneath a yellow street sign.,1.5833333333333337,mscoco
507091,A parking meter sitting on the side of  wet street.,1.875,mscoco
257796,A closed gated area with several stop signs displayed,1.8333333333333333,mscoco
88034,A man and woman looking at eight pizzas atop a table.,1.3333333333333333,mscoco
250311,A kitchen counter with pots hanging above it and several objects in the corner.,1.8333333333333333,mscoco
364073,A player in action up to bat in a baseball game.,-1.0,mscoco
112590,Stainless steel fridge and stove in a kitchen,2.0,mscoco
77769,A small dog laying down next to a lap topl,2.0,mscoco
481802,A picture of someone topping corn bread muffins.,1.6166666666666667,mscoco
267515,Toothpaste and toothbrushes lean on the edge of a sink.,0.25,mscoco
368142,"A table with a glass of water, a croissant on a dish and a coffee cup.",1.8,mscoco
142547,Person standing in the sand flying a yellow kite.,2.0,mscoco
210395,Children are looking at vegetables displayed at a table.,2.0,mscoco
59218,A blue traffic sign under a cloudy sky.,2.0,mscoco
36226,A professional women's tennis match on a clay court.,2.0,mscoco
60246,The bride and groom begins to cut their red and white wedding cake.,2.0,mscoco
549135,A living room with iron and wood furniture,2.0,mscoco
568984,Some green street signs above an interstate highway,2.0,mscoco
16706,Two giraffes and zebra with tree and grassy field,2.0,mscoco
163142,A close up shot of an elephant's face and eye.,2.0,mscoco
192236,a sheep can be seen through a bottle,2.0,mscoco
382310,A piece of blueberry crumble is shown on a plate with a fork.,1.973684210526316,mscoco
131016,A toilet and toilet paper holder in a narrow room.,2.0,mscoco
294585,Man with glasses and black shirt eating a sandwich.,2.0,mscoco
326299,A man jumping up with is hands raised while playing Wii,1.75,mscoco
404015,skateboarder flying high in front of a park tunnel,2.0,mscoco
156572,Two young boys sit on the carpet playing a video game.,2.0,mscoco
101622,A man in a cubicle with an Indiana Jones T Shirt talking on a cell phone.,1.5,mscoco
39617,Two women on horseback with two men in front of each horse and a third person taking photos.,2.0,mscoco
451428,A green and white bathroom with a rusty sink and cracked toilet. ,1.6,mscoco
283956,a close up of a slice of pizza on a plate,1.8571428571428568,mscoco
472960,upward looking picture of clock tower against a blue sky with sun shining on clock face,1.625,mscoco
480167,A one-eyed dog sits in the back seat of  a car.,1.375,mscoco
220050,Young girl dressed in tennis whites holding tennis racket on grass field.,1.875,mscoco
182112,A view of a plane and a boarding ramp from an airport window,1.6904761904761905,mscoco
561776,a small child brushing her teeth with a green toothbrush,2.0,mscoco
37783,A boy in green sweater riding on a skateboard.,2.0,mscoco
290231,A motorcyclist racing high speed on a race track.,1.9285714285714288,mscoco
43,Four dogs on the street.,1.8333333333333333,drawbench
94632,A group of planes flying in sequence through the air.,1.6666666666666667,mscoco
438737,A grocery store filled with lots of fresh produce.,2.0,mscoco
506898,Several chairs with umbrellas overlook a beach. ,2.0,mscoco
11591,Woman using laptop computer sitting on carpeting in large area.,1.9855072463768115,mscoco
435930,A fire hydrant that is painted to look like a Dalmatian wearing a fire helmet. ,1.5333333333333332,mscoco
384507,Dock on a calm lake in arid country.,2.0,mscoco
434930,A small child is enjoying a donut at the table.,2.0,mscoco
373893,Young boy holding up traffic sign while sitting on ledge.,2.0,mscoco
463325,A museum exhibit featuring a large stop sign.,2.0,mscoco
525369,A child asleep in a bed with a railing.,2.0,mscoco
405174,A gray and white cat laying on top of a laptop computer.,1.8,mscoco
185954,"Red tulips are placed in a round, clear glass vase that is almost halfway filled with water.",1.9166666666666663,mscoco
468017,"A large outdoor sculpture of a red chair with a horse on the chair, set in a grass yard area.",1.5,mscoco
422807,a red black and white plane flying in a blue sky,1.8,mscoco
369529,A man playing Tennis is attempting to catch the ball. ,1.873015873015873,mscoco
282793,A zebra is looking down on the ground at the grass.,0.5,mscoco
277096,"A kitchen area features a silver refrigerator, stove and counters on dark, wood flooring.",2.0,mscoco
200064,a small girl in a pink white and blue sweater and motorcycle,1.6,mscoco
454636,A group of men and women having a conversation in front of a building.,2.0,mscoco
306803,A child with an umbrella stands under a rain gutter. ,1.3333333333333333,mscoco
549703,Cartoon kites are being flown in a clear blue sky.,1.7857142857142856,mscoco
7288,A white toilet bowl with an electronic brown seat.,1.0,mscoco
358719,A woman and man playing Wii in a room ,1.6,mscoco
360350,A black and white picture of a man carrying a surfboard,1.8333333333333333,mscoco
278258,A table is covered with breakfast foods and coffee.,2.0,mscoco
430396,yellow bananas and lemons in a bowl on a table.,1.775,mscoco
564211,A child is sleeping next to a teddy bear.,2.0,mscoco
62552,a cheese pizza on a white plate on a wooden table,2.0,mscoco
171834,"A horse up close to the camera, in a black and white photo.",2.0,mscoco
453582,A crowd of people flying kites in a beautiful blue sky.,2.0,mscoco
570624,People holding umbrellas are crossing a street at night.,1.9,mscoco
387431,Sidewalk in city with store fronts and clock.,1.5,mscoco
231857,Close up of hand adjusting tie with white shirt,2.0,mscoco
238562,A variety of doughnuts are shown in a box.,2.0,mscoco
532623,A skiver standing at the top of a ski slope,1.8333333333333333,mscoco
4318,A family of zebras in a zoo exhibition.,2.0,mscoco
20903,Porcelain sink with a white decorated bathroom and blue accents.,2.0,mscoco
138067,A cargo train rides over a bridge. ,1.9,mscoco
559086,A man kneeling down beside a dog holding a red frisbee.,0.5,mscoco
335925,A church building with a statue on the outside. ,1.619047619047619,mscoco
238836,The car is at the intersection while the sun is setting.,2.0,mscoco
120905,a hose is connected to a red fire hydrant,1.6666666666666663,mscoco
233834,This is a picture of a train coming into the station.,1.8333333333333333,mscoco
425035,A white toilet in a bathroom with white ceramic tile.,2.0,mscoco
327338,"A man and a women sitting on a bench, the man is eating a watermelon. ",1.5,mscoco
151492,Man on phone and drink with red hue standing next to a woman,1.5,mscoco
406024,A green military truck traveling down a street.,2.0,mscoco
560119,A store front in the early twentieth century.,2.0,mscoco
422026,A pan of chopped broccoli is cooking near a plate of meat.,2.0,mscoco
550845,An old photo of a car parked on the beach with a flag flying.,2.0,mscoco
479395,A red fire hydrant is deep in the snow.,2.0,mscoco
167692,A string of kites being flown at the beach.,1.875,mscoco
72955,Two hotdogs that are sitting in sand behind glass.,2.0,mscoco
365264,Blurred image of a person riding a long board on a sidewalk.,1.8333333333333333,mscoco
317557,Large group of birds in flight and on ground large open area.,1.9285714285714288,mscoco
10393,A man on a white bike is biking on the street. ,2.0,mscoco
182167,A young man snow boarding on a fence rail.,1.775,mscoco
486168,"A white plate of food with cheese, vegetables and fruit.",2.0,mscoco
37709,A stop sign is shown on the corner of the street.,1.6666666666666667,mscoco
45627,A woman with a life jacket on holding onto a rope while engaging in a water sport. ,1.8338235294117649,mscoco
430621,"PLAYER UP TO BAT WAITING ON PITCHER, UMPIRE KNEELING BEHIND",1.875,mscoco
486555,a couple of people that are standing up playing with a wii,1.8333333333333333,mscoco
17696,A group of skiers jumping off of a ski jump.,2.0,mscoco
373700,A purple motorcycle sits next to a blue motorcycle.,1.5833333333333337,mscoco
565575,A person playing a game with a Nintendo Wii controller.,1.4166666666666663,mscoco
435805,Two model airplanes sit on stands in the grass. ,1.75,mscoco
366799,A plate of food is positioned in clear site of bottled wine.,2.0,mscoco
324052,A man skateboarding on a rail in front of a crowd.,0.5,mscoco
153847,A cow sitting on the beach near a group of people.,2.0,mscoco
24552,A piece of cake that is on a plate.,2.0,mscoco
121610,A worn wooden bench near a colorful flower garden.,1.9929577464788728,mscoco
333663,Skateboarder on city street stopping to take a break.,2.0,mscoco
342132,a business truck on a city street ,0.5,mscoco
475566,"A bathroom toilet, wood drawers and shower stall.",1.7000000000000002,mscoco
333946,Two kids playing with tennis rackets on a playground.,-1.0,mscoco
211839,Two giraffes in a dry brush field with green trees.,0.3333333333333333,mscoco
545749,Four large trucks are parked in a garage.,1.7738095238095235,mscoco
254143,A variety of fresh fruit in a medal mesh basket.,2.0,mscoco
156759,Group of people walking in front of large white buildings. ,2.0,mscoco
152529,A room that is full of young children sitting together at some tables.,2.0,mscoco
563712,A tennis player wearing white is holding a racket.,2.0,mscoco
9846,Young girl playing soccer and trying to score while being blocked.,0.3333333333333333,mscoco
150746,cat lays on top of television while owner takes a picture,0.5,mscoco
134479,A male tennis player is in action with the ball.,1.5,mscoco
284568,A brown and black dog laying on a red blanket.,2.0,mscoco
379612,A cat is sitting on top of a television set. ,0.25,mscoco
450590,A small dog catching a blue frisbee on the beach,1.9,mscoco
155105,Asian boy in green T-shirt grinning at dining table with meal servings.,2.0,mscoco
555475,There is a motorcycle on the road in the foreground and a beach in the background.,1.8333333333333333,mscoco
466261,A Green field with two people flying colorful kites.,1.4166666666666663,mscoco
233193,Very old picture of woman riding a bicycle and man walking,1.6333333333333333,mscoco
127042,Tourist train with several cars driving on street.,1.8333333333333333,mscoco
486400,A child is flying a kite on a beach next to the water.,2.0,mscoco
226268,A smart phone sitting inside of a red pouch.,1.625,mscoco
33721,A skate boarder riding ramps at a skate park.,2.0,mscoco
432131,A man standing in skis on a hill.,1.8333333333333333,mscoco
259814,Horses racing on the turf by a white rail with the grand stand in the distance.,1.9166666666666663,mscoco
359774,"A white sign that reads ""NO ARKING"" on a brick wall of a building.",1.8333333333333333,mscoco
71222,A tiled shower with a large shower head,2.0,mscoco
65182,A male tennis player in action on the court.,2.0,mscoco
447236,A passenger jet taking off from an airport runway.,2.0,mscoco
407674,a man in an orange shirt is playing tennis,2.0,mscoco
240129,many green and white surfboards laying on the sand,1.8333333333333333,mscoco
80749,A brown teddy bear wearing a polka dot boy tie.,2.0,mscoco
174594,A player up to bat in a baseball game.,2.0,mscoco
554006,A man in a green and white costume using a skate board.,2.0,mscoco
178494,Some young players in action on the baseball field.,2.0,mscoco
66067,A large blue bus on a city street.,1.9,mscoco
7697,Two giraffes reach for their food in a zoo.,1.5,mscoco
212095,A person is riding the waves on a surfboard.,2.0,mscoco
170550,A street sign in a construction area pointing to Royal ascot and Milnerton Ridge,1.75,mscoco
563264,A man with a surfboard walking along the beach.,2.0,mscoco
359574,A white and orange cat laying on top of a bed.,2.0,mscoco
543631,The bed and mattress in a dorm room,2.0,mscoco
195696,A baby girl and a toy fox with woman laying down,1.0,mscoco
372498,A man scooping food into a pan .,1.9,mscoco
298380,a person riding a snow board on a snowy surface,2.0,mscoco
77193,A brown and white dog above grassy area with a frisbee.,2.0,mscoco
537560,An orange and white electric train traveling beneath a cloudy sky.,2.0,mscoco
128955,Two people wearing protective helmets are sitting on a motorcycle.,1.875,mscoco
99297,A brown bear walking in its habitat at a zoo.,1.875,mscoco
256630,Groups of people sit at outdoor tables covered with umbrellas. ,2.0,mscoco
133615,Small child in blue outfit holding up a tennis racket. ,2.0,mscoco
482810,a person feeding birds near a bike ,1.8125,mscoco
540769,A black train sculpture under a green tree.,2.0,mscoco
44682,A sandwich is placed on a cutting board near a glass of wine.,2.0,mscoco
467142,A formation of airplanes flying in a gray sky.,2.0,mscoco
52368,Table with red umbrella in sitting area in park setting.,2.0,mscoco
75509,Some vehicle car beds are sitting in front of a large window indoors.,1.5,mscoco
376595,A cat sleeping on the keyboard of a laptop.,1.9166666666666663,mscoco
492974,"Brown trolley number 11, labeled ""Powell & Hyde Sts."", on Jackson Street.",1.4166666666666667,mscoco
64492,A woman eating at a table from a plate of food.,2.0,mscoco
412847,a giraffe bending down to eat grass off the ground,1.5,mscoco
473983,A man riding on a surfboard in what looks like the rapids of a river.,1.8,mscoco
547979,A group of people paddling out to the ocean on surfboards,2.0,mscoco
145841,"A desk with a computer monitor, keyboard and other office items.",2.0,mscoco
355907,A male surfer on a white board riding a wave.,2.0,mscoco
110776,A brown teddy bear wearing a blue shirt sitting on a gate.,1.6,mscoco
417376,Man in hat and coat flying a kite in a parking lot with others.,2.0,mscoco
48733,A open colorful umbrella sitting on a sandy beach next to the ocean.,2.0,mscoco
210450,A large group of motorcycles are parked on the street.,2.0,mscoco
321554,A giraffe standing in a  grassy field with a wooden fence in the background.,1.8333333333333333,mscoco
228953,A kitchen has wooden cabinets and chrome appliances.,2.0,mscoco
325287,A young man and woman playing with cell phones and a computer.,1.75,mscoco
206300,"A stop sign with an ""eating animals"" sticker on it.",0.0,mscoco
138342,A vase with three red tulips in it.,1.2,mscoco
111536,A man riding skis down a snow covered slope.,1.9,mscoco
17585,Snowboarder riding a snowboard across a large pipe.,1.3392857142857144,mscoco
227976,A white stove top oven sitting in a kitchen.,2.0,mscoco
65841,Hotel room containing two made beds and with tray on bed,1.6666666666666667,mscoco
201386,A train travels down the tracks in a green forested mountain pass. ,2.0,mscoco
362157,Man playing Wii video game in a living room with others watching in background,2.0,mscoco
532947,White sheep are grazing in a green pasture.,2.0,mscoco
462037,Two girls playing a racing game on a game system.,1.5,mscoco
153300,a person about to cut a piece of cake. ,0.5,mscoco
322480,A big sandwich with tomato and cheese on a plate. ,2.0,mscoco
204049,A person is winding back to throw a snowball while on skis.,1.3095238095238095,mscoco
512139,a girl is holding a tennis racket on a court,1.8571428571428568,mscoco
39211,Three young men sit at a table using four laptops.,1.5,mscoco
27626,a yellow and white bed in a small room,1.6666666666666667,mscoco
350008,pink and white flowers in a vase on a petal covered table,2.0,mscoco
67961,A dish of broccoli and spaghetti with red sauce,2.0,mscoco
337452,A group of kids at a skate board park. ,2.0,mscoco
332782,Large well made bed with red bedspread in bright room.,2.0,mscoco
42968,A white and red plane on runway with mountains in background.,2.0,mscoco
341247,baskeball players on the court dressed in orange or white ,1.8333333333333333,mscoco
527529,A white cat digging in a book bag.,0.5,mscoco
473634,A cat sits looking out of a window.,1.6666666666666663,mscoco
39911,Two female baseball players in white and purple uniforms.,2.0,mscoco
333314,"Two girls sitting on the ground, one with a hat on, the other with an open umbrella. ",1.4166666666666663,mscoco
550118,A black TV sitting on the ground with a free paper on it.,1.3333333333333333,mscoco
113756,A man wearing a helmet performs a skateboard trick for a woman with a camera.,1.5416666666666663,mscoco
144965,A man eating food while wearing an orange shirt.,2.0,mscoco
368368,A boy in a red shirt swinging a tennis racket,0.5,mscoco
277390,Men lounge around a kitchen island in an office.,2.0,mscoco
490317,A nice clean beige bathroom in an R.V.,2.0,mscoco
570175,A black and white cat is on top of a childrens toy.,1.9,mscoco
431236,A kitchen with a white stove and washing machine,1.8333333333333333,mscoco
185621,A man is outdoors throwing a Frisbee in a park. ,1.9285714285714288,mscoco
425381,A close up of the stop sign on the side of a school bus.,0.5,mscoco
231521,a yellow and red model airplane in some grass,2.0,mscoco
210458,a zebra is walking around its pen at the zoo,2.0,mscoco
215907,Female student multitasking with various electronics in her room.,2.0,mscoco
63856,Skaters are skateboarding at the park while a crowd watches. ,0.5,mscoco
442565,A dog leaps for a frisbee at a dog show.,1.8333333333333333,mscoco
406959,"A large clock sits next to a large building
",1.2,mscoco
256877,Luggage sits on a baggage claim in an airport as people watch for their bags.,1.8333333333333333,mscoco
51076,Traffic signs direct travelers in between city buildings.,1.0,mscoco
22218,A plane that is taking off from a runway.,2.0,mscoco
53289,Black dog laying down near a black and white cat. ,1.4732142857142856,mscoco
315769,A double decker bus on a street with a ferris wheel in the background ,2.0,mscoco
385882,A young child eating a slice of pizza.,2.0,mscoco
101401,A woman lying on a bed with high heel shoes on.,1.25,mscoco
338077,A man eating a hot dog on a bun.,2.0,mscoco
549088,A large elephant standing in a grass field.,2.0,mscoco
175461,A red city bus sits at a bus stop.,1.55,mscoco
122188,A man biting into a sandwich with his mouth.,2.0,mscoco
54736,A yellow and white train going across a large white bridge.,1.875,mscoco
391154,Teddy bears populate a prop set of a cafe.,2.0,mscoco
568562,An adult and baby zebra in a grassy area.,2.0,mscoco
74853,"Kid skateboarding on a rail, surrounded by a large group of people.",1.7,mscoco
90311,A person on a court with a tennis racket.,1.525,mscoco
234350,Two young boys play a game of frisbee.,1.875,mscoco
224112,A group of people sit at a table with food.,2.0,mscoco
13106,"Two woman wearing headbands, while holding WII controllers.",1.6666666666666663,mscoco
187878,"A desk with three computer monitors and two laptop computers, office phone, papers and files, with a jacket on hanger in corner.",1.3333333333333337,mscoco
273120,A female tennis player in back-swing after returning a volley.,0.3333333333333333,mscoco
454414,A group of zebra sculptures are displayed in the grass.,2.0,mscoco
55139,Small boats are lined up at the shore.,1.761904761904762,mscoco
481725,A hotel room has twin beds and white sheets.,2.0,mscoco
401088,A herd of cattle walking on a dirt road.,2.0,mscoco
138,Artophagous.,0.0,drawbench
497438,three children wearing party hats are at a table,2.0,mscoco
503887,People walking beside a train in a forest environment.,2.0,mscoco
454680,A red traffic light hangs above a wide street with orange signs lining either side.,2.0,mscoco
55398,Male and females hosts of a television cooking program.,2.0,mscoco
11723,A bouquet of tall white flowers in a blue crockery vase.,2.0,mscoco
127076,A child holding a wii mote playing on a Wii.,2.0,mscoco
56634,A green and yellow train pulling into a train station.,2.0,mscoco
274715,A black and white picture of a car and camping supplies,2.0,mscoco
239309,A man kiteboarding on top of the ocean under a  blue sky.,2.0,mscoco
93683,a tray filled with a variety of food including carrots,2.0,mscoco
521711,A city street covered in fog at night.,2.0,mscoco
227186,Black and white photograph of man on bicycle with cellphone.,1.7142857142857144,mscoco
380889,A man is standing near a computer giving a presentation. ,2.0,mscoco
73045,A pile of doughnuts with signs stating the prices.,2.0,mscoco
144772,Man in black shirt playing game with Nintendo Wii controller.,1.7083333333333337,mscoco
497791,"Black and white of large dump truck on its side with a small tow truck backed up to it, with some people standing around, and backs of people's heads from above the scene, with background of a valley and a mountain side.",1.6,mscoco
220106,A yellow motorcycle in parking lot next to other motorcycles.,2.0,mscoco
401580,Woman in green and white outfit swinging at a tennis ball. ,1.9285714285714288,mscoco
166533,A kitchen with a sink and cabinets in it.,2.0,mscoco
360473,A woman handing out pieces of cake on a sidewalk.,1.75,mscoco
506982,A large metallic refrigerator freezer combo in a kitchen.,2.0,mscoco
260772,A batter steps up to plate with a bat and readies to swing.,1.5,mscoco
131059,An elephant in front of a tree line holding a leaved branch.,1.6666666666666667,mscoco
348941,This is an image of a man with a slice of cake.,1.2,mscoco
33840,"A child hitting a baseball with a baseball bat.
",2.0,mscoco
135618,A blue yellow and grey train is shown on a bridge.,1.8333333333333333,mscoco
294593,Small white bird sits on the back of a horse in an open field. ,1.5833333333333337,mscoco
233877,A man holding a pizza on a wooden pizza peel.,1.8333333333333333,mscoco
229867,A stop sign with a solar panel attached to the top of it.,1.4583333333333337,mscoco
262030,Bathroom with wood and tub with window and floor,2.0,mscoco
124979,"Young man in shorts napping on stoone wall, head on backback with bike next to him. ",0.5,mscoco
472392,"An open suitcase with bags, plastic bags and other items",2.0,mscoco
303804,Several glass vases sitting on a shelf near a window.,2.0,mscoco
148292,A pan of vegetables and chicken with seasoning on top.,2.0,mscoco
185397,A person holding a half-eaten doughnut in their hand.,0.5,mscoco
253430,a woman is laying down with her baby on the bed,2.0,mscoco
360630,The sun shines over the tree top while a horse grazes in a field.,2.0,mscoco
429227,Two zebras standing together on a grassy field.,2.0,mscoco
523505,a picture of two game remote controls side by side.,1.557142857142857,mscoco
437292,An avid skateboarder doing tricks in a public park area.,2.0,mscoco
217091,A bicycle rests on a bench on a field on a hill.,2.0,mscoco
191978,A woman holds her tennis racket ready to hit the ball.,1.4166666666666667,mscoco
115345,A bride and groom are cutting a wedding cake.,1.927918424753868,mscoco
516417,Small train with visitors in cars at outdoor venue.,1.8333333333333333,mscoco
88499,A tabby cat lies on a shelf next to a computer and mouse.,1.8333333333333333,mscoco
104559,a red bus moving on the road with other vehicles,2.0,mscoco
63077,a man flipping in the air with a snowboard above a snow covered hill,2.0,mscoco
68576,An airplane seat with a built in television.,1.875,mscoco
240423,A sign is displayed on a post next to a road.,2.0,mscoco
449078,A baseball player holding a bat in the pitch,1.8333333333333333,mscoco
434509,A woman and a man are riding horses with mountains in the background.,2.0,mscoco
544588,A very cute cat laying down on a keyboard.,2.0,mscoco
240033,Two men jumping for the same Frisbee on a field.,2.0,mscoco
440900,A group of cows walking in a grassy field.,2.0,mscoco
124876,People surfing on ocean waves near the beach.,1.4,mscoco
458664,A vintage picture of a group of adults and children with horses on a shoreline. ,2.0,mscoco
91195,"Pizza with white sauce, tomato and basil on a plate",2.0,mscoco
261560,A baseball player sliding to base while another baseball player waits to catch the ball.,1.875,mscoco
328304,Blurry picture of dog running with white frisbee in mouth,1.525042808219178,mscoco
318032,A photo of a kid in their batting stance in an outdoor baseball field.,2.0,mscoco
211760,A person is preparing to eat a large pizza,1.875,mscoco
228603,A young man and woman pose for a picture in front of red curtains.,1.75,mscoco
211110,A row of orange and pink teddy bears on display.,2.0,mscoco
50791,A woman frying donuts in a big pot,2.0,mscoco
558516,a zebra in a large field eating grass,1.0,mscoco
543027,A woman walking down a street past a bike.,2.0,mscoco
89870,A stuffed teddy bear sitting in front of an open book.,1.6666666666666667,mscoco
271590,a pizza and a cup sitting on a table.,2.0,mscoco
564418,A happy birthday cake with train cars on aluminum foil on wood grain surface.,1.9285714285714288,mscoco
361303,a baseball player hitting a ball during a game,2.0,mscoco
324817,A man and a woman riding a scooter past a church.,2.0,mscoco
45270,"A yellow street sign, with people siting in chairs.",2.0,mscoco
122157,Promotional photo showing snowboarder doing aerial stunt over steep slope.,-1.0,mscoco
179418,A small airplane sitting on top of a field.,2.0,mscoco
87649,A large train at a station full of people.,1.9,mscoco
293689,A row of park benches sitting on a  green park.,0.5,mscoco
211340,A dog is standing outdoors near some cattle.,1.8333333333333333,mscoco
468018,A woman in grey shirt playing with a kite on beach.,1.8333333333333333,mscoco
50810,Diecast diorama 1/64 scale models of a fire department and its trucks,2.0,mscoco
392107,painting of exotic bird surrounded by plants and flowers,2.0,mscoco
385709,A baseball player swinging a bat on a field.,2.0,mscoco
557931,A white kitchen has a stainless steel oven in it.,2.0,mscoco
253964,A man doing a wheelie on a motorcycle on a commercial street,1.5,mscoco
173069,A view of a small room with a business desk and a bed in the corner.,1.75,mscoco
222280,A bathroom either being torn down or remodeled with a toilet.,2.0,mscoco
578786,A clock sits at the top of a tan and gray tower.,1.6666666666666667,mscoco
491131,This pictures shows a wooden bench on a street side.,1.875,mscoco
455443,Cows stand near a barbed-wire fence in a pen.,2.0,mscoco
370524,"A collage of two photos of a man wearing a tie, one being a closeup view of his shirt.",1.375,mscoco
362090,A man sitting on a bench holding a cane.,1.75,mscoco
107425,A bike parked near a metal object on a sidewalk.,1.75,mscoco
401071,Many people on a sandy beach with umbrellas.,2.0,mscoco
572001,People sitting at a restaurant eating sandwiches and corn on the cob.,2.0,mscoco
164179,A pizza with mushrooms and carrots as toppings,1.8333333333333333,mscoco
388391,Two birds sit on opposite sides of a bench in a field. ,1.5,mscoco
231863,A person is riding a bicycle in city traffic.,1.8795518207282915,mscoco
499028,Two cats perch on the roof of a car.,1.8333333333333333,mscoco
98854,A clock attached to a brick column underneath a roof.,1.8333333333333333,mscoco
330934,A competitive downhill skier racing the moguls. ,1.9,mscoco
90,"A large keyboard musical instrument with a wooden case enclosing a soundboard and metal strings, which are struck by hammers when the keys are depressed. The strings' vibration is stopped by dampers when the keys are released and can be regulated for length and volume by two or three pedals.",2.0,drawbench
48656,A skier is seen in motion skiing wearing a uniform.,2.0,mscoco
500324,Closeup of a knife cutting through a green apple.,2.0,mscoco
35030,A woman holding a tennis racquet on a purple tennis court.,1.9,mscoco
283653,Several men standing around and working on a train that is sitting on tracks.,2.0,mscoco
9408,A group of skiers are standing in the snow with their ski equipment.,2.0,mscoco
91566,A plate holds a stack of cheesy bread sticks.,2.0,mscoco
335909,A woman cross country skiing in an open snow-covered area.,0.5,mscoco
48288,A car dashboard with a LED display and a plush rabbit ,2.0,mscoco
55723,A tennis player leans into her stroke on the court,2.0,mscoco
490851,A High flying skier is doing a mid air flip.,1.7000000000000002,mscoco
112770,Two cats are sleeping on a wood dock.,0.5,mscoco
31142,A couple cutting their wedding cake together with a knife in their hands,1.8333333333333333,mscoco
17975,Employees working in an airport transferring baggage from the airplane to the carts.,2.0,mscoco
518584,A large brown dog eating food out of a box.,1.5,mscoco
304530,A crowded street is shown with shops and apartment buildings.,2.0,mscoco
527623,An elephant is eating hay with another elephant.,0.5,mscoco
133879,Pizza with a lot of toppings in a pizza box ,2.0,mscoco
285660,A group of cows are laying on a beach,2.0,mscoco
558454,a tennis player with a tennis racket getting ready to swing,1.75,mscoco
125662,A blue and white bus driving down a street near trees.,1.8333333333333333,mscoco
143125,A man with an umbrella standing with a woman in a park.,2.0,mscoco
296699,A photo taken from a car looking at a herd of sheep in the road.,1.375,mscoco
70408,a red blue and white sign and some people on a street,2.0,mscoco
432868,The lower half of person riding on a skateboard.,1.6666666666666667,mscoco
445628,A bird is standing on a bird feeder while another bird sits in the shadows.,1.2999999999999998,mscoco
337687,"A restaurant sign that reads ""S & D Restaurant & Bar.""",1.5,mscoco
75624,Young girl sitting on bed playing with remoter game control.,1.6666666666666667,mscoco
31281,man with surfboard standing next to giant rock face,1.6666666666666663,mscoco
19391,A yellow kitchen with white cabinets and a sink.,2.0,mscoco
538857,A street with cars parked on the side and a Cathedral at the end.,1.875,mscoco
103699,Male skateboarder in mid air doing a jump.,2.0,mscoco
375611,Street signs posted at an intersection of Spokane St. and Courtland Pl.,1.0,mscoco
542888,A woman wearing sunglasses and smiling with her phone.,2.0,mscoco
236593,A bicycle parked in red bicycle rack on sidewalk.,1.3333333333333333,mscoco
541771,Living room with TV playing and view of a hand in the picture.,1.4166666666666663,mscoco
60812,a male in a white shirt is riding a brown and black horse,1.875,mscoco
243558, A market area with people and many crates of fruit.,2.0,mscoco
426523,Children playing wiffle ball in a back yard ,2.0,mscoco
160893,Man applying pasted to tooth brush in park.,0.3333333333333333,mscoco
87096,A man standing inside of a store behind piles of ripe bananas.,2.0,mscoco
46941,A small child is sitting on the couch playing with a phone.,2.0,mscoco
30299,A group of people are playing volleyball on a beach.,2.0,mscoco
134562,A flock of pigeons fly past a clock tower.,2.0,mscoco
243500,A black dog holds a red Frisbee in its mouth.,2.0,mscoco
374288,A plate of food has vegetables and meat.,2.0,mscoco
514369,a view of the tunnel of an inside trains station ,1.875,mscoco
344579,A skier can be seen making their way down the slope.,1.5714285714285716,mscoco
278171,Boy gives two thumbs up next to train track while holding ski poles,1.5,mscoco
242964,Fans gather outside a sporting event to support their team.,2.0,mscoco
342260,A group of athletes ski along a trail.,2.0,mscoco
113389,An orange cat is looking up at the camera.,1.8333333333333333,mscoco
175263,Toilet seat inside door of a passenger compartment.,2.0,mscoco
4175,a tennis match is being played on a blue court ,0.625,mscoco
40458,A woman holding a pink umbrella next to a bald headed man.,1.75,mscoco
283720,Blurry photograph of a cat watching the television ,0.5,mscoco
96711,A woman eating a sandwich on a bench near the street.,1.9,mscoco
549447,Sheep and goats living in an enclosed area.,1.5,mscoco
342742,"a pizza with ham, cheese and green onions",2.0,mscoco
366931,an image of a family celebrating a childs birthday,2.0,mscoco
532631,Three zebras grazing on grass in a field,2.0,mscoco
564493,"Street view of a home, electrical posts and a street sign",1.6428571428571428,mscoco
187525,A woman feeds birthday cake to a baby in a high chair.,1.9,mscoco
531070,a zebra standing on some dirt and bushes and trees,2.0,mscoco
97591,Two people are riding an elephant walking through the water.,1.875,mscoco
563250,A small airplane is parked on a runway.,1.8333333333333333,mscoco
387595,a close up of a garbage truck on a city street,2.0,mscoco
263450,A person is grabbing a bowl of food in the oven.,2.0,mscoco
326863,a yellow white and black train on its track,2.0,mscoco
475421,A sandwich and smoothie on a table at a restaurant.,2.0,mscoco
128248,A bathroom setting with garden tub and pedestal,2.0,mscoco
178426,A person is kite surfing in the water. ,2.0,mscoco
523639,a man eating a doughnut next to some baby toys,0.0,mscoco
535981,A dog that is standing on top of a fire hydrant.,1.8333333333333333,mscoco
182834,A living room filled with lots of furniture and a red stair case.,2.0,mscoco
189565,A bathroom sink under a large mirror next to a yellow wall.,2.0,mscoco
16928,Rusted scissors sticking out of a metal object in a backyard.,1.325,mscoco
379830,An owl sits in front of a chain link fence.,2.0,mscoco
321332,"A group of people standing around a table with pizza, wine and glasses on it.",1.5,mscoco
6964,Two men standing close together examining some red wine.,1.6666666666666663,mscoco
574216,"A advert featuring a stop sign and the slogan ""the attack on worker rights"" ",1.75,mscoco
305576,A man holds a plate of food while he works on a laptop.,1.7083333333333337,mscoco
13988,A grassy field with two white horses and trees.,2.0,mscoco
7593,A man in black doing jumps on a skateboard,2.0,mscoco
56266,A salad and chocolate milkshake are sitting on a wooden table. ,2.0,mscoco
86588,A boy prepares to swing his bat during a baseball game.,2.0,mscoco
96073,a hand is holding some scissors with a green handle,1.75,mscoco
509000,A black and white cat is playing with a toy carrot.,0.5,mscoco
260230,Hot dogs and hamburgers being cooked on a gas grill.,2.0,mscoco
252894,A skateboarder performs a trick off of a ramp. ,1.75,mscoco
187064,A clean living room is seen in this picture.,2.0,mscoco
556342,The familly is playing soccer  on the dirt field.,1.75,mscoco
132001,a mac mouse and keyboard on a desk,1.6666666666666667,mscoco
94340,Adult cat lounging on cream colored leather chair in living area.,2.0,mscoco
195768,A person on a skateboard riding a wave in the ocean.,2.0,mscoco
184148,A large clock of big ben in london uk,1.0,mscoco
226693,A giraffe is in a fenced enclosure beside some trees.,2.0,mscoco
163707,Black and white photo of a bench in a park,2.0,mscoco
234468,Smal blue and green cake sitting decorated on a table with other party favors.,1.8333333333333333,mscoco
534353,Horse jumping over an obstacle on a course with a rider.,2.0,mscoco
132646,A gray cat is very close to a blue drinking bottle.,1.5,mscoco
27871,Four people compete on horseback playing playing polo.,1.875,mscoco
113493,An adult poses with a young child on the sidewalk for a picture.,2.0,mscoco
169638,The fried rice has vegetables and meat in it.,1.95232516222062,mscoco
271842,A fighter jet flying through a cloudy sky.,2.0,mscoco
273379,A large double decker bus stopping at a bus stop.,1.6666666666666663,mscoco
154145,A male tennis player swinging his tennis racket.,0.5,mscoco
290628,A yellow and blue bus parked at a passenger station.,2.0,mscoco
150151,A woman in sun glasses standing beside a parking meter.,1.875,mscoco
27974,A living room with wooden floors and large tv,2.0,mscoco
499786,Water flows out of fire hydrant into street.,2.0,mscoco
135482,A small living room has a fire place and two couches.,2.0,mscoco
557251,Two cross-country skiers with backpacks on a snowy trail.,1.8333333333333333,mscoco
413070,A white bath tub sitting under a bathroom window.,2.0,mscoco
193878,A person is riding a bike down a stone road.,2.0,mscoco
526887,A person rides a surfboard on quiet waters.,1.7888888888888888,mscoco
137717,A group of elephants on ground next to a body of water.,2.0,mscoco
491526,A double decker bus drives down the city street.,2.0,mscoco
527196,Two men standing in the field while holding a kite. ,1.9166666666666663,mscoco
547636,A large water bottle is on a table in a kitchen. ,1.8888888888888888,mscoco
152019,A soccer player is kicking the ball during a game.,0.375,mscoco
471774,Skier posing for photo while standing on slope near wooded area.,2.0,mscoco
473928,A view of a baseball game as a pitcher is throwing a pitch.,1.8333333333333333,mscoco
291107,Two men placing bunches of bananas on a cart.,1.7857142857142856,mscoco
20671,a man sits in a trunk while petting a dog ,2.0,mscoco
27622,A man cutting a cake surrounded by small children.,2.0,mscoco
175231,a platform bed in neutral colors on a shag rug,2.0,mscoco
379966,Large black dog with an orange frisbee in its mouth. ,2.0,mscoco
556715,Many different fruits and veggies are placed on a table. ,1.8,mscoco
468985,Woman eating a big hot dog on a bun.,-1.0,mscoco
232614,a small bird on a tree branch surrounded by leaves,2.0,mscoco
498765,A man sitting on a couch holding food in his hands.,2.0,mscoco
85187,A motorcyclist rides through an arch in a town. ,2.0,mscoco
538149,a lined up row of teddy bears near a stair case ,2.0,mscoco
76588,A siamese cat laying on top of a white sink.,2.0,mscoco
217591,Little boy pointing remote toward of camera and pushing button,1.6666666666666663,mscoco
478257,Group of children sitting at table eating pizza off plate,0.5,mscoco
38372,A dog sitting on a wooden chair in a garden.,2.0,mscoco
357895,A man holding up a colorful stunt kite while his son looks on.,1.875,mscoco
60720,The two men in black shorts are competing during a Frisbee game.,-1.0,mscoco
325328,A pizza is seen with a glass of wine on a table.,1.8333333333333333,mscoco
395284,a man eating a pizza with a fork,1.6,mscoco
145288,an old photo of a group of people riding horses,2.0,mscoco
224272,An alley with old houses and a car and bicycle nearby,1.7,mscoco
5947,A group of four planes flying in formation.,1.5,mscoco
101014,A couple of plates filled with different foods.,2.0,mscoco
458328,The young puppy was put in the toy car.,2.0,mscoco
547338,A large field with several sheep grazing in the grass.,2.0,mscoco
309003,Man sitting in library with headphones on using open laptop,2.0,mscoco
424668,A new white toilet being installed in a room with newly installed dry wall.,1.692063492063492,mscoco
168650,A woman sitting in a bed with a laptop on her belly.,2.0,mscoco
130017,An elephant that is walking in an enclosure.,1.1666666666666663,mscoco
312961,A water skier being pulled off a ramp in the air.,1.4666666666666668,mscoco
46073,a close up of a bicycle with a rear view mirror,2.0,mscoco
532535,The partial view of a living room with a small flatscreen tv.,2.0,mscoco
442962,A smiling man is sitting on a motorcycle.,2.0,mscoco
476175,A shell pasta and broccoli dish on a green plate.,1.9166666666666663,mscoco
137115,Several kites are being flown side by side in a dark sky.,1.875,mscoco
52376,Two women standing next to each other looking at a phone.,1.9375,mscoco
438025,Trucks parked near hilly area with small rainbow in low cloud.,1.8333333333333333,mscoco
406579,A yellow and red bus on street next to a building.,2.0,mscoco
86530,A person stands next to a disc golf goal.,1.75,mscoco
455279,A person sits in the snow in front of a snowboard.,1.4,mscoco
215107,A female professional tennis player preparing to serve the ball,1.5833333333333337,mscoco
409351,People ride a mock steam engine around a track. ,2.0,mscoco
523230,Two older men sitting on a bench at a park holding crutches.,2.0,mscoco
98983,A baseball player is getting ready to hit a ball.,1.8333333333333333,mscoco
250276,An older woman is petting her white horse.,2.0,mscoco
397036,A large clock on a metal tower in front of a shopping center.,1.6666666666666667,mscoco
155373,a surfer in blue trunks is surfing on a white board,2.0,mscoco
494269,A white bathroom with a toilet and sink.,1.8333333333333333,mscoco
467961,A child's bedroom has plenty of storage space and a small chair.,1.8333333333333333,mscoco
107858,An ad showcasing a rubber grip and wrist handle for a wii remote,1.5,mscoco
93675,A piece of blue luggage sitting on the ground next to a  person.,1.5,mscoco
253956,A man in jacket and bow tie standing in grassy area.,2.0,mscoco
367998,A street sign is shown on a pole.,2.0,mscoco
92649,A man holding a surfboard next to a beach.,2.0,mscoco
484026,Two black birds sit on a log bench near the ocean.,2.0,mscoco
562205,A gray cat scratching its mouth next to a cup.,1.8333333333333333,mscoco
154816,A boy swinging a baseball bat during a game.,2.0,mscoco
306412,A woman is standing next to a wall with a blue umbrella.,2.0,mscoco
143064,Snowboarder on artificial ramp about to launch and attain air,1.6666666666666667,mscoco
118406,The soccer player jumps to hit the ball with his head. ,1.9,mscoco
327392,Panorama photograph of people in an indoor market area.,2.0,mscoco
294620,A torbie cat sits on top of a car.,2.0,mscoco
537770,Two people are standing next to each other and one in a black suit is talking at a podium.,1.625,mscoco
358291,A laptop and a computer keyboard on a wooden desk.,1.5833333333333337,mscoco
109622,a bicycle sitting next to a park bench,-1.0,mscoco
38923,A large group of motorcycles parked along a street.,1.8333333333333333,mscoco
224000,A herd of sheep cross a dirt road.,2.0,mscoco
257971,A man plays Wii while two other men sit on the couch and watch.,1.25,mscoco
104625,A white cat is sitting in front of a television,2.0,mscoco
90683,Two wooly sheep are on top of a hill.,2.0,mscoco
79660,Men riding on elephants in a parade while people watch. ,2.0,mscoco
559760,"2 men smile, standing in front of giraffes in an enclosure.",0.4166666666666666,mscoco
538533,Street sign at the corner of Spencer and 6th Street.,-0.5,mscoco
525058,"Four people are standing outside a large ""Sone"" building. ",1.5,mscoco
308528,A white and tan cat is sitting intertwined with the strap of a handbag.,1.5833333333333337,mscoco
426838,Carrots and potatoes are on the plate of vegetables.,1.6666666666666663,mscoco
209195,A person is flying a large kite in a park,2.0,mscoco
30796,A double decker bus at night on a London street.,2.0,mscoco
329084,Small white vehicle with a white dog looking out window.,1.3333333333333333,mscoco
197941,Bench and window with shutters with bricked wall,2.0,mscoco
539317,A pair of boats on water near the coast.,1.6666666666666663,mscoco
32149,A woman wearing a red shirt swinging at a tennis ball.,2.0,mscoco
556633,Bedroom with large tub and sink in corner.,1.5,mscoco
528374,man with skull decorated surfboard eyeing the ocean,1.8333333333333333,mscoco
111099,A city pier with benches to enjoy the view,2.0,mscoco
402762,A man riding a brown horse down a dirt road.,1.8,mscoco
290827,A train pulls up to an empty platform.,1.8333333333333333,mscoco
254997,A large long red train on a track.,1.5,mscoco
461940,Four Blue Angel jets are flying in formation.,2.0,mscoco
299442,A bus in Japan has anime characters painted on its sides,1.8,mscoco
8644,A fire hydrant that is sitting on the sidewalk.,2.0,mscoco
296712,Two high speed trains on the rail tracks.,2.0,mscoco
57992,Two black horses running on a hill with trees in the background.,2.0,mscoco
203887,a sink with an under cabinet in a bathroom.,2.0,mscoco
167588,An old picture of a passenger air plane on the runway.,1.8333333333333333,mscoco
139500,Many dogs and people are on a large field. ,1.75,mscoco
364436,A man is sitting on a snowy hill with skis  in his hand. ,1.7083333333333337,mscoco
496746,"Carrots, broccoli, oranges, and ham are arranged in small containers.",1.8333333333333333,mscoco
241422,A baseball player winding up to swing the bat.,2.0,mscoco
375128,Night time scene of pathway in snowy area.,2.0,mscoco
371633,A male surfer rides a large wave on his surfboard.,2.0,mscoco
475580,a red double decker bus parked on a street,2.0,mscoco
25461,An oriental musical group gathered in a field.,2.0,mscoco
249730,Several skiers of different ages standing on a ski slope.,2.0,mscoco
158897,A photo of a bunch of wedding cakes on a table.,2.0,mscoco
546693,Several zebras walking across brown grass near trees.,2.0,mscoco
461634,The dish of rice and mushrooms is inside of a microwave.,1.6666666666666663,mscoco
259761,A group of school children gathered around a birthday cake.,2.0,mscoco
434856,Group of zoo animals standing beside a tree line. ,-1.0,mscoco
131060,A teddy bear that is sitting on a tree branch.,2.0,mscoco
392526,A man with a hat is eating a pastry in a busy street.,1.9,mscoco
406377,A train trailing a plume of white smoke crosses a bridge.,1.8333333333333333,mscoco
103008,A group of lambs walking along a fence row in a field.,1.875,mscoco
12567,a rear view window of a red vehicle.,1.4166666666666663,mscoco
387575,Two giraffes in a zoo enclosure eating leaves. ,1.4285714285714286,mscoco
248925,A man in yellow shirt riding a white surfboard on wave.,2.0,mscoco
134042,High flying jet plane as seen from ground on cloudy day.,1.8333333333333333,mscoco
161597,Assortment of vases displayed on table at outdoor market.,2.0,mscoco
442218,A bowl with a sandwich and wine bottles in the background.,1.7459193870752832,mscoco
352553,A small bathroom with the toilet seat up and a white and blue towel hung on the wall. ,1.0,mscoco
97914,a number of plates of food on a table near a wine glass,1.75,mscoco
303873,A clock can be seen on the exterior of a building.,0.5,mscoco
115037,"Pens, scissors, markers and other assorted clerical tools.",2.0,mscoco
187709,A baseball player getting ready to swing at the ball. ,1.9285714285714288,mscoco
124567,A cat sitting on top of the passenger seat of a car.,1.325,mscoco
6031,A man in a suit and tie standing behind a table.,2.0,mscoco
497608,A hawk sitting on top of a speed limit sign,1.3833333333333333,mscoco
289034,Engine and very long freight train at a siding.,2.0,mscoco
160245,a white horse with a white cover and some grass,1.25,mscoco
301484,a group of people riding in a horse drawn carriage,2.0,mscoco
524167,Several people standing by surfboards on a beach.,2.0,mscoco
343643,A bus is shown with a line of people next to it.,2.0,mscoco
244026,Women eating bananas at a large table ,2.0,mscoco
409173,A cat laying on a blanket at the end of a bed.,2.0,mscoco
557552,Many motor bikes are parked along a city street.,1.9166666666666663,mscoco
221042,Three blue vases with yellow flowers on a tablecloth.,1.75,mscoco
218031,A cat is standing with its head against a door.,2.0,mscoco
205850,A large black and gold clock with a statue on top,2.0,mscoco
243446,a giraffe putting its head on another giraffe ,0.25,mscoco
484150,A man stands with a child playing in a park.,2.0,mscoco
430850,Yellow flowers are placed in a vase on a marble table.,1.8333333333333333,mscoco
255322,Two women are holding a large bowl filled with donuts.,1.625,mscoco
258017,A large bedroom with art over the bed,2.0,mscoco
48169,a tennis player swinging a racket at a ball,0.1666666666666666,mscoco
109390,A kitchen with white cabinets and stainless steel stove.,2.0,mscoco
270898,A balcony with bells and a clock over top of a Great Britain flag.,1.6666666666666667,mscoco
283222,Back view of a skier with red skis on the snow.,1.7857142857142856,mscoco
354361,An old record player sits on a table.,2.0,mscoco
11188,"Long stemmed plant with flowers, white wall and stone floor.",2.0,mscoco
41913,an image of a table of bananas for sale,2.0,mscoco
106290,A man standing next to a blond woman in a tux.,2.0,mscoco
381123,A rainbow of kayaks arrayed on the sand flats at the water's edge.,2.0,mscoco
487898,Young girl playing with a soccer ball inside the house.,2.0,mscoco
499324,a bathroom with a toilet and shower inside of it ,1.7,mscoco
462890,A small child is holding a toothbrush while lying down.,1.8166666666666669,mscoco
59232,A cat curled up asleep in an open backpack.,1.9057971014492756,mscoco
124397,An older man and a small child sitting together with the small child pushing buttons on a flip style cellular phone the man is holding.,1.625,mscoco
207178,Man and young boy posing for photo during ski outing.,1.75,mscoco
378661,Professional baseball player swinging at the ball during a game. ,2.0,mscoco
28494,A group of zebra standing in a grass field.,2.0,mscoco
99184,Keeper holding a soccer ball while other players walk around him. ,1.6607142857142856,mscoco
188151,A group of skiers pose for a picture.,2.0,mscoco
1739,An old green truck with a cover partially on it.,1.625,mscoco
70097,a lot of old suitcase out side of a building,1.6666666666666667,mscoco
501966,A dated kitchen is ready for an upgrade.,2.0,mscoco
408840,Articulated bus and taxi in light traffic crossing an intersection.,1.75,mscoco
349579,"A street sign that says, ""Schwalbenstrasse"" in Germany. ",1.25,mscoco
334251,A modest living room is lit by two lamps.,1.25,mscoco
116750,a train car parked in a train yard,2.0,mscoco
170021,A train sitting on the tracks at night.,2.0,mscoco
226825,a woman is riding a bicycle down a street,2.0,mscoco
503207,A brown bear walking across a snow covered field.,2.0,mscoco
133994,A yellow and blue train stationary at a train station.,2.0,mscoco
7570,Small television and desk with computer in room with hardwood floors,1.8333333333333333,mscoco
164262,A female tennis player backhands a tennis ball.,2.0,mscoco
530211,An ocean beach crowded with swimmers and sunbathers,2.0,mscoco
111103,an image of a kitchen setting with steel bench,2.0,mscoco
229208,A suit and hat are depicted hanging against a stark white background.,2.0,mscoco
504108,A woman talking on a cell phone while holding a bowl of cereal.,0.3333333333333333,mscoco
127971,Three fireman test the fire hose on the truck. ,1.6666666666666663,mscoco
431052,A tennis player jumps to return the ball to his opponent.,0.5,mscoco
320483,People are standing at a busy city crosswalk.,2.0,mscoco
187473,A truck is stopped at a red light in an intersection.,0.5,mscoco
284290,"Fried stuffed chicken legs, carrot salad and cucumbers",2.0,mscoco
29913,A fire hydrant with a pair of eye stickers making a face on it.,1.5,mscoco
79212,Baseball players playing a game of baseball in front of a crowd.,2.0,mscoco
139686,A man swinging a tennis racket at a ball.,1.8333333333333333,mscoco
416450,Two businessmen are sitting at a table looking at a cell phone.,2.0,mscoco
166370,A large building displays a figure and clock.,1.4166666666666663,mscoco
362312,A herd of zebras grazing in an open field.,1.8333333333333333,mscoco
507904,Toilet with no lid in corner of bathroom with bottle sitting on back,1.5833333333333337,mscoco
276918,Two adult giraffes and a child giraffe standing near a tree. ,1.4166666666666663,mscoco
97759,A black and white photo of pedestrian traffic at an airport.,1.4285714285714286,mscoco
287578,a desk with a laptop and monitor connected with a keyboard ,1.7333333333333334,mscoco
444619,Large number of motorcyclists all wearing the same style clothing. ,2.0,mscoco
407879,"A pizza with meat, cheese and tomato sauce.",2.0,mscoco
89555,A cat is asleep on top of a bed.,2.0,mscoco
283199,A small brown and red bird sitting on a wire by an apple tree.,1.8333333333333333,mscoco
65520,A small teddy bear is sitting by the pillow on the bed.,2.0,mscoco
230964,A young person attempts to skateboard along the wall.,1.5833333333333337,mscoco
188946,a person in full ski gear standing on skis,0.5,mscoco
405778,Two zebras are grazing in an open field of grass.,1.7999999999999998,mscoco
191981,A skateboarder does a trick at the top of the ramp.  ,1.8333333333333333,mscoco
411844,A large passenger jet laying on an airport runway.,2.0,mscoco
462785,A mother and child flying a kite in a field,2.0,mscoco
446863,A man holding a surf board while standing on rocks at the ocean,2.0,mscoco
402569,"Several lunch items on a table, including a sandwich, and apple, macaroni and cheese, and two drinks.",2.0,mscoco
496153,A large tall building with a clock on top.,1.7083333333333337,mscoco
234914,A grey picnic table with umbrella is placed in front of a row of food trucks.,1.8,mscoco
123013,A woman in a green tank top holds a pink Frisbee.,1.5296343001261037,mscoco
24571,A baseball player holding a bat next to home plate.,1.8333333333333333,mscoco
169321,Antique military plane sits on beach near open waters.,2.0,mscoco
386279,A person on a bike on a city street.,2.0,mscoco
8979,Female tennis player lunges forward aiming to hit the ball. ,0.5,mscoco
104046,A family that is walking the street holding black umbrellas.,2.0,mscoco
233327,A black and yellow bird perched on a branch.,2.0,mscoco
166865,A tall clock is in front of a building.,1.0,mscoco
219487,Two men in shorts and baseball caps play Frisbee.,1.8333333333333333,mscoco
401112,A gray cat is stretched out on a blanket.,2.0,mscoco
230179,A man on a skateboard about to land a trick.,2.0,mscoco
220292,Two tabi cats laying on a red suitcase on a bed.,1.5,mscoco
91371,A small boat sitting on top of a beach near water.,1.9,mscoco
49611,A beach with several row boats at the shore.,2.0,mscoco
192406,Several green buses parked in a parking lot with people walking by,1.4166666666666663,mscoco
41369,Person on skateboard on sidewalk passing newspaper boxes.,1.6166666666666667,mscoco
319965,a dog wearing a lifejacket while surfing in the water,2.0,mscoco
487191,Two adult elephants and a calf inside their enclosure.,2.0,mscoco
69364,A cat lays next to the keyboard of a laptop.,2.0,mscoco
543689,Group of people walking on a busy city street center. ,2.0,mscoco
147246,A bed sits in a dim lit room with sheer curtains.,2.0,mscoco
188343,A modern residential bathroom with walk in shower,1.8,mscoco
217252,Photo of kitchen with stainless accessories and an island with books.,2.0,mscoco
45785,A person is walking with an open umbrella near a large dog.,1.8333333333333333,mscoco
236288,A man in a red jacket holding onto two tennis rackets. ,0.1999999999999999,mscoco
15,A red car and a white sheep.,2.0,drawbench
485547,Kites and banners with grass and crowd in park,2.0,mscoco
347967,"Shelf with bird, vase, tin and picture frame.",2.0,mscoco
190601,A dog sits on an animal-print cushion and chews a toy.  ,1.5833333333333337,mscoco
140691,A herd of giraffe standing on top of a lush green field.,2.0,mscoco
463588,A small group of horses graze in an open field.,1.7000000000000002,mscoco
92428,A man swinging a baseball bat during a baseball game.,-1.0,mscoco
3432,A man jumping in the air with a skateboard.,0.375,mscoco
307894,A man and woman playing a Wii game while others watch. ,1.3333333333333337,mscoco
95822,A pair of parking meters in front of a parking lot.,2.0,mscoco
323705,Gold clock stand in a large stone building.,2.0,mscoco
384333,A small elephant standing next to a bush.,1.8125,mscoco
207634,A man with a guitar case in front of a store talking on a  phone,1.3333333333333333,mscoco
83407,"A ""blue"" stop sign on a street corner near a parking lot.",0.1666666666666666,mscoco
138368,A woman hitting a tennis ball with a tennis raquet on the court,0.5,mscoco
190868,A yellow train is pulling many dark cars with it.,1.55,mscoco
89258,A green vase with white flowers in sitting on a counter. ,2.0,mscoco
432762,Man in pink shirt and jeans sitting on a blue bench. ,1.8,mscoco
511963,A very cute bed room with a bed and a couch.,1.75,mscoco
430665,A street sign with pictures of frogs on them,2.0,mscoco
128,A carrot on the left of a broccoli.,0.5,drawbench
198205,A brown and white cow in a field of grass and yellow flowers.,1.9,mscoco
477688,A group of motorcyclists waiting at the beginning of a track.,1.5357142857142856,mscoco
80916,A bathroom with black tile and a blue shower curtain.,1.1666666666666663,mscoco
216480,A black cat is sitting on an office chair.,2.0,mscoco
51550,Two large giraffes stand together at a zoo,1.375,mscoco
141005,Two women smile with a man sitting in a hospital bed.,1.5833333333333337,mscoco
104454,A solid white cat laying on a blue blanket.,2.0,mscoco
451987,A man in a red shirt stands next to a yellow drink mixer.,2.0,mscoco
132067,A dorm or apartment bedroom is pictured with posters and a computer.,1.8333333333333333,mscoco
264382,A pitcher throwing a baseball in front of a crowd.,1.8,mscoco
399528,A man and woman pose with a dog wearing a hat.,1.125,mscoco
257575,A man in glasses is holding a wine bottle next to a woman with a wine glass.  ,2.0,mscoco
62389,The small bathroom floor is currently under construction.,1.6428571428571428,mscoco
537408,A man standing by a horse drinking water. ,1.875,mscoco
483304,Four tennis players are competing on a tennis court.,1.5,mscoco
160652,A man in a green tee holding an umbrella,2.0,mscoco
155823,A little girl playing with a base ball and glove,0.5,mscoco
379462,A traffic sign is next to green foliage.,1.75,mscoco
118745,A baseball player is attempting to hit the ball. ,1.8333333333333333,mscoco
423534,View of kitchen shows microwave across from refrigerator.,1.8333333333333333,mscoco
331085,Long distance shot of boat traveling through open bay in front of an island.,1.9,mscoco
235842,A black and white cat sleep in a bowl on a counter.,2.0,mscoco
372009,A teddy bear lying on a bed with a bird themed cover.,1.775,mscoco
297574,A plate of cheesey pizza on a blue plate,2.0,mscoco
255003,A large animal-like kite is flown at a crowded park.,1.8333333333333333,mscoco
177959,A giraffe and a Zebra are together in a fenced area. ,-0.25,mscoco
60324,A yellow and blue bus parked in front of a building.,1.6666666666666663,mscoco
66632,Fresh carrots on cabbage leaves on a formal place setting,1.9,mscoco
112882,A kitchen with a white refrigerator freezer next to a microwave.,1.6666666666666667,mscoco
294954,People standing next to an old fashioned locomotive.,2.0,mscoco
445592,An unmake bed has white covers and is near a wood dresser.,1.5,mscoco
205317,Man in colorful shorts surfing on a surfboard.,2.0,mscoco
523252,The long steam train sits at the station.,2.0,mscoco
524216,A large white bus driving down a street next to a sign.,1.25,mscoco
352063,A beach with various people in water or flying kites.,2.0,mscoco
506955,A cat drinking water out of a plastic cup.,1.5,mscoco
177977,A white stove top oven sitting in a kitchen next to a doorway.,1.8333333333333333,mscoco
280084,A person is snowboarding in a snowy wooded area.,2.0,mscoco
338317,There are people that are walking on the street,1.9,mscoco
297570,Several people gather on a beach and fly kites,2.0,mscoco
281125,An orange suitcase sits alone on a city street.,2.0,mscoco
503875,A group of people in green canoes on a river. ,2.0,mscoco
406332,A bear hugging another bear on a rock in the river ,1.7083333333333337,mscoco
256075,This is a bus with a massive advertisement on the side.,2.0,mscoco
195180,a boy on a skate board doing a trick on a rail,0.3333333333333333,mscoco
73434,A woman standing next to a bag of luggage in a  kitchen.,2.0,mscoco
245550,Horses grazing on grass in high altitude field.,2.0,mscoco
99004,crowd of people looking at hundreds of kites,1.875,mscoco
48789,A baseball player hitting a ball in a game.,2.0,mscoco
438024,Boats on a canal of water going between rows of buildings.,2.0,mscoco
465942,a close up of a person talking on a cell phone,1.8,mscoco
496902,Children eating pizza at a child's birthday party.,2.0,mscoco
429318,many different wooden boxes suitcases  stacked on top of each other,1.8888888888888888,mscoco
280062,Ski instructor wearing bright red ski suit with five small children on snow boards,2.0,mscoco
579614,A photo of a street between two buildings.,1.9508020344287949,mscoco
505058,A pair of surfers carry their boards along the shore.,1.8333333333333333,mscoco
306722,A close up of two bananas and several oranges.,1.7142857142857142,mscoco
495367,Man riding a wave on a surf board.,2.0,mscoco
311366,Two people that are walking with snow skis on.,1.875,mscoco
76081,A family sitting down at a table in a restaurant.,2.0,mscoco
449093,Cattle drink water at a shaded stream under the trees.,1.875,mscoco
294679,A laptop computer on a desk with strips of crepe paper on the keyboard ,1.6666666666666667,mscoco
270512,An airplane parked at the loading dock in an airport.,2.0,mscoco
313768,This is an image of a clock tower next to a lake.,1.6690140845070425,mscoco
81200,An elderly couple celebrate a birthday in a restaurant with a cake and candle.,2.0,mscoco
172156,a person is skiing down the slopes on skis,2.0,mscoco
342109,A table with doughnuts and flowers in vases ,2.0,mscoco
54442,A young person runs along the bases in a baseball game.,2.0,mscoco
528243,An older woman rides a bicycle on a brick street.,2.0,mscoco
88084,A red and white painted fire plug on the sidewalk.,1.9,mscoco
5088,A private sized airplane that is on a runway. ,2.0,mscoco
403950,a group of zebras standing next to a wire fence,1.934485702091336,mscoco
137810,a black and white picture of an intersection from above.,2.0,mscoco
71815,A tennis player preparing to hit the tennis ball.,1.5,mscoco
436288,Adults and children sitting on a bench outside with a dog.,1.9166666666666663,mscoco
437676,A living room is filled with mostly modern furniture.,2.0,mscoco
287904,Two men play with a flying disc on an outdoor field.,-1.0,mscoco
521682,Two street signs are displayed right next to a stop sign.,1.6666666666666667,mscoco
227928,A surfer on his surfboard performing a move.  ,2.0,mscoco
123239,A street sign shows drivers where to pay to park.,1.25,mscoco
22563,some purple flowers are in a green vase,1.5,mscoco
173150,Two chocolate glazed donuts and a twist pastry on a white plate.,1.125,mscoco
479612,A Sharp white colored microwave on a tabletop,2.0,mscoco
21023,A bright orange flower sits in a blue vase.,1.8,mscoco
146469,Three men competing in a down hill snow board race. ,1.75,mscoco
196112,A sandwich and french bread sit on a cutting board with an apple.,1.375,mscoco
104410,Two toilets sitting next to each other in a  bathroom.,2.0,mscoco
72615,A group of people in room playing a game with Nintendo Wii controllers.,2.0,mscoco
458960,A man with a beard glasses and hat in a blue shirt,1.875,mscoco
251856,A surfer is separated from his board as waves head toward him.,1.6666666666666667,mscoco
265490,"A bathroom showing sink, toilet, and shower ",2.0,mscoco
365386,A train with several cars is on a train track. ,2.0,mscoco
511373,An old red colored bus with union jack flags on it,2.0,mscoco
422560,A snowboarder performing a trick off a snow covered log.,1.6666666666666663,mscoco
243386,A shower equipped for a physically challenged person with a shower chair,1.5,mscoco
453216,A group of people are on skateboards on an empty city street.,2.0,mscoco
330054,A giraffe is standing in the grass under a palm tree.,2.0,mscoco
240501,Bathroom with pink walls and white toilet and sink,2.0,mscoco
122302,Several rows of bicycles and scooters parked next to a street.,1.6666666666666667,mscoco
443179,An aerial view of a park bench and trash can in the grass.,1.8333333333333333,mscoco
533454,A female tennis player gets ready to serve the ball. ,1.2,mscoco
24446,A picture of a man skateboarding on the street.,2.0,mscoco
232311,A skateboarder riding at the edge of a bowl.,1.6666666666666667,mscoco
196351,a group of people sitting around a long table,2.0,mscoco
538243,Two giraffes in a rock enclosure at a zoo.,2.0,mscoco
44751,Group of people around laptops in coffee shop,2.0,mscoco
408393,a number of zebras in a field with trees in the background,2.0,mscoco
414002,Four people standing in a kitchen near an open box of a cake. ,0.25,mscoco
490694,A laptop and books sitting on white sheets on a bed. ,2.0,mscoco
66338,A group of horses stand beside water and grass.,1.991379310344828,mscoco
510813,A team of small children play baseball behind a chain link fence.,0.4927536231884057,mscoco
420466,A giraffe is walking in a grass field.,2.0,mscoco
404592,three people sitting on a couch looking at their laptops ,1.7083333333333337,mscoco
247259,Five people sitting around a large table using their laptops.,1.25,mscoco
309706,a girl is sitting on a bench with a brown purse,2.0,mscoco
561100,Model airplane with an American insignia and stripes on wings.,1.9,mscoco
477410,"An adult elephant stands next to a small, baby elephant.",2.0,mscoco
290839,Two men on a blue boat with dog fishing.,2.0,mscoco
476054,A man doing a trick on a skateboard inside a restaurant.,2.0,mscoco
538596,A floor looks rounded in a neat clean living room.,1.8333333333333333,mscoco
102947,"A den with chairs, a table, couch and television.",2.0,mscoco
175102,A man wearing a red shirt is eating a hot dog in a restaurant.,2.0,mscoco
267969,Two people cross country skiing up a slope.,2.0,mscoco
84,"A large plant-eating domesticated mammal with solid hoofs and a flowing mane and tail, used for riding, racing, and to carry and pull loads.",2.0,drawbench
280420,A man in blue shirt windsurfing on ocean area.,1.8333333333333333,mscoco
295553,View of bananas freshly growing on the banana tree,1.8,mscoco
118,A laptop on top of a teddy bear.,2.0,drawbench
499631,A collection of teddy bears with a Christmas caroling theme. ,2.0,mscoco
258501,A water closet showing a toilet with open lid,1.5,mscoco
302193,A street light clock with torches lit around it.,1.0,mscoco
562807,A person about to surf of a surf board,2.0,mscoco
9017,Three dark brown doughnuts are on a plate.,1.6666666666666667,mscoco
282782,a group of cows grazing by the water,2.0,mscoco
359707,A man is jumping up and catching a Frisbee in a group of men. ,2.0,mscoco
204074,Competitors in a bicycle race passing through a town,2.0,mscoco
144831,A large airplane parked next to some vehicles.,1.875,mscoco
340174,a large group of pigeons standing around a patio,2.0,mscoco
461016,A large white boat with blue writing sits near several flags and red and white umbrellas on a busy beach.,1.9,mscoco
209015,A giraffe pokes its head through a cars sunroof.,2.0,mscoco
433504,A kitchen scene taken from a hallway looking at the table.,1.6666666666666667,mscoco
426911,A room attached to a kitchen that contains a computer and a TV.,1.5,mscoco
315314,A smiling couple cutting a white wedding cake.,2.0,mscoco
207500,A young person rides a snowboard down a hill.,2.0,mscoco
163939,A tin cup of noodles in water sitting in front of a computer.,2.0,mscoco
365927,A large commercial kitchen with lots of appliances,2.0,mscoco
183829,Several surfboards and people under ocean pier on beach.,2.0,mscoco
59075,A market with wooden benches selling bananas and baskets,2.0,mscoco
440844,Two people standing on a tennis court playing a game.,2.0,mscoco
168129,A large elephant standing in some tall grass.,2.0,mscoco
140946,"A metal street pole with illuminated walk image, no parking sign with a tow sign, one way sign, and turning lanes only sign with two curved arrows, with an awning, trees and office buildings behind.",1.0,mscoco
269502,tractor drives by decorated statue of a cow,1.5,mscoco
88897,A street crossing sign with advertisements attached to a buildings in the background.,0.6666666666666666,mscoco
302908,A man on a tennis court is playing tennis in front of a crowd.,1.75,mscoco
530741,A bowl of broccoli and white rice with a red sauce.,2.0,mscoco
385042,A black and white fire hydrant sits on the street.,2.0,mscoco
465354,Two people on skis standing on a snowy slope.,1.75,mscoco
459184,A man wearing a blue and white striped t-shirt looks out a window while talking on a cell phone.,1.8,mscoco
169646,A man and two women are looking at a laptop.,1.75,mscoco
201324,An small airplane sitting on a runway with building in the background.,2.0,mscoco
30143,A laptop computer on a desk with posters on the wall behind it.,2.0,mscoco
185015,a woman on an airplane eating from a bag of snacks ,1.75,mscoco
163506,Three people standing in the snow while one person wears a pair of skis,1.5714285714285714,mscoco
212351,A large jumbo jet flies through a cloudy sky.,2.0,mscoco
207803,City scape with harbor and boats in the foreground.,1.8333333333333333,mscoco
492772,A surfer stands on the beach looking at the waves.,2.0,mscoco
477797,A plate of cake and brownies sits in front of a plate of doughnuts.  ,1.75,mscoco
362369,"Competitive snow skier in red, white and blue outfit.",2.0,mscoco
545663,Two zebras are standing in an enclosure behind a fence.,1.9166666666666663,mscoco
137365,A child holding a large slice of cheese pizza.,2.0,mscoco
475024,A vase with red to orange flowers on a table,2.0,mscoco
150195,a white plate with some meat mushrooms and vegetables,2.0,mscoco
151840,Male tennis player holding racket with two hands in mid-swing.,0.5,mscoco
339006,A hitter prepares to swing as the ball approaches the plate.,2.0,mscoco
201168,a large tower with a clock inside of a church,2.0,mscoco
430804,Zebras and giraffes eat and rest on an open plain.,-0.75,mscoco
317458,A bedroom with a sunflower blanket on a blue bedspread.,2.0,mscoco
187,A sign that says 'Diffusion'.,0.8333333333333334,drawbench
241457,Popular area next to waterway with many kites in air.,2.0,mscoco
155118,A small fishing boat in the ocean .,1.5,mscoco
279457,A boy wearing green playing tennis while people watch.,1.75,mscoco
555263,A woman holds a pink bag with over sized eyes.,0.5416666666666667,mscoco
399298,A plate of stir fry is ready to be eaten.,2.0,mscoco
84463,A man is holding three used wine glasses. ,1.5833333333333337,mscoco
235163,Three young women are swimming on their surfboards.,2.0,mscoco
519716,a white cat sleeping in a wicker chair covered with a blanket,1.75,mscoco
5076,Large tree with wooden picnic bench in wilderness area,2.0,mscoco
441325,A person pouring a bottle of wine into a glass.,-1.0,mscoco
7489,A large commercial airplane flying in a clear sky,1.8333333333333333,mscoco
119027,A person wiping out on a surfboard on a wave.,1.8,mscoco
496324,A sub roll is stuffed with sliced and fried meat with sauce.,2.0,mscoco
573246,Large zebra standing near a tree in a zoo like environment,1.9,mscoco
534417,several surfers are at the beach in the ocean,1.675,mscoco
137301,"A desk with a monitor, laptop, mouse and books on it. ",1.8333333333333333,mscoco
167,Photo of a mega Lego space station inside a kid's bedroom.,1.8333333333333333,drawbench
81812,A group of people sitting around a dinner table.,2.0,mscoco
271035,Cat drinking water from a sink in a bathroom.,1.6666666666666663,mscoco
361439,A giraffe stretching its head over a log to eat weeds.,1.5,mscoco
44818,"A wood desk with a laptop computer, wireless keyboard and mouse and vase.",2.0,mscoco
441203,A rural road is occupied by farm vehicles. ,1.875,mscoco
399378,A clock tower with a steeple and a bell on it in a town square.,2.0,mscoco
300206,A man is surfing in a river while another person watches.,2.0,mscoco
380072,a pair of metallic scissors are on a white table,0.5,mscoco
413749,Two girls sitting on blanket near water with umbrella. ,2.0,mscoco
247124,A bowl of ramen soup sits on a table.,2.0,mscoco
554070,Skateboarder airborn while his feet remain on the board.,0.5416666666666667,mscoco
568311,A black and white picture of several buses driving down a street.,2.0,mscoco
294360,Snowboarder performing a trick midair during a run.,2.0,mscoco
67419,A small bird is perched on a branch in a tree.,2.0,mscoco
88859,A view of a baseball game with many players on the field.,2.0,mscoco
484758,"Voodoo donuts are decorated unconventionally, such as with Froot Loops.",2.0,mscoco
412880,Two giraffes standing by a tall pole with trees in the background.,1.9285714285714288,mscoco
184520,A woman in a tennis outfit about to hit a ball with a racquet.,1.4166666666666663,mscoco
266386,a picture of big ben and a subway sign,1.5333333333333332,mscoco
128842,"Kitchen with view of stainless stove, stainless sink, white countertop and white flour with black spots.",1.75,mscoco
511734,Police officers on motorcycles on roadway with large patriotic flags on back of motorcycles at outdoor event.,2.0,mscoco
330727,"Foreign sign in water reads ""Sok Kwu wan First Street""",1.2999999999999998,mscoco
287084,A man on a beach holding a surf board.,2.0,mscoco
534848,Two people with sports equipment are skiing on the snow.,2.0,mscoco
301927,"a plate full of turkey, vegetables, cranberry sauce, and stuffing",1.8333333333333333,mscoco
120519,A yellow stuffed bear sits on a child's bed by a pillows. ,2.0,mscoco
517139,A cell phone and a transaction receipt on a blue and gold damask cloth.,1.75,mscoco
567488,there is a skier with a purple uniform in the air,2.0,mscoco
532775,A man with glasses is sitting in his bed with his cat below.,2.0,mscoco
108123,The baseball player hits the ball with a strong swing.,1.375,mscoco
112836,A bowl with food sitting next to two glasses.,1.5,mscoco
401653,Wart hogs and zebras eating grass near each other,1.75,mscoco
135126,Bird covers its young chick while in the tall grass of a marsh.,1.9,mscoco
209200,Colorful food truck stopping for customers to order from,1.5,mscoco
400728,A dog sits in a basket on a bike.,2.0,mscoco
313848,a man is riding on a board at the beach,2.0,mscoco
58472,A modern style bathroom with blue tile and white fixtures.,2.0,mscoco
133,A zebra to the right of a fire hydrant.,1.5,drawbench
105518,Person skateboarding on the edge of an arena design for skate boarding.,2.0,mscoco
84740,An empty apartment room with a bed and computer desk.,1.5,mscoco
88244,Wooden desk and cabinet unit and electronics in an occupied hotel room.,2.0,mscoco
62941,A United Airlines jet flying in the blue sky.,2.0,mscoco
87227,"A plate of food with broccoli, radishes, rice and chips.",2.0,mscoco
558009,A zebra is standing in an enclosure in a zoo.,2.0,mscoco
62889,Many sheep are inside a wire fence near a large hill.,2.0,mscoco
217653,A tennis player throws the ball up to serve.,2.0,mscoco
89124,A group of men are playing soccer on a grass field.,2.0,mscoco
325472,A horse and foal in a fenced in field.,2.0,mscoco
373677,a building with a clock tower against a blue sky,2.0,mscoco
435688,Cupcakes and other baked goods on a table for sale,1.3333333333333333,mscoco
320533,A giraffe standing next to a small tree in the open plains ,0.5,mscoco
332322,A man wearing a yellow jacket and sunglasses snowboarding down a hill,2.0,mscoco
69512,A black and white photograph of a messy living area.,2.0,mscoco
156242,Apples and oranges are displayed at a fruit market.,2.0,mscoco
154451,A dog standing on the top of a couch in front of a window.,1.8333333333333333,mscoco
54264,A statue is displayed next to some odd street signs.,2.0,mscoco
549780,hotdog bun with chili is held by food service worker,1.8,mscoco
438368,a group of people huddled together in a street holding umbrellas,2.0,mscoco
274768,A man with sunglasses on standing next to a basket of tennis balls.,2.0,mscoco
544065,A young girl kicking a soccer ball in a game,2.0,mscoco
194722,Biplane flying over blue ocean next to coastline.,1.8333333333333333,mscoco
232086,A group of people on surfboards in the water.,1.875,mscoco
30267,A yellow and green train sitting idle on the railroad track,2.0,mscoco
363673,A female tennis player on a tennis court leaning forward and holding a racquet low down,1.4583333333333337,mscoco
127540,Two giraffes standing on bare ground in a zoo. ,2.0,mscoco
452781,A young woman is sitting on the steps in front of a building and talking on a cell phone.,2.0,mscoco
303178,Black and white photograph of a bathroom area.,2.0,mscoco
93257,Black and white cat with black nose laying on bedspread.,1.7857142857142856,mscoco
331370,Students operate notebook computers in the classroom. ,1.8333333333333333,mscoco
301262,A stop sign with a bus route sign attached to it.,1.5416666666666663,mscoco
145262,A fruit stand has various fruits on the table.,2.0,mscoco
185232,A small white dog on a wooden door step.,1.9,mscoco
548288,Two military personnel slicing a cake while others look on.,0.5,mscoco
503050,A black and brown dog standing outside a door. ,2.0,mscoco
66460,"A city block with people, cars, buses and a street vendor. ",2.0,mscoco
558246,A picture of a small garden with writing on the image.,1.5,mscoco
460115,Four men playing doubles tennis on a court.,1.5,mscoco
209191,A cheese pizza is shown on a table with a fork next to it.,2.0,mscoco
344045,a person laying in the water beside a blue surfboard,0.5,mscoco
121157,A desktop computer monitor sitting on top of a desk.,2.0,mscoco
92340,A young man is shown using a cell phone.,2.0,mscoco
238389,Toilet with black walls and cream flooring with photo,2.0,mscoco
213247,a woman sitting in a car while holding onto a cake in a plastic container ,0.125,mscoco
348098,A boat sitting on a beach near the water.,2.0,mscoco
256419,A white plate serving a sandwich with greens.,1.625,mscoco
550547,A slice of berry bread on a plate with a fork next to it.,1.75,mscoco
512729,A dish made of cauliflower and broccoli covered in sauce.,2.0,mscoco
133619,A fire engine inside or in front of a fire station.,1.9,mscoco
292375,"The  photo is taken from inside the airport,  airplane is standing at the gate.",1.75,mscoco
160064,"Group sitting on park bench in front of traffic and ""Carlton Audio Visual"" store",1.7000000000000002,mscoco
67440,An distance view of a baseball player preparing to hit the ball.,1.8571428571428568,mscoco
486072,A white and brown toilet with portions removed.,1.5,mscoco
478215,A group of elephants is pictured in a grassy area.,1.8333333333333333,mscoco
178429,Man demonstrating horse back riding safety by wearing a helmet. ,2.0,mscoco
421316,a black vanity top sink toilet and mirror,2.0,mscoco
89991,Runner at 1st base ready to run to 2nd.,1.75,mscoco
3375,A soccer goalie guards the goal and watches the ball. ,1.8333333333333333,mscoco
493273,People flying and watching kites at a park,1.8888888888888888,mscoco
336257,Two Zebras are standing near some rocks. ,2.0,mscoco
442387,some children are around a chocolate cake with three candles,1.55,mscoco
302051,Batter at plate preparing to swing during game in stadium.,2.0,mscoco
143017,A variety of fruit on display for sale,2.0,mscoco
16704,"Large, tusked elephant in dry grass under trees",1.8333333333333333,mscoco
527155,Oranges sit together in a bowl in the light. ,1.5,mscoco
342591,A green double decker bus on road next to waterfall.,1.8,mscoco
91721,A man holding a pair of skis and a ski pole.,1.8333333333333333,mscoco
491337,A snow boarding area covered with snow in winter.,1.6,mscoco
111367,A close-up of two cows standing in the dirt.,1.8333333333333333,mscoco
382213,Large sandwich with beverage seen on paper wrapper.,2.0,mscoco
94807,A man standing in a kitchen while preparing food.,1.8333333333333333,mscoco
74990,A man flying a kite over a sandy beach.,2.0,mscoco
472585,Sculpture of thin white dog on a park bench.,2.0,mscoco
490284,A dog looks at the camera while sitting on the couch.,1.6666666666666667,mscoco
162767,a brown bear with wet fur walking in a grass field.,2.0,mscoco
158713,A man on a moped pulling a cart with two people.,1.3333333333333333,mscoco
180042,A green and blue fire hydrant sitting on a sidewalk.,1.8333333333333333,mscoco
321776,A man is riding a surfboard on the water.,2.0,mscoco
450672,A small dog is in a vehicle safety harness.,2.0,mscoco
307731,A coffee drink and a plate of croissants.,1.8333333333333333,mscoco
260696,A man in a yellow shirt rides a skate board.,2.0,mscoco
97243,a clock on a tower of a castle,1.9285714285714288,mscoco
70370,A small table with a laptop computer and a chair in front of it.,2.0,mscoco
368820,A man that is holding two suitcases over his head.,1.6666666666666667,mscoco
104400,A man and woman are standing in skis on a mountain.,2.0,mscoco
360589,A group of flowers in a vase on a table.,2.0,mscoco
147226,A crowd of people standing on a beach flying a kite.,2.0,mscoco
553176,"A dual monitor station also hosts a cup of coffee, water, and a thin keyboard with a mouse.",1.2999999999999998,mscoco
379230,A man surfs on a surfboard on a lake.,2.0,mscoco
249141,A pasta noodle dish with chicken and vegetables,2.0,mscoco
558594,"A green and white traffic sign reading ""sunnydale"" and a traffic light.",0.5,mscoco
498960,Two giraffes standing in a stone fence enclosure.,1.5833333333333337,mscoco
423919,A young boy in a red shirt looking at a cell phone,1.75,mscoco
156,Greek statue of a man tripping over a cat.,2.0,drawbench
324413,A double decker sightseeing tour bus in London. ,1.8333333333333333,mscoco
341639,A photo of a stop sign at an intersection.,1.9,mscoco
21751,A older man wearing a hat and riding a white scooter.,2.0,mscoco
308579,"Graffiti reading ""War"" painted onto a street stop sign",1.5,mscoco
203400,A shot of an aging Michael J. Fox at the TV Land Awards. ,1.625,mscoco
466307,A gray elephant is standing in a park enclosure.,1.875,mscoco
481185,"A plate of food with carrots, meat with gravy and beverages on a table. ",1.9444444444444444,mscoco
167995,A meat gyro and a cup of soup on a plate.,1.625,mscoco
154633,Purple flower with shell on top near unripe bananas. ,1.8333333333333333,mscoco
296739,A refrigerator is wrapped up in cellophane in a living room. ,2.0,mscoco
344661,A blue motorcycle parked next to a van with a painting on it's side.,2.0,mscoco
219861,Rather cluttered living room ith laptop and chairs.,2.0,mscoco
340296,a long train going down a track beside a grassy hill ,1.9166666666666663,mscoco
124880,a train traveling next to a railway platform.,1.9166666666666663,mscoco
267543,"Some noodles, meat, and vegetables are in a white bowl.",2.0,mscoco
409754,A bowl of fruit on top of oranges on a table.,1.75,mscoco
37519,A tennis player in action on the court.,2.0,mscoco
188120,People in a park trying to fly a large purple kite that looks like a fish.,1.25,mscoco
288836,A view of a tomatoe sandwich set on a table.,1.9,mscoco
159456,"Traditional analog clock, Roman numerals, ""Le Cacheur Chateau Hierry"" on metallic blue stripped/curtain background.",1.6666666666666667,mscoco
215608,a beach crowded with people and many different colored umbrellas,2.0,mscoco
67716,A grilled ham and cheese sandwich with a bite out of it.,1.125,mscoco
129784,A man sitting in front of a laptop computer at a table.,2.0,mscoco
320611,A living room filled with furniture surrounded by windows.,2.0,mscoco
359592,"A white plate topped with broccoli, meat and potatoes.",2.0,mscoco
107609,A skier skiing down a steep hill with ski lifts overhead.,1.8333333333333333,mscoco
354600,A toilet sits atop a tiled black and white floor.,2.0,mscoco
507761,A woman that is holding a phone and a wine glass.,0.5,mscoco
382345,A man is flying a kite on a beach.,2.0,mscoco
542637,Two horses grazing in a fenced in grassy field.,2.0,mscoco
473040,Plane preparing to takeoff on runway of airport.,2.0,mscoco
53330,A traffic signal shows a red light at an intersection.,1.8333333333333333,mscoco
245411,Electric guitar player using a musical keyboard and a laptop.,1.75,mscoco
314376,A big brown bear in the field of an enclosure.,1.8571428571428568,mscoco
391436,A stop sign with a tan border at an intersection.,0.8333333333333334,mscoco
8920,a bridge with a clock tower in the background,1.8333333333333333,mscoco
497033,An aircraft mechanic services a jet fighter parked on a runway.,2.0,mscoco
276770,"A giraffe shares a habitat with a zebra, an ostrich, and an okapi.",1.75,mscoco
222711,a person starting to ski down a hill for a race ,1.8333333333333333,mscoco
93175,A view of a child with headphones on interacting with a computer. ,2.0,mscoco
107428,Two young people playing a game on the Nintendo Wii.,1.2916666666666663,mscoco
202252,The large bird is flying low to the beach by the water. ,2.0,mscoco
538309,Two elephants standing in an open field near the ocean.,1.4285714285714286,mscoco
335321,Young skateboarder preparing to perform while others look on.,1.8333333333333333,mscoco
757,A group of elephants walking in muddy water.,2.0,mscoco
201873,A passenger train sits near a station platform. ,2.0,mscoco
458124,A pizza with tomatoes sitting on a table by a wine glass.,1.8333333333333333,mscoco
20692,A bundt chocolate cake on top of a plate.,2.0,mscoco
498794,A blue vase that is holding pink and white flowers.,2.0,mscoco
71818,a lincoln airport police truck parked in the back of a building with lots of windows,0.3333333333333333,mscoco
3,A black colored dog.,2.0,drawbench
177775,Man standing in a newly created kitchen with white refrigerator,1.8,mscoco
21528,A couple of people that are riding bikes on the street.,2.0,mscoco
573330,A traffic light is on top of a stand in the road.,2.0,mscoco
69054,A large tall tower with a clock on the top.,1.5,mscoco
402885,A man kiteboarding over a large body of water.,1.8333333333333333,mscoco
135620,Large white yacht in the sea with windsurfers nearby.,1.375,mscoco
479763,A large decorative Air Force plane on display.,0.5,mscoco
39395,Two large zebras graze inside an enclosed area,1.5833333333333337,mscoco
404629,"Room with fireplace, radiator, and window, empty of furniture, being painted.",2.0,mscoco
436411,a brown and black bear and a green branch,1.6666666666666667,mscoco
221915,"This Masai giraffe has had numerous conflicts of head butting, as proven by the many head lumps developed.  ",0.0,mscoco
59046,a large elephant that is standing next to a car,1.7,mscoco
112671,Two cats sitting in front of a window.,1.5,mscoco
31334,Some very cute looking ducks in  the grass.,2.0,mscoco
21764,Skate boarder on half pipe about to fall off.,1.6666666666666667,mscoco
240751,a large zebra that is walking on some grass,1.9285714285714288,mscoco
375544,A small bathroom has holes in the wall and a white toilet.,2.0,mscoco
232524,a person flying a kite over a large green field.,2.0,mscoco
275868,Large street sign on post next to traffic light and building.,1.8333333333333333,mscoco
471932,some silver scissors thread and a bag and supplies,2.0,mscoco
313057,"Eight car train passing through rural area in winter.
",1.6666666666666663,mscoco
248066,A man walks down the sidewalk with a bag while traffic alongside him is in the road.,1.5714285714285714,mscoco
372494,A crowd watches a baseball player with a bat in his hands. ,1.7757648953301128,mscoco
513852,The young man is riding a surf board in the ocean.,2.0,mscoco
226151,A picture of an airplane sitting in a hanger.,2.0,mscoco
143119,A tennis player touching the U.S. Open banner.,1.2538966365873665,mscoco
463102,There is a muffin next to the grapefruit.,1.9,mscoco
376945,some black and white cows in their pen and trees,1.8888888888888888,mscoco
164918,A wooden bowl containing a bunch of green bananas.  ,1.8333333333333333,mscoco
228380,A train is pulled up to a boarding station.,1.875,mscoco
105786,A picture of a large building with a clock tower.,1.5714285714285714,mscoco
470613,A elephant that is standing in the grass.,2.0,mscoco
443038,Red and grey train with orange stripe on tracks.,2.0,mscoco
211263,A black and white photograph of a train on a flooded track.,2.0,mscoco
182098,A cat stands entranced by picture of a rat on a television screen.,1.8333333333333333,mscoco
564545,Several birds standing around on a fence near the ocean at sunset. ,2.0,mscoco
76740,Two identical images of a female player with tennis racket and ball.,1.3333333333333333,mscoco
216771,A boy swinging a baseball bat at a ball on a field.,0.5,mscoco
540714,A market features a variety of fruits and vegetables. ,2.0,mscoco
320929,A woman and a child playing with blocks in a living room. ,2.0,mscoco
454436,there is a woman standing in the woods with a yellow suitcase,2.0,mscoco
270096,"A desk with computer, laptop, phone and cell phone on top.",1.3333333333333333,mscoco
245206,A red PARE sign sitting on the side of a pole.,1.75,mscoco
519234,"A living room area of a house that has a flatscreen television on the wall, over a fireplace.",2.0,mscoco
153190,Wake boarder dressed as Lego figure goi off ramp in lake.,2.0,mscoco
568863,Street signs in a flooded area during a storm.,2.0,mscoco
273850,A baseball player pulls his arm back to throw the ball.,2.0,mscoco
283516,A large clock hanging off the side of a building.,1.5833333333333337,mscoco
185687,A bunch of luggage that is stacked on a cart.,1.875,mscoco
581601,A huge white bathtub and toilet in a yellow tile and white bathroom with two windows.,1.625,mscoco
362281,Three young women pose with their tennis rackets.,1.8333333333333333,mscoco
79906,"A living room with two blue couches, a small table and a small tv.",1.75,mscoco
330499,a couch with pillows and a glass table,2.0,mscoco
459631,a big clock sitting inside of a glass window ,1.5,mscoco
151758,A person is plowing a field with an elephant.,1.7000000000000002,mscoco
125724,A man in boxers is sitting on a skateboard.,1.875,mscoco
405473,A split picture of two scenes containing the same cat near a window,1.75,mscoco
539235,A store with bunches of ripe bananas hanging from poles.,1.875,mscoco
260354,a man in glasses is playing with a white controller,2.0,mscoco
109445,Slices of square cut pizza displayed on wooden surface.,1.5952380952380951,mscoco
317537,"A living area with chairs, television and a coffee table.",2.0,mscoco
276015,Giraffes in captivity in a small concrete enclosure.,2.0,mscoco
475887,A picture of four computer and tablet devices.,1.8571428571428568,mscoco
55280,A group of black and white cows in pen in a barn.,2.0,mscoco
448633,The blue city bus is parked beside a pole on the sidewalk. ,2.0,mscoco
332549,the shower area of a white tiled bathroom,2.0,mscoco
560640,A shorebird walks in mud along the water's edge. ,1.8333333333333333,mscoco
56,A triangular pink stop sign. A pink stop sign in the shape of a triangle.,1.8333333333333333,drawbench
537438,The piece of pie is layered and contains chocolate.,2.0,mscoco
395997,A very cute big dog hanging out of a car window.,2.0,mscoco
421556,A white and green double decker bus on a road.,1.9285714285714288,mscoco
446818,A person in blue and white ski suit skiing down a slope.,2.0,mscoco
394560,A girl is holding a volleyball while a crowd watches. ,1.8333333333333333,mscoco
316218,A man standing in front of a television holding a Wii remote control. ,2.0,mscoco
496290,"A room with a couch, table, chairs and a lamp. ",2.0,mscoco
327255,Skier on a snowboard at a ski resort.,1.5,mscoco
336185,An adult elephant walking next to a small elephant.,1.9,mscoco
312937,People walking on a city sidewalk in the rain ,2.0,mscoco
324094,A blender being used to blend up foods.,2.0,mscoco
571331,A large bathroom with a white toilet and large bathroom sink.,1.6666666666666667,mscoco
438306,a passenger train going down a track by a fence,1.875,mscoco
219484,Cross-country skiers travel through the open wilderness smiling.,1.625,mscoco
401439,A baseball game with a young boy up to bat.,2.0,mscoco
119494,A baseball player wearing a baseball glove catching a ball.,2.0,mscoco
326475,Several giraffes stand near each other in a large grassy area,2.0,mscoco
354575,Split photo of man preparing to serve tennis ball.,0.125,mscoco
408621,A yellow and green bus passing in front of a building.,1.3333333333333333,mscoco
572935,A giraffe standing by itself in a grassy area. ,2.0,mscoco
312216,a little girl wearing a scarf and necklaces smiling at the camera ,1.875,mscoco
180794,A microwave in a trash can on the corner of a street.,1.0,mscoco
300712,A white bus sitting next to a red brick building.,1.8,mscoco
503149,Vintage photo of busy street with streetcars in horse drawn buggies.,1.9,mscoco
272610,A stop light hanging over a city street,1.8452380952380956,mscoco
103128,A black and white picture of a young man performing a skate board jump.,2.0,mscoco
442771,A group of bicycles parked along a sidewalk next to a building.,2.0,mscoco
410731,People near a fruit stand with bunches of bananas.,1.875,mscoco
151,A medieval painting of the wifi not working.,1.6666666666666667,drawbench
397736,A woman in yellow tossing a tennis ball over the net to a little boy.,1.7,mscoco
474775,Light colored long horn cattle in alpine grazing area.,2.0,mscoco
476605,A baby in his/her chair eating a banana. ,1.75,mscoco
87503,A red train car is on the tracks between other cars.,0.3333333333333333,mscoco
394132,Two teddy bears with bows on a white background.,1.2999999999999998,mscoco
336541,A baseball player standing on a field holding a bat.,2.0,mscoco
191568,A brown horse with a white diamond pattern on the forehead.,1.8333333333333333,mscoco
145502,People on the ground are flying a variety of kites.,2.0,mscoco
314204,a woman slicing a tomato next to a pan full of food ,0.3333333333333333,mscoco
430342,"Young men skateboard outside, doing tricks against various obstacles.",0.0,mscoco
450737,A man eating a slice of pizza in front of a tall building.,2.0,mscoco
47807,A banana is peeled and some slices are cut.,2.0,mscoco
284274,Two giraffes hovering over a small green bush.,0.5,mscoco
89285,a woman reaching her arm up as she gets ready to hit a tennis ball,1.8333333333333333,mscoco
422479,A stop sign at the end of a narrow alleyway,1.8452380952380956,mscoco
5373,A woman holding a pizza pie on a tray in a kitchen.,2.0,mscoco
539977,The man is in the lead during the bike race. ,2.0,mscoco
366734,A blue and yellow double decker bus next to a building.,2.0,mscoco
95676,A baseball player slides into base while the other player waits for the ball.,1.5,mscoco
49240,A man hitting a ball on a tennis court.,2.0,mscoco
517878,A large living room with large windows all around it .,1.9929577464788728,mscoco
89694,a cat laying inside of a open suit case,2.0,mscoco
360571,A woman getting ready to hit a tennis ball on a court.,1.5892857142857144,mscoco
548863,A long black train traveling under a bridge.,1.7083333333333337,mscoco
122436,A roast beef sandwich held together with skewers on a plate.,1.9444444444444444,mscoco
266274,A street signpost for the intersection of 9th Avenue and California.,1.5416666666666663,mscoco
140450,Man with a bullhorn on a stage at a skateboarding event.,2.0,mscoco
231645,A dog jumps over a man's back while going after a frisbee.,1.25,mscoco
57157,Skateboarder standing on his board while texting on a phone. ,2.0,mscoco
546292,a clock attached to a building with a sign,1.8333333333333333,mscoco
74711,Two Canadian geese swim in a green pond.,2.0,mscoco
423986,"Close up of a pizza with large slices of both chicken and mushrooms on top, and cheese, on a plate with a pizza cutter.",1.6666666666666667,mscoco
535668,A baseball player swinging a bat at a pitch,2.0,mscoco
88920,A person riding on the back of a white horse.,2.0,mscoco
106915,An open box full of fruist and vegetables,1.8,mscoco
144289,A bird stands on the sand near a toy soccer ball.,2.0,mscoco
54,A triangular purple flower pot. A purple flower pot in the shape of a triangle.,1.3333333333333337,drawbench
338911,A stop sign on a hill in San Francisco,1.75,mscoco
32609,An old time photograph of a young man.,2.0,mscoco
433311,Some people gathered by a very pretty river as a person surfs.,2.0,mscoco
289790,A picture of a man displayed from the screen of a cell phone.,1.9,mscoco
76571,Various street signs on a pole in a city.,2.0,mscoco
499646,Three women sit smiling at a table covered with wine glasses.,2.0,mscoco
183210,A group of sheep standing on the grass near a wooden fence and trees.,0.5,mscoco
136310,Young man and older lady drinking two different types of wine,0.3333333333333333,mscoco
118728,A large jetliner flying through a blue sky.,1.9726027397260275,mscoco
283267,Three individuals flying a geometric kite on the beach.,1.5,mscoco
207223,Basketball players in the process of making and defending a basket during a basketball game in an arena.,2.0,mscoco
319449,A tiny and nicely decorated living room that is in someone's house. ,1.75,mscoco
284329,A small bird sitting on a tile floor next to a wall,1.8333333333333333,mscoco
314179,A kitchen with wooden cabinets and stove and refrigerator.  ,1.859756097560976,mscoco
487059,a red motor bike is parked in the gravel ,2.0,mscoco
11294,A red box on a pole with a solar panel on top.,2.0,mscoco
415665,A zebra standing in grass in its enclosure.,1.8333333333333333,mscoco
340343,a person kneeling down next to a dog in the snow,1.8333333333333333,mscoco
1183,A man throwing a frisbee in a green field.,2.0,mscoco
432058,Elephants are routinely used as heavy duty work animals.,1.3333333333333333,mscoco
190097,A man is performing tricks with a frisbee while others watch.,1.9,mscoco
504598,A desk with a laptop computer and water bottles.,1.9166666666666663,mscoco
25533,Cross country skiers on a ski trail between trees.,2.0,mscoco
64442,A brown and white horse looking a the camera and a pony behind,0.0,mscoco
15273,"Army vehicles, including a U.S. Army jeep and aircraft in a hangar or on display",2.0,mscoco
49517,Pots and pans sit on top of a range in a kitchen.,2.0,mscoco
315719,A woman is riding a bicycle on the street.,2.0,mscoco
261742," A young man performing an aerial skate board trick.
",2.0,mscoco
393445,A slice of chocolate pie on a plate with a fork.,2.0,mscoco
142510,Traffic lights at an intersection as the sun is about go behind a cloud.,2.0,mscoco
494780,A clock tower with a sun dial on the front of a building.,1.6666666666666667,mscoco
398138,A group of people are flying kites outdoors.,2.0,mscoco
318998,A boat that is parked on the dock of the water. ,1.7,mscoco
165347,A double-decker bus makes a turn down the street in front of Big Ben.,1.8333333333333333,mscoco
388693,A green and yellow train approaching the station.,2.0,mscoco
218268,Seagulls dive into the water next to boats full of people,1.6666666666666667,mscoco
497103,two photos of a cat laying on a brush,1.3333333333333337,mscoco
294763,a close up of a toilet in a bath room,1.5,mscoco
142333,Three colorful kites flying against a clear blue sky.,1.6666666666666667,mscoco
192535,A small biplane is painted with a swastika. ,1.25,mscoco
98162,Three people are playing with a frisbee in a pool.,1.6666666666666663,mscoco
363037,A tennis player swings her racket at the ball.,2.0,mscoco
544606,A large bed in a room underneath a window.,2.0,mscoco
75095,Park bench next to pathway with young children walking nearby.,1.875,mscoco
131225,The bus is an old and special vehicle.,2.0,mscoco
223458,Large long necked bird sitting in the water in front of a sunset.,2.0,mscoco
427975,An assortment of beauty products and random objects lined out on a table top. ,2.0,mscoco
241113,A yellow and green checkered motorcycle parked in front of a store window.,1.747914837576822,mscoco
102634,Some gauges that are on a motorcycle dashboard.,2.0,mscoco
50536,A meal with two plates full of broccoli and other items.,1.8333333333333333,mscoco
429560,A black and white photo of a clock tower.,2.0,mscoco
416576,The player is running to hit a tennis ball.,0.5,mscoco
494300,A white toilet with an over the toilet cabinet,1.8125,mscoco
531852,Two men standing in a living room holding Wii controllers. ,1.8571428571428568,mscoco
233365,A man holding a tennis racquet on top of a tennis court.,2.0,mscoco
116988,A young woman sitting on a bench using her cell phone,2.0,mscoco
520337,A dinner plate with chicken and broccoli with cheese sauce.,2.0,mscoco
71677,a baseball player is swinging a bat at a game,2.0,mscoco
233630,A young man riding a skateboard down a sidewalk.,1.9166666666666663,mscoco
248774,Two horses standing in the green grass within the fence. ,2.0,mscoco
446709,Small dish of meat with cucumber on top of rice.,2.0,mscoco
574996,A young skier stands in the snow looking off to the side. ,2.0,mscoco
231401,A man holding a tennis racquet in a defensive stance.,1.8333333333333333,mscoco
51977,A skier in a red outfit skiing down a snow covered hill.,2.0,mscoco
518615,Roof of a brick building with a chimney and a steeple with a weather vane on top.,1.3333333333333337,mscoco
281498,Child eating pizza at birthday party with colorful plates and table.,2.0,mscoco
294890,Two cats look out of a front window at the street.,1.8333333333333333,mscoco
157815,Many kites are flying in the air on a cloudy day.,2.0,mscoco
311678,A coffee cup and computer mouse on a desk.,2.0,mscoco
356764,Baby looking at high chair tray with banana pieces on it,2.0,mscoco
480823,Several sheep are in a stall eating and adorned with bandannas.,1.5,mscoco
104588,A man rides his bike down a street with his surfboard attached to the side. ,1.875,mscoco
350631,A group of people fly their kites in a field of flowers. ,2.0,mscoco
458642,A casserole is cooking in a toaster oven.,2.0,mscoco
63922,a small boy in a helmet rides his skateboard on a paved area,2.0,mscoco
378872,Small mounted television sitting inside a bedroom with orange walls. ,1.25,mscoco
375904,A hotel room displays a low bed and orange decor.,2.0,mscoco
202413,The skater performs a rail on the edge of a wall.,2.0,mscoco
407381,A photo of a man skiing down a hill.,2.0,mscoco
319649,a bus terminal with several buses and three people waiting ,1.625,mscoco
441199,A two layer slice of carrot cake on  a plate,2.0,mscoco
491851,A computer desk topped with a desktop computer monitor and keyboard.,2.0,mscoco
245483,A town street with a mountain in the background.,2.0,mscoco
407441,A man throwing a tennis ball in the air to serve,1.6666666666666663,mscoco
446136,A group of people gathered around a table with food on their plates.,2.0,mscoco
453231,A profile view of two horses in a sandy area.,1.8333333333333333,mscoco
238255,Boy crouched on skateboard in air near top of paved basin.,1.6666666666666663,mscoco
225325,A harbor with a lot of small boats moored.,2.0,mscoco
130984,three yellow and blue trains next to each other,1.4583333333333337,mscoco
257198,A woman in sunglasses eating a hotdog in grassy area.,2.0,mscoco
282186,A tan clock tower with a statue on the top of it.,1.65,mscoco
136,Two giraffes in a room with people looking at them.,1.9,mscoco
427729,"Several large, brown cows are in a field of brown grass.",2.0,mscoco
436048,A yellow sign in front of a building.,1.5,mscoco
166,Colouring page of large cats climbing the eifel tower in a cyberpunk future.,2.0,drawbench
95247,A bed has an unique red and purple bedspread. ,1.9166666666666663,mscoco
219135,A baby sitting on top of a bed with a bottle of milk.,1.8333333333333333,mscoco
219158,Three adult elephants and a baby elephant standing together. ,1.5,mscoco
411926,The cat is sitting inside of a shoe box on the bed.,2.0,mscoco
446409,A tabby cat laying on a cat scratcher in front of a bicycle wheel. ,-1.0,mscoco
576072,A calico cat standing on a computer table next to a laptop.,1.875,mscoco
365295,men in a boat floating past building and a fire hydrant ,2.0,mscoco
457204,Three men pose for a picture on a tennis court.,2.0,mscoco
79802,A group of buses are parked in the city at the parking lot,1.625,mscoco
366560,Folded pieces of paper are stacked beside a pair of scissors.,2.0,mscoco
345602,A pear shape chocalet cake with frostering being used as ribbons.,1.375,mscoco
348854,Some carrots that have grown in an irregular twisty shape hang from a post.,1.5,mscoco
166630,A woman playing tennis on the tennis court. ,2.0,mscoco
124471,Two giraffes and two other African deer are standing in an enclosure.,1.8333333333333333,mscoco
247999,A waterskiing man performing a flip on his waterboard,1.5,mscoco
350592,An orange and white cat sitting on a blue bench.,2.0,mscoco
205847,A hotel room with two beds and a framed picture of a man.,1.6666666666666667,mscoco
360529,an assortment of toys being displayed in the store,2.0,mscoco
192,A sign that says 'Google Research Pizza Cafe'.,2.0,drawbench
187511,a plate with some vegetables and fries on it ,2.0,mscoco
289515,A sidewalk and doughnut shop with a bike leaning against the building,1.9166666666666663,mscoco
103877,a cat sitting on a bath mat in a bathroom,2.0,mscoco
110265,two people standing in a living room playing nintendo wii,1.5,mscoco
103932,middle age woman and man standing throwing cards.,2.0,mscoco
182275,A man in an animal pen is shaving a white sheep.,2.0,mscoco
514821,A man with hat and pink shirt in street on phone.,2.0,mscoco
376864,A baseball game in progress with the batter in a falling position.,1.625,mscoco
579811,Close up view of sharp knife about to cut a dessert for serving.,-1.0,mscoco
180806,A cat is standing on a small table with pictures on the wall.,2.0,mscoco
297692,A skateboarder is about to ride his skateboard off the ledge.,1.9,mscoco
189785,a giraffe and some zebras standing around a pole and cage that has food in it ,0.25,mscoco
29853,A small white bird standing on a sandy beach.,2.0,mscoco
443752,A sign is included with the doughnuts on display.,-1.0,mscoco
141520,A man wearing a bicycle helmet talking on a cell phone,2.0,mscoco
503991,A man in a suit with a red and green tie. ,1.0,mscoco
328898,A yellow train near the passenger platform with a red light currently on.,1.875,mscoco
836,A snowboarder does a flip after jumping off a hill.,1.891945773524721,mscoco
466652,A transit bus side view as it sits in a parking area.,1.6666666666666667,mscoco
461774,A herd of zebra walking across a lush green field.,2.0,mscoco
12343,A man is riding a motorcycle at a race track.,2.0,mscoco
76866,Three zebras eating grass on a dry grassy slope.,1.55,mscoco
313553,a person sitting down talking on a cell phone ,2.0,mscoco
178096,The pizza is completely topped with many vegetables.,2.0,mscoco
43411,A woman standing in front of a table of baked goods.,2.0,mscoco
163585,A close up of a green bench on a sidewalk. ,2.0,mscoco
474519,A bathroom with a white toilet sitting next to a sink.,2.0,mscoco
84341,A man does a skate boarding trick in front of a crowd.,2.0,mscoco
196841,Two women standing in the ocean with surf boards . ,0.5,mscoco
123975,A man riding a bicycle on a dirt street.,2.0,mscoco
249132,A red bus is shown traveling along a road.,2.0,mscoco
205861,"Green,orange,and red vegetables in bowls and bags. ",2.0,mscoco
129031,A whole pizza sitting on a pan near two plates on a table. ,1.6666666666666667,mscoco
23919,a close up of a person flying a kite in the air,0.6666666666666666,mscoco
505132,a room that has a sink and a chair in it,1.1666666666666663,mscoco
296159,A hot dog with relish and onions in a foil wrapper.,1.9166666666666663,mscoco
258337,Two black furry animals are surrounded by plants and greenery. ,1.7946428571428572,mscoco
474161,Male tennis player jumping to strike the ball.,1.9,mscoco
302243,A group of five zebras stand in a field.,1.6666666666666663,mscoco
65616,A man and woman that are standing near a cake.,2.0,mscoco
417738,A man rides a horse near the ocean.,2.0,mscoco
327168,A child reaches for a piece from a a giant pizza. ,2.0,mscoco
355542,a skier country skiing on a blizzard day ,2.0,mscoco
468345,A young man is riding his skateboard past a construction zone.,2.0,mscoco
542681,Player preparing to serve ball while referees look on during match play.,1.625,mscoco
20796,THIS IS A YELLOW STOP LIGHT WITH A BICYCLE SIGNAL,0.5,mscoco
505739,A man rides behind a horse during a race.,1.5,mscoco
422803,A brown bear on a wooden table in front of a quilt,1.5,mscoco
349750,A man in a suit eats a banana in his car.,-1.0,mscoco
390664,A brown and white dog with a teddy bear in his mouth ,1.5357142857142856,mscoco
188991,Women riding bicycles at ocean beach near surf.,2.0,mscoco
264005,A person sitting on top of a bed next to a window.,2.0,mscoco
531172,A green bus parked in front of a building.,0.5,mscoco
460702,An economy car is parked on the side of the road with a dog in the passenger's seat.,0.1666666666666666,mscoco
352866,A person flying a kite on the beach ,2.0,mscoco
229947,A display case full of various kinds of donuts,2.0,mscoco
380983,Two brown bears are sitting on some rocks.,2.0,mscoco
518551,"Elephants, both adults and their young, eating in a field.",1.5,mscoco
425644,A street corner has a street light in front of a tall blue building.,1.5,mscoco
413736,An unmade bed is shown under a window with two sets of curtains.,2.0,mscoco
15750,A row of colorful toilets sitting in a store.,2.0,mscoco
169855,a little bird is feeding from a bird feeder,2.0,mscoco
324554,A small duckling eating something out of a pond.,1.9,mscoco
44603,A couple of birds perched on top of a wooden branch.,2.0,mscoco
297559,A wii game system with all its parts outside of the box. ,1.75,mscoco
85086,Pony grazing with grass and tree with mountains,0.5,mscoco
292876,Group of horses in race near canvas fence.,2.0,mscoco
260024,The woman smiles while walking through the ski trail. ,1.875,mscoco
460361,A baseball game is being played before a crowd.,2.0,mscoco
77018,A group of people on a beach with a kite in the sky.,2.0,mscoco
39468,A green truck parked in a parking lot.,2.0,mscoco
567118,The electronic traffic signal above the street has green lights.,0.4,mscoco
569314,Three children are seated next to each other and reading books.,2.0,mscoco
463953,A man and woman playing a game with Nintendo Wii controllers.,2.0,mscoco
409125,"Bathroom with white toilet, vanity sink, tub and oak door with outside window.",1.6666666666666663,mscoco
373519,The corner of college street and 5th street,0.25,mscoco
264454,a red double decker bus going around a corner,1.8333333333333333,mscoco
467397,Several different types of doughnuts on a plate.,2.0,mscoco
121,A hair drier underneath a sheep.,2.0,drawbench
488853,A close up of large broccoli plants in a garden,2.0,mscoco
348483,An old wooden bench sitting under a tree on a field.,2.0,mscoco
4282,a white cat laying on top of a car ,1.75,mscoco
422095,A bed with brown covers and an oil painting at the head end.,2.0,mscoco
250916,Sailboats in slips in a marina with cloudy sky,1.8333333333333333,mscoco
404437,A bear is standing in an open area near the woods.,2.0,mscoco
212840,A cross country skier traverses a path in the mountains.,1.75,mscoco
443336,a clock on display in a museum ,1.875,mscoco
548451,a man in a hat is holding a racket,1.5,mscoco
545334,A Red Sox baseball player throws a pitch.,2.0,mscoco
68293,A small green bird sits on a tree branch.,2.0,mscoco
457100,A cow lying down asleep in the sand,1.8333333333333333,mscoco
425077,Herd of zebra with antelope in artificial enclosure,1.2261904761904765,mscoco
380057,People holding signs on a one way street.,1.775,mscoco
13506,a man about to hit a base ball in a game,1.8333333333333333,mscoco
497642,An adult elephant feeds the younger elephant walking beside it.,1.4166666666666663,mscoco
568259,Male tennis player with white shirt and blue shorts swinging a black tennis racket,1.625,mscoco
463695,A person holding a pink donut in front of a TV.,1.957627118644068,mscoco
149938,Two young men are playing a WII video game.,1.45,mscoco
111635,A crowded beach with a lot of people and umbrellas.,2.0,mscoco
573778,A giraffe lays down on the grass as a bird stands in the background.,1.35,mscoco
573518,A wireless keyboard compatible with role playing games.,2.0,mscoco
522462,Closeup of a chocolate muffin along with others in the back.,2.0,mscoco
343969,Two military officers cut a large birthday cake.,2.0,mscoco
60172,"Tortillas with cheese, olives, tomatoes, lettuce, and onions.",1.7857142857142856,mscoco
545163,Some people walking up a hill by the side of a road.,1.8333333333333333,mscoco
75727,A person on a yellow surfboard riding a wave.,2.0,mscoco
138982,A silver fire hydrant sitting on a sidewalk.,2.0,mscoco
370609,An adult lamb is flanked by two young lambs.,2.0,mscoco
121876,a polar bear standing on a cement floor next to an orange plate and an enclosed body of water.,2.0,mscoco
239849,A young woman plays tennis on a clay court.,2.0,mscoco
239120,"Snack bowl, beverage glass, and flower arrangement on table.",2.0,mscoco
19916,A bowl with apples next to a fork.,1.8571428571428568,mscoco
69969,People sitting and eating in a restaurant. ,2.0,mscoco
12443,A white cat is sitting on a laptop keyboard.,1.6666666666666663,mscoco
88082,A black cat laying in a wooden dining chair.,2.0,mscoco
508343,A girl grabs a soccer ball in front of a goal post.,1.625,mscoco
68217,A Amtrak train traveling on a railroad tracks.,2.0,mscoco
444817,A baseball game going on in a baseball diamond.,1.625,mscoco
70094,A hot dog that has some tomato and pickle on it.,1.1666666666666663,mscoco
54244,A casserole served at a restaurant in a brown dish.,1.8333333333333333,mscoco
111054,A giraffe with grass in its mouth looking over a fence line.,1.8333333333333333,mscoco
432723,a white fire hydrant on the sidewalk at sunset,2.0,mscoco
463837,Several people standing and sitting at a bar.,2.0,mscoco
498856,A boy sitting on a bed tying his tie,1.3333333333333333,mscoco
21931,A small black dog looks at its own reflection in the mirror. ,2.0,mscoco
416811,Four horses standing in a area that is fenced in .,2.0,mscoco
375016,A group of people sit in a row on a plane.,1.5833333333333337,mscoco
335696,Two elderly women speak to each other on a bench.,2.0,mscoco
383250,A computer desk with a monitor and a laptop.,1.5,mscoco
92145,Some very pretty brown cows eating near a fence.,1.5833333333333337,mscoco
171857,A group of spotted cows is among the green grass.,2.0,mscoco
408146,"Front of a building with a clock over the entrance and a sign that reads ""India Post"".",1.7333333333333334,mscoco
87177,"A dinner plate containing mashed potato, meat and carrots",2.0,mscoco
378918,A brown and white bird standing in green grass.,2.0,mscoco
450087,A young child who is eating a pizza.,2.0,mscoco
297843,Modern jet airliner in a blue sky seen from below,1.8333333333333333,mscoco
175943,A double-Decker red bus on a London street.,2.0,mscoco
154349,a pedestrian parking sign with the pedestrian hoola hooping. ,1.3333333333333333,mscoco
86901,Urban city street with traffic near construction work.,1.8333333333333333,mscoco
264043,A man and a dog on a boat are looking into the distance. ,1.8333333333333333,mscoco
159504,Vintage photograph featuring a young blonde woman in a dress kissing a calf.,1.6666666666666663,mscoco
442332,Various street signs in front of an apartment building.,1.5,mscoco
417036,"a blue train  engine, with person in santa suit.",1.5,mscoco
76101,Many kites are flown above a crowd of people in China.,1.8333333333333333,mscoco
204024,Some snow skiers are on snow and ice.,2.0,mscoco
166137,A horse stands in a field with a lighthouse in the background.,2.0,mscoco
450860,A pitcher throws a ball during a baseball game.,2.0,mscoco
77174,A sandwich is precisely arranged on a dinner plate with a side of vegetables and beverages.,1.8333333333333333,mscoco
490012,There is a large steeple with a clock just below it.,2.0,mscoco
305224,a woman is on her laptop on a bean bag chair,1.9836065573770487,mscoco
405104,"A green and white street sign that reads ""marginal st.""",1.5,mscoco
482597,A person driving a 4 wheeler after a herd of cows.,1.9,mscoco
279939,A small bathroom with a white toilette and bath tub.,2.0,mscoco
360929,People on the beach getting ready to parasail,2.0,mscoco
62127,"Five people playing in the snowy city streets, two are skiing.",1.0,mscoco
167906,A toy action figure holding a plastic mini teddy bear and a cocktail glass decoration on the snow.,1.625,mscoco
561346,A man plays a video game on the Wii.,1.8166666666666669,mscoco
382542,"A bathroom with a sink, toilet and safety rails.",1.6666666666666667,mscoco
478741,A person is sitting on a concrete barrier at the beach.,2.0,mscoco
178695,a train traveling on a mountain area passing a forest area,2.0,mscoco
95,An oil painting of a couple in formal evening wear going home get caught in a heavy downpour with no umbrellas.,2.0,drawbench
568963,A grilled sandwich and a cup of soup with a pickle.,1.5,mscoco
278045,"A group of zebras grazing in tall, dry grass. ",1.9285714285714288,mscoco
546940,Group of people sitting underneath a green and purple umbrella on the beach. ,2.0,mscoco
178131,White plate of pulled pork sandwich and salad.,2.0,mscoco
474616,A group of people playing frisbee in a field,2.0,mscoco
473632,an image of a pregnant woman with a teddy bear on her stomach ,2.0,mscoco
27041,Woman in a chair outside using a laptop,2.0,mscoco
288347,An airplane landing on a runway with is landing gear extended.,2.0,mscoco
543407,Two people are riding a moped on the road. ,1.8333333333333333,mscoco
131366,A group of women holding tennis racquets and posing for a photo.,0.3333333333333333,mscoco
447330,A tennis player hitting a tennis ball with a racquet.,2.0,mscoco
341430,A young woman smiles with a plate of food and a pizza on the table.,1.6666666666666667,mscoco
168127,A boy and girl shake hands across a tennis net.,1.8333333333333333,mscoco
541280,A yellow and blue train car passing under a bridge.,1.9619175627240144,mscoco
136250,A striped cat standing with it's front paws on a game board and two beers next to the board.,1.6428571428571428,mscoco
131539,A group of skiers travel across a large snowy hill.,2.0,mscoco
534723,Two large yellow school buses parked in a parking lot.,1.75,mscoco
457724,Continental Connection commuter plane with passengers boarding on the tarmac.,1.4166666666666663,mscoco
511281,"A bathroom area with a sink, tub and large mirror.",1.6666666666666663,mscoco
24038,A man sits on a bed talking with hand gestures. ,2.0,mscoco
568169,Two birds stand in the water on a muddy beach.,2.0,mscoco
168607,"A white plate include meat, rice and a fried food.",2.0,mscoco
434425,"A plate with breaded meat, potatoes, and broccolli",2.0,mscoco
441419,A person cutting a cake with a large plastic knife.,0.5,mscoco
396021,A man and woman cutting a cake together.,2.0,mscoco
287407,A variety of baked goods are displayed on a wooden stand with two shelves.,1.8333333333333333,mscoco
365344,A man riding a skateboard and wearing a helmet.,2.0,mscoco
450102,A healthy zebra with a cropped tail standing in his enclosure at the zoo,2.0,mscoco
338597,Two birds walk in the surf along the beach.,2.0,mscoco
66808,A man with a bun swinging a tennis racket,-0.6666666666666666,mscoco
23741,yellow and red motorcycle with a man riding on it next to grass,1.5,mscoco
498371,Liddle Avenue street sign near trees and electric poles.,1.5,mscoco
196021,Sheep grazing in a green field with trees. ,2.0,mscoco
424529,A group of people skating in a skate park.,2.0,mscoco
230245,A young girl in a pink shirt holding a cookie.,2.0,mscoco
522477,A zebra standing alone in a grassy field.,1.8,mscoco
497528,"A dishwasher, stove and over combination with an extension plug resting on the stove surface.",1.5,mscoco
138008,A moped is sitting alongside a green fence overlooking a white building and rock cliff.,1.9,mscoco
7274,"Family, including infant, eating at dining room table.",1.5833333333333337,mscoco
365446,a squat down toilet with tiled floors and walls,1.325,mscoco
261824,A white and brown dog sitting on a chair while wearing a Santa Hat.,2.0,mscoco
214726,A dog sitting up looking out of the window of a car,2.0,mscoco
320353,A white and black motorcycle parked in a parking lot.,1.8,mscoco
437373,A cobblestone street has busy sidewalks full of people with umbrellas.,2.0,mscoco
565755,geese sit in water next to a small waterfall ,2.0,mscoco
341844,A man wearing a suit and tie is standing outside.,2.0,mscoco
438894,A person riding a snowboard down a slope.,2.0,mscoco
379034,Military men and women sitting at tables having a meal together,2.0,mscoco
283916,a number of giraffes on a road near many bushes,2.0,mscoco
452618,A woman enjoys a drink and slice of cake from an airplane seat.,1.9,mscoco
213649,A bus and car are stopped at an intersection.,2.0,mscoco
538985,A close shot of a male baseball player holding the bat. ,1.875,mscoco
15301,zebras standing around a tree eating some grass ,2.0,mscoco
242606,Waist and legs of two skateboarders on a path.,1.7857142857142856,mscoco
568614,A stop sign vandalized to display an anti-war message. ,-0.5,mscoco
10698,A man in a wet suit riding a wave on a surfboard.,0.5,mscoco
529842,A large white two story building next to an empty street.,2.0,mscoco
513138,A yellow dog laying on a blanket on a couch.,2.0,mscoco
470819,A baseball player stretching alongside a wall during a game.,1.6666666666666663,mscoco
42921,Group of disinterested children sit by birthday cake and look bored.,1.875,mscoco
272171,Adults enjoying beach area near small urban setting.,1.75,mscoco
350013,Pedestrian walk signals displayed on post at street corner.,1.75,mscoco
136941,A herd of cows are standing by a dirt road.,2.0,mscoco
562101,white snowy mountain with a man stand in skies with a yellow jacket and red black pants ,2.0,mscoco
81871,Hands typing on the keyboard of an open laptop.,0.625,mscoco
234220,A lighted city side walk at night with street signs.,2.0,mscoco
520684,Black and white photo of a man with a tennis racket.,1.6666666666666663,mscoco
100985,A man is holding a tennis racket and surrounded by people.,0.5,mscoco
197680,The bathroom has two glass walls beside the large tub. ,1.625,mscoco
357894,Dark brown toilet with lid and cover in a bathroom.,1.5,mscoco
498982,Several people playing baseball on a baseball field,2.0,mscoco
494765,A baseball player pitching a baseball on a field.,1.9,mscoco
263723,There is a Mexican style pizza cut into four pieces.,1.6666666666666667,mscoco
128369,A full view of a bathroom with toilet and sink. ,2.0,mscoco
469806,a boy with a base ball glove on a grass feild. ,2.0,mscoco
426815,a person riding a horse in a large body of water,2.0,mscoco
484123,A bedroom has a large brown bed and yellow walls.,2.0,mscoco
357966,brown dog with chain eating food on the floor,1.5,mscoco
223470,two teddy bears perched against the windsheild of a car,2.0,mscoco
255197,Two zebras are standing next to each other.,0.5,mscoco
16825,A couple of zebra standing next to each other.,1.9,mscoco
408143,A milky residue is at the bottom of the vase on the table.,1.375,mscoco
13983,A display of pizzas at a pizza shop.,1.875,mscoco
9677,A plate with a brownie and vanilla ice cream.,2.0,mscoco
435102,A cat sits in a canvas storage box with a pair of shoes.,1.5,mscoco
262399,A woman eating a piece of pastry in a market area.,2.0,mscoco
500043,"A fruit stand has apples, pineapples and bananas.",1.75,mscoco
104355,"Produce includes rhubarb, corn, varieties of tomatoes, mushroom, squash, nectarines, cherries, and lettuce.",1.75,mscoco
33687,"A city street in Asia has parked cars, and many signs.",1.8571428571428568,mscoco
209287,A young man cutting a pizza on top of a table.,2.0,mscoco
495607,This is two cats curiously observing several pairs of shoes.,1.8,mscoco
391915,A bedroom with joined beds in a lodge or hotel.,1.6666666666666667,mscoco
2894,A train on the tracks at a train station ,2.0,mscoco
297911,Above view of a train with box cars on train track in the mountains.,2.0,mscoco
504164,A green cake with angry bird characters sitting on it.,2.0,mscoco
94978,a steam locomotive running down the  train track,2.0,mscoco
534849,A blue bus is being towed on a city street. ,2.0,mscoco
549563,a woman riding a horse with suit and hat on.,2.0,mscoco
344422,A red stop sign sitting in front of a blue building.,1.3333333333333333,mscoco
224224,A white bed with white bedding and two white night stands.,2.0,mscoco
381485,A line of four different versions of cell phones.,1.1666666666666663,mscoco
568076,A large group of people fly kites in a park.,2.0,mscoco
109707,A living room with a large couch and a brick wall.,2.0,mscoco
546133,A baby giraffe standing against a wall in a zoo like environment,2.0,mscoco
360101,a white plate with two sandwiches and a toaster,1.5,mscoco
348179,Men preparing their skis by oiling and sanding them ,1.875,mscoco
47315,A skateboarder is riding the rail next to a building.,1.75,mscoco
513099,A very tall giraffe standing in a wooded area.,2.0,mscoco
72041,Fire hydrant on a snow covered path during winter.,2.0,mscoco
530064,Looking down at a computer keyboard on a damaged desk,2.0,mscoco
512731,A model set of cars and other vehicles with a garage.,1.875,mscoco
554617,A black and white image of an elephant behind a fence,2.0,mscoco
365132,Two women surfers walking on the beach with surf boards on their heads ,2.0,mscoco
501614,A surfer is riding on a large wave.,1.6666666666666663,mscoco
321338,A large sailboat with red sails sailing in a large body of water.,1.9,mscoco
130973,Small vehicles are near two airliners that have portable stairs on their sides. ,1.3333333333333333,mscoco
207915,A blue tripocal bird is perched on a wooden fence,-1.0,mscoco
158915,A bicyclist rides down a city street at dusk.,2.0,mscoco
391537,A street sign in London with directions to many tourist attractions.,1.5,mscoco
442060,A red vase filled with a flower next to a lamp.,1.2999999999999998,mscoco
437465,Kids looking at a display of baked items.,2.0,mscoco
236571,A baseball player pitching the ball during a game. ,0.5,mscoco
114077,A large building with two large clock towers sticking out of it.,2.0,mscoco
124416,a woman on a red surfboard looking away from the camera,2.0,mscoco
500321,A giraffe walks next to a small wall within its enclosure. ,1.8333333333333333,mscoco
367521,A small elephant standing up in a building.,1.9166666666666663,mscoco
116892,A brown dog and an orange cat lay on a bed with a rust colored blanket.,0.5,mscoco
461963,A black cat sitting in front of a computer screen.,1.875,mscoco
38840,A man in black jacket sitting with a snowboard.,2.0,mscoco
412194,A basket of different colorful fruits and vegetables.,1.75,mscoco
221785,Black and white photograph of a docked ship and old rail cars,2.0,mscoco
539906,Girl competing in a horse competition at the county fair.,2.0,mscoco
141807,The simple white shelving unit is against the white wall.,2.0,mscoco
577929,There are many people enjoying the grassy park.,2.0,mscoco
249676,A zebra standing in tall brown grass near some trees.,2.0,mscoco
157634,A close shot of a compute keyboard in the shade. ,1.625,mscoco
556420,A white sandy beach has a chair and straw umbrella.,2.0,mscoco
285844,Tennis player in red shirt and white shorts serves ball.,1.7083333333333337,mscoco
177922,A train leaving a train station with two red brick towers.,2.0,mscoco
532159,A stop sign on the corner and a sign with street directions,1.125,mscoco
250556,A man takes a picture in the mirror of a truck.,1.3,mscoco
572529,A man riding a skateboard through an obstacle course ,1.25,mscoco
196312,A man surfing a small wave in the ocean. ,1.6666666666666667,mscoco
172264,A person is surfing on the surf board.,2.0,mscoco
577795,Large blue and white passenger plane landing over trees. ,2.0,mscoco
118543,Some various fruits and vegetables are in a box.,2.0,mscoco
60458,A yellow and red double decker tour bus. ,2.0,mscoco
170640,A man sitting on a bed with a dog while holding a cell phone. ,2.0,mscoco
374106,A kitchen with white painted cabinets and black counter tops,2.0,mscoco
454171,Group of five woman in cafe sitting down for meal.,1.75,mscoco
66,"A stack of 3 plates. A blue plate is on the top, sitting on a blue plate. The blue plate is in the middle, sitting on a green plate. The green plate is on the bottom.",1.3333333333333333,drawbench
239933,A group of motorcycles parked next to cars,1.75,mscoco
179114,A group of people riding elephants across a river.,2.0,mscoco
374726,A man placing a white bowl into a microwave oven.,1.75,mscoco
43872,A man in orange jacket standing on snowboard on slope.,2.0,mscoco
31081,Four people sitting at a table with a large pizza and cans of soda.,1.8333333333333333,mscoco
84096,A table topped with lots of white plates filled with food.,2.0,mscoco
58524,A husky dog sitting on a chair near some tires,1.325,mscoco
184241,a tennis player is sitting on a bench with rackets,-0.75,mscoco
480893,An elephant looking down while standing in a zoo.,1.7142857142857142,mscoco
508713,an image of a herd of cows on the beach,2.0,mscoco
20490,A street corner sign for the intersection of Harrison Road and Carlton Street.,1.5,mscoco
110484,"A modern white kitchen with an electric stove, sink and other items on the cabinets.",1.8333333333333333,mscoco
18090,Young males in blue tops taking turnings on the skateboard lift.,0.3333333333333333,mscoco
490890,A church with three steeples surrounded by gardens.,1.3333333333333333,mscoco
486163,Black and white photo of rainy day stop sign and street,1.75,mscoco
130812,Man on skateboard mid air during a jump. ,1.9,mscoco
16255,A young person skiing on a path on cross country skis.,1.8659420289855075,mscoco
183690,A baby crawls on a laptop computer sitting on a couch.,1.5,mscoco
215439,a train with people exiting in a station,2.0,mscoco
109482,A large living room with yellow curtains and couches,2.0,mscoco
476539,Toilet and sink installed in beige bathroom with window,2.0,mscoco
350974,People walking under an umbrella in a cobblestone plaza. ,2.0,mscoco
179696,A  dish of meat topped with red cabbage and tomato sauce.,2.0,mscoco
546695,A slice of cake with black and pink icing.,2.0,mscoco
377282,Two bear cubs wrestling in the grass by rocks,2.0,mscoco
277529,"A smiling man with glasses on, wearing a cook's hat",2.0,mscoco
172,A magnifying glass over a page of a 1950s batman comic.,2.0,drawbench
213181,Skier on flat wide open snow covered area.,2.0,mscoco
105339,A person is taking a picture of a mirror inside a wooden room.,2.0,mscoco
249664,A sandwich is placed on a plat with a bag of chips.,1.75,mscoco
281123,A living room with a red couch sitting beneath a window.,2.0,mscoco
318777,Men sit in the outfield in white uniforms waiting for the pitch. ,1.75,mscoco
96183,A view of a kitchen with a tile backsplash,2.0,mscoco
76841,Old style suitcase containing electronic device such as a sound recorder.,2.0,mscoco
519676,A white motorcycle with three wheels next to other motorcycles.,1.55,mscoco
500662,Several items of different designed luggage next to a wall.,2.0,mscoco
450581,Motorcycle racers making a turn in old photograph.,2.0,mscoco
294943,A cat stands on the edge of a sink while a man looks on.,1.875,mscoco
525085,A snow boarder performs a maneuver in the air.,1.8,mscoco
202806,A person is flying a kite while standing in the water of a beach. ,1.9782608695652173,mscoco
171339,A group of various illuminated street signs above cars.,1.35,mscoco
303959,Chinese stir fry with noodles on white plate.,2.0,mscoco
18748,a kite flying high in the air with a sky background,2.0,mscoco
388940,The baseball player is swinging his bat to hit the ball.,2.0,mscoco
268441,A man on a skateboard going over a black box at a skate park.,2.0,mscoco
206469,a dog is jumping near a man with a disk,1.325,mscoco
443784,A tennis player wears a red top and a white visor.,-1.0,mscoco
347235,a street sign on a pole with a traffic light and street light,1.4,mscoco
536179,Two people sitting on the rail of a bridge with a motorcycle parked behind them.,1.2666666666666666,mscoco
27235,A teddy bear sits on the bed in a colorful children's room.,2.0,mscoco
501647,A game of professional baseball where the player has swung the bat.,2.0,mscoco
100209,A child biting a donut on a string.,1.2,mscoco
379024,"Graffiti damaged stop sign altered to read 22 TOP, on Regent St, 9600 W block.",1.0,mscoco
475529,A firetruck that is sitting in the street.,2.0,mscoco
74590,A baby brushing it's teeth with a green toothbrush.,-1.0,mscoco
581258,A man in a tie carrying an umbrella,2.0,mscoco
348538,Paved path along a river which is being crossed by a passenger train. ,1.625,mscoco
5,A blue colored dog.,2.0,drawbench
146725,Two aircraft flying in formation above the mountains.,2.0,mscoco
169026,a bus is driving down a snowy city street.,2.0,mscoco
269436,A small bird sitting in a metal wheel ,1.8333333333333333,mscoco
500782,A poster advertisement for a Nokia phone ,2.0,mscoco
373768,Two young boys playing Wii games on the television.,1.4,mscoco
155470,A tennis player in the air in the middle of a play.,0.3333333333333333,mscoco
220686,A red double decker bus on a city street,2.0,mscoco
180098,this is a plane flying above a rusty bridge,1.7000000000000002,mscoco
138977,Young boy at bat during youth baseball game at park.,1.8333333333333333,mscoco
99828,Several white flowers in a small pot designed to look like a rock.,1.875,mscoco
506792,a blue door and a red black and white fire hydrant ,1.4,mscoco
538276,"Chicken, broccoli and potatoes on a white square plate ",1.6,mscoco
15366,A person holding a Wii remote controller. ,2.0,mscoco
412545,An empty white refrigerator with milk on the door,1.5,mscoco
171360,A street in a city that has outside dining.,2.0,mscoco
320832,A white plate has food on it that a person is eating with a knife and fork.,2.0,mscoco
208011,Two cats sitting underneath stacks of chairs in a building.,1.25,mscoco
505128,A person cross country skis while facing away from the camera.,2.0,mscoco
480495,A group of people are playing with kites at the park.,2.0,mscoco
344521,"A plate is filled with broccoli, apples, strawberries, bananas, and oranges.",1.9166666666666663,mscoco
172163,a siamese cat laying on the floor with a toy banana,1.5833333333333337,mscoco
578168,Rows of empty seats are viewed from inside a train. ,2.0,mscoco
383884,A small giraffe walks in the green grass near two antelopes.,1.225,mscoco
477335,Person flies a large kite on the beach line next to the ocean. ,1.875,mscoco
138032,Wiimote with nunchuck attachment sitting on a table,1.9,mscoco
204867,An art project consisting of clocks nailed to a tree,2.0,mscoco
3899,A kitchen has tiled wall and white decor.,2.0,mscoco
148032,A zebra grazes on grass in an outdoor enclosure.,1.7857142857142856,mscoco
506979,A woman holding a small infant in her arm and pointing over a barrier to an elephant that is in the dirt area.,1.0,mscoco
578454,A bathroom with tile and a shower is shown.,2.0,mscoco
9833,"A gated entrance that has a clock on an archway which says ""VR 1897"".",1.25,mscoco
245481,A yellow railroad crossing sign in a black and white city sidewalk scene.,0.0,mscoco
362409,A person rides a surf board in the water.,2.0,mscoco
66503,Two bananas surrounding one apple in black and white. ,1.0,mscoco
297997,The plane wing can be seen through the window. ,1.3333333333333337,mscoco
53907,Two zebras in a field covered with dry grass,1.5416666666666663,mscoco
120155,A boy in catchers gear throwing a baseball.,2.0,mscoco
284015,Young adult scout member displaying hand sign wearing sash with badges.,1.75,mscoco
401299,A suburban street in the UK with lots of cars parked on the street,1.8333333333333333,mscoco
502043,A man wearing glasses is cuddling a blue teddy bear.,1.6666666666666663,mscoco
61672,"A meal of meat and vegetable soup served with yogurt, butter, sauce and water.",2.0,mscoco
380905,A cat laying on top of a blue piece of luggage.,1.6666666666666663,mscoco
313762,A man standing in the waves holding a surfboard.,2.0,mscoco
90258,A man playing baseball hit a line drive to third.,2.0,mscoco
337653,A street sign that is in front of a rainbow in the sky.,2.0,mscoco
351002,Filtered photograph of a man jumping on a skateboard.,1.8333333333333333,mscoco
337246,a bunch of birds fly over a beach ,2.0,mscoco
534428,People are crossing a street with umbrellas on a rainy day.,2.0,mscoco
191,A sign that says 'Google Brain Toronto'.,0.0,drawbench
507939,"A sink is filled with dirty dishes, to the point of overflowing.",2.0,mscoco
400406,A fruit salad made from bananas and kiwi.,2.0,mscoco
137583,A large black bear walking in the grass.,2.0,mscoco
85881,a man standing with his legs wide on a tennis court,2.0,mscoco
534252,The four images show a black dog next to a pair of shoes.,2.0,mscoco
162598,View of a bench seated near rocks and bushes.,2.0,mscoco
305315,A black bird with a red beak walks along a beach.,1.8333333333333333,mscoco
393511,a number of people at a table with plates of food ,2.0,mscoco
558968,This is an overhead view of an elegant living room.,2.0,mscoco
67396,Close up of a meat sandwich and fries,2.0,mscoco
196623,A grey cat with a red and green fuzzy elf hat.,2.0,mscoco
330993,A parking meter next to a parked car and cobblestone street.,1.5,mscoco
430898,A woman is flying her kite in a city park on a sunny day.,2.0,mscoco
520778,Two people sitting on a field overlooking water holding an umbrella. ,2.0,mscoco
34682,A man riding a wave on top of a surfboard.,2.0,mscoco
199923,"A dining room area with a round table and various unmatched chairs, and a dog looking out the sliding glass door.",1.8333333333333333,mscoco
260275,A street intersection with two traffic lights showing red.,1.125,mscoco
461870,"A baby eating cake in a hi chair, its really messy.",2.0,mscoco
220917,A woman sitting in a chair using a laptop ,1.9859154929577465,mscoco
93883,A man rides a horse cart down a country road.,2.0,mscoco
55627,"A bathroom with a mirror above the sink, a towel rack and toilet.",1.8333333333333333,mscoco
411201,A double-decker bus with people sitting inside of it.,2.0,mscoco
25609,A woman in an office holding up a doughnut.,2.0,mscoco
235130,A snowboarder poses next to two skiers on the mountain.,1.75,mscoco
123,A zebra underneath a broccoli.,1.8333333333333333,drawbench
219117,a green and yellow passenger train sitting beside the track ,2.0,mscoco
40948,Male tennis player surveying a clay tennis court for imperfections.,1.9,mscoco
353634,Two people are walking on the beach with three dogs.,1.1547619047619049,mscoco
182696,"A cat sitting on a laptop with the caption ""your not getting it back""",1.4017857142857144,mscoco
460342,A two level yellow bus parked on the side of a field with snow on the ground and people on the inside of the fence area.,1.4583333333333337,mscoco
324262,Young child brushing teeth using blue and white toothbrush.,0.5,mscoco
8005,A pale blue airplane sits on the tarmac while trucks wait nearby.,2.0,mscoco
424978,A giraffe laying on lush green grass next to trees.,1.9,mscoco
274551,A very nice looking kitchen with a shiny stove.,2.0,mscoco
261273,A stop sign at the intersection of Stampede Road and Regulus Street.,1.375,mscoco
247106,Men playing disk golf on a sunny day,2.0,mscoco
45016,A person standing near a white toilet bowl ,1.875,mscoco
178770,a bathroom with a sink and a large window,2.0,mscoco
255044,a steam train rides next to a group of trees ,2.0,mscoco
20608,A small sheep standing next to a white tub in a field.,2.0,mscoco
289512,Rider on horseback maneuvering in open field area.,2.0,mscoco
522818,"Dog, white Scottish or Sealyham Terrier, on belly, next to shallow yellow bowl on grass ground.",1.75,mscoco
15617,"Display of large submarine sandwich, with many ingredients, and condiment jars.",1.375,mscoco
530998,A man in red shirt playing a game with frisbee.,2.0,mscoco
175739,Horse with halter in field near bushes and trees,2.0,mscoco
565722,The zebra looks toward the ground while standing near a tree. ,1.8,mscoco
308384,A vase filled with flowers on top of a purple table.,1.942857142857143,mscoco
438171,A bright yellow bus travels along the road next to a fence.,2.0,mscoco
22882,Woman in red sweater sitting at table with glass of wine.,2.0,mscoco
108556,A brown wooden bench sitting under a window.,2.0,mscoco
539636,A person with skis and pole skiing down the hill on the snow. ,2.0,mscoco
96,"A grocery store refrigerator has pint cartons of milk on the top shelf, quart cartons on the middle shelf, and gallon plastic jugs on the bottom shelf.",1.3333333333333333,drawbench
365032,Several kites are being flown over a beach. ,2.0,mscoco
133278,three brown bears are cooling off in the water,1.7857142857142856,mscoco
542060,A large dog standing next to a  cat feeding on a bowl.,2.0,mscoco
92478,people standing on a beach with a kite flying in the air,2.0,mscoco
413122,Many people on a beach fly their kites. ,1.9,mscoco
80311,A young boy is playing with his toy oven. ,2.0,mscoco
532916,A view through a peek hole at a bathroom.,1.3308702791461413,mscoco
294778,A stop sign in front of a building with a large group of people outside.,2.0,mscoco
399016,A yellow bird perched on a small branch of a tree.,2.0,mscoco
21535,Close up of an open toilet seat in a bathroom.,2.0,mscoco
255866,A sandwich with meat and tomato sauce sliced in half.,2.0,mscoco
522258,A couple of people sitting at a table with plates of food.,2.0,mscoco
515513,A woman posing for pictures with her skateboard.,2.0,mscoco
26501,A red double decker bus driving past the Big Ben clock tower.,2.0,mscoco
314694,Young boy with red shirt and jeans sits at desk in front of laptop computer,2.0,mscoco
139166,A couple of men riding skateboards around a public space.,1.75,mscoco
134297,a young lady stands next to a man with a umbrella ,1.875,mscoco
470762,A fire hydrant is painted white and red.,1.9,mscoco
576327,This zebra has black and white strips and is in the woods that is partially shaded.  ,2.0,mscoco
11065,A woman stands next to a horse while a man touches its hoof. ,1.25,mscoco
181237,A bird perches atop a dragon shaped roof decoration.,1.3333333333333333,mscoco
232612,a lady that is eating some kind of doughnut,2.0,mscoco
216114,A young boy swinging the bat in a baseball game.,2.0,mscoco
448309,Home dining area with white walls and furnishings overlooking water.,2.0,mscoco
417142,An elephant is walking outside of his cage at the zoo. ,2.0,mscoco
162084,Sheep line up outside of a stone building.,2.0,mscoco
168296,The baseball player takes the proper stance to successfully hit the ball.,1.6666666666666667,mscoco
313116,Large yellow fire hydrant with green leaves on it surrounded by greenery.,1.6666666666666667,mscoco
88412,A baseball player swinging a bat during a game.,1.5,mscoco
21223,the woman looks down at her phone as she holds a glass.,1.8333333333333333,mscoco
93120,"Three young boys dressed in formal clothes, two are standing one is sitting",1.1666666666666667,mscoco
92847,Several people are participating in a jousting demonstration.,2.0,mscoco
208088,a large green and yellow train on a track,2.0,mscoco
567754,A black and white cat sitting in a bathroom sink.,2.0,mscoco
203333,A blue and red train is traveling down the train tracks.,2.0,mscoco
210279,a small zebra and two larger zebra in a field of grass,1.675,mscoco
126027,A person dressed in ski attire going skiing.,2.0,mscoco
448401,An electric train traveling down the tracks near a canal.,2.0,mscoco
337277,"Books, Tv,and Pc are assembled in proper place in the room ",1.8333333333333333,mscoco
472089,A yellow double deck bus traveling down a street.,2.0,mscoco
194,New York Skyline with 'Diffusion' written with fireworks on the sky.,2.0,drawbench
498409,An unplugged blender sitting on a kitchen countertop.,2.0,mscoco
193166,a parked car sits next to a parking meter ,1.6666666666666663,mscoco
301195,A group of seniors sit together at a wine luncheon.,2.0,mscoco
439486,a cat is sticking its head inside of a toilet,1.1666666666666663,mscoco
173652,A car parked on a steep hill near some buildings,1.75,mscoco
437145,A toy train going down a train track in a garden,2.0,mscoco
282812,"A scenic view of water and Big Ben in London, England.",2.0,mscoco
361739,a caserole dish filled with sandwiches and cucumber slices,1.9166666666666663,mscoco
106145,A clock tower on top of building lined with flags.,1.5,mscoco
517465,A person is catching a soccer ball near a net.,2.0,mscoco
401515,A man sitting behind a laptop in a bright room.,2.0,mscoco
307618,A little boy looking at a white teddy bear.,1.75,mscoco
90006,a close up of a sport motorcycle parked near a tree,2.0,mscoco
120743,toy cars and trucks are depicting a freeway,2.0,mscoco
271588,A dog sitting in an open suitcase looking at the camera,2.0,mscoco
208200,Small white bathroom with toilet sink and mirror over it. ,1.8333333333333333,mscoco
396303,People sitting on chairs on a city street in front of a coffee house.,1.8166666666666669,mscoco
297984,A large pizza pie sectioned off with different toppings ,2.0,mscoco
227193,This is a picture of a refrigerator in a kitchen.,1.9,mscoco
425608,A group of sheep are standing in the grass.,2.0,mscoco
104191,A wooden bench with snow on top of it in a forest.,2.0,mscoco
58425,A woman is holding a spoon in a blue bowl of food.,1.6666666666666667,mscoco
151347,A plane is flying over a snowy mountain.,0.5,mscoco
133279,Many cars in a desert area with planes in the back. ,2.0,mscoco
528355,A gourmet meat pizza on a plate with a slice consumed,1.375,mscoco
470145,A white cow standing next to a bush in grass,1.6666666666666667,mscoco
65861,A picture of a bathroom with a tub shower combination and a white toilet.,1.8333333333333333,mscoco
397587,Man with red tie and denim jacket and dark sweater.,1.2916666666666663,mscoco
513496,A woman jumps a horse at an equestrian event.,2.0,mscoco
165100,"A typical living room with couch, glass coffee table, television and water dispenser.",1.6666666666666667,mscoco
115856,A tan clock tower shows the time of 6:34.,1.0,mscoco
12698,The basket has a sandwich in halves with rice in it. ,1.75,mscoco
265134,A closeup of an elephant shows fine hair on it's head.,1.3333333333333333,mscoco
484549,Cat sitting on table next to electronic keyboard in residence.,1.9,mscoco
448117,A group of skiers getting off of a ski lift,1.6666666666666663,mscoco
506417,Baseball player in the motion of swinging his bat. ,2.0,mscoco
58304,A red bus traveling down a busy city street.,1.8333333333333333,mscoco
309599,An airplane on the tarmac as seen from behind a window.,1.8333333333333333,mscoco
39790,a black and white photo of a train on a track,2.0,mscoco
51,Three cats and one dog sitting on the grass.,1.6666666666666663,drawbench
7789,woman laying on a bed wearing patterned black stockings,2.0,mscoco
425758,Cooks are preparing food in a restaurant kitchen.,2.0,mscoco
100563,A white and grey airplane sits at a gate at an airport.,1.6666666666666667,mscoco
377816,A person riding a wave on a surfboard,2.0,mscoco
330990,A water heater tank sitting below a microwave oven.,0.6666666666666667,mscoco
61293,Several cross country skiers in a ski competition.,2.0,mscoco
52870,a surfer in a wet suit and a white red and blue board,1.8333333333333333,mscoco
369941,A woman is taking a bite out of an apple.,0.5,mscoco
401977,Decorative kites in front of a kite shop in a foreign country.,2.0,mscoco
497514,A man is performing a snowboard jump and appears that he is hooked to the lift.,1.5833333333333337,mscoco
557578,A fighter plane is taxiing down a runway.,2.0,mscoco
438968,a long passenger train inside a train station,2.0,mscoco
311042,A yellow train is stopped against a barrier on the tracks.,2.0,mscoco
352389,Two women lay in a bed with an orange cat.,0.5,mscoco
239959,A bathroom with white toilet and shower stall,1.75,mscoco
152530,A man wearing a wet suit while riding on a surfboard. ,2.0,mscoco
21254,Two pictures of a box of assorted doughnuts.,1.5,mscoco
553869,A woman stands on a sidewalk holding a blue umbrella.,1.875,mscoco
447681,A person riding a skateboard up a ramp.,2.0,mscoco
62839,A man standing in a tunnel next to a car.,1.75,mscoco
64146,A man with a white-painted face and a bananas on his head. ,2.0,mscoco
4880,The Big Ben clock tower towering over the city of London.,2.0,mscoco
311112,A train that is sitting on a track near a ramp.,1.625,mscoco
549932,A group of women who are standing by their luggage.,2.0,mscoco
61603,Man smiling looking at the camera while he talks on his cell phone.,1.8333333333333333,mscoco
146481,A child holds up a newspaper on a chair.,2.0,mscoco
172148,A high speed train on track in a railway station.,2.0,mscoco
445080,a blue motorcycle on display at a motorcycle show,2.0,mscoco
452502,A view of a living room and a dining area.,2.0,mscoco
224790,A large red double decker bus travels on a city street.,2.0,mscoco
119210,Zebra standing in front of wooden fence in front of box,1.875,mscoco
59106,"A traffic light at the street corner is displaying red, which means vehicles should stop.",2.0,mscoco
317241,Two stuffed bears are displayed in a mountain scene.,1.8,mscoco
468022,A partially eat cake on a tray being held by a person.,1.75,mscoco
269784,A yellow scooter bike is by a fire hydrant.,1.3333333333333333,mscoco
34354,A baseball player  taking a swing at a ball,2.0,mscoco
297173,A baseball player up to bat in a game ,2.0,mscoco
49913,Man standing by a pond with a blue shirt and a bow tie under cloudy skies.,2.0,mscoco
143024,FOUR STUDENTS USING LAPTOP COMPUTERS IN A CLASSROOM,1.9285714285714288,mscoco
220419,"Man in sun hat sitting on beach chair just out of shade, talking on cell phone.",1.6666666666666667,mscoco
125590,A skateboarder wearing a helmet and knee pads doing tricks on his skateboard.,1.6666666666666667,mscoco
404618,a black and yellow fire hydrant is near the street,2.0,mscoco
203631,Skier poses in front of a scenic mountain view.,1.875,mscoco
575502,Slice of cake displayed on wooden table with ornaments.,2.0,mscoco
153817,A steam powered train pulls out of a busy station.,2.0,mscoco
83086,A tower clock is stretching upward into a clear blue sky.,1.5,mscoco
329058,Two women standing in the room playing a boxing game on the Wii,1.5,mscoco
171351,A man in skintight clothing holds a bicycle with a red surfboard.,1.8333333333333333,mscoco
336752,The keyboard and mouse are hooked up to the big screen television.,1.5,mscoco
546295,A skateboarder rolling down a street with grass on the side.,1.75,mscoco
282591,A brown cat with wearing a green tie.,2.0,mscoco
21310,Three little girls are standing against a wall with a tennis racquet.  ,2.0,mscoco
4065,Two women make faces as they sit for dinner.,2.0,mscoco
316631,A woman standing next to a field with a kite flying in the sky.,2.0,mscoco
100642,A sign that says Toyota with lots of cars inside a building.,1.6666666666666663,mscoco
390663,two men sitting on a bench wearing hats and suits,1.9,mscoco
205918,A close-up of the rear end of a propeller plane.,1.6666666666666663,mscoco
21268,"A dish of vegetables, onions, carrots, and sauce are on the table.",2.0,mscoco
206465,a small elephant laying down in the sand,2.0,mscoco
156533,Black colored commode in bathroom with modern tiling.,1.9166666666666663,mscoco
483179,Residential bathroom with modern design and tile floor.,2.0,mscoco
99222,Various fruits and vegetables are on the kitchen counter.,2.0,mscoco
490415,A man is flying a kite while others bicycle in the background.,1.6666666666666663,mscoco
368117,The traffic lights are clearly visible for all of us to see. ,0.5,mscoco
526654,black and white image of a man holding many hot dogs in buns and eating them,1.875,mscoco
83614,A Mac mini and a keyboard are on a table.,2.0,mscoco
110251,A playground with a sign saying caution live children playing.,1.6666666666666667,mscoco
256611,A desk with computers and cell phones on it,1.4166666666666663,mscoco
572865,"A person standing with their arms open behind a fire hydrant.
",1.8,mscoco
198112,A slice of pepperoni pizza sitting on top of a table.,1.8333333333333333,mscoco
30588,Various blue tables with closed yellow umbrellas on beach.,1.25,mscoco
513299,two horses standing at the top of a hill.,1.8333333333333333,mscoco
435933,A red fire hydrant in a cartoon street area.,2.0,mscoco
306421,A bird sits on a large tree branch.,1.3333333333333333,mscoco
562870,A smart phone sitting on top of a wooden table.,2.0,mscoco
24238,A very tasty slice of pizza with toppings on a plate.,1.75,mscoco
393795,Pink flowers in a blue vase on a table.,2.0,mscoco
339426,A batter is swinging at a ball at the game.,2.0,mscoco
256159,A train passes by a grassy area in the city.,2.0,mscoco
296393,A little boy is holding an umbrella beside a statue. ,1.6666666666666663,mscoco
501311,A baseball action shot of a pitcher throwing a pitch.,1.9,mscoco
10643,"A bathroom area with sink, phone and mirror.",1.625,mscoco
192171,A giraffe walking across a grass covered field.,2.0,mscoco
255112,A young person holding a golf club and looking at a frisbee on the ground. ,1.4,mscoco
79566,The side of a train showing the entrance and two doors.,1.25,mscoco
3804,Yellow and gray passenger train passing front of a group of people. ,1.6666666666666663,mscoco
277431,There is a train attached between two buildings as a walkway.,1.1666666666666663,mscoco
514732,A military jet is parked on the runway.,2.0,mscoco
426686,Cows in a pasture near a lake with mountains in the distance.,2.0,mscoco
358748,A young girl is standing next to a giraffe by a fence.,0.5,mscoco
534459,a little boy with red shoes on sitting on a bench ,2.0,mscoco
368435,A man holding a green frisbee in a grassy yard.,2.0,mscoco
294734,"A bowl of carrots, a bowl of mixed vegetables and a bowl of rice beside an apple and orange.",1.6666666666666667,mscoco
171371,A person on skis is riding down a hill.,1.75,mscoco
405079,A passenger train running on electricity provided by wires along a train track.,1.3333333333333337,mscoco
106843,A woman with a purple umbrella crossing the street,2.0,mscoco
493202,The man smiles in front of a plate on pizza.,2.0,mscoco
96360,The donuts are glazed in powdered sugar and ready to eat.,2.0,mscoco
254198,An old fashion pickup truck with one yellow and one white sign attached to it. ,1.25,mscoco
268350,A living room filled with lots of furniture and a window.,2.0,mscoco
581827,A young girl is playing ball on a brick wall.,2.0,mscoco
288055,"An grassy enclosure with giraffe, zebras and other animals.",0.3333333333333333,mscoco
93472,A man is standing in the snow with skis and ski poles.,0.5,mscoco
353662,Three giraffes standing underneath a tree in an enclosure. ,0.3,mscoco
72,A side view of an owl sitting in a field.,2.0,drawbench
452331,Antique black and white photograph of a steam train at a rural station,1.6666666666666667,mscoco
52012,Assortment of fruits and dessert items displayed on table.,2.0,mscoco
167095,A teddy bear on a parachute floating along side a building.,1.5666666666666669,mscoco
281660,A brick wall can be seen through the window of a subway train,1.4333333333333331,mscoco
22806,A view of a city street with oncoming traffic taken through metal posts of a sign.,1.6333333333333333,mscoco
298139,Man surfing on white water waves in open waters.,2.0,mscoco
284954,Two bicycles are parked around a fire hydrant in front of a sidewalk cafe.,1.325,mscoco
574208,A brown and black dog holding a red frisbee in it's mouth.,1.25,mscoco
260716,A red and green fire hydrant next to wooden box.,1.25,mscoco
248276,A person's hand hold a donut with coconut toppings. ,1.9166666666666663,mscoco
360525,A broccoli vegetable dish is served on a plate.,2.0,mscoco
245201,A brown dog sitting on the inside of a white boat.,2.0,mscoco
157519,Boy riding a large-wheeled skateboard down the road ,2.0,mscoco
26884,Elderly man with beard standing in a suit.,2.0,mscoco
382751,Two giraffes are standing in a fenced enclosure.,2.0,mscoco
9946,A young man barely hanging on to a wave that hes riding. ,1.9285714285714288,mscoco
85097,A small train is parked at the station on the track,1.8333333333333333,mscoco
242911,"A plate of pizza, a wine glass and a glass of water on a table.",1.75,mscoco
186944,A motorcycle is seen in front of some mountains.,2.0,mscoco
418134,A tennis player on the court holding a racket.,1.75,mscoco
169562,A home office area with many pictures on the wall,2.0,mscoco
383039,"Sheep, one in mixed brown and white fleece and long horns, the other in beige fleece grazing on grass.",1.0714285714285714,mscoco
86946,Low folding chair next to plastic chair with red bag on it under open umbrella,1.5,mscoco
158335,a close up of a person holding two small doughnuts ,1.6166666666666667,mscoco
156497,Adult man sitting on couch with laptop computer in living room.,1.7916666666666663,mscoco
67125,Two adult elephants are standing beside a road while men are riding on top.,1.5,mscoco
357976,The view from a car window shows a motorcycle parked against a tree.,0.6666666666666666,mscoco
211823,View of full size bed and curtains with similar flower patterns,1.7,mscoco
139333,Two red flowers set in a green vase.,1.5,mscoco
387678,A large kitchen with green walls and counters,2.0,mscoco
180,A storefront with 'Diffusion' written on it.,2.0,drawbench
58089,a parking meter with a red zone 3 tag,1.3333333333333333,mscoco
231684,Airplane toiler with a small view out the window. ,1.25,mscoco
532495,The  hot stew contains various green ingredients.,1.3333333333333333,mscoco
261139,many different vases and containers on display behind glass,2.0,mscoco
1108,A man is jumping in the air on a skateboard.,1.875,mscoco
473555,a small living room with a couch and chairs ,1.8,mscoco
452782,A cow being lead around on a showroom floor.,1.5833333333333337,mscoco
490097,"A living area with chair, love seat, coffee table and a television.",2.0,mscoco
559214,A street sign that says Walnut St on it.,1.8333333333333333,mscoco
235840,Two giraffes stand in a grassy area with trees in the background.,1.5,mscoco
548418,The baseball player swings his bat at the ball.,1.8,mscoco
364145,A large jumbo jet on the runway of an airport.,2.0,mscoco
60285,A female tennis player lunges forward to return the tennis ball.,1.6666666666666663,mscoco
326081,A dog laying on the ground with a pink frisbee in it's mouth.,2.0,mscoco
65301,A boat parked on the ground near a fence.,2.0,mscoco
486921,A cow grazes on top of a hill.,1.55,mscoco
14709,Player trying to catch ball in dirt during sanctioned game.,1.9,mscoco
417962,A tug boat sits on the water in the port.,1.8333333333333333,mscoco
549201,tHIS LIVING ROOM HAS A HIGH CEILING AND HIGH WINDOWS,2.0,mscoco
496302,Architecturally magnificent church and building on a city street,2.0,mscoco
98278,A man talking on a phone with his eyes closed.,2.0,mscoco
475906,A child plays in a living room filled with baby toys.,2.0,mscoco
329546,A toilet sit vacant inside a building with slanted roof.,1.6666666666666667,mscoco
68139,A man is standing on a sidewalk in front of food trucks.,1.6796875,mscoco
160974,White propeller airplane on a runway next to a white van. ,1.5,mscoco
17089,A herd of zebra standing on top of a grass field.,0.5,mscoco
310655,A white plate topped with a chocolate piece of cake.,2.0,mscoco
293529,A woman is wearing a dress and a tiara is holding an umbrella.,1.625,mscoco
2446,a young boy in a soccer uniform kicking a ball,2.0,mscoco
268552,A black and white photo of a woman playing tennis.,2.0,mscoco
107628,Skateboarder with a black helmet and flannel shirt skateboards while another person takes a photograph.,1.8333333333333333,mscoco
229267,Open area food court with colorful umbrellas. ,2.0,mscoco
26812,An assortment of fruit with bananas and apples,2.0,mscoco
258289,A fenced in area with sheep and mules eating from a feeder.,1.5589037698412698,mscoco
179953,Two adult giraffes and a baby giraffe are standing near each other.,0.3333333333333333,mscoco
558101,a large group of sheep in a pasture,2.0,mscoco
70282,A traffic signal is lit on the side of a city street.,2.0,mscoco
135785,"Skateboarder playing in a deserted, concrete city square",2.0,mscoco
6688,Two zebra's standing in a grassy field and one is eating grass.,1.5,mscoco
388788,A street sign giving warning to road users of fines in case they violate,1.3333333333333333,mscoco
374707,A bathroom with a toilet and stand up shower,1.6944444444444444,mscoco
408460,Two horses grazing on grass while one of them is behind a fence. ,1.55,mscoco
303597,Flowers and several varieties of vegetables sit on the counter.,1.875,mscoco
512295,a man in a black shirt holding a cellphone and a woman,1.6666666666666663,mscoco
108210,a large passenger jet sitting on top of an airport tarmac.,2.0,mscoco
233935,A large airplane is flying through the clear blue sky.,1.3333333333333333,mscoco
296277,A sea plane in the water with a large city in the background.,2.0,mscoco
105389,A woman is looking at ribbon for children participating in an art activity.,2.0,mscoco
175250,A red and white small plane is parked on a tarmac.,2.0,mscoco
266825,Four brown bears are walking through a stream.,1.6,mscoco
344744,A brown bear walking along the waters edge,1.6666666666666667,mscoco
455496,A man in a knit cap holds a controller that is attached to his wrist.,2.0,mscoco
505932,A man is preparing to hit a ball during a baseball game.,1.9,mscoco
431013,A woman sips a beverage from a wine glass.,2.0,mscoco
341957,A bed with a stuffed animal looking out a window,2.0,mscoco
298672,A table topped with two pies and a bowl of apples.,1.1666666666666663,mscoco
313601,A beach scene with several people playing Frisbee.,1.875,mscoco
250234,Large pile of blood oranges displayed in photo.,2.0,mscoco
515229,black and white image of a man on a motorcycle,2.0,mscoco
541290, A man riding skis up the side of a ski slope.,1.75,mscoco
262336,Legs of male tennis player and his shadow,2.0,mscoco
282466,Various desserts displayed across a large table on a white table cloth,2.0,mscoco
9768,A close up shot of bananas and limes.,2.0,mscoco
460507,A picture of a bowl of soup and sandwich on a square plate.,1.625,mscoco
341133,Baseball players next to base during major game at stadium.,1.8333333333333333,mscoco
385145,Many bikes are parked at a bike rack.,2.0,mscoco
370741,Two small birds standing on top of a wet log.,2.0,mscoco
512424,Public phone sign on a street light that says 25 cents.,1.6666666666666667,mscoco
349926,A group of men playing frisbee on a field.,2.0,mscoco
495872,A person in a yellow shirt paddle-boards between two boats one with a blue cover.,1.1666666666666663,mscoco
464965,a man holding a foil wrapped sandwich next to a computer,0.25,mscoco
53169,A man crouching down to the level of a child and the child is eating while people walk to the side of them.,1.0,mscoco
81809,Young blond woman with beige hat and brown trim eating a large slice of pizza.,1.8333333333333333,mscoco
28099,Man working in bike shop repairs a bike's tire,2.0,mscoco
557731,a square pizza with tomatoes and a bottle of wine,1.3333333333333337,mscoco
406011,A picture of a group of men and women holding tennis rackets,2.0,mscoco
234745,a person is riding on a surfboard in the water,2.0,mscoco
111432,A bathroom has a white shower curtain and a sink.,1.8,mscoco
287406,Snowboarder taking a rest on snow covered slope.,1.875,mscoco
140065,Young girl standing in yard wearing baseball cap and glove.,1.625,mscoco
96298,A man is crossing the pavement in front of a pedestrian sign.,1.25,mscoco
219756,"A green "" Please Pay AT Pay Box "" covering over a parking meter.",2.0,mscoco
564680,A cat sitting behind several plants on a shelf ,1.8333333333333333,mscoco
534751,A baby eats pieces of broccoli in a high chair. ,2.0,mscoco
378736,A hand holding up a hot dog in a bun with pickles.,2.0,mscoco
357529,Pitcher in green and grey uniform in the motion of throwing ball. ,1.875,mscoco
491204,"A table is full of breads, grapes, jams and jellies,meat and cheese.",2.0,mscoco
354111,A black and white bird sits in a pine tree.,2.0,mscoco
64497,A boat sits on the side of a road.,1.75,mscoco
558318,A black and white photo shows a street view with old cars.,2.0,mscoco
47066,"Vast quantity of vegetables, for the taking at a market",1.9444444444444444,mscoco
421105,Older style single engine airplane being displayed at air show.,1.8333333333333333,mscoco
509551,"A large clock tower stands against a bright, clear sky.",1.8333333333333333,mscoco
569253,A horse walks through a grassy field in front of a building.,1.9,mscoco
213423,"a red, white and blue toothbrush with toothpaste on it is held above a sink",0.2666666666666666,mscoco
364815,A small child is holding a baseball bat wearing a helmet.,1.945945945945946,mscoco
346360,two men holding wii controllers in a living room,1.4791666666666663,mscoco
156466,A garden bench in front of a red tiled wall,2.0,mscoco
303291,A red and white fire hydrant with a black hat on it,1.8333333333333333,mscoco
448537,A bathroom has a tile floor and a dolphin shower curtain.,1.875,mscoco
354827,A man eating a sandwich in a kitchen,0.5,mscoco
154680,The sliced sausage sandwich has peppers and onions on it.,2.0,mscoco
262113,a blood orange cut in half on top of a bunch of other orangets ,1.375,mscoco
334396,there is a bird that is sitting on a branch above the water,2.0,mscoco
70931,A table is covered with vases and containers.,2.0,mscoco
27937,"Dog moving in  brown colored water, holding dark yellow Frisbee, with Coca Cola red canopy and people on water bank.",1.3333333333333333,mscoco
85856,A red couch in a living room next to a large window.,2.0,mscoco
173887,a stop for pedestrians sign in a parking lot,1.5,mscoco
72098,This is an old fashion picture of a little girl and a teddy bear on a bench.,2.0,mscoco
57050,a train on a track near many trees ,1.9932432432432432,mscoco
392947,a white plate holding bagel next to cup.,2.0,mscoco
556758,Several people riding in the woods on horseback.,2.0,mscoco
81004,A black and white photo has two baseball players.,2.0,mscoco
113114,A black and white cat sitting on a couch,2.0,mscoco
100,A pear cut into seven pieces arranged in a ring.,1.25,drawbench
376831,A woman is cutting a pizza into slices.,2.0,mscoco
206042,A large jetliner sitting on top of a runway.,0.5,mscoco
260637,A blue and white single engine plane on a runway.,2.0,mscoco
374649,A piece of light blue luggage sitting on top of a leather bag.,1.5,mscoco
183342,an image of a small pizza on a plate,1.8333333333333333,mscoco
29909,A person prepares to apply toothpaste to four toothbrushes simultaneously. ,1.1666666666666663,mscoco
103356,a bus that is parked on a very large hill,1.7083333333333337,mscoco
413811,A crowd of surfers and swimmers enjoy a day at the beach.,2.0,mscoco
429266,Man riding orange and black motorcycle tilted to the side.,1.375,mscoco
33991,A woman and baby looking at an elephant in fenced area.,1.8333333333333333,mscoco
135589,A man with beard and tie on a subway car.,2.0,mscoco
440853,Girl playing with a bean bag chair near a Christmas tree.,2.0,mscoco
249856,a ham and cheese sandwich sits half-eaten on a paper plate.,1.375,mscoco
431472,A hand holding a bun containing a burnt hotdog.,0.4583333333333333,mscoco
208316,A man is skate boarding in a parking lot.,1.6666666666666667,mscoco
294605,"Goblet along with white plate with piece of meat, broccoli and corn.",1.5,mscoco
461326,A zebra eating out of a wooden box. ,1.75,mscoco
124703,A woman reaches into the air to catch a Frisbee.,1.75,mscoco
355477,A group of young women standing around in a half circle holding tennis racquet.,0.5,mscoco
385070,Two men sitting on the couch playing a wii game.,2.0,mscoco
308947,Several firetrucks and firefighters are parked in a street.,1.875,mscoco
492411,People riding on the back of an elephant on a path through the jungle.,2.0,mscoco
312802,A person is skiing down a steep slope.,2.0,mscoco
19238,Brown teddy bear in bed holding a stuffed orange bird.,1.8,mscoco
88871,The blue necktie shows a picture of a pocket watch.,1.1666666666666663,mscoco
535424,A red helicopter with a person hanging from the side,1.375,mscoco
215033,Woman in shopping aisle with bear on her head,1.7,mscoco
385675,"A large, blue truck stands near a brown building.",2.0,mscoco
359684,A man in a suit walks through a parking lot.,2.0,mscoco
427036,"A pin cushion , thimble and pair of scissors",1.9285714285714288,mscoco
31,A shark in the desert.,2.0,drawbench
93764,Brown cows are standing in a field of grass.,2.0,mscoco
288435,Many buses driving down the street in a city with buildings. ,2.0,mscoco
270650,A yellow sports car has skis and ski poles on the trunk.,2.0,mscoco
442245,Three juvenile soccer players are vying for the ball.,2.0,mscoco
508100,Sheep graze along a grassy strip in front of a body of water and mountain. ,2.0,mscoco
372458,The green suitcase has many stickers on the side of it.,2.0,mscoco
351036,A person is holding a skateboard with one edge on the ground.,1.6666666666666667,mscoco
369689,Cars are parked on the side of a road near shops.,1.8333333333333333,mscoco
21496,a large passenger plane landing on a runway.,2.0,mscoco
138195,Some large tourist type boats on a wide river.,2.0,mscoco
250778,A desk top computer next to a lap top computer on a desk. ,1.5714285714285714,mscoco
17,A green apple and a black backpack.,2.0,drawbench
226424,A group of young men standing next to surfboards.,0.5,mscoco
204612,The interior of a bathroom with a cat sitting on an unfinished floor.,2.0,mscoco
493398,A group of people with wine glasses on the dining table,2.0,mscoco
179904,A man is next to a large bunch of bananas.,2.0,mscoco
415723,A dog in the air with frisbee in mouth above grass by fence with spectators.,2.0,mscoco
179261,An adult and baby elephant next to a fence.,2.0,mscoco
533862,A tied up black and white cow near a bowl.,2.0,mscoco
330607,A refrigerator filled with gallons of milk and orange juice.,2.0,mscoco
553488,Several sheep grazing by the side of a road.,1.8333333333333333,mscoco
130111,"A baseball game with a hitter, catcher, umpire involved in the current play.",2.0,mscoco
491826,Kites are in the blue sky over a park area.,1.5,mscoco
237851,A flower in a glass vase is pictured.,1.6666666666666667,mscoco
267123,Two rows of young skiers lined up for pictures with their skis.,1.6666666666666667,mscoco
485019,A person sitting on a park bench in the rain next to a bag holding a umbrella.,1.5,mscoco
40075,A man performing a skateboarding trick and posing mid-air.,1.8333333333333333,mscoco
305710,People in white outfits and red umbrellas parade the streets. ,1.8333333333333333,mscoco
521555,Woman flying a kite on a sunny beach.,2.0,mscoco
9904,The white dog is sitting on a blanket in the chair.,2.0,mscoco
519489,A shaggy mother pony and her foal in a field.,2.0,mscoco
352005,A man wearing a blue shirt and a pair of glasses.,2.0,mscoco
337647,a surfer in a wet suit is riding a boats wake,1.6666666666666667,mscoco
77624,Two laptops sit next to a tv on a tv stand.,1.5,mscoco
24802,The narrow room has several beds in it.,1.9166666666666663,mscoco
139551,Woman in blue outfit taking a swing during tennis match.,2.0,mscoco
508,A scenic view of a snow covered mountain and clouds.,1.6666666666666667,mscoco
382854,The large tour bus is painted with a dog mascot.,1.5,mscoco
42553,Two men with colorful ties are posing for a picture. ,2.0,mscoco
570349,"BLACK, BLUE, WHITE, RED, ORANGE RED AND YELLOW AIRPLANE",1.4166666666666663,mscoco
550258,Young lady wearing glasses eating at outdoor table.,2.0,mscoco
122467,Person with a cut on their hand holding up a white controller. ,-1.0,mscoco
360658,"Stop sign with added ""war"" annotation, at an intersection.",1.5,mscoco
418637,A herd of elephants standing next to a tree.,2.0,mscoco
63595,A tennis player in a red shirt is serving the ball.,1.6666666666666663,mscoco
68238,A grey and white cat sleeping on a wooden bench.,1.875,mscoco
401235,An old green pick up truck sitting in the grass.,2.0,mscoco
57801,a train on a train track with a sky background,2.0,mscoco
205504,A young baseball player pitching a ball to the catcher.,1.7535511363636362,mscoco
553067,Three people are posing together in their ski gear. ,1.875,mscoco
275939,A Capital Cargo International plane on the runway,0.375,mscoco
255598,A group of baby elephants walk next to an adult.,2.0,mscoco
20515,Traffic light with blue sky streaked with clouds backdrop.,2.0,mscoco
513618,Man with camera in room in black and white photo.,1.8,mscoco
230169,Two white chairs beneath an umbrella on a sandy beach.,2.0,mscoco
75227,"Meat with tomato sauce, broccoli, potatoes and rice",1.9794520547945205,mscoco
285821,A man with an apron prepares a mixture in a bowl.,2.0,mscoco
94079,Two male soccer players engaged in heated competition.,2.0,mscoco
19087,A road sign that says reduce speed for motorcycles.,1.0,mscoco
471755,A hand holding an orange swivel cell phone.,1.7070330167345094,mscoco
13158,A long haired cat sleeps on the hood of a car.,1.8,mscoco
224742,A bathroom counter with a sample bar of soap and other items.,1.6666666666666667,mscoco
426947,A brown dog laying on top of grass next to a green frisbee.,1.875,mscoco
89882,A man skates between cones  on the street,1.875,mscoco
233994,Sailboat regatta on water near mountain in background. ,1.9,mscoco
427344,"A cat sitting on top of a television set that is showing a baseball game.
",1.4,mscoco
332153,A green train traveling through a forest with trees.,2.0,mscoco
201425,A group of three coffee cups sitting on top of  a shelf.,1.8333333333333333,mscoco
340545,Traffic sign and barricades on roadway near large city building.,2.0,mscoco
425135,A large bathroom with two sinks and three windows.,2.0,mscoco
259717,The asian women are selling their wares on the water.,2.0,mscoco
559522,A tennis player kneels in to hit the ball.,1.5833333333333337,mscoco
446421,a small kitchen leading to a bed room ,1.1,mscoco
223874,There are several people waiting in the rain to cross the street.,1.8333333333333333,mscoco
2184,A man teaches children to play on a tennis court.,1.6666666666666663,mscoco
342618,Woman posing for picture in mirror with decorative wall,0.3333333333333333,mscoco
495476,Several people ride an elephant on a jungle path.,2.0,mscoco
459449,"Four stuffed teddy bears having a picnic and ""eating"" sandwiches while having drinks",1.8,mscoco
204505,A green vintage truck on display at a car show.,2.0,mscoco
32801,Workers in a factory making doughnuts with machines.,1.8,mscoco
216682,A dog and a cat sitting in a raised cat bed.,1.5,mscoco
564745,A boy holds several tennis balls on his racket.,1.5,mscoco
467154,a plane flying in front of a setting sun,2.0,mscoco
284310,An intersection of a busy city street at night ,2.0,mscoco
484835,a bath room with lamps flowers in vases,2.0,mscoco
171962,A city bus with bicycles on the rack in front,1.6666666666666667,mscoco
412483,Pictures decorate the wall above a small fireplace.,2.0,mscoco
332210,A red electric train sitting on the tracks.,1.9,mscoco
102137,The walking signal is next to the red traffic signal light. ,1.3333333333333333,mscoco
181906,View from above of two men sitting on sidewalk with tennis rackets and tennis balls.,1.875,mscoco
22113,"a fire hydrant is painted red, white and green ",1.7,mscoco
242290,A brown bear standing on a field of dirt and grass. ,2.0,mscoco
503015,A woman standing next to a man with a frisbee.,0.5,mscoco
392758,A large group of people on a boat with hills in the background.,2.0,mscoco
329261,A woman talking on a cell phone near a wedding dress.,1.5555555555555556,mscoco
110169,A white toilet sitting next to a pipe in a bathroom.,1.6875,mscoco
519193,A kid holding a video game controller in his hand.,2.0,mscoco
56585,A dog stands in a kitchen in anticipation of a treat.,2.0,mscoco
242002,A motorcycle rider is riding in a motor cross competition.,2.0,mscoco
192730,Three cows are standing on the pavement next to a gate with three structures in the background.,1.375,mscoco
509185,A white church has a decorative window and gold clock.,1.5,mscoco
9003,Male tennis player just finishing an energetic swing.,0.1999999999999999,mscoco
277319,"The large plane is painted orange, blue, green and red.",1.6666666666666663,mscoco
300745,A group of people walk along a line of buses.,1.9166666666666663,mscoco
418056,A bat catcher being held by a man with a red jacket.,2.0,mscoco
514925,A passenger train is traveling down a railway.,2.0,mscoco
311088,A group of people stand by a green pickup truck.,0.5,mscoco
261984,a male tennis player  in a blue shirt playing tennis,1.8333333333333333,mscoco
386537,"A bathroom stall with a toilet, rail and toilet paper dispenser.",1.6666666666666663,mscoco
288075,Empty park benches on grass near the water.,2.0,mscoco
486290,Table display of different sized and colored vases,1.8333333333333333,mscoco
450800,A pitcher throws a pitch to a batter.,1.65,mscoco
427335,"Large and colorful display of various fruits, vegetables and canned goods",1.75,mscoco
535151,a wooden bowl of salad on a table with a fork.,1.875,mscoco
210683,two people sleeping on couches in a living room,1.9285714285714288,mscoco
441385,A fake severed head is inside of a microwave with a carved pumpkin nearby.,1.25,mscoco
59735,A group of elephants are gathered in a field. ,2.0,mscoco
493563,"Young, smiling woman in casual dress sits on a bench.",2.0,mscoco
30942,Two motorcycles are parked in front of a brick wall.,2.0,mscoco
412019,A large airplane flying through a blue sky.,2.0,mscoco
78896,"A bed made up with linens, is outside on a street corner.",1.6666666666666667,mscoco
530285,A zebra is standing in the grass near a fence.,2.0,mscoco
448623,A large propeller plane with people standing underneath it. ,1.9311145510835912,mscoco
172173,an image of a yellow train on a railroad track,2.0,mscoco
495183,The young girl is riding her bike down the street. ,0.4166666666666666,mscoco
330583,Lone adult horse eating grass in a mountain valley.,1.8,mscoco
366499,"A pizza with ham, tomatoes and cheese on a table.",2.0,mscoco
232894,Two kids sitting at a wooden table eating chips.,2.0,mscoco
511430,kitchen with silver appliances sun shining in the room,2.0,mscoco
214648,A street scene with a restaurant in the background.,1.6666666666666663,mscoco
341707,A pizza is being cooked in an oven.,1.9375,mscoco
162445,There are several kites in the air and several people standing in the field.,2.0,mscoco
564432,two giraffes are standing in the open field.,2.0,mscoco
60,A collection of nail is sitting on a table.,2.0,drawbench
136286,An ornate brown and gold canopy bed that is roped off.,2.0,mscoco
263246,A bench is facing a man made body of water and trees.,1.8333333333333333,mscoco
2525,A young woman wearing a striped apron stands between trays of decorated cupcakes.,2.0,mscoco
57454,A graffiti filled restroom with three urinals and a toilet.,1.675,mscoco
208215,A group of people paddling a long boat ,1.8333333333333333,mscoco
385098,People at a market place selling mostly luggage ,2.0,mscoco
92674,A zebra is standing in a grassy area.,2.0,mscoco
168248,a young man jumping with his skateboard in a skate park,2.0,mscoco
6068,Large long sized train running down a large track way.,2.0,mscoco
35245,Several people are riding horses along a beach.,2.0,mscoco
460916,A man sitting on a bed using a laptop.,2.0,mscoco
299045,A Best Buy sign is shown on the outside of a building.,1.8333333333333333,mscoco
80619,A man in a suit standing by a sliding glass door.,1.8333333333333333,mscoco
80,"A separate seat for one person, typically with a back and four legs.",0.25,drawbench
37843,People sitting at a table with several different kinds of pizza pie.,2.0,mscoco
285357,A room in a home that has a small table with one chair on the side and another piece of furniture in the next area.,1.5,mscoco
144167,Lighted bar sign mounted near traffic signal in front of a building.,1.75,mscoco
526778,A skier is racing down the race track in competition.,2.0,mscoco
51941,a vase on a table with a lamp and a clock ,1.8333333333333333,mscoco
214782,A skier in a yellow jacket making a jump.,1.8333333333333333,mscoco
453553,Two women at a table with a chocolate cake.,2.0,mscoco
440372,a clear glass bottle sitting on a table ,2.0,mscoco
34387,A bed with a wooden headboard sitting inside of a space bedroom.,1.6,mscoco
301191,An old clock tower on a clear sunny day ,1.7000000000000002,mscoco
551908,"A plate is adorned with a tiny fish sitting on a bed of broccoli, potatoes and carrots.",2.0,mscoco
196093,A zebra walks with a house in the background.,1.9166666666666663,mscoco
33042,An elegant living room with a mountainous view.,2.0,mscoco
188447,a pizza prepared to be cooked on a wooden spoon,1.25,mscoco
19333,A collection of items from a bag laid on floor.,1.9761904761904765,mscoco
581302,A bird flying over a large body of water next to a bench.,1.5,mscoco
520485,A bathroom with tiled counters and tan walls. ,2.0,mscoco
177625,A man and woman play Wii games in a casual gathering of friends in an apartment.,1.75,mscoco
36469,A man with glasses looking at a cellphone.,2.0,mscoco
441475,A man skis down a slope in heavy snow.,2.0,mscoco
310360,A woman playing a game on the Wii.,1.6666666666666667,mscoco
305464,"A bathroom with a toilet, sink and a blue bucket.",1.5833333333333337,mscoco
429408,A table is set up with a variety of foods. ,2.0,mscoco
443160,Woman in a hat and tie posing for a picture. ,1.875,mscoco
298427,Meat with red sauce sits on a plate adjacent to broccoli and carrots.,1.8333333333333333,mscoco
215896,A toilet is shown in the corner of a bathroom.,2.0,mscoco
523959,A traffic signal in front of a large spire with a clock.,1.875,mscoco
277709,A man is posed with his racket to his side during a tennis game with packed stands.,1.8333333333333333,mscoco
323116,A herd of sheep shares the road with cars and motorcycles.,1.375,mscoco
493843,a kitchen with a tall cupboard analog clock on the wall and a refrigerator,1.4166666666666663,mscoco
42675,A starving bull with long horns standing next to a house..,2.0,mscoco
125898,A brown horse standing in front of a white light tower.,2.0,mscoco
9865,A rooster stands in the grass adjacent to a road.,1.875,mscoco
82220,A bride and groom stand in front of a wedding cake.,2.0,mscoco
347789,A baseball athlete getting ready to swing the bat.,2.0,mscoco
367111,The SunExpress airplane taxis down the runway to take off.,2.0,mscoco
557886,A man riding a horse carriage on a road.,2.0,mscoco
21394,Three people ride an elephant near a wall.,1.8333333333333333,mscoco
114891,A little brown dog rests on a pillow with a toy banana beside it. ,2.0,mscoco
52818,A pile of red apples sitting inside of a container.,2.0,mscoco
154783,A woman and a man playing a game with remote controllers.,1.4166666666666663,mscoco
2640,Passenger train riding on top of a bridge with a city view behind it. ,2.0,mscoco
121110,Tables to play checkers aligned side by side each other. ,0.5,mscoco
568034,A brown dog sticking its head out an automobile window.,1.9647887323943665,mscoco
78106,A turkey vulture in flight in a lightly wooded area.,2.0,mscoco
247098,Office area with multiple computers and file cabinets next to desk.,2.0,mscoco
243090,A large number of canned and bottled drinks fill a refrigerator.,2.0,mscoco
60856,Black and white photograph of a horse in a desert area.,2.0,mscoco
392229,A pizza and cheese crisp are shown on a plate.,1.6666666666666667,mscoco
18317,A motorcycle garage with several motorcycles that are being worked on.,1.5833333333333337,mscoco
31010,Close up view of an adult colorful parrot,2.0,mscoco
129407,Flower and plant cuttings in vases and on a counter,2.0,mscoco
374520,An Austrian Airlines airplane at the airport on the tarmac.,1.8333333333333333,mscoco
84607,"Open boxes of pizza, chicken, and nuggets before eaten.",1.5833333333333337,mscoco
222828,Three people smiling in front of an airport kiosk.,1.625,mscoco
290563,A cat sitting on a computer looking like it is typing.,2.0,mscoco
359232,A baseball player is swinging his bat at a baseball. ,2.0,mscoco
12726,a yellow garbage truck driving down a busy street.,2.0,mscoco
97376,A small child on skis in front of a snowy cabin.,2.0,mscoco
73016,A merry go around featuring an elephant and giraffe as well as horses.,1.25,mscoco
572183,Sliced apples placed on a baking sheet in the oven,2.0,mscoco
167599,A toilet sits in the corner of a white bathroom.,1.875,mscoco
355778,A man sits on a chair smiling with a dog on his lap. ,1.875,mscoco
292570,Photo of beige three piece bathroom with toilet paper roll sitting on tank.,1.8333333333333333,mscoco
227590,The passenger train is painted brown and white. ,2.0,mscoco
280857,"A kitchen with a sink, stove, and refrigerator.",2.0,mscoco
571219,Two elephants are standing in the sand behind a wire.,2.0,mscoco
301106,A woman in a purple shirt and white tennis skirt is playing tennis.,2.0,mscoco
556183,"A noodle dish has Alfredo sauce, broccoli, and mushrooms. ",2.0,mscoco
54273,A person with pink pants and black shoes with a laptop computer.,2.0,mscoco
334039,A young girl standing and petting a young foal. ,2.0,mscoco
275902,Train crossing a bridge over a lake with mountain range in background,2.0,mscoco
87876,A closeup view of a piece of lasagna. The plate has a fork on it and it looks untouched. . ,1.836253515033528,mscoco
7498,a pair of elephants inside of an enclosure,1.9375,mscoco
1298,A man cutting food with a pair of blue scissors. ,0.5,mscoco
27,A bird scaring a scarecrow.,1.5,drawbench
135436,A hot dog on a bun with pickle and tomato.,1.8333333333333333,mscoco
349319,several people riding elephants through a muddy river ,2.0,mscoco
165055,A cheese pizza with greens on top sitting on a wooden serving dish,2.0,mscoco
294074,A blue and black tour bus sits parked at a curb.,1.75,mscoco
151862,Small stuffed bear posed seemingly holding open beer bottle.,2.0,mscoco
211034,A skateboarder is in mid-air during a jump.,1.9379591026404608,mscoco
447684,A brown cow with horns is standing in a field.,1.9,mscoco
483118,Two people ride their horses along the beach shore.,1.2,mscoco
558362,A fruit stand with many varieties of fruit with price signs.,2.0,mscoco
433561,A British Airways plane is flying in the sky.,1.9,mscoco
576082,A woman sits on a bench checking her cell phone. ,2.0,mscoco
99615,a young boy standing in front of a counter with dougnuts ,2.0,mscoco
426016,an orange parking meter in front of a tree,2.0,mscoco
254976,A brown and white dog is catching a frisbee.,1.7,mscoco
11487,A woman walking down a street under a clear umbrella.,1.8333333333333333,mscoco
329515,A cat is sitting on top of a car.,2.0,mscoco
88110,Player in pink uniform kicking soccer ball during match play.,2.0,mscoco
176195,Two cows are surrounded by many birds in a public area.,0.8333333333333334,mscoco
178403,A counter area with multiple trays of food and fruit.,2.0,mscoco
114898,a close up of a bird eating from a feeder ,1.6666666666666663,mscoco
102437,Two people are riding on canoes down a river.,1.75,mscoco
481550,a green bus driving down the road with passengers,2.0,mscoco
367462,A jumbo jet airliner on the runway at and airport.,1.5,mscoco
97656,A man riding a skateboard at a skate park.,2.0,mscoco
356645,A laptop computer on a wooden desk next to a TV monitor. ,1.875,mscoco
552866,Black and white picture of clock tower overlooking bridge and water.,2.0,mscoco
545929,A man and woman are playing with video game remotes.,2.0,mscoco
437221,Skateboarder performing trick in skatepark with BAPP logo,2.0,mscoco
291655,An arrangement of flowers in a clear glass canning jar haging on a wall.,1.875,mscoco
277479,A little kid getting a piece of food out of the fridge.,2.0,mscoco
497567,Kites waver in the air and include a man shaped flying object while people stand on the ground.,1.8452380952380956,mscoco
462839,A cat on a red chair at a table.,1.5833333333333337,mscoco
507361,A bottle of juice sitting on a window sill.,2.0,mscoco
489978,The bathroom features a blue and cream color scheme.,1.8333333333333333,mscoco
388100,A street scene with people lined up on the sidewalk.,1.8,mscoco
67446,A group of people loading their luggage onto two buses.,1.8333333333333333,mscoco
116735,A close up of a Cingular phone with a person holding it.,2.0,mscoco
477758,a fluffy black cat sitting on top of a tv,1.5,mscoco
307292,A man in a suit smiles and holds his head.,1.1833333333333331,mscoco
124983,there are many street signs on a large street pole,2.0,mscoco
30455,Doorway view of a bedroom with a bed and shelves.,2.0,mscoco
241945,A baby in a diaper sitting next to a brown teddy bear.,2.0,mscoco
322670,"A sign on Sex St that says ""Don't Honk $350 penalty""",1.8333333333333333,mscoco
242342,Two horses running in a green pasture with trees in the background.,2.0,mscoco
505092,Three large kites flying in the sky near the water. ,2.0,mscoco
60289,A woman is holding a donut up to her eye.,1.3333333333333333,mscoco
189767,a kitchen with a yellow lamp sitting on the counter,2.0,mscoco
203849,Large bright living area with cabinets and wooden floors.,1.9285714285714288,mscoco
512950,A pizza and a calzone are being prepared on wooden cutting boards,1.375,mscoco
362966,A person holds a fork near a plate of food. ,1.8333333333333333,mscoco
535042,there are many skateboarders riding at a skate park,1.425,mscoco
272117,a group of diners celebrate a birthday with cake,2.0,mscoco
537790,A train on cross over tracks near multiple tracks..,1.8333333333333333,mscoco
229827,some kids standing in the living room with wii motes ,1.6666666666666667,mscoco
711,A living room is themed in southwestern and brightly colored.,2.0,mscoco
457723,Close up of a computer keyboard and a mouse.,2.0,mscoco
88967,A pole with a sign that describe the street as 3-way. ,1.0,mscoco
405836,A toaster oven with a tray full of white square food.,0.6666666666666666,mscoco
16631,Pedestrian sign and bus sign in urban area.,1.1,mscoco
436105,This room features a twin size bed and a window with bars.,1.7083333333333337,mscoco
412453,"3 giraffes are seen in a forested area, but only from the neck up.",1.1666666666666663,mscoco
540436,A dish of food with a fork and drink on a table.,0.5,mscoco
560620,A man doing skate tricks in a skate park,2.0,mscoco
125707,A man preparing food in a restaurant kitchen. ,2.0,mscoco
290602,A snow boarder making a big jump on a slope,1.8388888888888888,mscoco
9809,A street sign with the United States flag flying over trees ,1.8333333333333333,mscoco
128278,A large group of people in a grass field.,2.0,mscoco
381517,Young swimmers and adult spectators standing around pool listening to instructor.,1.6666666666666663,mscoco
236184,A young woman takes a big bite of her pizza.,2.0,mscoco
110415,A female looking at a baby that is attached to an endotracheal tube and a breathing circuit in addition to two ventilators in the background; a Sensor Medics Oscillator and a Drager Babylog ventilator.,1.25,mscoco
207048,A group of people posing for a picture on the ski slopes ,2.0,mscoco
425899,Computer and audio equipment displayed on small tiered desk.,2.0,mscoco
47074,A woman is hanging up post it notes in a kitchen.,2.0,mscoco
16254,An array of pastries sit in a storefront window.  ,1.9,mscoco
26393,A black and red train engine next to train station.,1.6666666666666667,mscoco
529952,A man rides his bicycle on the side of a road near a tractor.,1.5,mscoco
168643,A living room and dining room with traditional furnishings.,2.0,mscoco
68,"A stack of 3 books. A green book is on the top, sitting on a red book. The red book is in the middle, sitting on a blue book. The blue book is on the bottom.",1.1666666666666663,drawbench
410670,Toilet bowl covered in grass and weeds during nighttime,1.75,mscoco
283456,Calico cat laying upside down on laptop computer.,1.625,mscoco
91530,A pasta dish in bowl on decorated table. ,1.8333333333333333,mscoco
510,Older man sitting on bench in front of water fountain,1.8333333333333333,mscoco
376109,Toddler wearing a red shirt playing with a toy on the grass.,2.0,mscoco
309135,An adult and young zebra standing in a field of green grass.,1.875,mscoco
135281,Two people walking down a street in the rain under a umbrella. ,1.6666666666666667,mscoco
320249,"MOTORCYCLIST CARRYING AMERICAN FLAG OF HIS BIKE, OTHERS LOOKING ON",2.0,mscoco
198993,A laughing lady standing by a pan on the stove and a man with blue shirt holding his hands out.,1.8452380952380956,mscoco
124055,A pair of sheep sit on the ground together.,1.6666666666666663,mscoco
64610,Blue and yellow passenger train with its doors open on a station. ,1.5,mscoco
252468,A young man with a stuffed animal is reading on a bench.,0.5,mscoco
384093,A group of skiers skiing down a snow covered slope.,2.0,mscoco
13318,"A sign that reads "" Police "" pointing to the left.",1.0,mscoco
232849,Couple takes a picture in front of windows holding a frisbee,2.0,mscoco
296859,Brown teddy bear sitting on blue cushions in a wicker chair,1.75,mscoco
154220,"Dog catches frisbee that man has tossed, while other look on.",0.25,mscoco
452302,"Two men with number tags on shirt, each standing with a cow in arena with spectators.",1.5,mscoco
431788,this is a picture of a very large old clock tower,1.8333333333333333,mscoco
57719,An older woman holding a banana while sitting at a table.,1.2916666666666663,mscoco
578250,Two women prepare food in an old-fashioned kitchen.,2.0,mscoco
391726,A shirt and a blue tie with a deer head embroidered on it.,1.75,mscoco
486062,A black bird is walking across a gravel road.,2.0,mscoco
165431,a pole with a street signs and light next to a tall building,0.5,mscoco
155998,Three men ride on surfboards in the ocean.,1.75,mscoco
498610,A large group of giraffes roaming around in an enclosure.,2.0,mscoco
371359,A man holds a bird with a stick,1.7142857142857144,mscoco
302219,A trunk is packed with backpacks and boots.,1.8,mscoco
48749,Young man sitting on a couch with a game controller in his hand.,2.0,mscoco
296614,A baseball player takes a high grip on the bat as a catcher scrambles for the ball.,1.8333333333333333,mscoco
378558,A bathroom is decorated in burgundy and green.,2.0,mscoco
401054,A snowy hill with people skiing and sledding ,1.6666666666666667,mscoco
282009,Two giraffe and two ostrich are standing near trees.,-0.4166666666666666,mscoco
212028,A large horse carrying around fire fighters and an old fire engine.,1.75,mscoco
168455,The lights of an electronic traffic signal are glowing at night.,1.9006568144499176,mscoco
485665,Two young children play with kites in a grassy yard.,2.0,mscoco
27675,A passenger bus stopped to pick up passengers.,1.875,mscoco
365701,Young man in orange jersey throwing a baseball.,1.5,mscoco
228155,Working at the dining table with four laptops.,1.1,mscoco
270502,An adult and a baby zebra are walking through the grass.,2.0,mscoco
145266,a red and white fire hydrant sitting in the grass next to a tree,1.5,mscoco
552247,Several young girls holding tennis racquets next to a man.,1.75,mscoco
85,A long curved fruit which grows in clusters and has soft pulpy flesh and yellow skin when ripe.,1.6666666666666667,drawbench
66827,A kitchen has white cabinets and a white microwave.,1.8333333333333333,mscoco
372634,A black and white cow eating grass on top of a field. with long horns,0.5,mscoco
316107,A man posing for a picture while holding a baseball bat.,2.0,mscoco
342996,Political meeting between a female American and male Asian politicians.,1.5,mscoco
240951,A customized motor cycle with skulls on it,1.75,mscoco
19385,A sculpture of two people in an old air plane in the street.,2.0,mscoco
496040,A young boy sitting at a table with donuts.,2.0,mscoco
242120,A giraffe is eating a large branch with green leaves.,1.5416666666666663,mscoco
403258,Baseball player preparing to hit baseball during game.,2.0,mscoco
245716,A young man wearing a suit coat and a tie.,2.0,mscoco
557137,A maple glazed doughnut sitting on a white plate.,2.0,mscoco
308564,A plate of spaghetti dish with broccoli and pine nuts,1.9,mscoco
169198,"A man in a suit, black gloves, and sunglasses looks out of place in an outdoor crowd of casually dressed people.",1.9,mscoco
395363,A black and white photo of a tennis player returning a shot.,1.8333333333333333,mscoco
290422,A woman heading into the water with a surf board ,2.0,mscoco
484331,A young person with a bat and helmet playing baseball.,2.0,mscoco
45840,A woman and man are posing together on a motorcycle. ,0.5,mscoco
522579,a police officer is on a motorcycle with a double decker bus in the background,2.0,mscoco
333157,Girl holding a wii mote in her house,2.0,mscoco
63890,surfer in his wetsuit carrying his surf board on the beach in front of the waves,2.0,mscoco
454961,A white plate with a piece fish covered in gravy with potatoes and vegetables for sides.,2.0,mscoco
209449,"There are yellow onions, purple onions, and broccoli. ",2.0,mscoco
195449,A dog riding on a motorcycle with a person,1.1666666666666663,mscoco
419384,Utility truck parked on tree lined urban street.,2.0,mscoco
299648,Young men take photos and wave at a concert,1.8333333333333333,mscoco
309237,A brown white and black cat is sitting on a sofa.,1.75,mscoco
516913,A tennis player in a blue and white outfit preparing to hit a tennis ball.,2.0,mscoco
485629,Man in blue jacket using a toilet in a field.,0.5,mscoco
258330,A snowboarder speeds down a snow covered slope.,1.8333333333333333,mscoco
413955,A baseball player in a white uniform swings the bat.,2.0,mscoco
477172,A person skiing on the snow in a ski race.,2.0,mscoco
200759,A tall clock tower is beside a shorter building.,1.8035714285714288,mscoco
184684,A group of people gather outside and eat at the table.,2.0,mscoco
463823,A street sign is attached to a pole near a traffic light and a pink sign.,1.6666666666666667,mscoco
392627,A stainless steel refrigerator in a kitchen with wooden cabinets.,2.0,mscoco
154222,"a person looking at self in motorcycle mirror, has shades.",1.8333333333333333,mscoco
99875,Siblings playing with toys on the floor of a living room,2.0,mscoco
295748,Several sheep standing on a path in a grassy field.,2.0,mscoco
79260,Group of men posing for photo at night on playing field.,2.0,mscoco
110170,A man in a skate park performing tricks on a skateboard.,2.0,mscoco
578184,A living room area with a white fireplace and striped furniture.,2.0,mscoco
445046,A man taking a bite from a donut that is suspended on a string.,1.6666666666666667,mscoco
530076,A cow rests on the lawn in front of a stone structure.,2.0,mscoco
79362,FENCED IN FIELD OF SNOW WITH MOUNTAINS AND OVERCAST SKY,2.0,mscoco
296613,Chocolate frosted cake partly cut with July banner. ,1.4166666666666663,mscoco
139210,An opened stick of butter sitting near some scissors,1.55,mscoco
246723,A cat with a collar sitting on a laptop keyboard. ,2.0,mscoco
365519,A small brown dog wearing a neck tie.,2.0,mscoco
155457,A hose connected to a fire hydrant during cold winter weather.,2.0,mscoco
279726,Yellow and grey train passing near platform in urban area.,2.0,mscoco
470960,A small child smiles at the camera while lying down and holding a toothbrush.,1.775,mscoco
276162,a white toilet with a book shelf  with some books and a toilet roll,1.9,mscoco
141800,Girl in dress sitting on bench with kittens,2.0,mscoco
309517,The silhouette of a person standing in front of a sunset over water. ,2.0,mscoco
374174,A tow truck towing a car on a city street.,1.7,mscoco
88603,There are several towels in a small yellow bathroom.,1.783894343151005,mscoco
267957,A baseball player hitting a ball with his bat. ,2.0,mscoco
68080,A man in white takes a swing at a tennis ball.,0.5,mscoco
379580, Avery clean brick and tile bathroom thats ready for use.,2.0,mscoco
281632,A man standing on a beach flying a kite.,2.0,mscoco
16465,Two players vie for control of the ball on a soccer field.,1.9,mscoco
431557,A group of giraffee standing next to a tree behind a fence,1.7857142857142856,mscoco
440361,A white toilet sitting next to a large window.,2.0,mscoco
452953,Two giraffes standing in front of a group of trees. ,1.4,mscoco
397512,A hotel room has double beds with white and gold bedspreads.,1.5,mscoco
408571,Two zebras and a giraffe in grassy area next to trees.,1.4,mscoco
10175,A man wearing glasses slicing an onion on a cutting board,1.75,mscoco
242909,A pizza is topped with many different ingredients.,2.0,mscoco
164094,A white cat with two different color eyes is resting in a sink.,1.5,mscoco
86738,A baseball player at bat in a game,1.8660714285714288,mscoco
275970,a bunch of fruit on a market stand,2.0,mscoco
46382,A herd of sheep grazing on snow covered ground.,2.0,mscoco
555627,A zebra grazes in a grassy field in front of some shrubs. ,2.0,mscoco
472461,Person with wet suit holding onto handles of parachute. ,2.0,mscoco
145994,A red traffic sign with a metal pole attached to it.,2.0,mscoco
539632,A fried piece of food with a tomato on it is in front of two people in the background.,1.7,mscoco
303986,a herd of zebras walking in a large field of dry grass ,2.0,mscoco
481518,Two people standing in a living room holding remotes.,1.7857142857142856,mscoco
283220,The intersection of Floyd Avenue and North Linden Street.,1.5,mscoco
549972,A yellow cup of liquid sits next to a keyboard.,0.25,mscoco
5635,"Stop sign near brick building and fenced area on treed street where someone has vandalized the sign to say ""stop, hammer time"" after MC Hammer's past music hit.",1.1666666666666663,mscoco
351711,A vintage motorcycle on display with others of the same era.,1.6666666666666663,mscoco
137824,Adult elephant with two riders walking down street near onlookers.,1.225,mscoco
177245,a desk with picture frames pens and a laptop with a mouse,1.8333333333333333,mscoco
157497,The baby elephant stays close to an adult with tusks.,1.9877295995182171,mscoco
133750,A zebra standing behind a cut log in an enclosure.,1.9,mscoco
343254,Wine and desserts are served on a table.,2.0,mscoco
268388,A close up view of a cat with a dead bird in its mouth.,1.8333333333333333,mscoco
107836,A bunch of unripe bananas hanging from a tree.,2.0,mscoco
87743,A wide shot of a street with cars and power lines.,2.0,mscoco
381256,An old photograph of refrigerators for sale in an appliance store. ,2.0,mscoco
89571,A group of people on motorcycles with helmets on.,2.0,mscoco
318708,BROWN BULL WITH LARGE HORNS LAYING ON A BEACH,0.5,mscoco
372427,A tan bathroom with black curtains and towel,1.4,mscoco
235410,A bowl of croissants sits on a table with white dishes.,2.0,mscoco
214873,A man and a woman cutting slices of a multiple colored cake.,2.0,mscoco
478078,Snow covers a fire hydrant near a road.,1.75,mscoco
314331,A wedding cake decorated with a tree design.,2.0,mscoco
267586,Polar bear in zoo enclosure playing with plastic toys.,1.9166666666666663,mscoco
348791,A woman sitting next to another woman who is holding a cup and looking at her cellphone.,1.875,mscoco
136711,"A grouping of broccoli, cabbage, sweet potato, apples, peach, orange, bananas potatoes and baby carrots.",1.8571428571428568,mscoco
86916,A vase holding various pink and red flowers.,2.0,mscoco
40593,Small boats float near a lock for a dam.,1.75,mscoco
179200,Two cows in a pen eat hay on a farm.,2.0,mscoco
364457,A glass container with red rubber lid is open to display green bean casserole and sits in front of a microwave. ,1.5952380952380951,mscoco
98503,A man with a dog plays a game on his Wii.,1.6666666666666667,mscoco
225299,A skier jumps a snow ramp adjacent to a ski lift.,1.8333333333333333,mscoco
514558,A baseball player is standing on the field while another is stretching as people in the background watch.,1.6666666666666663,mscoco
218752,A brown cow lies on hay in a barn.,1.963655462184874,mscoco
284507,Young people stand in front of a hill where many others are flying kites.,2.0,mscoco
255770,A small white kitchen with a meal preparation in progress.,2.0,mscoco
291854,A giraffe standing behind a wooden fence near a group of people.,1.3333333333333333,mscoco
263043,A man throwing a Frisbee in a park.,1.7083333333333337,mscoco
306913,a black and white photo of people sitting on a bench ,1.75,mscoco
52096,The sandwich in the paper boat is overflowing with ingredients.,1.4375,mscoco
263973,A man standing next to a white surfboard.,2.0,mscoco
99649,A plate of food including mashed potatoes and broccoli. ,1.9375,mscoco
70192,A room with a bed and two glass sliding doors.,1.9375,mscoco
524889,Old photograph depicting group of adults outdoors and some luggage.,2.0,mscoco
443453,A woman in a blue outfit holding a tennis racquet.,2.0,mscoco
508931,The red and white sign has a person on a bicycle.,0.75,mscoco
510078,Skateboarder with red shirt on jumping on his board. ,2.0,mscoco
235722,A white laptop sitting on top of a bed.,1.75,mscoco
311550,A black and white image of a train going down the tracks.,1.9375,mscoco
474526,A silver truck on street next to other vehicles.,2.0,mscoco
343108,Military jet parked on tarmac at airfield with pedestrian traffic nearby.,1.6428571428571428,mscoco
493956,Three Starwars action figures playing in a blender.,1.25,mscoco
75719,This bird is looking at a toy photographer.,1.2916666666666663,mscoco
181043,Baseball player preparing to swing during the game.,1.8333333333333333,mscoco
274549,A person in an orange jacket skiing down a trail.,2.0,mscoco
242955,A stainless steel refrigerator in a home kitchen.,2.0,mscoco
194677,Adult male baseball player at bat during a baseball game. ,2.0,mscoco
370624,A pack of skiers are lined up to start a race.,2.0,mscoco
133634,A girl is smiling with a woman while a plate of french toast and eggs is on a table.,1.75,mscoco
15843,A professional baseball player taking a swing at a ball.,1.9166666666666663,mscoco
471773,A smiling man stands holding a tennis racket.,1.75,mscoco
474003,"A bathroom with sink, toilet, and tub ",1.3571428571428572,mscoco
246759,A blue Orbit bus is parked in front of some buildings.,2.0,mscoco
10779,A young boy in a shirt smiles while wearing a tie and fake mustache.,1.9870129870129871,mscoco
128775,A bathroom has been vandalized and has bullet holes. ,2.0,mscoco
472320,The table has three large plates of food and two smaller ones. ,1.1666666666666667,mscoco
126947,A girl wears a life jacket while white water rafting with paddles,2.0,mscoco
20147,Zebras and other animals are on a large brown field.,1.5833333333333337,mscoco
460962,a sign showing stop on the street besides buildings,1.9166666666666663,mscoco
1915,A man that is riding on a motorcycle with a dog.,1.5,mscoco
515638,a child swinging a baseball bat in a baseball field,2.0,mscoco
574953,A large group of people on the street with some bikes.,2.0,mscoco
443093,a close up of an open box of doughnuts ,2.0,mscoco
415746,Various muffins and pastries on trays inside plastic cabinets,2.0,mscoco
523164,Two children are sitting at a table eating a sandwich.,2.0,mscoco
11990,The brown and white cat is on the kitchen shelf next to the dishes.,2.0,mscoco
222122,A black bear sitting on a rock in the sun.,2.0,mscoco
357220,Men in uniforms playing soccer on a field.,1.9285714285714288,mscoco
2142,A man sitting on a bench surrounded by birds,2.0,mscoco
507257,A Rest Avenue street sign in front of a cemetary.,1.5833333333333337,mscoco
323100,A group of chefs preparing food inside of a kitchen.,2.0,mscoco
572015,"a plate of food, consisting of carrots, asparagus, cheese, crackers, berries and more",2.0,mscoco
303436,A double decker bus on a road in the United Kingdom. ,1.9,mscoco
502854,A table full of white vases with flower toppers.,1.9285714285714288,mscoco
468891,Sheep are walking along a grassy field. ,2.0,mscoco
76781,A young elephant that is walking near other elephants.,1.7857142857142856,mscoco
162429,Two women are standing under a pink umbrella.  ,1.5,mscoco
107770,A tray has a cup and a plate with fries and a hotdog on it.  ,2.0,mscoco
456197,A large building with a clock tower surrounded by trees.,2.0,mscoco
79,"A device consisting of a circular canopy of cloth on a folding metal frame supported by a central rod, used as protection against rain or sometimes sun.",2.0,drawbench
214946,A child's room is brightly decorated with blue walls.,2.0,mscoco
397211,A group of young people skateboarding on hockey ring.,1.75,mscoco
557721,A man riding a skateboard through a set of cones while people stand behind him watching and talking.,2.0,mscoco
455776,Young baseball player prepares to make a catch while tagging the base,1.75,mscoco
378506,"A backpack, a zebra colored suitcase and other baggage sits on the floor and on a table near a door.",1.4666666666666668,mscoco
148668,A bicycle is parked near a pole on a cobblestone street.,1.9444444444444444,mscoco
413391,A young girl and boy playing with a soccer ball in a field.,1.6666666666666663,mscoco
449895,A construction worker installing and performing maintenance on a traffic light.,2.0,mscoco
458935,A man with beard in blue shirt using a laptop at a table.,2.0,mscoco
225264,A zebra in dirt area next to a wooden fence.,2.0,mscoco
122948,Man in an orange and white baseball uniform throwing a ball. ,2.0,mscoco
372660,some peple eating hot dogs during an eating contest,2.0,mscoco
443537,a black and white dog and a gray cat laying on a bed,1.6666666666666667,mscoco
308798,a grey and white cat looking at a cup on the table ,2.0,mscoco
432276,A dog sitting in the back of a truck under a blue umbrella.,1.0,mscoco
370120,Man playing tennis on a court in front of a crowd.,2.0,mscoco
481357,Large sized truck with a medium sized black dog in the passenger seat.,1.0,mscoco
9420,OLD BLACK AND WHITE PHOTO OF AN ALL BOYS SCHOOL,2.0,mscoco
131361,Man in sunglasses and leather jacket with a plate of donuts.,1.9,mscoco
305687,a female tennis player in a white dress playing tennis,2.0,mscoco
2562,a tennis player on a court with a racket,2.0,mscoco
435885,Several people are flying kites on the beach.,2.0,mscoco
551454,A very tall clock tower over a busy city street.,2.0,mscoco
354235,An airplane descending onto an airstrip inside a city.,1.875,mscoco
328729,a lamb standing next to a couple of sheep,1.5,mscoco
286920,a flock of sheep in a green pasture,1.875,mscoco
288471,A refrigerator is in a kitchen next to a stool.,1.75,mscoco
22675,A woman tennis player prepares to hit the ball.,2.0,mscoco
160239,Very large balloon depicting whale on display at beach.,1.8333333333333333,mscoco
311615,group of people walking a beach carrying surf boards,2.0,mscoco
422545,A man in white shirt doing a trick on a surfboard.,2.0,mscoco
183237,Adults enjoying fun time aboard sailboat on sunny day.,1.875,mscoco
528165,White and black goats standing and sitting in a grassy field.,1.7083333333333337,mscoco
47720,a grilled sandwich and a coffee drink on a table,2.0,mscoco
319093,Man walking on field with cotton candy in hand at outdoor event.,2.0,mscoco
392575,People standing and walking by a food truck parked on the street.,2.0,mscoco
525124,a couple of people are skiing down a snowy hill,2.0,mscoco
335824,Several skiers trace a path along a snowy slope.,1.9,mscoco
173464,A room with a wooden floor and blue walls.,2.0,mscoco
207717,Three men in business suits sitting at a table. ,2.0,mscoco
161725,A man plays an instrument on a bench. ,2.0,mscoco
516470,A cat is peaking out of a yellow and black backpack.,2.0,mscoco
461855,An old fashioned picture has a smiling baby with a teddy bear.,2.0,mscoco
65533,A couple of people standing in the ocean under a kite.,1.9375,mscoco
280554,An umbrella obscures a person sitting outside a store. ,1.5714285714285714,mscoco
197090,A stop sign is standing on a street corner.,1.8,mscoco
42105,A calf stands next to a cow that is laying down.,2.0,mscoco
132791,a person walks near water and there is a bus driving through it,1.6666666666666667,mscoco
572499,San Francisco Giants pitcher standing on the mound looking at a runner on base and an umpire,1.7857142857142856,mscoco
427013,A lone zebra is walking through a grassy plain,2.0,mscoco
16523,a small bathroom with a toilet sink and mirror,1.6428571428571428,mscoco
11052,A bird standing alone on a cloudy beach,2.0,mscoco
260503,There is a bathtub and a toilet in an unused bathroom.,1.625,mscoco
486309,A group of teddy bears sitting on a decorative red bed.,2.0,mscoco
301114,A very big pretty train in the station.,2.0,mscoco
516119,A man standing in front of a mirror holding a cell phone.,0.5,mscoco
154241,"A cellphone, keys, a pen, datebook and cigarettes.",1.5,mscoco
320667,A white stove top oven next to two shelfs.,2.0,mscoco
466557,Horse drawn carriage on cobblestone road in urban area.,2.0,mscoco
411557,Two young men are playing Frisbee on a field.,1.9166666666666663,mscoco
51620,A baseball player awaits his turn at bat. ,1.8333333333333333,mscoco
121560,A small orange vase is on a table with a small branch in it.,1.8,mscoco
166313,View of a bathroom with a towel warmer at the end by the toilet.,1.8333333333333333,mscoco
431660,A baseball player with a number five jersey is up to bat.,2.0,mscoco
578737,a bathroom with a blue sink and shower a toilet and window,1.3333333333333333,mscoco
202465,a green street sign over a stop sign,1.4375,mscoco
477826,Two small cows that are standing on some grass.,2.0,mscoco
156769,A side view of two traffic signals on a pole.,1.75,mscoco
67084,A girl hitting a soccer ball with her head ,1.75,mscoco
35435,a living room with a bright red couch next to a yellow wall ,1.75,mscoco
431980,a dog standing next to a sheep in some dry grass ,1.25,mscoco
181278,A young baseball player throws the ball as others watch.,1.75,mscoco
502613,A wooden bench is positioned in front of a building.,2.0,mscoco
280094,A pair of birds fly along the shore.,1.875,mscoco
302353,A large room with three beds in it,1.1666666666666663,mscoco
471514,A young person jumping a snowboard off a snow ramp on a hillside.,2.0,mscoco
161983,a bathroom with a glass sink base with a bowl on top,1.7232142857142856,mscoco
188414,A woman wearing a blue dress shirt and brown necktie that has a design on it.,1.25,mscoco
12166,Two horses are grazing in the grass near a fence.,0.125,mscoco
250720,"A bathroom has a disassembled toilet, brown and white tile.",1.5,mscoco
364525,A man playing a video game on the Nintendo Wii.,1.5,mscoco
199499,A white bird with a spoon bill on a branch.,1.8333333333333333,mscoco
398025,A man sitting on a moped looking at a cell phone.,2.0,mscoco
464856,A man with glasses talking on a cell phone while walking. ,2.0,mscoco
182759,A cat sits on top of a sleeping dog. ,1.0833333333333337,mscoco
26111,A herd of cow grazing in an open field ,1.75,mscoco
105192,A cat walking next to a bicycle outside.,0.5,mscoco
488563,A cat with its paws on a laptop.,2.0,mscoco
388217,A person made out of pumpkins while standing on pumpkins. ,1.0,mscoco
543106,Surfer riding breaking wave with man on wave runner nearby.,1.75,mscoco
358297,Pizza coming out of the oven ith much cheese and crust.,2.0,mscoco
62376,An office table holding a monitor and keyboard in a room.,2.0,mscoco
449945,A bathroom with bathroom furniture and other bathroom items. ,2.0,mscoco
102478,An overhead shot of a a pitcher throwing a baseball.,1.5,mscoco
145369,an image of several elephants herding in the pasture,1.875,mscoco
484418,A red and blue painted airplane flying past trees.,0.5,mscoco
428420,A baseball player for the San Francisco Giants stands at home plate. ,2.0,mscoco
505627,a close up of a person wearing a shirt and tie,1.5,mscoco
167743,A man riding a bike while talking on a phone.,1.75,mscoco
312246,A photograph of the bathroom inside a house.,2.0,mscoco
184474,Wooden bench on hillside near grassy sloped area.,1.9166666666666663,mscoco
7535,A person surfing on a board in the blue ocean,2.0,mscoco
437206,A bird with a red top on its head next to an orange in a tree.,2.0,mscoco
416860,A man poses while wearing a light up tie. ,2.0,mscoco
553313,A man holds a tennis racquet while bending his legs.,-1.0,mscoco
2284,"A bathroom area with sink, toilet and bathtub.",2.0,mscoco
461878,A photographer's reflection can be seen in an alarm clock bell. ,1.1666666666666663,mscoco
37123,A boat is docked in a marina during dusk.,1.9393939393939397,mscoco
139409,A person is riding a horse around a track,2.0,mscoco
179930,A man watches a giraffe eating from a tree. ,1.6904761904761905,mscoco
425595,a large clock tower with sculptures around the clock,1.9,mscoco
258182,traffic lights and parked cars along the street,2.0,mscoco
545796,A baby holding a toothbrush in a living room.,2.0,mscoco
423951,A large body of water filled with lots of boats near tall buildings.,2.0,mscoco
12460,a woman walks behind of a man with a tree in the back ground ,1.5,mscoco
80369,Daughters frosting a cake in their dining room while Moms get water,1.6666666666666667,mscoco
93771,A young boy swings a baseball bat at a ball in the park.,1.75,mscoco
414651,A microwave and a coffee maker on a counter.,1.625,mscoco
469807,A dark blue semi truck cab with people sitting on the bumper.,1.6666666666666663,mscoco
43269,Road intersection with traffic cones and signs for construction.,0.25,mscoco
323268,A view of a coffee shop from someone that is sitting down at a table with  their laptop. ,2.0,mscoco
311448,A plate of chicken and fresh salad is being served.,2.0,mscoco
84938,A young boy in a red shirt tries to catch a baseball. ,1.5,mscoco
127393,A snowboarder performs a trick on a box.,1.9,mscoco
19609,A table full of yellow bananas at a market.,1.875,mscoco
401287,A cat asleep with its paw on a computer keyboard ,2.0,mscoco
333098,A yellow lab dog sits panting in a car.,2.0,mscoco
181846,Giraffe stands tall in grassy field near trees in zoo enclosure.,1.5,mscoco
481049,Two passengers planes are show with ANA on their tails.,1.6666666666666663,mscoco
27562,A man is preparing to throw a Frisbee as he stands in a park. ,1.4166666666666663,mscoco
69392,some people standing on a tennis court holding tennis racketts,1.8,mscoco
48118,A skateboarder doing a trick over a set of stairs.,1.9,mscoco
118299,A stainless steel stove with a digital display and several dials.,1.6,mscoco
24,A red book and a yellow vase.,1.8333333333333333,drawbench
363303,"The room has a bed, a dresser, and a table with a chair.",1.8333333333333333,mscoco
161218,Small kitchen with white cabinets and a small window in the center. ,2.0,mscoco
500952,A red passenger carriage attached to a train.,1.65,mscoco
110673,White and brown dog catching a frisbee in a field.,1.5,mscoco
139921,A man is standing at an open refrigerator door.,1.5,mscoco
486606,Men's doubles tennis players shaking hands on the court,1.8333333333333333,mscoco
575792,Many skiers in a line on the snow near a mountain range.,2.0,mscoco
136002,A baby elephant stands in the water with an adult elephant.,1.875,mscoco
243629,Pedestrians walk along a narrow street with their umbrellas.,1.6666666666666667,mscoco
531703,A plate of noodles and broccoli is shown.,2.0,mscoco
159585,A giraffe eating grass in a fenced enclosure.,1.5833333333333337,mscoco
69320,A baseball player pitching a ball on a field.,0.5,mscoco
155478,a woman and young boy playing a video game,1.8571428571428568,mscoco
487555,"A large plane is parked on the runway at the airport
",0.4,mscoco
220171,Single wooden bench in corridor with artwork displayed above.,2.0,mscoco
458336,A young man is flying a kite while holding a child on the beach.,1.6666666666666663,mscoco
128074,A white mouse and keyboard sit together on a desk.,2.0,mscoco
271852,a professional baseball player swinging his bat at a game ,2.0,mscoco
292301,"A sandwich wrapped in a bag, a to-go coffee cup and a drink sits on top of a white table.",1.8,mscoco
153332,A man pitching a baseball while wearing a catchers mitt.,1.8333333333333333,mscoco
279025,Herd of zebras with an elephant and rhino in dry grass. ,1.6666666666666667,mscoco
314964,Two double decker busses passing under an overpass.,1.5833333333333337,mscoco
210744,A woman with glasses eating a plate of food.,0.5,mscoco
84706,A man with glasses has a black suit and tie.,2.0,mscoco
30630,A large fountain structure has a clock at the top.,1.8,mscoco
411513,The young baseball pitcher is wearing a yellow jersey. ,2.0,mscoco
455227,A man in white shirt and blue shorts playing a game of tennis.,2.0,mscoco
88045,Mouse connected to a laptop with a game of computer pool on the screen,1.3729139922978175,mscoco
190992,A skier in red pants traveling down a snowy slope.,2.0,mscoco
210688,A man checks his reflection in a bathroom mirror.,1.6666666666666663,mscoco
423172,Three wooden benches lined up at a park. ,1.6666666666666667,mscoco
114027,tennis player throwing ball up in air to serve,1.9166666666666663,mscoco
370012,A giraffe inspects a pumpkin sitting on top of the fence of its enclosure.,1.3333333333333333,mscoco
14167,a male skateboarder in a blue shirt doing a trick,1.7285714285714286,mscoco
453424,Some men and women are sitting at a long table of food.,2.0,mscoco
338529,a close up photo of a pair of bears,2.0,mscoco
420389,A microwave that has been placed on top of a box of bananas. ,1.0,mscoco
132,A sheep to the right of a wine glass.,1.75,drawbench
376719,Female tennis player in unusual position as crowd looks on,2.0,mscoco
429971,A moving truck with a ramp for loading household items.,1.75,mscoco
508017,A man in a blue shirt and white shorts is swinging at a tennis ball.,2.0,mscoco
315868,A blue and white motorcycle parked on the street.,2.0,mscoco
575194,"Several baseball players in an altercation with one head locking the other,",1.675,mscoco
293254,A bowl filled with lots of oranges on top of a wooden table.,2.0,mscoco
508269,A tennis player hits the ball with a backhand swing.,1.875,mscoco
534935,A bear wandering through some tall grass by a paved trail.,1.6666666666666663,mscoco
396448,Horses lay and graze in a field in front of telephone wires and mountains.,1.8333333333333333,mscoco
118920,A fedex plane parked on the tarmac with people standing by.,1.6666666666666667,mscoco
249315,A suitcase which is kept open and is packed with red dress.,1.75,mscoco
120385,A red park bench with a blue Hotel sign behind it.,1.875,mscoco
62167,Man standing next to goats and a dog in a park. ,2.0,mscoco
125552,Two people wearing water gear kite board with colorful kites,1.95,mscoco
297066,A propeller plan has orange wings and a checkered design.,1.6666666666666663,mscoco
547839,Cars are driving through a tunnel on a highway.,1.75,mscoco
234768,a living room with a large rug and couches,1.9285714285714288,mscoco
29304,Two pizzas sitting next to each other on a stove top.,1.3333333333333333,mscoco
324390,"Meat, broccoli and mashed potatoes on a white plate.",2.0,mscoco
94012,A man taking a swing at a tennis ball,0.3333333333333333,mscoco
153997,"A plate with Chicken, broccoli, potatoes and carrots.",2.0,mscoco
297990,Baked pizza on pan being cut in home kitchen setting.,1.75,mscoco
551596,this is a big blue bird with red eyes inside an enclosure,1.375,mscoco
271592,Small tourist train on roadway at crossing  on sunny day.,1.4,mscoco
294669,There is a bird sitting on a picnic table,1.8333333333333333,mscoco
80283,a red train car that is parked on the road,1.9,mscoco
71023,"A kitchen with a table, dishwasher, sink and microwave.",1.8333333333333333,mscoco
505655,a black bear walking through some tall plants ,2.0,mscoco
408351,A red fire hydrant sitting next to a blue pot of plants.,1.7,mscoco
416018,The children are enjoying the public video game.,1.8333333333333333,mscoco
10395,A well-used stuffed animal bunny sitting on a bed.,1.5,mscoco
136740,A large brown cow standing next to a baby brown cow.,2.0,mscoco
48895,"A small table with a wine gglass, pumpkin shaped flower pot, orange spoon and a wicker basket.",0.0,mscoco
229984,A baseball player swinging a bat towards a ball.,1.625,mscoco
80303,"Agriculture machine driving into dusk, oroducing crops by bundles",1.8333333333333333,mscoco
95988,A horse that is actively running through a field of grass.,2.0,mscoco
205332,a man plays with a frisbee in a park,2.0,mscoco
143521,A group of people riding on the backs of elephants.,2.0,mscoco
178658,Person in a safari hat in a small canoe on a body of water.,2.0,mscoco
551861,a small white and black bird is standing on a branch,1.7,mscoco
416976,A group of zebras is walking by a forest.,1.75,mscoco
563575,Man in blue shirt and white shorts playing tennis.,2.0,mscoco
306108,A corner view of a kitchen with white appliances and dark wood cabinets.,1.75,mscoco
193881,a collage showing the different ways to present decorative vases,2.0,mscoco
143085,An Air Canada plane flying in for a landing.,1.85,mscoco
311927,A slice of pizza with chicken and spinach.,2.0,mscoco
126246,A snowboarder is riding up a side of a half pipe.,2.0,mscoco
266496,A kitchen table in a sunny corner of a room ,2.0,mscoco
519369,A bathroom is white and has a brown and white floor.,2.0,mscoco
301045,Shot of a bathroom with toilet and bath in far corner.,1.8333333333333333,mscoco
179599,a baseball pitcher winding up for a pitch.,2.0,mscoco
86549,A baseball player with a bat in his hand during a game. ,2.0,mscoco
493067,A white polar bear plays with toys in the water.,2.0,mscoco
341502,The giraffe is walking near a tall slanted tree.,2.0,mscoco
357108,A rainbow lorikeet parrot eats sun flower seeds.,1.675,mscoco
201596,A dog rests his head on the side of a boat. ,2.0,mscoco
3745,A dog is wearing a Santa hat for a portrait.,2.0,mscoco
195172,A giraffe is walking in a field of tall grass.,2.0,mscoco
364559,A person skiing down a snowy mountain slope.,2.0,mscoco
284341,A picture of man with a suit on and his finger pointing up. ,2.0,mscoco
428120,A small white bathroom with a toilet and a shelf.,2.0,mscoco
165050,"A woman seated at booth restaurant table, smiling and holding seasoning shaker over plate with slice of pizza, with a pan of pizza, another plate of pizza, and sodas in glasses on table.",1.2916666666666663,mscoco
156935,A team mascot that represents a lightning bolt with boxing gloves.,1.5,mscoco
45949,A man skateboarding with other skateboarders behind him.,1.5833333333333337,mscoco
174386,Several bunches of bananas hanging in a kitchen.,1.9285714285714288,mscoco
410561,A small dog wears a red hat while leaning on a couch.,2.0,mscoco
410687,A kitchen is mostly white with a blue rack. ,1.75,mscoco
575052,a man standing in the park with a kite on the ground,1.2,mscoco
381658,A red train with a yellow front is on the tracks.,2.0,mscoco
284540,Donuts being processed through a machine that adds their glazed topping.,1.9166666666666663,mscoco
119015,a picture of a hotel room with two beds,1.75,mscoco
381018,a bird flying over a beach towards the ocean,2.0,mscoco
433499,A small train on display at a museum.,2.0,mscoco
322827,Three giraffes are standing outdoors near a fence.,2.0,mscoco
194551,A couple of zebra standing in the tall grass.,2.0,mscoco
473057,Panoramic view of a bedroom that has a desk in it ,2.0,mscoco
395920,A green and white bus is driving down a street.,2.0,mscoco
140352,Several vases sit together on pedestals in a shop.,1.8,mscoco
485631,spectators watching a person on a snowboard at a sporting event,2.0,mscoco
528488,A dog running in the snow with a Frisbee in its mouth.,1.7222222222222223,mscoco
83085,A person flies a kite in a large park.,2.0,mscoco
513980,Adults standing near motorcycles and sign in rural outdoor area.,1.75,mscoco
416730,Woman wearing headscarf and trench coat using cell phone.,2.0,mscoco
503356,A set of traffic lights showing green next to a sign that says 'no turn on red',1.0,mscoco
375208,A toothbrush and toothpaste are on bathroom counter.,1.8333333333333333,mscoco
397132,A parking lot full of cars and birds in a blue sky.,2.0,mscoco
337120,A worn brick building has a clock and crucifix hung on the side of it.,1.8333333333333333,mscoco
557065,"A dirty toilet with yellow water, rusty vase and a bag",1.8333333333333333,mscoco
199946,A kitchen is shown in front of an empty living room.,2.0,mscoco
26208,A wooden cutting board topped with slices of pizza.,2.0,mscoco
42308,A PERSON STANDING WITH HIS SNOWBOARD NEAR A HOUSE.,1.9444444444444444,mscoco
67823,A motor scooter on display in a store.,2.0,mscoco
273887,Several hot dogs in trays on a table.,2.0,mscoco
127360,White plane with a blue tail being pulled on a runway. ,1.5,mscoco
156709,A flock of brown and white sheep in a fenced area.,1.875,mscoco
69661,A woman on a cell phone sitting at a table.,2.0,mscoco
416115,A man in red shirt on skateboard next to a river.,0.5,mscoco
35128,"Toddler playing with frisbee in grass, who is black.",2.0,mscoco
233383,A group of mostly brown and white cows.,2.0,mscoco
316612,A large bird stands on a tree branch.,2.0,mscoco
167092,A white plate with a serving of rice and beans and broccoli,2.0,mscoco
273559,Several people exiting a plane on a walkway.,2.0,mscoco
572732,A woman sits at a table in front of two laptops.,1.1666666666666663,mscoco
499523,Some soccer players going for the ball during a soccer game.,0.5,mscoco
20774,A group of people with umbrellas walking on walkway.,2.0,mscoco
176769,A teddy bear drinking from a pink cup.,1.9375,mscoco
255582,A stainless steel fridge with an ice maker on it.,2.0,mscoco
190530,A baseball player in uniform holding a bat.,1.0,mscoco
242607,A close up picture of a dog with long hair.,1.9,mscoco
576622,People standing in a field flying a kite,2.0,mscoco
196283,A man posing for the camera on his skis ,1.9285714285714288,mscoco
99847,A woman in a white jacket standing on slope with skis.,2.0,mscoco
20632,a yellow stuffed animal a black purse and a one dollar bill in a suitcase,2.0,mscoco
429369,Cows grazing in a field on a sunny day ,2.0,mscoco
95702,Man driving a cart pulled by draught horses at a fair,1.6666666666666667,mscoco
525762,A boy swinging a tennis racquet at a ball.,1.8,mscoco
306693,A small yellow car parked between two moving trucks.,1.0,mscoco
289995,An outdoor market with fruit and vegetables. ,2.0,mscoco
417210,a man standing by an old car with the surfboard on the hood ,1.5357142857142856,mscoco
458646,Three youths skateboard on a pedestrian bridge. ,0.6666666666666667,mscoco
264868,Two giraffes are standing in a white fence enclosure.,2.0,mscoco
424411,A wooden park bench next to a colorful wooden fence,2.0,mscoco
546445,"A tabby cat is examining a half of a bagel.
",1.8333333333333333,mscoco
427915,two people walking to the water to surf,2.0,mscoco
238831,The green and purple umbrellas are upside down in the water next to the canoes.,1.1666666666666663,mscoco
3480,A herd of cattle standing on a lush green hillside.,2.0,mscoco
27157,A young boy riding a skateboard on top of a ramp.,2.0,mscoco
301950,A sandwich with bites and French fries are on a plate. ,2.0,mscoco
26836,A trio of ducks flying over the water of a creek.,1.8333333333333333,mscoco
571242,A very tall building with a red top next to other buildings.,1.5833333333333337,mscoco
72536,A thick crust pizza being eaten by someone.,1.75,mscoco
345914,Man walking in front of a blue sign and red hydrant.,1.5,mscoco
12145,Men holding red and blue flags ride in a red and blue car.,1.5833333333333337,mscoco
568009,Amateur tennis player prepared to hit incoming ball.,2.0,mscoco
541514,A lone zebra standing next to a tree in front of a fence,2.0,mscoco
169166,Two people under an umbrella on a wet sidewalk with stars.,1.6666666666666667,mscoco
283129,A man goes through oranges in crates at an outdoor market.,2.0,mscoco
2470,A man riding a snowboard down a snow covered slope.,2.0,mscoco
80698,A baseball player at bat with the catcher and umpire behind him.,1.5,mscoco
328299,People at he beach with a girl entering the water while holding a surfboard.,1.875,mscoco
99893,Three people posing for a picture with a street sign and a fire hydrant.,1.5833333333333337,mscoco
385342,Two birds perched on branches in a fruit tree,2.0,mscoco
193349,University of Iowa pitcher throwing a two seam fast ball.,1.9,mscoco
305170,A bus stops on a street corner as pedestrians walk down the street.,0.3333333333333333,mscoco
529671,Two giraffes in an enclosure standing under a tree.,1.6666666666666663,mscoco
15881,Wall menu and food display at fast food restaurant.,1.8333333333333333,mscoco
457168,Children and adults standing to food items on red covered table.,2.0,mscoco
376643,A small black cat sitting on the window of a car.,1.9166666666666663,mscoco
27919,a blue and pink food truck parked on brick walkway,1.9,mscoco
125377,A pick-up truck with a bed covering in front of a garage.,1.9,mscoco
401436,A child feeds a carrot to a goat at the petting zoo.,2.0,mscoco
321635,Large crowd observing computer monitors with walls and floor,2.0,mscoco
31451,A pasture with three sheep with a house in the background.,2.0,mscoco
64440,a group of jet airlplanes sitting on a runway,1.8333333333333333,mscoco
405296,"A demolished bathroom with a sink, toilet and tub.",1.5,mscoco
446884,Large sandwich sits on table with two beverages.,1.5,mscoco
121237,A woman brushing her teeth in front of a bathroom mirror.,2.0,mscoco
73,A cross-section view of a brain.,1.6666666666666663,drawbench
135305,A rusted fire hydrant sitting on the side of a road.,2.0,mscoco
204382,Two men in military uniforms sitting on a motor bike.,2.0,mscoco
47451,A blue parking sign stands between two parking meters.,1.2,mscoco
303822,Man on beach standing beneath large kite at sunset.,2.0,mscoco
162204,We are looking at an old photo of a rundown street.,1.625,mscoco
83,"An instrument used for cutting cloth, paper, and other thin material, consisting of two blades laid one on top of the other and fastened in the middle so as to allow them to be opened and closed by a thumb and finger inserted through rings on the end of their handles.",0.6666666666666667,drawbench
520799,Tennis star Martina Navratilova holding a racket and wearing her hat backwards,1.5,mscoco
213355,A young boy flies a kite in the sky. ,1.97887323943662,mscoco
275199,Many colorful kite surfers over an ocean cove,2.0,mscoco
362346,Several giraffes standing around together in the grass.,1.875,mscoco
464923,A bed is covered with a plaid blanket and topped with a fish pillow.,1.6111111111111112,mscoco
405440,"A keyboard, a remote control, and two circuit boards with wires, all on top of a map.",1.7,mscoco
33938,A grey and black cat laying on black suitcase.,1.8384615384615384,mscoco
202767,A group of little boys sitting and eating pizza.,2.0,mscoco
250417,View of a city intersection from inside a car.,2.0,mscoco
432120,A dog in a car is viewed from the car's side  mirror.,2.0,mscoco
151577,The street sign for Ronald Reagan Allee in Berlin,0.5,mscoco
160291,Two people in orange jackets smile as they ski up a road.,1.75,mscoco
346637,A young kid standing by the street holding a skateboard. ,1.75,mscoco
72075,An umpire watches over a baseball game played by children.,2.0,mscoco
263823,A baseball game is being played with the batter up.,1.8333333333333333,mscoco
313847,a young kid with a bat is in a batting stance ,2.0,mscoco
140118,Bunches of bananas are on the ground near a wall.,2.0,mscoco
163358,A woman playing tennis is about to serve the ball.,2.0,mscoco
387068,"Sink with soap pump, toothbrush holder, empty toilet paper roll, soap",1.5,mscoco
91638,Young girl dressed in blue and pink skiing down a hill.,2.0,mscoco
300836,A gold clock sitting on top of an animal figure.,2.0,mscoco
470588,two yellow vases with some paint on them ,1.6666666666666663,mscoco
311784,Pitcher pitching a ball during a baseball game.,2.0,mscoco
169309,"A round blue cake decorated with a sign that reads ""Central Park"".",1.875,mscoco
60035,A woman with red hair wearing a uniform eats a hot dog.,2.0,mscoco
263456,A four poster white bed is in a white room.,2.0,mscoco
33345,"View from inside of an apartment wit ha TV and a chair, the door to the outside is open.",1.7083333333333337,mscoco
325080,A sidewalk with a large grouping of people.,2.0,mscoco
350840,A surfer rides a wave beneath the pylons of a dock.,1.8333333333333333,mscoco
579998,A black cat sits at a table and looks through a picture glass window.,1.25,mscoco
411840,Two female tennis players walk around the court. ,1.9,mscoco
339324,An orange train crosses a landscape with mountains in the distance.,2.0,mscoco
374418,A skateboarder doing tricks on an indoor ramp.,2.0,mscoco
251027,"A bathroom with a sink, toilet, and medicine cabinet.",1.7777777777777777,mscoco
450759,A man laying down on a bench by a wall.,1.6666666666666663,mscoco
162902,A group of people standing in the snow with snowboards.,2.0,mscoco
162319,A hitter swings the bat at the ball while playing baseball.,1.6,mscoco
71347,A young boy standing in front of a child's refrigerator freezer.,1.75,mscoco
303376,Two people standing beside a plane in  a field,2.0,mscoco
113678,Two pictures of a dog that is wearing a hat.,2.0,mscoco
139555,A man and a woman are riding on an elephant.,1.675,mscoco
250022,A white dog is looking out of an open window.,1.8691570881226052,mscoco
167583,Large variety of fruits and vegetables on display at a market. ,2.0,mscoco
568090,"""Sink eye view"" of man brushing his teeth.",2.0,mscoco
367423,some cattle are grazing in a field with trees,2.0,mscoco
444262,A man is riding his bicycle down a street.,2.0,mscoco
47498,A man stands in a tennis court holding a tennis racket.,0.5,mscoco
126958,The doorway and antique mirror is in the room with blue sky and cloud painted walls.,1.875,mscoco
61478,A woman cutting cake while another woman is holding a plate. ,2.0,mscoco
471690,A male tennis player finishing a follow-through after a shot.,1.625,mscoco
272740,a person is parasailing  in the water with a helmet on,1.8333333333333333,mscoco
133680,Black man sitting on a bench behind a personal bicycle. ,1.6,mscoco
424102,A man throws a model airplane into the air.,1.6666666666666667,mscoco
416787,A chocolate filled doughnut with sugar sprinkles on the outside.,1.6,mscoco
278732,"An empty kitchen with a microwave, a sink, and wood cabinetry.",2.0,mscoco
143457,a tree that has a park bench under it,2.0,mscoco
347876,A jet airplane sitting at the gate with the ground crew under the plane.,1.0,mscoco
276365,Several people fly kites above a paved outdoor area.,2.0,mscoco
149469,A close up view of a cooked pizza.,2.0,mscoco
82281,A black and white photo of a small plane flying.,1.6666666666666663,mscoco
147520,Men compete in a cross country ski race,2.0,mscoco
319541,A couple relaxes on a bench in a landscaped park..,1.8333333333333333,mscoco
200451,Several people flying colorful kites on a beach.,2.0,mscoco
546053,A man in red shirt holding a baseball bat.,1.9,mscoco
424165,A tennis player is reaching up to hit the ball.,0.5,mscoco
67018,Kite surfing is a sport for many ocean goers.,1.875,mscoco
88576,A woman talking on the phone inside of a store,2.0,mscoco
535245,A cow standing in the water on a field.,1.9166666666666663,mscoco
544380,A close up of a pizza with tomatoes and cheese.,1.875,mscoco
511075,A white truck parked next to a parking meter.,2.0,mscoco
272316,A red and silver passenger train at a platform.,1.8333333333333333,mscoco
116043,A man waiving will riding an elephant outdoors.,2.0,mscoco
502178,Two giraffes in an area of tall grasses and trees.,2.0,mscoco
380951,Bananas in a saucepan cooking in simmering caramel.,1.6666666666666667,mscoco
159551,This is an image of a living room with large windows.,2.0,mscoco
111280,A red and green fire hydrant in front of an empty building.,1.6666666666666667,mscoco
157001,a woman and man sit in front of white laptop,2.0,mscoco
409525,A toy turtle sits next to a pizza. ,1.9166666666666663,mscoco
455610,A parked red motorcycle sitting in front of a building.,2.0,mscoco
66660,two giraffes in a large field with a sky in the background,1.875,mscoco
463222,A very long large train going down a track.,0.6666666666666667,mscoco
94307,"Looking down at a table covered with fresh eggs, vegetables and fruits",2.0,mscoco
214998,A group of people riding kiteboards in the ocean.,1.8333333333333333,mscoco
4762,A green double decker bus parked outside a garage,2.0,mscoco
195748,A player runs towards home plate during a game.,2.0,mscoco
543413,A group of elephants on grassy area next to rock and trees.,2.0,mscoco
185091,"A Pizza with red peppers, zucchini and cheese.",2.0,mscoco
162164,A vase filled with white and purple flowers.,2.0,mscoco
377910,a table with a plate of food and some eye glasses,1.6666666666666667,mscoco
484075,Small computer desk with electronic equipment in residential home.,2.0,mscoco
533494,A plane engine next to a luggage cart with some people by it.,1.875,mscoco
178053,A player for the Detroit Tigers taking batting practice.,1.8,mscoco
322922,A group of men on bikes hitching a ride on the back of a bus.,-1.0,mscoco
535278,A women who is sitting at a computer desk.,0.5,mscoco
402257,A small toilet is surrounded by antique pictures on the wall. ,2.0,mscoco
514668,A grey cat looks out a car window.,2.0,mscoco
52393,An African elephant with tusks in a green wooded area.,2.0,mscoco
516628,"Interior bedroom scene of yellow walls, white curtains and a mattress.",2.0,mscoco
456146,A herd of sheep walking on road next to a grassy area.,2.0,mscoco
64283,A large herd of sheep is on a craggy hillside with grass.,1.75,mscoco
383158,A BUS PARKED AT A STREET IN THE EVENING.,2.0,mscoco
79966,A black poodle sits in the basket of a bicycle. ,1.1666666666666663,mscoco
170308,"An interior room with a white door, wooden shelf and window.",1.8571428571428568,mscoco
114203,Two giraffes and three zebras standing in an enclosure.,1.3333333333333333,mscoco
532768,A small truck is stopped next to a sidewalk.,1.6,mscoco
266115,A stop sign and street sign located at the corner of a street.,1.4583333333333337,mscoco
332925,A black and white photo of a skateboarder skating with people watching.,2.0,mscoco
312384,"A street with traffic signs, busses and cars.",2.0,mscoco
154567,A surfer rides the waves on his surfboard.,2.0,mscoco
298395,A toilet with a full roll of paper and plunger. ,0.5,mscoco
253579,Black and white photograph of a woman in an old kitchen,2.0,mscoco
407030,A street corner has several signs giving directions.,1.7083333333333337,mscoco
177811,a photo of a dirty bathroom with a toilet and a stool,1.8333333333333333,mscoco
1563,Competitive cross country skier standing in front of sign.,1.985711369667279,mscoco
369094,A zebra is standing in an enclosure while grazing on the grass.,1.6666666666666663,mscoco
581667,a boy wearing a helmet riding a skateboard,2.0,mscoco
167891,A mother elephant and her young calf stand by a pool at the zoo. ,2.0,mscoco
375455,The jumbo jet is landing on a runway.,1.8333333333333333,mscoco
374100,Two cows stand in a field with tall grass and weeds. ,1.8333333333333333,mscoco
178337,A custom motorcycle on display at a motorcycle show.,1.9375,mscoco
42413,Man and young boy posing for photo with brick wall in background.,2.0,mscoco
453140,A tennis player smiles while holding a bottle of water.,1.875,mscoco
211185,A double Decker green bus on a street,1.8452380952380956,mscoco
144242,Two men standing next to a table full of phones,1.875,mscoco
3794,A burger and a salad are being displayed on a plate. ,1.9166666666666663,mscoco
126044,A man riding a surfboard on a wave in the ocean.,2.0,mscoco
45280,A giraffe towers above the grass and shrubs in its environment,2.0,mscoco
59384,A red electric car parked into a street side charger.,1.8333333333333333,mscoco
449108,A zebra grazes on grass inside a fence.,1.5,mscoco
350852,A boat docked at a port unloading passengers.,2.0,mscoco
482751,"A man in air catching a Frisbee, and man and a woman in running towards him on a grass playing field with fence and wood telephone pole.",0.25,mscoco
329687,A woman and man sitting beside each other and their dog on a bench. ,2.0,mscoco
288852,Four People riding two elephants across the water.,1.375,mscoco
224695,A woman wearing an apron is standing in a field between two cows.,0.5,mscoco
18414,Skillet with vegetables during cooking process on grill.,1.9565217391304348,mscoco
55922,Two men in black and white uniforms playing soccer. ,2.0,mscoco
170683,Cars sit parked in front of a street sign. ,1.5,mscoco
368154,A stop sign in front of a traffic intersection in a neighborhood.,1.8333333333333333,mscoco
284756,An open umbrella sitting on the floor in a living room.,1.5,mscoco
320816,A female tennis player is trying to hit the ball. ,1.8333333333333333,mscoco
446637,A large group of birds sitting on metal pipes in the water.,2.0,mscoco
390710,A picture shows the backs of appliances in a whit walled room and a microwave next to a green bottle.,2.0,mscoco
250629,A young couple sitting together sharing an umbrella.,2.0,mscoco
248797,A large wheel kite flying by a body of water,1.8333333333333333,mscoco
97577,"A hotel room with a bed, chair, desk and an end table.",1.875,mscoco
542640,Two large giraffes standing together in an enclosure,-1.0,mscoco
326390,a red bowl with an orange inside with a dark background,1.6666666666666667,mscoco
556120,A pile of luggage and boxes inside a room.,2.0,mscoco
553984,A sink and mirror are in a bathroom.,2.0,mscoco
155306,Two large buses are parked in a lot.,1.6666666666666663,mscoco
564663,A cat lying on a mat with shoes ,1.9166666666666663,mscoco
459576,A man makes a face as he eats a hot dog.,2.0,mscoco
418409,A woman sitting on a couch with an open laptop.,2.0,mscoco
39181,A bathroom that has a toilet and a shower head.,1.3333333333333337,mscoco
157960,Man standing in a family room with a game controller in his hand.,1.875,mscoco
362795,A glass flower vase with a bouquet of different flowers.,2.0,mscoco
484336,A chef smiles while putting a pie into the oven.,1.4166666666666663,mscoco
31734,A man in a pink tie is holding hands with another man.,1.6666666666666667,mscoco
268141,A large cat is sitting in a wooden chair.,2.0,mscoco
203710,A young man playing Wii in a living room.,1.875,mscoco
265629,A clock tower with very ornate brick work,2.0,mscoco
381519,"Black and white photo of park benches, with people in the background.",2.0,mscoco
497109,A young girl is petting a dog on the couch with a lady looking on.,1.7,mscoco
67074,Elephants standing behind a wooden fence outside around trees.,0.5,mscoco
298315,A young boy holding a Wii game controller.,1.7000000000000002,mscoco
484277,A woman holding open a cell phone in front of her face.,2.0,mscoco
37705,A close-up of a snowy tree with red-orange fruit still attached.,2.0,mscoco
119456,Some animals are hiding behind some tall green grass. ,2.0,mscoco
574697,A projector sitting on a desk next to a laptop. ,1.7999999999999998,mscoco
481504,A park bench in a shaded area of a park.,2.0,mscoco
56190,A giraffe is among the trees standing in the grass.,1.75,mscoco
369920,A Coca-Cola bus on display at an event indoors.,2.0,mscoco
153931,A young man sitting on a bench using a cell phone.,2.0,mscoco
133510,A baseball player is at bat waiting for the pitch.,2.0,mscoco
126950,Two people are sitting on the floor beside a notebook playing on their cell phones. ,1.4166666666666663,mscoco
399064,Baseball pitcher throws ball from mound during game in evening.,-1.0,mscoco
457442,Man standing next to truck watching dog walking in water at beach.,1.9375,mscoco
476967,A clock hangs from the side of a building.,1.7857142857142856,mscoco
330917,a clock next to a bull skull attached to a wall,2.0,mscoco
198782,A man with curly red hair looks away from the camera on a train.,1.9,mscoco
263428,The cattle farm with animals crowded in pens is visited by several people.,1.6666666666666667,mscoco
479200,"Two elephants playing in water in grassy fenced in area.
",0.3333333333333333,mscoco
552072,The photo shows a close-up of a young man is eating pizza.,2.0,mscoco
238087,A man is running with a frisbee in his hand down a grassy field.,1.0,mscoco
219965,An adult giraffe and two young giraffes standing together.,1.5,mscoco
320234,Man with flying disc playing with child in grassy area.,0.5,mscoco
29449,"Corner view of a home restroom with toilet, mirror, sink, and bathroom products.",2.0,mscoco
200717,A man holding a while frisbee while standing on a field.,1.5833333333333337,mscoco
238598,Two men and two women walking in the rain while on of the men has an umbrella over himself.,-1.0,mscoco
176910,A baseball player is mid-swing at home plate.,1.6666666666666663,mscoco
71492,A brick building with a large clock on the tower.,2.0,mscoco
277761,A baseball player taking a swing at a ball.,2.0,mscoco
376545,Two skateboarders doing tricks next to a coffee house.,1.5,mscoco
239382,Woman in a sun dress holding up an umbrella. ,2.0,mscoco
261761,A pigeon stands on a bar on a window.,2.0,mscoco
369382,A wrapped sandwich and a soda in a glass bottle on a table.,1.8333333333333333,mscoco
161586,A young child holding up a white frisbee on a field.,1.875,mscoco
412000,A covered canal is filled with small row boats.,2.0,mscoco
555771,Three zebras grazing in a natural grassy field.,1.5833333333333333,mscoco
243946,People fly kites and relax at a crowded sunlit beach.,2.0,mscoco
498381,A yellow and white birtd is in flight.,2.0,mscoco
315432,Several boats docked at a small boat dock.,2.0,mscoco
151016,a person cutting a cake on a tray with frosting,1.75,mscoco
556131,Man in a suit and tan jacket holding a game fish.,2.0,mscoco
156626,A small shelf with flowers near a mirror,2.0,mscoco
120329,Baseball players are holding bats in a baseball field.,0.5,mscoco
545209,"A surfer is riding a big wave on a white, red and gray surfboard.",1.8333333333333333,mscoco
17152,A chicken sandwich and sweet potato fries on a plate.,1.8333333333333333,mscoco
454195,Three elephants wading in a water hole across from a wooded area.,1.9,mscoco
444350,"Dog in dramatic catch of frisbee at a competition, with onlooking player and crowd.",2.0,mscoco
465795,Blurry color photo of people enjoying a ski resort area,2.0,mscoco
558656,A little boy stands at a counter watching pizza be made.,1.8125,mscoco
357782,A large selection of bananas and other fruits.,1.8333333333333333,mscoco
542035,a small bed with blue comforter and sheets,2.0,mscoco
93476,A view if a pleasant downtown sidewalk with an old fashioned clock and street lights,1.5,mscoco
394964,A red and white bus near the curb on a city street.,1.5833333333333337,mscoco
44613,A refrigerator covered in pictures and stickers in a kitchen.,2.0,mscoco
392957,A couple of young men playing a game of frisbee.,2.0,mscoco
117192,A surfer in a wetsuit riding his board on a wave.,2.0,mscoco
22874,A big black dog laying down near a disc.,1.6,mscoco
14283,Two baseball players in the middle of a game.,1.75,mscoco
74032,Black bear walking through yard of human development during daytime.,1.5,mscoco
532958,A kitchen is undergoing renovations with a stainless steel refrigerator and white stove.,1.5,mscoco
173629,a male tennis player in a white shirt is playing tennis,0.5,mscoco
518755,Several people are standing at a yellow food truck.,2.0,mscoco
505945,A cat that is sitting by a reflective ball.,2.0,mscoco
24195,a green bus is sitting by a curb,1.8333333333333333,mscoco
324203,A kitchen counter with plates of beans and hot dogs.,2.0,mscoco
238203,A group of horses in a field with a train passing by in the background.=,1.75,mscoco
527173,An old photo of four men in a boat with a bicycle ,1.5,mscoco
184276,A male tennis player in yellow hits the ball.,2.0,mscoco
480733,Two people playing Wii games in a living room.,0.5,mscoco
416284,a bathroom with two sinks and a tile wall ,1.9166666666666663,mscoco
88419,A herd of sheep walking along the shore of a sandy beach.,2.0,mscoco
44178,A baseball player swings at the ball while the catcher is posed behind him.,1.75,mscoco
501126,A cat peeks it's head out from behind a screen.,1.1,mscoco
27917,a street sign sits on a corner next to parked cars,1.75,mscoco
15987,Two elephants with intertwined trunks standing in an enclosure.,1.0,mscoco
11677,"A market with a variety of fruits including water melons, green and yellow bananas.",1.8333333333333333,mscoco
396014,A brown and white cow lays in a hay covered stall.,2.0,mscoco
565476,Closeup of various fruits that include bananas and apples.,2.0,mscoco
254071,A man in a blue shirt surfing in the ocean.,2.0,mscoco
119137,a small white toilet in a white tiled bathroom,2.0,mscoco
462006,The little asian baby is eating a small carrot.,2.0,mscoco
249947,Several containers of vegetables are displayed in a market.,2.0,mscoco
565230,A plane sitting on the runway at sunset.,1.7,mscoco
531512,A woman is milking a cow in the animal stable. ,1.4166666666666663,mscoco
253086,A cat laying on its back next to a pair of shoes.,2.0,mscoco
168580,A police motorcyclist in motion on the road.,2.0,mscoco
559384,A group of sheep standing on the rocky shores of a beach.,2.0,mscoco
281017,A large bathroom has a tiny window and a tub and toilet and sink and mirror.,1.8333333333333333,mscoco
153,"35mm macro shot a kitten licking a baby duck, studio lighting.",0.5,drawbench
529804,The birthday cake is decorated with icing and sticks. ,1.875,mscoco
59230,Competitor returning volley during tennis match on grass court.,2.0,mscoco
551594,An airplane on display in a park near a street.,1.65,mscoco
42260,A family of three sit under two umbrellas at a beach.,1.4166666666666663,mscoco
201561,A Frisbee lies on the pavement by a man in shorts at night,2.0,mscoco
421201,A toilet with a wooden seat sitting next to a white tub.,1.25,mscoco
163729,An image of the back trunk of a truck.  ,2.0,mscoco
197807,Two men standing by a car on a hill top.,1.6666666666666663,mscoco
178911,A small commuter train pulling into the train station,2.0,mscoco
351935,A COW IS WALKING WITH ITS OWNER AT A FAIR,1.8333333333333333,mscoco
259760,an unmade bed with striped pillows and a metal head board on a wooden floor.,2.0,mscoco
522127,"A green street sign that reads "" Pike "" hanging from a pole.",2.0,mscoco
6981,A young child sits in a chair eating food.,1.875,mscoco
221459,A bathroom that is heavily decorated with wood.,2.0,mscoco
27873,A narrow gap between two buildings with a clock tower in the middle,1.8333333333333333,mscoco
441449,A small bowl of oranges on a table.,1.6666666666666663,mscoco
496556,a young woman is playing with a red umbrella,0.5,mscoco
172733,A man holding a kite in a park ,2.0,mscoco
373713,Three men sit at a conference discussing a topic,2.0,mscoco
391046,Boy preparing throw a frisbee at night on red sand,2.0,mscoco
328203,A baseball player running towards base while the baseman is waiting to catch the baseball. ,-0.8333333333333333,mscoco
123762,The large electronic toilet has a label on the back of the seat.,1.45,mscoco
90392,A toilet in a small tiled bathroom with white walls.,2.0,mscoco
473936,Motorcycle parked perpendicular on side of city street at night.,1.5,mscoco
437356,A prepared meal is sitting on a table.,2.0,mscoco
504147,Two Siamese cats rest on a pink blanket.,2.0,mscoco
7625,Renovations being performed on the interior of a house. ,2.0,mscoco
471865,Arrangement of small white flowers and conifer branches in a vase.,2.0,mscoco
134835,A small bathroom with a cabinet over the toilet,2.0,mscoco
515518,A woman in white shirt looking at a piece of cake on white plate.,2.0,mscoco
518455,"A display of white and red teddy bears that say ""I love you"".",1.625,mscoco
84192,An elephant lifts a chained metal can with its trunk.,2.0,mscoco
64779,A plate of broccoli and carrots on a table.,1.875,mscoco
222240,Child at bat in Little League baseball while teammate watches from first base.,2.0,mscoco
156974,A group of giraffe standing next to a wooden fence.,2.0,mscoco
210193,a white vase with some yellow and white flowers,2.0,mscoco
380427,"If you need a toilet, there are a couple on the curb.",1.6428571428571428,mscoco
82255,A gray haired man is wearing a blue shirt and has a tie draped around his neck.,1.6666666666666667,mscoco
308907,A corner of street with a building showing a bowling pin.,1.6338718220338984,mscoco
446422,A doughnut that is in pieces on a plate.,1.2361111111111112,mscoco
125085,A baseball player holding a bat on a field.,2.0,mscoco
532644,Wet elephants shake water onto people bathing them.,1.1833333333333331,mscoco
35423,Computer equipment sits on shelves of a desk. ,2.0,mscoco
279009,Small multicolored airplane sitting on a landing strip.,2.0,mscoco
10981,An electric commuter train coming in to the station,2.0,mscoco
517594,A woman holding a video game controller and grinning.,2.0,mscoco
16355,A man and dog in a frisbee competition.,2.0,mscoco
372247,An adult and a juvenile zebra graze in a green field.,2.0,mscoco
475007,"Closeup of a small pizza with mushrooms, broccoli and cheese.",2.0,mscoco
386261,A woman smiles while holding a beverage near various donuts.,2.0,mscoco
315508,The stop sign is posted beside a busy city street.,1.5,mscoco
41984,Group of giraffes standing on grassy field in open enclosure. ,1.5833333333333337,mscoco
569052,A pizza sitting on top of a white plate.,2.0,mscoco
92192,A heard of dairy cows photographed in black and white.,2.0,mscoco
444958,Two kids on a tennis court playing tennis,2.0,mscoco
508443,Four mini pizzas on a plate by a wine glass.,1.460234541577825,mscoco
77628,Several police officers on motorcycles parked on the street.,1.8333333333333333,mscoco
306467,The four men are performing in costumes. ,1.5,mscoco
484108,Two men walking with surfboards under their arms.,1.6527777777777777,mscoco
38477,Woman with cell phone posing on city street at night.,1.9375,mscoco
302380,A man and woman posing for a photo with a cake.,2.0,mscoco
88846,A bathroom that has a large window in it.,2.0,mscoco
53301,A man in a red baseball cap and sunglasses eating a slice of cheese pizza on a plate. ,2.0,mscoco
3321,Two brown and white cows graze in a pasture,1.9,mscoco
542255,A blue sake pitcher sits by two cups,1.9166666666666663,mscoco
568256,A dark blue vase with clear handles holds green foliage.,2.0,mscoco
11996,A person on a surfboard in the water.,2.0,mscoco
57868,A fire hydrant that has been painted white and orange.,2.0,mscoco
127167,Cut up pictures of plants from magazines and a pair of scissors.,1.8671875,mscoco
468792,A woman is playing Frisbee with a dog.,2.0,mscoco
571996,Old dark painted locomotive near yellow painted boxcar on next track.,1.25,mscoco
451473,Young snowboarder on shallow slope with snow and others,1.6666666666666667,mscoco
157989,A boy smiles while eating pizza at a table with his friend.,2.0,mscoco
211281,A woman playing tennis on a clay court.,0.5,mscoco
181861,A group of people riding skis down a snow covered slope.,2.0,mscoco
169377,A red motorcycle parked in a parking lot.,2.0,mscoco
457373,A toilet that has the seat up in a bathroom.,1.4,mscoco
103902,Lettuce and dried fruit sit in bowls on a table.,2.0,mscoco
318570,a man that is skiing across some snow field,2.0,mscoco
417804,A close up of an Apple keyboard and wireless mouse.,2.0,mscoco
91387,Tampa Rays baseball player high fives his teammate.,2.0,mscoco
107558,A skateboarder jumps off the end of a high ramp on his board.,2.0,mscoco
268159,a man standing in his kitchen in the middle of reading a magazine,2.0,mscoco
124739,A busy city street with traffic passing a warning sign.,1.5833333333333337,mscoco
510552,The view of a kitchen that has an island with a bowl of fruit.,1.6666666666666663,mscoco
135193,"A pair of scissors, measuring tape, ruler and hole punch on a table.",0.25,mscoco
56233,A skateboarder in mid air performing a trick.,0.5,mscoco
532463,Several shopping bags are sitting on a blue bench.,2.0,mscoco
543041,An assortment of doughnuts are arranged in a box.,1.5,mscoco
523553,"A bike that has ""Bike And Destroy"" written on it's side.",1.0,mscoco
32,An elephant under the sea.,2.0,drawbench
243287,A tennis player hits the ball while the crowd watches,0.375,mscoco
114469,A poodle and a another hairy dog are playing with each other.,2.0,mscoco
63421,A three wheel motor bike parked next to a motorcycle on a side walk. ,1.7000000000000002,mscoco
406047,A skier in red leaving a starting area at The Olympics.,1.8,mscoco
254706,Two blue and black parking meters sitting on a sidewalk.,1.9,mscoco
16931,A snowy city street with a french stop sign.,1.625,mscoco
115459,A girl flying a yellow kite on a field. ,2.0,mscoco
208669,View of a bathroom vanity and mirror with a closed box sitting on top.,1.5,mscoco
398222,A group of people sit at tables to eat a Christmas meal.,2.0,mscoco
120472,A table with red and blue table cloth and yellow tulips,1.5,mscoco
279222,A green bus that is parked in front of other buses.,1.0833333333333337,mscoco
320418,A man in a suit posing for a picture.,2.0,mscoco
18783,A man on a bicycle with a dog sitting in the back of the bike.,1.0,mscoco
339059,A deep dish pizza on a table with two plates and drinking glasses,1.75,mscoco
537982,"Bunches of carrots, beets, radishes, and multiple lettuces displayed on a table.",2.0,mscoco
144049,Outdoor table with electronic scale next to phone near food items.,2.0,mscoco
291475,A display of teddy bears are on an outdoor blanket.,2.0,mscoco
243780,two people standing near a table cutting a cake ,0.25,mscoco
561393,A cat examines a bag while standing on a suitcase.,1.75,mscoco
108540,A man is standing looking at a cell phone near a cell phone advertisement.,1.6428571428571428,mscoco
107147,A box of doughnuts next to a coffee cup and sports drink.,1.75,mscoco
51322,A red double decker bus driving down a street.,2.0,mscoco
27842,"A long marble like bath room vanity with a stool, two sink basins with mirrors and lights over them",1.5,mscoco
171321,A tennis player with a cap holding a racket,2.0,mscoco
226691,This is an empty kitchen with white cabinets and an oven.,1.5,mscoco
408456,Foreign bathroom shows that toilet is simply a hole in a box,1.5,mscoco
73727,A white bird flying over a large body of water.,2.0,mscoco
363150,Three people on skis and snowboards pose near a snowy mountain.,1.8333333333333333,mscoco
439974,A young man is in the air on a skateboard.,2.0,mscoco
423860,A group of people walking outside of a building with a clock tower in the background.,2.0,mscoco
371280,A blueberry pie containing natural ingredients and baked crust.,1.75,mscoco
52183,A dog sitting on the floor near two wooden chairs sitting at a wooden desk.,1.8333333333333333,mscoco
45644,A display of different vegetables is seen in a store.,2.0,mscoco
119357,A view of a city street through the windshield of a vehicle.,2.0,mscoco
224878,A black bear is eating red berries by some grass.,1.8333333333333333,mscoco
251569,A woman with a pink umbrella walks past a storefront.,2.0,mscoco
376342,One teammate grabs a bat while waiting with other teammates.,1.9,mscoco
125208,A man in a brown shirt is playing a video game. ,2.0,mscoco
30303,A baseball player swinging a bat over home plate.,1.9444444444444444,mscoco
564341,A child eating a snack at a table,1.75,mscoco
453775,a bouquet of flowers on a church pulpit,1.6666666666666663,mscoco
185209,A toddler playing with a red digital camera.,1.8333333333333333,mscoco
504810,A big sandwich sits on a plate with some french fries.,2.0,mscoco
100746,A formation of fighter jets flying through a blue sky.,1.8571428571428568,mscoco
38323,two decorated doughnuts sitting on wrappers next to a cup of coffee,1.8333333333333333,mscoco
88770,A person is skiing down a snowy slope.,2.0,mscoco
55767,Three horses ridden by jockeys in a close race.,1.875,mscoco
563011,A bird perched on top of a tree branch.,1.625,mscoco
566592,Two cows are walking along a rocky landscape.,1.8333333333333333,mscoco
270702,A girl with a happy look holding a teddy bear on a trampoline.,1.75,mscoco
91795,An empty bottle sitting on a picnic table.,1.5,mscoco
152403,A woman and a man play a game on the Wii console as friends look on.,1.5,mscoco
305885,some people on a street and two policemen on horses,1.5,mscoco
290560,A man and a woman take a horse and carriage ride down the street.,2.0,mscoco
190556,Several bicycles parked by the side of a road.,2.0,mscoco
391912,Two giraffes in a fenced enclosure with tall trees.,1.875,mscoco
298060,"A brown, white and black bird in grassy area next to rocks.",2.0,mscoco
577853,A blue bowl with bananas and oatmeal and milk.,2.0,mscoco
234653,Two zebras standing in the shade in an enclosure.,1.5,mscoco
468585,A round white plate has healthy food and a side of nuts.,1.6666666666666667,mscoco
424709,A chili dog is sitting on a table.,1.9285714285714288,mscoco
228989,A black motorcycle is parked on a street corner.,1.9,mscoco
198451,a tall clock tower with buildings near by,2.0,mscoco
118447,A man standing next to a woman on a tennis court.,2.0,mscoco
311818,A dessert is displayed on a plate on a table.,1.9,mscoco
83369,A living room with a fire place and brown couch and tv,1.8333333333333333,mscoco
154616,Woman at kitchen counter cutting up a fish.,1.9,mscoco
578362,a snowy hill surrounded by some clouds ,2.0,mscoco
559159,A kitchen with a wooden floor and white cabinets.,2.0,mscoco
23579,A woman sitting on a bus while holding a brown dog.,1.5,mscoco
14691,Skateboarder at ninety degree angle at skate park. ,1.6666666666666667,mscoco
320403,Two giraffes next to palm tree in outdoor field.,2.0,mscoco
190938,a person is holding a gray and white cat next to a plate of food,0.1666666666666666,mscoco
354841,A tabby cat is laying in a very decorative case with handle.,1.875,mscoco
192954,Family room with various furniture and lit fireplace.,2.0,mscoco
176273,Three horses covered in blankets are walking through a field.,1.6666666666666663,mscoco
293647,A police officer patrolling on a motorcycle driving down the street.,2.0,mscoco
446931,A plane is flying in the evening sky.,2.0,mscoco
555273,A living room is pictured with a variety of chairs and sliding doors. ,2.0,mscoco
539718,A man with a surfboard wading into the ocean while a woman sits on the beach watching.,1.625,mscoco
78457,a red clock hanging on the side of a building,2.0,mscoco
478184,A giraffe walks by a fallen tree beside a lake.,1.875,mscoco
11667,A fenced hilly green pasture with sheep grazing on it.,1.875,mscoco
198422,a person wearing a suit and tie holding a shoe,1.225,mscoco
518725,Close up view of a large sandwich and pickle on a plate.,1.9166666666666663,mscoco
275263,A clock is outside near a flag and a building.,1.3333333333333337,mscoco
86823,A man does a back flip as a skateboarder rides underneath him.,-1.0,mscoco
465045,Engine car of train traveling in industrial rail yard.,2.0,mscoco
516827,a horse eating grass in a field behind a fence,1.4371052631578949,mscoco
561756,A glass vase filled with and assortment of of flowers,2.0,mscoco
420475,Motorcyclist displaying skills in front of large crowd at outdoor event.,1.8333333333333333,mscoco
379666,Man holding son at zoo pointing to a cow close by.,0.1666666666666666,mscoco
88768,A traffic sign on dirt area next to curving road.,1.5833333333333337,mscoco
156461,Two trains sitting next to a train platform.,1.8333333333333333,mscoco
150361,Two women in tennis outfits are on a tennis court while one of the women holds out a racket as a ball is in the air.,0.25,mscoco
563048,A group of teddy bears are on display at the store.,2.0,mscoco
39884,a fire hydrant with a hose by a short tree ,2.0,mscoco
209418,A big pretty commercial plane on the runway.,2.0,mscoco
113026,A pitcher partly covers another baseball player during a game sponsored by Comcast.,1.6666666666666667,mscoco
34321,A little chihuahua puppy laying with his stuffed bear,2.0,mscoco
567079,Man eating a large slice of pizza off of paper plates.,2.0,mscoco
194372,A black cat hides behind a person's legs with red knee socks and brown shoes.,1.4166666666666663,mscoco
386967,Empty wooden bench with piles of twigs in front of some parked cars.,1.7000000000000002,mscoco
1,A black colored car.,2.0,drawbench
468237,A clock tower with the clock lit up at dusk.,2.0,mscoco
48554,THIS IS A PHOTO OF SEVERAL CHILDREN PLAYING A GAME OF BASKETBALL,2.0,mscoco
493365,The couch with throw pillows and a quilt is against the wood paneled wall.,2.0,mscoco
303311,Three women are holding wine glasses and smiling.,2.0,mscoco
246915,a large giraffe is standing near a tree,2.0,mscoco
21639,A rainbow birthday cake sitting on a decorative table cloth. ,1.8333333333333333,mscoco
102630,A person flying through the air while riding a snowboard.,2.0,mscoco
246154,two giraffes walking on the field besides big rocks,1.5,mscoco
18886,two giraffes walking in a field near many bushes ,1.8333333333333333,mscoco
229713,A person cuts a pizza with a pizza cutter. ,1.5,mscoco
489123,A light plane sits on a sandy beach in front of ocean.,2.0,mscoco
123099,stop sign at an intersection of silver and richmond,0.5833333333333334,mscoco
95029,A child smiles in front of a container of carrots with a stuffed rabbit.,1.6666666666666667,mscoco
198935,A black and white dog sitting next to a yellow fire hydrant.,1.7083333333333337,mscoco
507783,Various sizes and colors of tagged and bundled luggage.,2.0,mscoco
469853,Tennis player in white prepares to hit the ball. ,2.0,mscoco
266298,A man in a full wetsuit surfing along a wave.,1.875,mscoco
455737,There is a picture hanging over the toilet.,2.0,mscoco
234147,A basket of large carrots next to a box of bell peppers.,1.3333333333333333,mscoco
331223,A red fire hydrant beside a a small construction barrier.,1.7000000000000002,mscoco
233868,A man in yellow shirt playing a game with Nintendo Wii controller.,1.4166666666666663,mscoco
405133,A child eating a slice of pizza at a table.,2.0,mscoco
56289,Many spoons are inside of a clear jar.,1.75,mscoco
480894,Two brown bears meet while swimming in muddy water.,1.6666666666666667,mscoco
392382,A young girl is riding on a skateboard.,2.0,mscoco
296157,An assortment of doughnuts are laid out on display.,2.0,mscoco
10903,A long dark wood dining table and matching chairs is the focal point of a sunlight dining room. ,2.0,mscoco
47778,A small boy holding a stuffed animal in his arm.,2.0,mscoco
49151,A group of people sitting in living are next to an entertainment unit.,1.5,mscoco
61814,A man is riding a 4-wheeled skateboard in a road. ,1.75,mscoco
253828,A yellow hanging stop light surrounded by buildings.,1.875,mscoco
223157,A child on a skateboard is performing a trick on a slab.,2.0,mscoco
57827,"A batter, catcher and umpire during a baseball game.",2.0,mscoco
196785,a female playing tennis on a clay court.,1.8333333333333333,mscoco
226701,two young children sitting in a chair by a big teddy bear,1.5,mscoco
35407,"A cheeseburger sits on a white plate, next to a drink in a Dunkin Donuts cup.",1.2222222222222223,mscoco
33930,The woman smiles as she digs into a salad with a knife and fork.,1.6666666666666667,mscoco
530712,A red double decker bus on a busy street.,1.9193307757885765,mscoco
504023,A bus and cars wait at a city intersection.,1.6666666666666667,mscoco
461687,A park bench sits empty in a grassy field and mountain with wild animals in the background.,1.6666666666666663,mscoco
16027,"An orange, red and white bus with chrome rims.",1.8333333333333333,mscoco
553969,a small airplane sitting in the middle of an airstrip in a field,2.0,mscoco
463175,A man in a party hat sits at a table talking on a cell phone.,1.5,mscoco
233017,"A double decker bus painted whit, purple and red",1.8571428571428568,mscoco
476331,A glossy black refrigerator is inside a wooden cabinet.,1.8333333333333333,mscoco
160820,A herd of sheep grazing on a lush green field.,1.75,mscoco
476207,The cupcake is decorated with a red and white bow.,1.6666666666666663,mscoco
276835,a man and woman smile while both holding a bag.,0.5,mscoco
303672,A remote and a cell phone laying on a table.,1.75,mscoco
121959,a large blue umbrella and chair on a beach,1.875,mscoco
103757,A cat perched on a toilet seat looking down at the floor,1.25,mscoco
368648,The small train is stopped at the station.,1.875,mscoco
318533,An empty street intersection on a foggy day.,2.0,mscoco
558849,A building has a row of windows and a clock tower behind it.,1.7,mscoco
534796,people walking on the sand of a beach shoreline beneath flying kites.,2.0,mscoco
149668,A large clock tower with a concrete design.,1.5,mscoco
168626,A large open bathroom with tile floors and shower,2.0,mscoco
290754,A person is on snow skis on a mountain top.,2.0,mscoco
159763,a tennis player with a racket on the court,0.5,mscoco
111262,Two young men preparing food in a kitchen.,2.0,mscoco
23699,Two giraffes grazing on leaves out of trees.,1.6666666666666663,mscoco
36500,The airplane with two large engines is parked on the beach. ,1.7285714285714286,mscoco
534866,a close up of a person riding skis on a body of water ,1.8125,mscoco
342401,View of a baseball game from behind the catcher during a pitch.,1.75,mscoco
331198,An overhead view shows busses parked in a parking lot.,2.0,mscoco
464927,A group of people riding down a river in a boat.,1.875,mscoco
373317,Two sheep walking across a dirt road near a green field.,1.25,mscoco
58738,A man in blue shirt and white shorts playing tennis.,2.0,mscoco
370315,BUSINESS LOOKING PERSON HOLDING A CELL PHONE TO HIS EAR,2.0,mscoco
229233,Man sitting at an outside table with a plate of food and bottle of soda.,2.0,mscoco
392364,A dusk view of the city center focused on the statue of a man on a horse. ,2.0,mscoco
448795,"a brightly lit kitchen with the stove, cabinets, and kitchen table",1.9,mscoco
305030,A large clock sitting above a red Samuel Cooper sign.,2.0,mscoco
504336,The kitchen is clean with shiny floors and appliances.,1.8333333333333333,mscoco
38574,Michael Jackson hat and glove to celebrate a birthday.,1.1666666666666663,mscoco
480948,Many differently colored pots are displayed for sale.,2.0,mscoco
51296,A close up image of a cat looking outside.,1.6666666666666667,mscoco
94514,A clear glass bowl with an orange and an apple in it.,1.1666666666666663,mscoco
83448,A black and white cow nudging heads with a black cow.,1.4166666666666663,mscoco
379955,Several people are sitting at a beach with a large red flag in the middle.,1.7,mscoco
376751,Two skiers are skiing down the snowy mountain.,1.6666666666666667,mscoco
226350,Man on motorcycle near car in old photograph.,1.6666666666666667,mscoco
115003,A red fire hydrant on a sidewalk with a plant growing underneath.,2.0,mscoco
253479,A man throwing a red frisbee while standing in a park.,0.5,mscoco
169732,A white double layered cake is on a striped tablecloth.,2.0,mscoco
12946,A street scene with people walking and a man on a moped.,2.0,mscoco
85322,Cell phone held up to strange contraption which reads Linda.,2.0,mscoco
422311,A small boy and girl sit on a bench. ,1.35,mscoco
450647,A man running to the net during a tennis game ,1.875,mscoco
284758,A young girl is brushing her teeth in the mirror.,2.0,mscoco
239885,A large handicapped toilet area with several assistive devices.,1.45,mscoco
540093,"An outdoor table with an umbrella, covered in plastic.",1.4,mscoco
137733,Single pink rose displayed in glass bowl  next to wall.,2.0,mscoco
324428,Motor boats parked near a dock in a marina.,2.0,mscoco
270586,A group of kids playing soccer in a field.,2.0,mscoco
561529,Many stuffed bears wearing scarves and hats on a shelf.,2.0,mscoco
399830,"Shelves in a dorm room, with knickknacks such as a photograph, a lamp, and a lucky cat figurine.",1.8333333333333333,mscoco
208956,a room showing a kitchen with a microwave and a cooker,2.0,mscoco
256968,A man rides the top of the bowl at an indoor skate park,2.0,mscoco
51866,Two suitcases that are sitting on a floor.,2.0,mscoco
271429,A baseball game is in action as a batter swings.,1.8333333333333333,mscoco
55484,Group of sailboats during race on open waterway.,2.0,mscoco
373461,A room is a combination living room and kitchen.,2.0,mscoco
306879,A man holding a kite while a girl tries to fly it.,2.0,mscoco
416569,A glass display case contains wooden boxes and trinkets like flasks and pocket knives. ,2.0,mscoco
262161,Older motorcycle displayed on grass along with several old cars.,2.0,mscoco
291305,Horse pulling carriage with two men followed by mounted guard in uniform.,1.3333333333333333,mscoco
300930,"A sign on the side of a building reads ""Butternut""",1.3666666666666667,mscoco
363935,A red and white train on tracks next to city at night.,1.875,mscoco
554286,Flower gardens with sheep in center of circular display.,2.0,mscoco
87363,A kitchen area of a home that has been cleaned.,2.0,mscoco
234642,a man wearing a hat while riding a surfboard ,2.0,mscoco
538204,A wooden table topped with three glass vases.,1.8333333333333333,mscoco
68894,A giraffe standing on top of a lush green field.,2.0,mscoco
305632,A baseball player currently in mid swing during a game.,2.0,mscoco
380162,There is a toilet and a bath tub that us in the room,1.5142857142857142,mscoco
412693,Two small birds sitting on a piece of wood,2.0,mscoco
22326,A black cat laying next to a brown dog on  a bed.,2.0,mscoco
479462,A sea foam green vase with flowers in it,2.0,mscoco
163540,a woman sitting at a wooden dining table eating french fries.,2.0,mscoco
129722,A soccer player prepares to kick the ball.,0.3333333333333333,mscoco
302576,a cake in the shape of a train with a number two candle,1.625,mscoco
105520,A open laptop sits on a desk in an office.,2.0,mscoco
178189,"A white, blue and red jet airliner on runway next to grass.",0.5,mscoco
291830,The contemporary living room has clean lines and furnishings.,2.0,mscoco
292181,A street lamp is lit near a tall clock tower.,2.0,mscoco
64010,A man in a yellow jacket is shopping along a busy street in an Asian neighborhood. ,2.0,mscoco
2,A pink colored car.,0.5,drawbench
453586,A water area with a small boat in the water and a red and colored sky.,2.0,mscoco
374184,A toilet with a speedometer on top of it,1.375,mscoco
396369,A group of people are sitting together at a table.,2.0,mscoco
175310,A large bathroom has white walls and cabinets and blue wall tiles and countertops.,1.7000000000000002,mscoco
532827,"Colorful patches, scissors, yarn, paper, and glue sitting on a table. ",1.7638888888888888,mscoco
13721,A person on a blue bench wearing patterned socks.,2.0,mscoco
26746,A woman on a court with a tennis racket.,2.0,mscoco
134575,Two people are walking on a beach with a large kite.,1.8333333333333333,mscoco
259337,two donuts with sprinkles one is pink and one is purple,2.0,mscoco
566016,a cat laying on a back pack in a bed room,1.75,mscoco
528972,A white refrigerator with two doors and a basket sitting on top of it.,1.8333333333333333,mscoco
554241,A crowd is walking in the outdoor plaza.,2.0,mscoco
298050,Assortment of small boats anchored in water way.,2.0,mscoco
203986,A woman in pink shirt and white skirt playing tennis.,2.0,mscoco
244418,A giraffe stands on a path on the grass.,2.0,mscoco
102609,"a computer work station with a printer, computer monitor, mouse, keyboard, and various books and materials",1.9,mscoco
250608,Urban commuter bus at bus stop on city road.,1.75,mscoco
136092,College students use their phones and laptops during a graduation ceremony.,2.0,mscoco
35105,A red fire hydrant in grassy area next to street.,1.9375,mscoco
438314,A bed with a headboard and footboard and a red bedspread.,1.8,mscoco
397058,Asian man in glasses holding two colorful mobile phone cases,1.675,mscoco
488897,Several men talking to each other over a dinner table.,2.0,mscoco
329133,An Amtrak train  is parked beneath a walkway.,1.8333333333333333,mscoco
310968,A young man wearing a headband is on his skateboard.,1.875,mscoco
44901,A batter in a baseball game is swinging at the ball.,2.0,mscoco
539717,Man leaning with hot dog on plate on beach,0.5,mscoco
171062,A cat standing on a table in front of a TV.,2.0,mscoco
132420,A dog at the beach with seagulls flying in the background.,2.0,mscoco
334275,Several cows graze in a grassy area near a mountain.,2.0,mscoco
274292,"Cat lounging next to a window, eyeing photographer.",2.0,mscoco
28417,The woman is riding a horse around a ring.,1.75,mscoco
248701,"A person dressed in an all white snow outfit on skis and holding ski poles, while standing on a snow covered ground.",2.0,mscoco
218807,"Scissors, material, thread and hoop to do a needlepoint project.",1.8,mscoco
521025,A white stove top oven sitting next to a  refrigerator freezer.,1.625,mscoco
324161,A clock on tower on top of a train station.,1.75,mscoco
565109,Large building with a large clock and bell on the very top. ,1.8333333333333333,mscoco
453421,A pitcher in big league baseball game has just thrown a pitch to the batter. ,1.75,mscoco
438688,Two horses with chain mail hats pulling a carriage. ,1.75,mscoco
224610, A bus terminal with four buses parked outside.,1.5,mscoco
456236,"A steak with sauce, brocolli and mashed potatoes on a plate.",2.0,mscoco
138728,"A team playing ultimate frisbee in a field
",1.6666666666666663,mscoco
130120,A photo of a bedroom with a computer set up.,2.0,mscoco
540575,Four people stand near a pool table while playing the Wii.,1.4,mscoco
362604,An antique black train near a train platform.,2.0,mscoco
126628,a tennis player swinging his racket to hit the ball,1.5,mscoco
342408,A small dog is standing under an umbrella on the grass.,2.0,mscoco
44801,A motorcycle and several cars are stopped at an intersection.,1.5,mscoco
363214,Three zebras standing on a dirt road among trees.,1.8,mscoco
285115,A young man skates on his skateboard along the concrete walls of a fountain.,1.6666666666666663,mscoco
96931,A person doing skate tricks in a skate park,2.0,mscoco
573105,Classic red car with leather suitcase attached to rack.,2.0,mscoco
58268,A batter is hitting from homeplate at a basball game.,1.75,mscoco
192192,A park with many trees and benches at night. ,2.0,mscoco
50962,People in a blue motor boat traveling in the water.,2.0,mscoco
268510,A woman taking a picture of herself in a mirror.,1.0,mscoco
431256,Snowboarder flying off a ramp at a ski resort,1.75,mscoco
419064,A fire hydrant that is silver with a red top and sides. ,1.5,mscoco
421763,Oranges for sale are piled high in the box.,2.0,mscoco
265766,Two black and white cows grazing in the grass.,2.0,mscoco
519433,A snowboarder is in mid air against a bright blue sky.,2.0,mscoco
320045,A cat sits on a cafe chair with a handbag,2.0,mscoco
256835,A abandoned refrigerator in an old abandoned building.,2.0,mscoco
484762,A white van next to docked airplane on lot.,0.5,mscoco
477434,Shot of a bed with orange pillows and lamps on both sides of the bed.,2.0,mscoco
282557,A man flying through the air on a snowboard.,1.8333333333333333,mscoco
212451,A man riding a skateboard down a street.,2.0,mscoco
348966,Two donuts rest alongside an ice tea on a picnic table.,1.75,mscoco
148802,Black truck parked beside a ship in the snow by itself. ,1.6666666666666663,mscoco
304919,A man and a woman riding horses on a sandy beach.,1.8333333333333333,mscoco
337579,A plate of cheese covered french fries and a sandwich on a white tablecloth.,1.625,mscoco
535226,A gray cat is laying inside of a box.,2.0,mscoco
429233,A boy practicing his skateboard skills on a public road area.,2.0,mscoco
147319,man in blue shirt sitting on couch with black cat,2.0,mscoco
568237,Close up of a giraffe eating leaves from a tree top,0.5,mscoco
488500,A woman with tennis racket and ball wearing all white. ,0.5416666666666667,mscoco
296892,"Two pictures, one featuring ingredients and the other is a milkshake.",1.6666666666666667,mscoco
374135,People in a field lowering a plane onto a truck by crane. ,1.5416666666666663,mscoco
313480,A group of people in a boat in a river ,2.0,mscoco
115626,A man wearing a helmet on top of a motorcycle.,2.0,mscoco
432932,large black and yellow passenger bus parked and travelers nearby,2.0,mscoco
529500,A person riding a horse over a jump.,2.0,mscoco
560218,A desk with various electronics and a computer with a screensaver,2.0,mscoco
89485,"A ""no right turn"" sign in a European city. ",-0.2916666666666666,mscoco
464322,A stop sign painted on a wood pole.,1.5833333333333337,mscoco
274870,A person leaping and reaching to return volley in tennis game.,-1.0,mscoco
223243,The baseball player leans down to catch the ball.,0.4166666666666666,mscoco
236461,a man in a wetsuit riding a wave with a surfboard,2.0,mscoco
579415,Several people with umbrellas waiting to cross the street.,1.875,mscoco
263762,A white bus with red lettering is seen driving on the street,1.8,mscoco
281939,A NYPD security sign is next to a crosswalk.,-0.5,mscoco
138562, A young lady with a helmet poses with a skateboard.,1.5,mscoco
331152,A baby elephant walking with two adult elephants.,1.8333333333333333,mscoco
426983,A sign points the direction that cars should travel. ,1.8333333333333333,mscoco
30254,A bathroom in the process of being remodeled,1.8333333333333333,mscoco
67339,A cooked pizza on a tray has onion and mushroom topping.,1.8333333333333333,mscoco
354584,A tennis game with the player looking up .,1.75,mscoco
60576,A Canadian North Airplane with a fuel truck beside it.,1.3333333333333337,mscoco
68050,some goats standing around by a fence ,2.0,mscoco
459942,Large adult elephant standing in the bushes eating. ,1.625,mscoco
377294,A polar bear standing next to large rocks.,2.0,mscoco
518267,a cheese pizza sitting on a table with a red and white tablecloth,1.9285714285714288,mscoco
333595,A baseball player prepares to swing at a ball during a game. ,1.8333333333333333,mscoco
234633,the birds are flying next to the boat ,1.8333333333333333,mscoco
551100,Adult elephant with large carrier walking on roadway in native land.,1.4,mscoco
149610,A baseball player takes a swing at a ball.,1.9375,mscoco
262623,"A storefront sign that says, ""Mystic Blue Signs.""",1.35,mscoco
292384,Elephants stand together near a log in an enclosure. ,2.0,mscoco
528912,A baby girl holding a brown teddy bear.,2.0,mscoco
165750,Bathroom with Green Tiled shower and Red patterned Shower curtain.,2.0,mscoco
260654,Baseball player in an orange shirt holding a baseball bat.,2.0,mscoco
6101,a group of people wearing ski equipment on a snowy field,2.0,mscoco
546869,Zebra and giraffe in close proximity surrounded by scrub trees.,0.25,mscoco
350132,A person is catching a Frisbee in a park near a city.,1.6,mscoco
414260,A blue and red train sitting on a railroad track,2.0,mscoco
27798,Skiers standing on a ski slope in the snow. ,2.0,mscoco
65842,Oranges being cooked in a pot of boiling water.,1.8333333333333333,mscoco
49,Two cats and two dogs sitting on the grass.,2.0,drawbench
193293,Cars drive through green traffic lights in a snowy area. ,2.0,mscoco
305235,"a group of elephants near a stream of water
",2.0,mscoco
75001,three people on bicycles lined up behind one another along a road.,2.0,mscoco
166244,A room contains three computer screens and many colorful posters.,1.425,mscoco
117931,A black cat laying inside a bathroom sink.,1.9,mscoco
306475,A group of people sitting at a very long table with food.,2.0,mscoco
141304,A snack food delivery truck is parked on a city street.,2.0,mscoco
3999,Adult cat lying on ornate cloth design piece of furniture.,2.0,mscoco
347772,A baseball player is getting ready to hit a ball,1.4166666666666663,mscoco
134548,A calico cat staring outside through a window.,2.0,mscoco
10710,A baseball player prepares to swing the bat to hit the ball. ,0.1999999999999999,mscoco
267353,A street sign that is displaying two street names.,1.2,mscoco
511977,A man swings at a moving baseball during a baseball game.,1.8333333333333333,mscoco
115793,Large personal sized pizza with Canadian bacon and pineapple. ,2.0,mscoco
429935,Two people in black wetsuits surfing on surfboards.,2.0,mscoco
532411,A man standing on the train with a suitcase next to him.,1.55,mscoco
460757,A cat lays on the floor playing with a toy.,2.0,mscoco
389112,A person performing a skateboarding trick on steps near a public building.,0.5,mscoco
197962,A banana in a bowl has writing on it.,1.6428571428571428,mscoco
167118,A side mirror of a vehicle showing a street sign.,1.5,mscoco
44294,The kitchen has beige walls and floor and oak woodwork.,2.0,mscoco
537456,"A street vendor sells magazines, water, bananas etc.",1.75,mscoco
43542,A bunch of white flowers sit in a vase.,2.0,mscoco
160834,A white speed boat on a lake next to a shore.,2.0,mscoco
196090,A view of a downtown restaurant front with signs advertising food. ,1.8166666666666669,mscoco
108725,A person poses while skiing in a field with hills in the background.,1.5833333333333337,mscoco
284920,A crowd of people skiing across a snow covered hill.,2.0,mscoco
260827,A large orange urn on the beach with a city in the background.,2.0,mscoco
