,prompt,source,index,precision,reciprocal_rank,caption_id
0,A large slice of cheese pizza on a paper plate.,mscoco,4123,0.5,1.0,449128
1,Group of people eating food at an outdoor table.,mscoco,1333,0.7,1.0,177780
2,"A couple of plates of sausages, broccoli and purple food.",mscoco,4489,0.1,1.0,429269
3,A street scene with a railroad crossing and traffic lights.,mscoco,4014,0.5,0.5,402185
4,Two brown and white cows in field with hazy sky.,mscoco,5071,0.2,0.3333333333333333,342845
5,A pasture with sheep inside a fence ,mscoco,3618,0.6,1.0,605307
6,The kitchen has a small sink and a miniature stove.,mscoco,2659,0.1,0.5,300290
7,A man watches a young boy play with his phone.,mscoco,2568,0.1,0.125,584262
8,A refrigerator and a stove in a kitchen,mscoco,2090,0.8,1.0,338604
9,A person is holding a hot dog in their hand.,mscoco,972,0.9,1.0,287995
10,A bacon cheeseburger with a donut as the bun.,mscoco,688,0.4,1.0,93052
11,An empty hospital room is seen in this image.,mscoco,1314,0.7,1.0,757680
12,"A bathroom with a shower stall, sink and tub.",mscoco,1991,0.0,0.0024449877750611247,427767
13,A living room with a christmas tree near the fireplace,mscoco,1592,0.5,1.0,129976
14,A red fire hydrant in a park near a tree. ,mscoco,3188,0.3,0.25,687233
15,A woman with glasses biting into a doughnut.,mscoco,5230,0.4,0.5,700242
16,huge round bath tub with large mirror and window,mscoco,472,0.1,0.5,377574
17,two birds sitting on branches of a tree,mscoco,4429,0.8,1.0,105707
18,Close up of a cluster of white flowers with yellow stamen,mscoco,4684,0.1,1.0,139530
19,A baseball player holding his arm up with a ball in his hand.,mscoco,5254,0.3,0.16666666666666666,532903
20,A pizza in a pizza box with lots of toppings.,mscoco,2178,0.7,0.5,72160
21,A cat sitting next to a fish figurine on a window sill.,mscoco,2700,0.1,0.14285714285714285,605034
22,two red suitcases are in a room and a chair desk and a bed,mscoco,2533,0.1,0.5,123142
23,The inside of a bicycle store with numerous related items on display,mscoco,339,0.5,1.0,293384
24,A man walking down a dirt road holding an umbrella.,mscoco,4367,0.3,1.0,640873
25,The living area is open and brightly lit by the tall window.,mscoco,3623,0.3,0.25,470672
26,"A cut of meat is served with rice, broccoli and other vegetables.",mscoco,3998,0.1,0.2,22845
27,Orange tree with ripe oranges and green leaves.,mscoco,4550,1.0,1.0,66993
28,"A blurry night-time street scene shows a higher and lower roadway with overpasses and lots of traffic  going the same way, while to the left an area of red glare with an arrow and number, suggests a caution area. ",mscoco,1962,0.0,0.015625,776388
29,A living room with couches and recliner chairs with a kitchen behind it.,mscoco,1834,0.0,0.03125,726967
30,A woman flying a kite on a beach while several people play.,mscoco,2449,0.2,1.0,84236
31,A giraffe about to eat leaves from a tree,mscoco,3259,0.6,1.0,739040
32,A man who is performing a trick on a skateboard.,mscoco,1019,0.1,0.1,524938
33,"A bedroom with tv, computer, and bookshelves in it.",mscoco,2737,0.0,0.013333333333333334,631973
34,The kitchen counter is covered with various cooking ingredients.,mscoco,5751,0.6,0.5,367377
35,Pizza and spinach on a plate on the table.,mscoco,2679,0.7,1.0,555854
36,A small bedroom with a desk and computer in it.,mscoco,2316,0.8,1.0,769046
37,A man lunging down to catch a frisbee on a field.,mscoco,4326,0.1,0.5,503305
38,this living room has a brown couch  and a white glass coffee table,mscoco,1892,0.0,0.06666666666666667,454234
39,A view of a sink and commode in a bathroom.,mscoco,5721,0.3,1.0,502993
40,A snowboarder rides a bench set up in the snow,mscoco,5897,0.1,0.2,488281
41,A blurry photo shows men sitting in car seats playing Wii at a party.,mscoco,3149,0.0,0.001851851851851852,386166
42,People interact during a soccer match with a large crowd.,mscoco,4787,0.2,0.3333333333333333,313355
43, a man playing with a wii mote ,mscoco,3256,0.9,1.0,613627
44,The healthy food is prepared on the plate ready to be eaten. ,mscoco,5427,0.2,1.0,525850
45,A red train traveling over a bridge over a forest.,mscoco,2728,0.3,1.0,719695
46,The skateboarder does an aerial stunt of the stairs in the City.,mscoco,5662,0.6,1.0,148982
47,A large elephant walks with a small elephant behind it.,mscoco,1522,0.2,1.0,433547
48,A group of people are skiing while dressed in costumes.,mscoco,1296,0.3,1.0,208609
49,a blue truck with bicycles tied down in the back,mscoco,2683,0.1,0.3333333333333333,138178
50,A bunch of ducks swimming around in a pond ,mscoco,5258,0.9,1.0,687581
51,An electric train on a bridge crossing a river.,mscoco,4190,0.9,1.0,231269
52,"A bento box with chopsticks containing strawberries, carrots, sandwiches, broccoli, lettuce, and some other foods.",mscoco,5012,0.1,1.0,56265
53,two people cutting a cake on a table,mscoco,5619,1.0,1.0,58710
54,Young man wearing shorts throws a frisbee among trees.,mscoco,5043,0.1,0.125,770666
55,A red commuter train traveling down train tracks.,mscoco,292,0.3,1.0,271251
56,A close-up of a dog in a boat wearing clothing.,mscoco,3453,0.1,0.16666666666666666,120797
57,A white and red train at a train station.,mscoco,3567,0.2,0.2,310112
58,Hovering cow abducting aliens.,drawbench,29,0.0,0.0,29
59,Colorado Rockies' pitcher about to release ball from mound.,mscoco,5978,0.1,1.0,81023
60,People stand on the beach underneath a green kite.,mscoco,1158,0.1,1.0,603271
61,A large stack of Fedex boxes on a carpeted floor.,mscoco,2528,0.1,1.0,653992
62,"The girl, a Kuwaiti kite flyer, is very happy ",mscoco,5250,0.0,0.01694915254237288,352189
63,Six different types of doughnuts are arranged in a box.,mscoco,5377,0.4,1.0,33725
64,Two yellow and white trains are riding the tracks into a station.,mscoco,2810,0.0,0.09090909090909091,211066
65,A person holding a silver cell phone in their hand.,mscoco,3423,0.1,1.0,758554
66,a building with a pole and some street signs,mscoco,2994,0.7,1.0,667368
67,Two balconies are shown with a stop sign next to them. ,mscoco,599,0.1,0.5,476889
68,a person standing in a living room playing nintendo wii,mscoco,5027,0.6,1.0,485965
69,"A tidy corner features a black book shelf, a desk with two computers and a black chair.",mscoco,467,0.0,0.03225806451612903,303688
70,A city bus is stopped at a light on a sunny day.,mscoco,4648,0.0,0.041666666666666664,746776
71,A man is eating a doughnut hanging from a string.,mscoco,4953,0.3,1.0,220483
72,Young adults playing on grassy field with flying disc during match play.,mscoco,1564,0.0,0.02564102564102564,482592
73,"A sitting area with a television, in a hotel room.",mscoco,365,0.5,1.0,742208
74,A black fire hydrant sits between two silver poles on the sidewalk near a building.,mscoco,3540,0.1,1.0,189238
75,A tennis player is preparing to play a game of tennis.,mscoco,2671,0.3,0.5,667033
76,A man with an orange ribbon clutched in his teeth tucks his ski poles as he races down a slope.,mscoco,529,0.1,0.125,7952
77,A woman playing tennis on the tennis court,mscoco,3362,0.7,0.5,723198
78,A large kitchen with a metallic refrigerator freezer and a center island.,mscoco,524,0.0,0.014492753623188406,676318
79,A white cat sits below a boot filled shoe rack.,mscoco,95,0.1,1.0,279593
80,Various shots of a woman smiling and messing with a keyboard.,mscoco,5558,0.1,1.0,201148
81,Trash cans are on a sidewalk next to a fire hydrant and fence.,mscoco,4026,0.1,1.0,721462
82,An Apple instruction book with a mouse and keyboard next to it.,mscoco,1411,0.3,1.0,601722
83,A cat sticking its head in a toilet.,mscoco,2941,0.7,1.0,779360
84,A man stands in a library wearing glasses and a bow tie.,mscoco,425,0.1,1.0,706312
85,A boat filled with people observing a large elephant on land ,mscoco,246,0.1,1.0,64107
86,A man on a boat in the ocean. ,mscoco,655,0.1,0.1111111111111111,340415
87,two women standing around and playing a wii game,mscoco,811,1.0,1.0,694391
88,Vehicle and pedestrian traffic at night on a city street.,mscoco,1845,0.0,0.03225806451612903,633921
89,Three giraffes standing around in a zoo enclosure,mscoco,3241,0.3,1.0,829698
90,"Street sign, with name and abbreviation, in front of very old building.",mscoco,1550,0.0,0.058823529411764705,815958
91,Three people with umbrellas walking over a wooden bridge.,mscoco,568,0.2,1.0,403279
92,Animation of a person riding on a motorcycle.,mscoco,1796,0.0,0.09090909090909091,805120
93,"LUNCH TRAY WITH EGG SANDWICH, HASH BROWNS, FRUIT AND CONDIMENTS",mscoco,966,0.2,1.0,90999
94,Woman playing with soccer while children watch intently,mscoco,3141,0.1,0.3333333333333333,174001
95,A yellow and black fire hydrant next to a  red truck.,mscoco,2053,0.1,0.3333333333333333,200400
96,A surfboard on top of a beaten car near the ocean,mscoco,3431,0.1,1.0,69294
97,Several cows grazing in a field under a tree.,mscoco,2892,0.4,0.16666666666666666,262148
98,A tusked elephant eating grass in a zoo enclosure,mscoco,2740,0.0,0.08333333333333333,580526
99,Fresh baked pizza on metal pans being sliced for service.,mscoco,4646,0.0,0.022727272727272728,405412
100,A orange and red train parked at the station.,mscoco,1298,0.0,0.037037037037037035,754787
101,A person preparing sandwiches at a food stand.,mscoco,5192,0.2,0.5,97157
102,A bird standing on the sand at the beach. ,mscoco,4744,0.9,1.0,769371
103,A horse leans over the fence to talk to a dog.,mscoco,2824,0.1,0.14285714285714285,119875
104,A giraffe standing on grass inside a fenced area.,mscoco,5942,0.7,1.0,643103
105,A man in shorts has his foot on a soccer ball.,mscoco,1078,0.1,1.0,241139
106,Adult on skis in snow covered alpine area with tents.,mscoco,4736,0.1,1.0,651694
107,A woman in blue shirt holding two cellphones with cars in background.,mscoco,3773,0.0,0.05263157894736842,298444
108,A large herd of sheep are grazing in a field.,mscoco,1367,1.0,1.0,342804
109,A long cargo train is on railroad tracks. ,mscoco,275,0.1,1.0,4444
110,A baseball player swings at a low pitch.,mscoco,789,0.0,0.08333333333333333,740438
111,a bench sits alone on a field in front of trees. ,mscoco,4801,0.5,1.0,619414
112,A yellow fire hydrant next to a street.,mscoco,666,0.6,1.0,736234
113,A clock is displayed on a white painted tower.,mscoco,4709,0.1,0.3333333333333333,624208
114,A baseball player begins to run while holding the bat.,mscoco,4525,0.3,0.5,615814
115,A baseball player getting ready to swing at a baseball game in a stadium packed with people.,mscoco,1528,0.4,0.5,118938
116,A person on a snowboard performs a jump while two people watch.,mscoco,5186,0.1,0.5,742754
117,A toilet without a tank is in a bathroom next to a bathtub. ,mscoco,2687,0.0,0.07692307692307693,193407
118,A white toilet sitting under a toilet seat protector.,mscoco,3327,0.1,0.5,705128
119,A man wearing glasses while holding a banana.,mscoco,508,0.5,1.0,672106
120,A giraffe standing in a grassy open field.,mscoco,5561,0.8,1.0,455083
121,a group of people walk on a beach with surf boards,mscoco,234,0.6,1.0,758431
122,Two women sitting at a table taking pictures of food.,mscoco,1471,0.1,0.3333333333333333,69863
123,a woman and young child pose on steps with  teddy bear statue,mscoco,3349,0.1,1.0,92204
124,"A plate with a grilled cheese sandwich, french fries, tomatoes, and pickles. ",mscoco,5004,0.2,1.0,160250
125,a woman looking at the banana tree in the garden,mscoco,2874,0.1,1.0,723140
126,A woman with a swimsuit on sitting with a dog.,mscoco,3989,0.2,0.2,743715
127,Two people are eating breakfast at a restaurant.,mscoco,1944,0.1,1.0,406288
128,A young man tossing a white frisbee across a field.,mscoco,2965,0.3,0.16666666666666666,801906
129,Adults hugging in open large field with suitcases.,mscoco,3212,0.1,0.5,588181
130,"A fruit stand with apples, bananas, oranges, pineapples, watermelon and grapes. ",mscoco,2339,0.1,0.3333333333333333,550503
131,A green and white traffic sign stands on the corner.,mscoco,2447,0.3,0.2,787091
132,Two zebras stand next to each other in a black and white photo. ,mscoco,5889,0.7,1.0,668886
133,A woman is skiing down a snowy hill.,mscoco,558,0.9,1.0,130716
134,Large brown dog standing next to a person on red scooter. ,mscoco,163,0.2,1.0,384013
135,A man and woman standing in front of a man leaning on a parking meter.,mscoco,2366,0.1,0.5,65547
136,Bunches of bananas are being displayed in a decorative bowl.,mscoco,2006,0.3,1.0,43050
137,Herds of okapi and other animals on the African Savannah. ,mscoco,5399,0.0,0.0125,675185
138,Two people standing up with wii wired controllers.  ,mscoco,2326,0.2,0.5,251947
139,A skiier is skiing down a bunny hill slope.,mscoco,4010,0.3,1.0,51640
140,A white refrigerator freezer next to a washer.,mscoco,2370,0.1,0.14285714285714285,478762
141,A small kitchen with glass and wooden cabinets.,mscoco,1493,0.2,0.3333333333333333,223293
142,A chocolate donut on a red plate near a beverage cup.,mscoco,182,0.1,1.0,137150
143,A kid eats a sandwich on a picnic bench.,mscoco,2021,0.1,0.25,529665
144,A bride and groom cutting a wedding cake.,mscoco,2342,0.9,1.0,265091
145,Two horses are standing together near a fence.,mscoco,3340,0.3,0.5,737656
146,Two animated woman and a man standing in a yard.,mscoco,276,0.1,1.0,328020
147,An elephant eating hay as a person disperses it out.,mscoco,1812,0.0,0.02127659574468085,709933
148,A Jets transport vehicle near a group of people.,mscoco,2908,0.0,0.07142857142857142,654231
149,Altered photograph of a toddler in a baseball cap on a wooden bench,mscoco,1236,0.1,1.0,622215
150,Pizza is sitting on a plate which is sitting on table.,mscoco,4569,0.2,1.0,529835
151,Several people sitting at a large table with papers on it.,mscoco,2214,0.0,0.06666666666666667,564927
152,Riders on horseback travel along the seashore under the pier.,mscoco,4928,0.1,1.0,805331
153,People are riding bicycles and walking across an intersection.,mscoco,1597,0.5,1.0,618834
154,A black dog is tied to a chair arm and looks at the camera.,mscoco,5883,0.1,0.125,448718
155,"A bathroom features white, bowl sinks and a bathtub.",mscoco,1409,0.2,0.3333333333333333,120390
156,A boy in a tie poses for a picture. ,mscoco,1223,0.7,1.0,113021
157,A living room has modern white furniture and red walls.,mscoco,2341,0.1,0.5,212759
158,Two giraffes standing in front of the door to a house. ,mscoco,4112,0.5,1.0,413478
159,A dog standing on an opened window ,mscoco,113,0.4,1.0,537157
160,Two women on a tennis court shaking hands ,mscoco,1257,0.6,1.0,500386
161,a bowl of vegetable soup on a table,mscoco,3236,0.4,0.3333333333333333,692527
162,two people in the distance carry a surfboard on a beach,mscoco,5388,0.6,1.0,400448
163,A small cow is walking down a path with an adult cow while a man in a red shirt watches.,mscoco,490,0.0,0.009900990099009901,676606
164,A large clock is displayed on a building.,mscoco,4305,0.1,1.0,636831
165,"A blue, green, black and white shuttle bus and cars on road",mscoco,2027,0.1,0.5,314141
166,A city street with a no parking sign on a post,mscoco,4987,0.5,1.0,421429
167,A train locomotive sitting on the tracks at a station.,mscoco,852,0.1,0.2,203503
168,A black cat with its head in a blue cup.,mscoco,386,0.1,0.5,265627
169,A baseball game with the pitcher in throwing motion and a base runner leading off of first base.,mscoco,1732,0.2,0.2,727134
170,Three giraffes and three zebras wander around in a field with trees.,mscoco,942,0.1,0.5,640752
171,Vase with roses displayed on table alongside electronic computer equipment.,mscoco,2629,0.1,0.14285714285714285,482413
172,a close up of a plate of fruit with apples,mscoco,2119,0.1,0.25,426207
173,The black and white photo shows an old clock tower.,mscoco,5330,0.3,0.5,91315
174,An emergency response person is on a motorcycle.,mscoco,5544,0.0,0.05555555555555555,29816
175,A man in a black hat standing next to a parking meter.,mscoco,5547,0.4,1.0,589181
176,A woman reading a book on a park bench. ,mscoco,1194,0.5,1.0,586150
177,A spinach and cheese pizza with tomato sauce on a plate. ,mscoco,272,0.4,1.0,557245
178,An airplane ascends through a cloud into a blue sky.,mscoco,2440,0.5,1.0,605609
179,A white refrigerator freezer sitting inside of a kitchen.,mscoco,5029,0.1,0.5,701790
180,"American Airlines' 707 Astrojet was  the first to be commercially successful in the 1960s, cutting travel time   from coast to coast.",mscoco,5977,0.1,0.5,436029
181,"Preparing a pizza topped with grated cheese, tomato sauce and vegetables for baking.",mscoco,2138,0.0,0.017543859649122806,107988
182,Three people are walking in the rain carrying umbrellas. ,mscoco,2548,0.3,1.0,689122
183,A green vase with red roses sitting on a table.,mscoco,718,0.1,0.3333333333333333,783492
184,A doughnut covered in nuts sitting in a blue bowl. ,mscoco,4915,0.0,0.09090909090909091,475729
185,Two men posing for pictures with their skis on a mountain.,mscoco,2202,0.7,1.0,66445
186,a snow skier in a yellow jacket is doing a jump,mscoco,3970,0.1,0.25,581328
187,Protesters carrying pink parasols and signs in front of a wrought-iron gate.,mscoco,3991,0.0,0.058823529411764705,662644
188,A man walking in the kitchen near a chair. ,mscoco,4590,0.0,0.0625,343746
189,Kitchen cabinets above refrigerator with magnets and notes.,mscoco,4213,0.1,0.1,679922
190,A picture of a several individuals walking on a sidewalk in between buildings.,mscoco,4124,0.3,0.16666666666666666,91487
191,Some elephants stand in a zoo exhibit with a small pond.,mscoco,4375,0.5,1.0,257667
192,This is an aerial view of people gathered with umbrellas on a rainy street.,mscoco,178,0.6,1.0,502027
193,A young girl in a green shirt holds out a tennis racket as an over sized tennis ball hovers over it.,mscoco,1580,0.1,0.25,300701
194,"A bathroom area with toilet, toilet paper dispenser and trash can.",mscoco,1990,0.0,0.05263157894736842,324060
195,A man in a red coat skiing down a snow covered hill.,mscoco,4695,0.6,1.0,431673
196,"A fluffy baby sloth with a knitted hat trying to figure out a laptop, close up, highly detailed, studio lighting, screen reflecting in its eyes.",drawbench,146,0.0,0.0,146
197,Men serve themselves pizza out of boxes laid out on a table.,mscoco,1865,0.0,0.027777777777777776,27609
198,There is a bed bunk above some seats on a train.,mscoco,4218,0.1,0.125,535872
199,View of residential street at traffic light with orange and white gates and cones in street.,mscoco,4911,0.3,1.0,543782
200,An elephant with tusks standing on a path.,mscoco,4963,0.5,1.0,111876
201,A green car and a bus travel down a street. ,mscoco,3331,0.2,0.3333333333333333,509377
202,A woman holds a Wii remote with both hands.,mscoco,3549,0.0,0.02040816326530612,258463
203,some people on a street with umbrellas and some buildings,mscoco,5610,0.7,0.5,543300
204,a person jumping a skate board in the air ,mscoco,1397,0.2,0.5,760980
205,A red and orange fire hydrant sits on a snowy street while people are walking by.,mscoco,2196,0.1,0.2,499588
206,Dirt bike racing demands regular maintenance prior to a race.,mscoco,5306,0.1,0.1,749867
207,Black cat laying on a green blanket staring at the camera.,mscoco,4276,0.2,0.5,213511
208,A group of motorcyclists are parked in a parking lot.,mscoco,5483,0.1,1.0,733717
209,"Two yellow dishes of food, one with rice and the other containing broccoli and an orange and a container of activia next to it.",mscoco,2894,0.1,0.5,784918
210,"Little League baseball players, including a pitcher, a hitter, and two umpires.",mscoco,3895,0.4,1.0,411373
211,A boy playing a game with a remote controller.,mscoco,1478,0.9,1.0,708533
212,A fire hydrant with a mans face painted on it. ,mscoco,3196,0.1,1.0,686519
213,A small charter plane sitting on a runway.,mscoco,4205,0.5,1.0,318840
214,Several baseball players wearing white sitting on a bench in the dugout next to baseball bats. ,mscoco,5005,0.2,0.16666666666666666,308547
215,Various glasses of juices and breakfast foods on a table.,mscoco,4230,0.3,1.0,118753
216,A woman wearing white rides her surfboard on a wave.,mscoco,2340,0.1,0.2,262950
217,The personal pizza is next to a plate of french fries.,mscoco,3982,0.1,0.25,241838
218,Two people are on a tennis court playing tennis.,mscoco,2776,0.6,1.0,490397
219,An elephant standing near rocks in front of a building.,mscoco,5600,0.2,1.0,760635
220,The child in the black helmet is swinging at a tee ball stand.,mscoco,1978,0.1,1.0,658772
221,A Grizzly bear sits in a field near a river.,mscoco,4618,0.3,1.0,29736
222,A street scene with people walking and street signs.,mscoco,248,0.2,0.5,703953
223,The black cat is sitting on the unmade bed.,mscoco,2416,0.1,0.3333333333333333,626228
224,A horse grazes on beach grass with a lighthouse in the background.,mscoco,3572,0.2,1.0,506401
225,A large group of people walk under highway signs.,mscoco,1271,0.3,1.0,107376
226,A toast and tomato breakfast with orange juice.,mscoco,1781,0.0,0.05263157894736842,541586
227,A street scene with focus on a gray and red fire hydrant.,mscoco,3320,0.0,0.007407407407407408,153116
228,A large group of motorcycle riders travel on the highway.,mscoco,3269,0.2,1.0,352889
229,A man standing in a room with an aquarium ,mscoco,2656,0.2,0.3333333333333333,525106
230,A home computer and coffee mug on a desk.,mscoco,3760,0.1,1.0,288986
231,"A steep incline of snow, a strip of sky and what looks like a large red strut sticking out of the snow make a setting for a helmeted skier in otherwise regular clothes in a twisted posture the points of his or her skis ascending the slope. ",mscoco,4641,0.0,0.007142857142857143,775911
232,An empty playground with three small wood benches and money bars. ,mscoco,2961,0.1,0.5,331827
233,People with horse drawn carriage on side of city street.,mscoco,2406,0.9,1.0,767064
234,Zebras racing each other in their zoo enclosure,mscoco,5123,0.3,1.0,94562
235,A cross-country skier in the snow under a tree.,mscoco,4777,0.3,0.5,129752
236,"A woman is standing on a surfboard, riding a wave.",mscoco,2968,0.8,0.5,700643
237,"A sjmall domesticated carnivorious mammnal with sof fuh,y a sthort sout, and retracwtablbe flaws. It iw widexly kept as a pet or for catchitng mic, ad many breeds zhlyde beefn develvoked.",drawbench,110,0.1,0.3333333333333333,110
238,An orange cat sitting at corner of desk next to a keyboard.,mscoco,1643,0.0,0.0625,343178
239,A woman talking on a cell phone with a smile.,mscoco,5982,1.0,1.0,201302
240,A close up of a man wearing glasses eating a hot dog.,mscoco,2114,0.3,1.0,187145
241,A large display of stuffed animals are on a pink cloth.,mscoco,5521,0.1,1.0,211157
242,"A tiger in a lab coat with a 1980s Miami vibe, turning a well oiled science content machine, digital art.",drawbench,147,0.0,0.0,147
243,Players and officials standing around on an indoor tennis court.,mscoco,5999,0.3,1.0,733632
244,a white and black parked motorcycle and some other parked bikes,mscoco,5742,0.1,0.5,458942
245,People are on the beach with chairs and colorful umbrellas.,mscoco,5290,0.8,1.0,381982
246,Many large jets are parked at the airport loading area.,mscoco,3125,0.1,0.125,391939
247,people standing around a table set up with many boxes of pizza ,mscoco,848,0.5,0.3333333333333333,289639
248,a shelf with some flowers a vase a clock and a television,mscoco,4298,0.1,0.2,444238
249,A steak and several hotdogs cook on a grill.,mscoco,5929,0.2,0.5,50904
250,A group of sheep are shown under a tree.,mscoco,2896,0.8,1.0,33471
251,A large bowl of bananas and oranges in a room.,mscoco,4962,0.1,1.0,323555
252,A large box filled with assorted fruits and vegetables.,mscoco,692,0.5,0.5,240091
253,Several glazed doughnuts in a white box container.,mscoco,5665,0.9,1.0,254209
254,The man is standing in front of a television near a bed. ,mscoco,5862,0.1,0.125,737369
255,A cell phone sits on a desk next to a green box.,mscoco,5479,0.1,0.5,111471
256,A row of chairs and umbrellas on a beach.,mscoco,391,1.0,1.0,792769
257,A young boy in a baseball uniform is swinging a baseball bat.,mscoco,1879,0.9,1.0,593558
258,Old photograph depicting major league baseball player at stadium.,mscoco,1406,0.5,1.0,707547
259,Elephants and riders standing in grassy area in old photograph.,mscoco,3074,0.1,0.2,626150
260,A bird sitting on some plants in the water.,mscoco,3720,0.1,0.3333333333333333,731878
261,New York Skyline with 'Text to Image' written with fireworks on the sky.,drawbench,195,0.0,0.0,195
262,A wrong way sign is posted on a two-way street.,mscoco,2762,0.1,0.3333333333333333,58886
263,a man and a woman looking at a tablet in a kitchen,mscoco,4061,0.1,1.0,118819
264,An old fashioned passenger train is travelling on the tracks through the countryside.,mscoco,412,0.5,1.0,619674
265,"An elephant with a lighter color neck and ears, standing in an enclosure.",mscoco,3163,0.0,0.041666666666666664,615262
266,A skateboarder performing a trick at a skateboard park.,mscoco,2592,0.6,0.5,668215
267,Little boy with baseball glove waiting for a incoming ball,mscoco,2930,0.8,1.0,168300
268,"A BATTER, CATCHER, AND UMPIRE NEAR HOME PLATE ",mscoco,5640,0.3,0.5,56123
269,A baseball field that has players standing on it.,mscoco,3655,0.6,1.0,754711
270,Two women who are walking by a fire hydrant.,mscoco,3635,0.1,0.16666666666666666,744871
271,A small bathroom features a toilet and small window.,mscoco,3179,0.1,0.16666666666666666,634039
272,A bedroom with large windows and the bed in the corner,mscoco,907,0.1,0.1,611253
273,The rows of bananas on the shelf have a price sign nearby.,mscoco,5257,0.4,1.0,455208
274,a small white boat is at the beach,mscoco,2203,0.6,1.0,601402
275,Man and woman standing up while playing wii.,mscoco,3344,0.6,0.5,120083
276,A Monarch brand airplane taking off from the runway.,mscoco,920,0.1,0.14285714285714285,403805
277,Zebra grazing on grass in outdoor enclosed area.,mscoco,239,0.1,0.14285714285714285,552408
278,Dirty open toilet surrounded by a green metal cabinet and exposed metal pipes.,mscoco,4869,0.0,0.07692307692307693,413127
279,"Black and white of a wet city sidewalk with pedestrians, mostly from the back, carrying open umbrellas, and on umbrella lying on the sidewalk near a booth and a parked SUV, with buildings.",mscoco,4853,0.1,1.0,765426
280,A bathroom with white counters and a sink under a large mirror.,mscoco,5274,0.2,1.0,215692
281,a large giraffe near many bushes in a field ,mscoco,3865,0.2,0.16666666666666666,732561
282,a group of people riding motorcycles on a highway,mscoco,1147,0.5,0.5,128036
283,Young man does a trick in a skate park on his skateboard.,mscoco,5469,0.4,0.3333333333333333,411745
284,A man cutting a piece of cake on top of  a table.,mscoco,4188,0.6,1.0,632430
285,Female tennis player in the motion of hitting a ball. ,mscoco,4358,0.3,0.25,28593
286,A woman and man playing video games in  a room.,mscoco,2207,0.6,0.5,47841
287,a sheep stands next to a baby sheep on some grass,mscoco,2347,0.9,1.0,517679
288,A white table sitting below a window in a room.,mscoco,3476,0.1,1.0,588773
289,A dark wood table in a kitchen with white appliances.,mscoco,1024,0.1,1.0,211077
290,A traffic light with a pedestrian crossing signal.,mscoco,677,0.2,0.125,213868
291,A woman takes a picture of herself in a public bathroom mirror.,mscoco,5432,0.7,0.5,603977
292,Three computer monitors which are displaying several landscape scenes. ,mscoco,5208,0.1,0.5,297484
293,A boy is practicing a jump on a skateboard.,mscoco,5777,0.3,0.25,560234
294,People having a donut eating contest at a picnic,mscoco,4028,0.1,0.25,387971
295,A picture of a pitcher in a baseball game.,mscoco,5832,0.3,0.14285714285714285,147132
296,A modern open concept kitchen and dining room.,mscoco,4579,0.5,1.0,792143
297,A baseball player up at bat with the catcher behind him.,mscoco,4089,0.2,0.25,385456
298,A large red and yellow double decker bus driving down a street.,mscoco,2630,0.4,1.0,98367
299,An old kitchen exhibit in a museum depicting a stove and work area.,mscoco,1342,0.1,1.0,715201
300,A UNRAVELED BED WITH A BLUE AND WHITE BED SPREAD,mscoco,3274,0.1,1.0,643630
301,a number of people riding bicycles on a street ,mscoco,1060,0.9,1.0,662785
302,Two birds are standing together on a pole near wire.,mscoco,340,0.1,0.1111111111111111,738070
303,a room with an electric rotating fan near furniture,mscoco,2991,0.1,0.125,34756
304,A large truck is parked in front of a cafe,mscoco,1502,0.0,0.07692307692307693,390714
305,A handicapped bathroom with toilet and wall sink.,mscoco,3435,0.2,1.0,374390
306,A skateboarder hitting a trick in a black and white photo.,mscoco,5545,0.3,0.5,696097
307,A man in a plaid shirt is by himself with a solemn expression.,mscoco,1076,0.0,0.05263157894736842,663793
308,A brown and white cow in grassy area next to a tree.,mscoco,108,0.3,0.3333333333333333,373915
309,"Ovens in a historic bakery, similar to pizza ovens.",mscoco,4195,0.1,0.1111111111111111,283322
310,Several people gathered around a horse in a field.,mscoco,2632,0.3,0.3333333333333333,258640
311,An older style black locomotive numbered 473 pullin passenger cabins.,mscoco,3244,0.0,0.05,267387
312,A hotdog with mayonnaise and mustard is on a plate.,mscoco,2362,0.1,0.5,256747
313,Two zebras are grazing in a fenced enclosure.,mscoco,1691,0.9,1.0,67928
314,One cat and three dogs sitting on the grass.,drawbench,47,0.0,0.0,47
315,"Painting of the orange cat Otto von Garfield, Count of Bismarck-Schönhausen, Duke of Lauenburg, Minister-President of Prussia. Depicted wearing a Prussian Pickelhaube and eating his favorite meal - lasagna.",drawbench,142,0.0,0.0,142
316,Several boats are docked under a tall mountain.,mscoco,456,0.2,0.2,699589
317,a couple of people on bikes are talking on a platform,mscoco,460,0.1,0.1111111111111111,485418
318,A pizza is topped with ham and onions.,mscoco,2215,0.1,1.0,264708
319,A man is riding a brown horse along with a black horse.,mscoco,1802,0.0,0.09090909090909091,219915
320,A man leaning up against a brick wall while talking on a phone.,mscoco,58,0.2,1.0,779905
321,A woolly sheep stands in the grass looking at the camera. ,mscoco,2294,0.8,1.0,107903
322,A group of people sitting on a couch playing a game on the Nintendo Wii.,mscoco,5991,0.6,1.0,170905
323,a person feeding a cat with a small bottle,mscoco,3997,0.7,1.0,88358
324,A tall woman in a pink dress plays tennis.,mscoco,5501,0.3,0.3333333333333333,597028
325,Train with bright striped rear with attendants and onlookers on platform.,mscoco,5355,0.2,1.0,704054
326,A clock with red hands is mounted on a large sign.,mscoco,4402,0.2,0.16666666666666666,511485
327,A living room scene with a table and a television.,mscoco,2123,0.3,1.0,385688
328,A black locomotive  on display at a museum,mscoco,1331,0.5,1.0,163094
329,Several animals with large horns eat while a zebra drinks from a pond near a tree.,mscoco,4802,0.1,1.0,316732
330,A cat on the left of a dog.,drawbench,127,0.0,0.0,127
331,Boats docked at a dock on the water ,mscoco,4147,0.9,1.0,401662
332,A male tennis player about to hit the ball,mscoco,5386,0.6,1.0,399441
333,A person with a helmet on a blue motorcycle.,mscoco,1729,0.3,0.2,795808
334,A bird with its mouth open stands on the beach.,mscoco,1472,0.1,1.0,61428
335,A large bed in a bedroom with two windows.,mscoco,3707,0.0,0.08333333333333333,27014
336,Black and white photograph of people walking on a sidewalk.,mscoco,70,0.3,0.2,41402
337,Two women eating hot dogs in a eating contest.,mscoco,638,0.1,1.0,448488
338,A banana peel lies next to a beer bottle.,mscoco,4726,0.2,1.0,673233
339,A shade umbrella is anchored in a planter on a deck.,mscoco,5905,0.1,1.0,813375
340,A white building shows through a glass window.,mscoco,2963,0.1,0.3333333333333333,618926
341,Modern electronic commode displayed in white tiled bathroom.,mscoco,4554,0.4,1.0,432366
342,A giraffe standing alone in a large field.,mscoco,368,1.0,1.0,221837
343,A beach patrol jeep drives along the sand as people wade and fly kites down the beach.,mscoco,4773,0.1,1.0,614928
344,A black dog standing by a frisbee in a field.,mscoco,5154,0.1,1.0,221062
345,Two chili dogs on a food tray with a drink.,mscoco,4439,0.2,1.0,511132
346,Several oranges rest in a bowl and on a table.,mscoco,1254,0.7,1.0,164101
347,A white and black cat is in a refrigerator.,mscoco,1993,0.4,1.0,213431
348,A small whit dog sitting outside a restaurant.,mscoco,2161,0.1,1.0,457858
349,A pair of scissors and books with a picture on a shelf.,mscoco,3204,0.1,1.0,819153
350,A woman with a knit hat is holding a cell phone.,mscoco,1385,0.1,0.3333333333333333,380297
351,A security officer talks on the phone at an outdoor event.,mscoco,600,0.1,0.5,689351
352,The electronic and personal contents of a persons backpack,mscoco,4107,0.2,0.5,17898
353,A red fire hydrant situated in a landscaped garden. ,mscoco,1782,0.8,1.0,468391
354,A kitchen sink with a toaster sitting next to it on the counter.,mscoco,1941,0.1,1.0,732837
355,"a kitchen view of a refridgerator, counter top and stove",mscoco,4548,0.1,0.125,639087
356,Pair of skiers with woman posing for photo near lodge.,mscoco,5092,0.0,0.03225806451612903,296000
357,golden retriever gazing at sheep in field from behind gate,mscoco,2946,0.1,1.0,361019
358,a yellow scooter parked in front of a store,mscoco,1226,0.0,0.041666666666666664,789592
359,a black and white photo of a parking meter ,mscoco,2345,0.6,1.0,447451
360,A blue snowboard sitting on top of a snow covered slope.,mscoco,4552,0.3,1.0,548173
361,A black and white photo of a coned-off road with a road closed sign.,mscoco,1694,0.2,0.5,47190
362,A black and white train engine next to a building.,mscoco,2964,0.0,0.07142857142857142,387929
363,A man wearing sunglasses and smiling in front of a building.,mscoco,847,0.0,0.045454545454545456,820713
364,A dog with glasses on sitting in a bicycle basket.,mscoco,3094,0.1,1.0,355522
365,A vertical view of of a tower reveals a clock and a flag.,mscoco,1450,0.3,0.5,214775
366,A white plate with two sandwiches and fries.,mscoco,1198,0.8,1.0,640136
367,A tall giraffe peers out from a forest.,mscoco,1267,0.8,1.0,23341
368,A man helps a small child ride on a skateboard. ,mscoco,2185,0.6,1.0,553160
369,A person on a beach flying a kite in the sand.,mscoco,1874,0.7,0.5,135032
370,A bench on a concrete slab overlooking a lake.,mscoco,2065,0.2,0.25,233049
371,Many people on the beach with large colorful kites flying in the air.,mscoco,1808,0.6,1.0,744246
372,Two duplicate images show a tennis player swinging at a ball.,mscoco,4154,0.5,1.0,176700
373,A group of people are skiing down a snow covered hill.,mscoco,5629,0.7,0.5,462088
374,"A room with two beds, television, fireplace and walkout doors.",mscoco,4260,0.1,1.0,298013
375,A large brown dog laying on top of a bed.,mscoco,2986,0.9,1.0,351448
376,two cats laying on a couch with books,mscoco,5481,0.1,0.25,394147
377,A bathroom with blue tiles and wooden vanity,mscoco,2073,0.1,0.14285714285714285,162443
378,"Police standing on a rode with bicycles, motorcycle and a golf cart",mscoco,5522,0.1,0.16666666666666666,349670
379,A modern living room has large bright windows.,mscoco,1587,0.8,1.0,276422
380,A black and white dog jumps to catch a Frisbee.,mscoco,3809,0.8,1.0,112284
381,Several boats docked in a marina at night.,mscoco,3020,0.5,0.5,768741
382,a wooden table with silverware glasses and some food,mscoco,5754,0.2,0.2,594212
383,A woman on the beach is jumping in the air under a kite.,mscoco,734,0.3,0.5,768763
384,A bicycle sits next to an empty park bench.,mscoco,2426,0.4,0.5,248503
385,a baseball player takes a swing at the ball,mscoco,576,0.2,0.25,718482
386,A group of young men eating plates of food.,mscoco,559,0.2,0.25,181750
387,A television mounted on a wall of a commercial kitchen.,mscoco,3518,0.1,1.0,66498
388,A blue and white airplane is sitting on the concrete.,mscoco,817,0.3,1.0,212990
389,A man stands next to food cooking on the stove.,mscoco,2012,0.4,0.3333333333333333,345190
390,A group of protestors display various anti-Obama propaganda.,mscoco,4355,0.1,1.0,672813
391,A fluffy cat with a long tail standing near a bike,mscoco,3483,0.7,1.0,494469
392,A green suitcase sitting on a wooden floor.,mscoco,2612,0.1,0.5,555648
393,A group of elephants stands on a grassy area.,mscoco,4835,0.6,1.0,738463
394,A yellow and blue fire hydrant outside on the grass.,mscoco,527,0.5,1.0,636982
395,A dog is running alongside a horse in a corral.,mscoco,957,0.2,1.0,263843
396,A group of elephants marches down the city street in front of a large building.,mscoco,5974,0.7,1.0,655413
397,a train on a track near a platform ,mscoco,4951,0.2,1.0,608785
398,Two people on a grassy field flying kites.,mscoco,2172,0.5,0.3333333333333333,151980
399,A tray of doughnuts is sitting next to a fryer.,mscoco,1218,0.0,0.08333333333333333,740458
400,a stainless steel oven in a white tiled kitchen,mscoco,1361,0.2,0.14285714285714285,407209
401,The front of a building with columns and a clock.,mscoco,5292,0.2,1.0,229731
402,A stop sign that has been tagged with graffiti.,mscoco,1099,1.0,1.0,335555
403,A bird on a tree limb with mountains in the background,mscoco,3748,0.1,0.5,410873
404,A wooden bench sitting on a hillside next to a road.,mscoco,5283,0.3,0.3333333333333333,402554
405,Closeup of a mature elephant in a shady park enclosure.,mscoco,5766,0.0,0.06666666666666667,357412
406,A tall giraffe is standing by piles of rocks.,mscoco,2537,0.6,1.0,384113
407,A fire hydrant between two red poles sits next to a wall.,mscoco,865,0.0,0.045454545454545456,258815
408,A dessert plate that has fruit and cake.,mscoco,4477,0.7,1.0,289468
409,a group of people playing a game of frisbe ,mscoco,1567,0.4,0.25,644106
410,a train sits parked at a train depot ,mscoco,3221,0.3,0.5,741358
411,Laptop sitting on a small table in front of a bed. ,mscoco,1426,0.1,0.3333333333333333,753659
412,A hand holding a remote control pointed at a television.,mscoco,5637,1.0,1.0,759500
413,A bathroom is shown with a bag on the counter.,mscoco,2690,0.0,0.025,375256
414,Several trays of pastries sit on a table.,mscoco,3308,0.1,0.14285714285714285,808811
415,A skate board rider flying off a ramp in a skate park,mscoco,5462,0.2,0.125,213680
416,A shirtless smiling man skates down a street with his skateboard.,mscoco,1674,0.2,1.0,538438
417,Athlete on red clay court preparing to return ball.,mscoco,5863,0.2,0.5,358575
418,man in yellow suit looks out window of train,mscoco,1848,0.1,1.0,128900
419,A variety of boats are docked in a harbour. ,mscoco,366,1.0,1.0,393016
420,Surfer wearing wet suit riding large wave in urban river with onlooker nearby.,mscoco,823,0.0,0.011111111111111112,599641
421,Two boys sitting on a bed playing a video game.,mscoco,5729,0.2,1.0,414414
422,A very well constructed Mario cake with cupcakes. ,mscoco,3705,0.1,1.0,80028
423,A white bowl filled with mixed vegetables and a spoon.,mscoco,4357,0.3,0.5,495172
424,A young woman is peeling an orange at the table.,mscoco,2015,0.1,0.25,784326
425,a woman looks over an infant in a high chair reaching for a birthday cake,mscoco,5861,0.2,0.3333333333333333,630455
426,Male tennis player with arms ready to return the ball.,mscoco,350,0.2,0.2,659927
427,A blonde little girl eating a cookie sandwich.,mscoco,3379,0.1,1.0,354010
428,Young men riding their skate boards in a public skate park.,mscoco,4930,0.1,0.5,7364
429,A variety of foods are displayed on plates on tables.,mscoco,1906,0.5,0.3333333333333333,437012
430,Two pictures of a toddler playing baseball outside.,mscoco,1154,0.1,0.3333333333333333,279982
431,Food displayed partially eaten on a table for little ones ,mscoco,285,0.0,0.0010162601626016261,783040
432,A group of people flying kites at a crowded park,mscoco,1115,0.8,1.0,437693
433,A man skateboarding in a bowl at a skate park. ,mscoco,4006,0.1,0.25,512953
434,A large clock tower next to a large building.,mscoco,4663,0.2,1.0,786327
435,A person skiing down a snow covered ski jump.,mscoco,355,0.3,1.0,371981
436,A giraffe sticking its head over the top of a barrier.,mscoco,1172,0.1,0.16666666666666666,198687
437,A vase with flowers sitting in front of a window.,mscoco,4018,0.9,1.0,636781
438,Two grown zebras eating grass in an enclosure.,mscoco,1347,0.2,1.0,743173
439,A toilet sitting on a cement pad outside.,mscoco,3430,0.0,0.045454545454545456,816105
440,Two small horses standing in a field covered with grass.,mscoco,223,0.2,0.16666666666666666,75858
441,A woman stands over a cake with a knife.,mscoco,1579,0.8,1.0,813628
442,Several people in military uniforms cutting a cake.,mscoco,1688,0.9,1.0,139391
443,Custom motorcycle has a wooden barrel as a sidecar.,mscoco,2639,0.1,1.0,328752
444,A woman holding an inverted black umbrella in her hands.,mscoco,487,0.1,0.3333333333333333,567831
445,A large green truck on a paved road.,mscoco,4465,0.2,1.0,829458
446,A dish features meat in gravy and broccoli. ,mscoco,3836,0.1,0.3333333333333333,235311
447,Crude airplane from the early days of flying.,mscoco,5129,0.1,0.1111111111111111,725465
448,A row of five travel bags lined up all different colors.,mscoco,1899,0.1,0.5,550437
449,Three adult elephants standing around a wooded area.,mscoco,626,0.3,0.3333333333333333,543076
450,A woman talking on a cell phone while standing in a park.,mscoco,4824,0.1,0.3333333333333333,95139
451,A chair and a table with a computer and other items on it,mscoco,1420,0.6,1.0,733163
452,A mounted police officer is riding a horse,mscoco,2771,0.8,1.0,411536
453,The sun shines brightly behind a stop sign.,mscoco,2428,0.2,1.0,407758
454,A group of kids sitting on top of and in between two train cars.,mscoco,74,0.1,0.25,303766
455,"A plate of food including rice, broccoli, protein and a sauce in a bowl.  ",mscoco,35,0.0,0.024390243902439025,799788
456,Kites being flow in the blue sky near a beach,mscoco,5815,0.5,1.0,714083
457,A person riding skis down a snow covered slope.,mscoco,5088,0.5,0.5,589437
458,"A kitchen area with stoves, coffee maker and cutting board.",mscoco,3364,0.0,0.010869565217391304,365696
459,"Cucumbers, tomatoes, string beans, broccoli and eggplant on a table.",mscoco,2935,0.1,1.0,662859
460,"Many people, with one lady looking at the camera, are at the table eating. ",mscoco,5124,0.0,0.005813953488372093,437990
461,A very interesting looking piece of pottery thats sitting in some tall grass.,mscoco,4705,0.1,1.0,443217
462,A large bus is sitting in traffic near many parked cars. ,mscoco,1877,0.2,0.2,158186
463,A person with skis and ski poles is trekking up a mountain.,mscoco,4689,0.3,0.5,683181
464,A white passenger train with an orange stripe riding down tracks. ,mscoco,4050,0.3,1.0,643279
465,A herd of elephants in a grassy area with sky in the background.,mscoco,3954,1.0,1.0,347693
466,A passenger train speeds along a bridge next to a street. ,mscoco,4449,0.1,1.0,32043
467,a man on a screen behind a beer bottle ,mscoco,494,0.1,0.3333333333333333,245163
468,A person on a snowboard in the snow.,mscoco,2699,0.6,1.0,448996
469,A girl rides her horse on a track with her helmet.,mscoco,5849,0.0,0.07692307692307693,40129
470,A snowboarder is performing a stunt from the very high ledge of a building.,mscoco,5784,0.1,0.3333333333333333,460669
471,A person standing alone on skis on a hill.,mscoco,774,0.4,1.0,659458
472,A boy plays a game on the Wii near a fireplace. ,mscoco,1065,0.2,0.5,477908
473,Two women posing for a picture with a man at a dance.,mscoco,2051,0.3,1.0,75178
474,A car is parked in front of a donut shop with a person standing by the building.,mscoco,3112,0.0,0.006289308176100629,59659
475,"A plate of meat, potatoes, carrots, and peas.",mscoco,5583,0.2,1.0,20778
476,A covered pizza cooking in a hot oven.,mscoco,2967,0.0,0.0045871559633027525,118254
477,Two giraffes standing next to one another with trees and bushes near them.,mscoco,5259,0.5,1.0,181589
478,A clock is posted on top of a brick tower.,mscoco,1458,0.2,0.5,291638
479,Several people stand in a field flying a kite.,mscoco,854,0.3,0.5,729219
480,a family is waiting with their luggage on a curb.,mscoco,40,0.0,0.07142857142857142,469713
481,A red car is parked along a city sidewalk.,mscoco,4032,0.4,1.0,468371
482,Guy poses for school picture wearing glasses and a tie,mscoco,1761,0.1,0.5,599410
483,A woman in blue shirt and white skirt playing a game of tennis.,mscoco,385,0.1,0.5,296808
484,A person walks on a bridge with a kite.,mscoco,815,0.1,1.0,367761
485,A man standing next to his guitar case talking on his cell phone.,mscoco,1096,0.2,1.0,408398
486,Two zebras stand side by side with their noses to grass.,mscoco,2798,0.0,0.08333333333333333,328791
487,A corner desk with a computer by a bright window.,mscoco,3138,0.3,1.0,419531
488,White keyboard and mouse sitting in front of a laptop. ,mscoco,4484,0.2,0.25,555321
489,A child's toy bear is laying on a bed with a blue and orange pillow. ,mscoco,3075,0.0,0.017857142857142856,158024
490,A man on a snowboard performing a trick.,mscoco,5126,0.9,1.0,818818
491,Old style steam train with the name Colin McAndrew & Co.,mscoco,4966,0.1,1.0,8169
492,A blue airplane with a propeller is sitting on a runway.,mscoco,2910,0.1,1.0,200330
493,Several small rectangular pieces of pizza on a plate.,mscoco,2489,0.4,0.25,258773
494,Two men holding tennis racquets on the court,mscoco,3692,0.7,0.5,494933
495,A man and a young child in the ocean on a surf board.,mscoco,4582,0.3,0.5,20896
496,a male skateboarder with a black shirt and a building,mscoco,5389,0.1,0.16666666666666666,427482
497,A blue plane is at the terminal of an airport.,mscoco,1307,0.4,1.0,247692
498,Black and white photo of two people riding horses,mscoco,1442,0.4,1.0,252850
499,Two black and white cats romp on a bed.,mscoco,1661,0.1,0.3333333333333333,129561
500,A red double decker bus driving past a building.,mscoco,532,0.5,1.0,471852
501,A group of people holding Nintendo wii game controllers.,mscoco,442,0.7,0.5,498498
502,A skateboarder performs a jump in the halfpipe.,mscoco,3969,0.2,0.3333333333333333,399910
503,A CLOCK IS ON THE DESK WITH A VASE AND USA FLAG,mscoco,4366,0.1,0.5,196126
504,A man with a goatee and glasses takes a selfie with his cell phone in a mirror. ,mscoco,1499,0.1,0.3333333333333333,278445
505,A person walking down a sidewalk holding an umbrella and handbag.,mscoco,1356,0.2,0.16666666666666666,684326
506,A person with a flying kite on a beach.,mscoco,1961,0.7,0.3333333333333333,372657
507,A small piece of pizza is shaped like a house on a plate with a red pepper.,mscoco,5886,0.2,1.0,611276
508,Some people playing with a disc in a big grassy field.,mscoco,5677,0.6,1.0,561836
509,Young adults playing with a Nintendo Wii in room,mscoco,2186,0.5,1.0,785645
510,river in forested area with large hills in background,mscoco,3484,0.3,1.0,717687
511,A family sits at a dinner table and eats food.,mscoco,4251,0.7,1.0,439888
512,Roadway intersection with traffic in city on foggy day.,mscoco,5895,0.0,0.030303030303030304,483003
513,Commercial passenger plane flying overhear on clear sunny day.,mscoco,5139,0.0,0.02631578947368421,707255
514,A boat traveling across a body of blue water under a snow covered mountain.,mscoco,4099,0.6,1.0,632515
515,A bathroom scene with the sink and a washer.,mscoco,2465,0.2,0.14285714285714285,117433
516,a large elephant that has a kid on top,mscoco,3916,0.0,0.003484320557491289,700926
517,A stop sign is at the corner of the street.,mscoco,997,0.7,1.0,661486
518,An adult black bear with a cub walking through green grass.,mscoco,4956,0.3,0.5,603530
519,A stop sign sits at the end of a small street.,mscoco,1727,0.0,0.09090909090909091,279741
520,"One little girl, who is wearing green socks, is crouching and holding a blue umbrella while another little girl in a green shirt is looking up outside the umbrella and has a big smile.",mscoco,5830,0.1,1.0,581315
521,A sequential shot of a little league player hitting a ball.,mscoco,3824,0.0,0.0023923444976076554,399703
522,An intersection in a small city has a street sign.,mscoco,5948,0.3,0.5,730953
523,An unlit traffic light system in a European country,mscoco,3965,0.0,0.07692307692307693,300078
524,Some young people with skate boards near a busy city street.,mscoco,3924,0.3,0.3333333333333333,297398
525,A group of people standing around a wine cellar.,mscoco,1106,0.4,0.5,671503
526,Black and white photo of a street with a sign on a pole.,mscoco,4532,0.2,0.14285714285714285,578281
527,A statue of an elephant painted like a panda bear,mscoco,3201,0.1,0.14285714285714285,420621
528,A man wearing a hat talking on a cellphone holding his arm up.,mscoco,5805,0.1,0.2,193844
529,Two men playing with a frisbee on the beach. ,mscoco,1136,0.5,0.5,276788
530,A few trains situated next to each other on parallel rail road tracks.,mscoco,4181,0.4,1.0,274430
531,Four young people are sitting on a bench in front of a display of lip photos.,mscoco,180,0.1,1.0,752969
532,The large city bus is painted dark green.,mscoco,1451,0.5,1.0,301394
533,A bathroom vanity and suit and door open to show two beds in bedroom.,mscoco,3933,0.0,0.013888888888888888,291909
534,Bar scene with man talking on cell phone and girl drinking from a bottle.,mscoco,1842,0.1,1.0,429713
535,A young boy sitting on a chair and hugging a teddy bear.,mscoco,4075,0.4,1.0,709502
536,Black and white image of a van being lifted onto a tow truck.,mscoco,3118,0.1,0.5,696295
537,A man running and reaching to catch a frisbee on the beach.,mscoco,2587,1.0,1.0,516726
538,"Police on foot, horseback, and bicycle engage in crowd control on city street.",mscoco,5964,0.1,1.0,232418
539,a bathroom with a double sink and a large mirror,mscoco,5881,0.4,0.5,132428
540,A group of people on a sunny day at the beach.,mscoco,3522,0.4,0.5,542191
541,A huge and sleek train pulls up to the station.,mscoco,3172,0.1,0.1,431722
542,A blue and yellow bus stopped at a curb.,mscoco,4587,0.1,0.3333333333333333,579310
543,A woman in a red dress wearing sun glasses.,mscoco,534,0.1,1.0,741441
544,Two ladies holding drinks pose in front of a rock wall.,mscoco,5197,0.1,1.0,111478
545,A large pizza with various types of cheese.,mscoco,1952,0.6,1.0,494921
546,A view of a city through a building corridor. . ,mscoco,521,0.1,1.0,131182
547,an image of a person sitting holding a snow board,mscoco,1491,0.7,0.5,110633
548,Nordic skier posing for a picture on a lightly traveled path.,mscoco,2633,0.0,0.03571428571428571,812600
549,Two black and white horse standing next to each other with gears.,mscoco,2826,0.1,0.16666666666666666,682144
550,A tall clock tower under a cloudy sky.,mscoco,2026,0.6,1.0,227767
551,A black bear is sitting on a ledge.,mscoco,46,0.3,0.14285714285714285,701219
552,Is this possibly a bathroom on a ship?,mscoco,3573,0.2,0.5,709641
553,two people in a kitchen area preparing food on a stove,mscoco,142,0.4,1.0,331293
554,Kitchen staff preparing meals in large commercial setting.,mscoco,4937,0.2,0.2,405373
555,Peristeronic.,drawbench,137,0.0,0.0026954177897574125,137
556,"A plate of food that includes ribs, corn and salad.",mscoco,2132,0.2,1.0,302724
557,"many large balloons in the shape of different animals, flowers and shapes floating in the air and being filled to fly in the air",mscoco,4345,0.2,0.5,591131
558,A bathroom showing a sink and shower stall.,mscoco,2981,0.5,1.0,22373
559,Two women walk along a sidewalk underneath an umbrella. ,mscoco,945,0.3,0.5,786993
560,"A donkey and an octopus are playing a game. The donkey is holding a rope on one end, the octopus is holding onto the other. The donkey holds the rope in its mouth. A cat is jumping over the rope.",drawbench,101,0.0,0.0,101
561,This living room is packed tightly with furniture.,mscoco,4105,0.1,0.125,823429
562,Four brown cows standing inside a small enclosure.,mscoco,329,0.0,0.0625,72319
563,A wilted flower sits in a clear glass jar.,mscoco,1216,0.0,0.08333333333333333,175199
564,A man in a uniform stands next to a train.,mscoco,3085,0.1,0.16666666666666666,122741
565,Two males reaching for disc during on field competition.,mscoco,2696,0.0,0.0625,357153
566,Several bunches of fresh cut green bananas on ground,mscoco,5589,0.5,1.0,315888
567,A living room with a white circular table in it's center.,mscoco,98,0.0,0.0196078431372549,285634
568,Stir fry chicken and broccoli on a plate on a table.,mscoco,5911,0.1,0.125,790477
569,A woman and a dog are looking out a window at a cow and flowers.,mscoco,1858,0.1,1.0,299056
570,"A small table is covered in laptops, tablets and other electronics.",mscoco,1051,0.1,0.5,651467
571,A clock post with two faces pointing to the same time,mscoco,14,0.1,0.5,777772
572,A automated toilet that has the seat up.,mscoco,3459,0.5,1.0,690929
573,A man performing a skateboard trick at a skate park.,mscoco,4086,0.2,0.25,96570
574,A group of different mopeds sitting in the street.,mscoco,220,0.0,0.03571428571428571,520331
575,A large piece of chicken on a plate with broccoli. ,mscoco,511,0.6,1.0,454097
576,A car drives past a street sign with a list of many names.,mscoco,827,0.0,0.07142857142857142,596776
577,A black fire hydrant sits in a dead field.,mscoco,5993,0.1,1.0,719480
578,Two hikers are traveling with two well equipped dogs.,mscoco,4664,0.1,0.3333333333333333,128591
579,Lone skier leaving tracks in large snow covered field.,mscoco,2814,0.1,0.2,626065
580,A table filled with bowls of vegetables next to a cut up pizza.,mscoco,2377,0.0,0.06666666666666667,76741
581,A train is passing by at a subway station,mscoco,1883,0.3,1.0,550418
582,Street sign in city saying keep moving use.,mscoco,3946,0.1,1.0,431999
583,A vintage train parked on the rail road tracks.,mscoco,647,0.7,1.0,363785
584,"A bathroom with a built in shower, toilet and sink.",mscoco,640,0.6,1.0,710700
585,People walk through a city square with umbrellas on a rainy day.,mscoco,1038,0.3,0.2,756210
586,A vegetable side dish with carrots and brussel sprouts.,mscoco,930,0.1,0.5,552416
587,The cat is colorful with black and brown  spots on it.,mscoco,3239,0.1,0.5,622282
588,An open area filled with people and kites.,mscoco,4971,0.7,0.5,665461
589,A woman is getting ready to hit a ball with a tennis racket.,mscoco,4234,0.2,0.25,288533
590,a green and yellow train traveling down a train track,mscoco,2022,0.5,0.5,374969
591,Several colorful umbrellas sit on colorful squares in a green field. ,mscoco,82,0.2,1.0,198416
592,An umbrella is attached to a bicycle frame with leather straps.,mscoco,5456,0.6,1.0,798821
593,The interior of an old fashioned bathroom with wood paneling.,mscoco,5580,0.4,1.0,33453
594,Long haired skateboarder performing tricks in skate park near beach.,mscoco,2249,0.0,0.06666666666666667,405322
595,Mountain climber poses in front of huger rocks and ice,mscoco,3675,0.1,1.0,203006
596,A car waits at a stop sign on a town street.,mscoco,5156,0.0,0.058823529411764705,14779
597,A sequence of photos showing a boy throwing a Frisbee.,mscoco,2684,0.1,0.2,781042
598,A kitchen that is being remodeled with cabinet doors off,mscoco,3134,0.0,0.009615384615384616,23185
599,A view of a beach with closed umbrellas at sunset.,mscoco,1309,0.1,1.0,291142
600,A view of a bathroom complete with a green sink.,mscoco,954,0.1,0.1111111111111111,357401
601,An old blue train sitting on the tracks.,mscoco,5263,0.5,1.0,185806
602,Two horses in a grassy lot feeding at a wooden stall..,mscoco,4638,0.1,0.3333333333333333,341605
603,This pizza crust has sauce and spices but no cheese or toppings.,mscoco,1713,0.1,1.0,287350
604,A business establishment with motorcycle displays in it.,mscoco,5317,0.1,0.1,444497
605,A large green bus with a bike on the front.,mscoco,1152,0.2,1.0,337839
606,A poppy seed bagel sandwich with eggs and meat.,mscoco,1821,0.1,0.5,21064
607,Various supplies and food on a carpet that include water bottles and pens.,mscoco,1293,0.1,1.0,197271
608,Variety of stacked trunks on display in outside area with sign.,mscoco,4720,0.1,1.0,359899
609,A duck swimming next to a red frisbee in water.,mscoco,1816,0.2,0.3333333333333333,640094
610,A computer desk is set up with a laptop and speakers. ,mscoco,2627,0.5,1.0,619997
611,A girl is holding a racket while playing tennis.,mscoco,389,0.7,1.0,187809
612,A group of people and dogs carry their surfboards in hand.,mscoco,5586,0.0,0.027777777777777776,93699
613,A person uses a laptop while lying down.,mscoco,813,0.5,0.5,648567
614,Two birds sitting on the the back of a giraffe. ,mscoco,4988,0.1,0.3333333333333333,676190
615,A person riding a yellow motorcycle on a track.,mscoco,2258,0.3,1.0,334002
616,A street scene looking at a rack of bikes.,mscoco,5408,0.3,0.5,182178
617,A grounded kite that is set on a grass field.,mscoco,4947,0.3,1.0,150552
618,"a man playing tennis on a purple court
",mscoco,5474,0.3,1.0,65573
619,"A small part of a yard shows a fence, grass, and a woman standing cross-legged under a big umbrella with light playing over it, inside what looks like an assemblage of long metal struts going upwards.   ",mscoco,3291,0.1,0.3333333333333333,745581
620,A white sink and toilet in a room.,mscoco,3283,0.2,0.3333333333333333,462166
621,Three skiers are on the slopes with a rock arch in the background.,mscoco,1697,0.4,0.3333333333333333,280799
622,"Harbor scene, city buildings, cloudy sky during sun rise or sun set.",mscoco,5938,0.1,0.5,127686
623,A man standing on a mound of snow with several dogs,mscoco,2572,0.3,1.0,727196
624,A blurry photo of a cyclist on a forest path.,mscoco,3383,0.2,1.0,730869
625,Two people stand on a snowy hill in skis.,mscoco,3874,0.9,1.0,757720
626,Two young men are playing the Wii system.,mscoco,610,0.5,1.0,261161
627,Three elephants near a water hole surrounded by grass.,mscoco,3406,0.1,1.0,199132
628,A traffic light on a city street at night.,mscoco,1496,0.5,1.0,227036
629,A cat and a dog laying on a bed.,mscoco,663,0.5,1.0,252620
630,Several stuffed animals sitting in wooden boxes outside.,mscoco,3275,0.0,0.07692307692307693,476440
631,Four people on a ski lift going up a mountain.,mscoco,3718,0.2,1.0,227108
632,A brown flower pot surrounded by green plants.,mscoco,2297,0.3,1.0,378522
633,A young boy holding a baseball bat during a game.,mscoco,3043,0.9,1.0,201099
634,A clock tower in a tow square on a stormy day.,mscoco,283,0.0,0.05,376852
635,An elephant mounting another elephant in a dry field next to a water source.,mscoco,1951,0.0,0.09090909090909091,430114
636,A clock tower with a set windows and a weather indicator on top.,mscoco,3376,0.0,0.027777777777777776,824128
637,A kitchen filled with dishes and appliances with a sink.,mscoco,5260,0.3,0.5,28488
638,A sub sandwich sits on white paper next to some root beer.,mscoco,5056,0.2,1.0,243355
639,A child is shown eating a scoop of yogurt.,mscoco,787,0.1,0.16666666666666666,682998
640,A woman seals up a glass of wine on her table. ,mscoco,3725,0.0,0.011494252873563218,527107
641,Bathroom scene of a sink and decorations surrounded by pink walls.,mscoco,3919,0.5,1.0,380832
642,A bathroom sink with a tile design on the vanity.,mscoco,1139,0.1,0.2,168138
643,Foot view of a young man in yellow sneakers as he rides down the road on his skateboard. ,mscoco,5707,0.1,1.0,445721
644,An oven with the door open beside a microwave in a kitchen,mscoco,4315,0.0,0.03125,614305
645,The small street is crowded with small shops.,mscoco,4344,0.0,0.07142857142857142,717938
646,"NASA men making first, ceremonial pitch at a baseball game.",mscoco,5654,0.0,0.05555555555555555,294146
647,An airshow with people looking at an airplane ,mscoco,4384,0.4,0.5,525125
648,An orange cat laying on the ground in front of a bench.,mscoco,2295,0.2,1.0,267785
649,A small train travels on tracks through the outskirts of town.,mscoco,4755,0.4,0.3333333333333333,119591
650,A man stands at a refrigerator near a packing box.,mscoco,1162,0.1,0.2,377929
651,Inside of a bathroom with a sink and toilet.,mscoco,4397,0.4,1.0,790503
652,A woman holding a kite outside of a building.,mscoco,3799,0.1,0.1111111111111111,177398
653,A mp3 player and cell phone on a laptop.,mscoco,4137,0.2,0.25,24010
654,A close up of a piece of pizza with bacon on a plate.,mscoco,686,0.4,0.5,707689
655,Two giraffes are standing on opposite sides of a elevated walkway staring at the people above.,mscoco,5951,0.0,0.0017761989342806395,228703
656,Player preparing to return volley during match on red clay court.,mscoco,3506,0.2,0.25,636803
657,"A small living room with windows, sofas and a coffee table.",mscoco,2851,0.2,0.3333333333333333,633627
658,A large commercial air plane flying through a cloudy sky.,mscoco,1343,0.7,1.0,276617
659,A large passenger jet flying through a blue sky.,mscoco,5735,0.8,1.0,118858
660,a closeup of a person's hands as it plays with a Wii controller in front of booklet with Mario and Luigi characters,mscoco,5151,0.1,1.0,681292
661,Three urinals mounted to a wall with white little dividers.,mscoco,1747,0.1,0.125,120754
662,A girl has a spoon in her mouth in front of her lunch at school.,mscoco,3587,0.1,0.3333333333333333,657827
663,A bench surrounded by a lush garden of trees and flowers.,mscoco,3846,0.9,1.0,447053
664,A Lufthansa jumbo-jet at some airport during the day.,mscoco,5602,0.2,1.0,253097
665,Baseball players playing a game of baseball in front of fans.,mscoco,2481,0.1,0.1111111111111111,7687
666,A little blue arrangement of flowers is soaking in a vase of red liquid.,mscoco,708,0.1,0.1111111111111111,157843
667,Young calf being bottle fed above red bucket.,mscoco,4607,0.1,1.0,552213
668,An infant sits next to a stuffed teddy bear toy. ,mscoco,2371,1.0,1.0,13061
669,Produce on white table cloth including potatoes and strawberries.,mscoco,880,0.1,1.0,85140
670,A hand holds a hot dog covered with condiments. ,mscoco,5579,0.8,1.0,792979
671,A man flies a kite in the sky above a stone retaining wall.,mscoco,1007,0.1,0.5,232891
672,A zebra standing in the grass near a fence.,mscoco,1617,0.1,0.1111111111111111,741704
673,Two planes sitting on runway with engines running.,mscoco,4081,0.6,1.0,512614
674,Several young men playing frisbee on a field.,mscoco,1719,0.9,0.5,329655
675,a girl holding onto a homemade kite at the park,mscoco,5096,0.0,0.05263157894736842,767166
676,A man is riding a bike while using a cell phone.,mscoco,3380,0.8,1.0,372653
677,"Front view of person holding animal spotted print umbrella up so head unseen with a ""SALE"" bag in crook of arm, and purse over shoulder of opposite arm, standing outside on sidewalk by low wall, in wet city street setting, with lamp post base behind.",mscoco,1261,0.0,0.016666666666666666,800312
678,A cake with a cartoon character on it and lit sparkler.,mscoco,758,0.1,0.5,336030
679,A traffic light hanging over a street surrounded by forest.,mscoco,3325,0.1,0.3333333333333333,533312
680,a child in an orange coat playing with a wood sander,mscoco,4485,0.1,1.0,612322
681,Baseball game showing a pitcher and batter in motion.,mscoco,5099,0.1,0.3333333333333333,430066
682,Two kites flying in a cloudy sky above a field of people,mscoco,895,0.1,0.1111111111111111,269952
683,A young man performs a trick on a skateboard.,mscoco,1228,0.1,0.1111111111111111,487418
684,Two baseball players standing at first base in a professional baseball game.,mscoco,629,0.5,1.0,768019
685,A man holding a tennis ball and raquet in front of a crowd.,mscoco,717,0.0,0.03225806451612903,176740
686,An old photo of a building with a clock tower.,mscoco,3929,0.5,1.0,234741
687,An arrangement of yellow flowers with one white flower.,mscoco,3312,0.1,0.25,158042
688,A single piece of pizza is seen on a plate.,mscoco,254,0.8,0.5,739499
689,A zebra stands between several small trees in tall grass.,mscoco,3284,0.1,1.0,313015
690,Clock tower and dock in front of river paddle boat.,mscoco,5358,0.2,0.1111111111111111,79877
691,Italian blood oranges for sale in a market,mscoco,5394,0.0,0.041666666666666664,163390
692,"A sandwich is covered in cheese, meat, and greens. ",mscoco,2030,0.1,0.5,152832
693,A red double-decker bus moving along a residential street.,mscoco,1631,0.9,1.0,629567
694,A parking lot with cars and people in front on a row of tents and a building with Public Market sign by water.,mscoco,5020,0.1,1.0,492396
695,A toilet with the seat down in a tiled room. ,mscoco,732,0.7,1.0,675590
696,A grey fighter plane with propeller on display in museum.,mscoco,3465,0.4,0.5,213156
697,A homemade cake is decorated with a smiley face. ,mscoco,1645,0.1,1.0,232940
698,A horse is adorned with a head decor piece.,mscoco,786,0.7,1.0,636340
699,A yellow and black motorcycle parked on the street,mscoco,474,0.3,1.0,500277
700,Multiple highway signs point to different directions for vehicles. ,mscoco,5473,0.3,0.5,165901
701,Two giraffes standing side by side in a wooded field.,mscoco,60,0.0,0.0625,817201
702,A cat lying down with a packaged toothbrush on its head.,mscoco,25,0.2,1.0,274474
703,A person riding a surfboard in the water.,mscoco,3109,0.2,0.2,793607
704,A group of people standing together in a room.,mscoco,3347,0.5,0.5,207759
705,A man doing a trick on a skateboard at a skate park. ,mscoco,5525,0.5,0.3333333333333333,534652
706,"Two servicemembers cut a large, brightly decorated cake which says ""Navy"".",mscoco,5691,0.3,0.3333333333333333,140817
707,A cat sits in a bowl on the table. ,mscoco,3116,0.9,1.0,159296
708,A fast food sign sits on top of a pole on the street.,mscoco,5649,0.1,1.0,450118
709,Line of bikers going down a road in a town.,mscoco,5634,0.2,1.0,790385
710,"Several suitcases, a pair of shoes and a hand bag in a hallway.",mscoco,5428,0.0,0.045454545454545456,791334
711,A baseball player swinging a bat near home plate.,mscoco,5799,0.2,0.16666666666666666,676926
712,Town road with pickup truck and hanging yellow stop lights with parked cars and short buildings.,mscoco,4997,0.1,0.3333333333333333,505453
713,A snowboarder in mid air from a jump ,mscoco,2495,0.7,1.0,550907
714,A group of baseball players playing a game of baseball.,mscoco,1045,0.1,0.2,124116
715,Commercial plane flying overhead on day with clear blue sky.,mscoco,3934,0.5,0.3333333333333333,449280
716,An old boat is parked on a gravel beach.,mscoco,4173,0.6,0.5,146280
717,A large display of many different types of doughnuts.,mscoco,1242,1.0,1.0,580456
718,A small herd of three zebras behind a fence.,mscoco,4054,0.1,0.125,703037
719,A coo coo clock ornament hanging in a Christmas Tree.,mscoco,2996,0.1,1.0,808203
720,Altered photograph of a snow boarder in flight ,mscoco,3932,0.1,0.2,229453
721,A large number of different kites in the air.,mscoco,2037,1.0,1.0,102710
722,there is a elephant standing by a fence next to a large white ball,mscoco,151,0.0,0.0625,459097
723,Two people are skiing on a snowy hill.,mscoco,2552,0.9,0.5,366122
724,Red and white commuter train arriving at station.,mscoco,4634,0.1,0.3333333333333333,391062
725,A man water skiing using a single ski.,mscoco,2084,0.3,0.2,91915
726,A laptop sitting on a computer desk in a home office.,mscoco,4008,0.6,0.5,25466
727,a camera and cords sitting on a bed with a green folder ,mscoco,949,0.1,0.5,269725
728,A green and white EVA Air Cargo jet taking off.,mscoco,4894,0.1,0.5,518420
729,The two sheep are walking across the sand near the water.,mscoco,3153,0.1,1.0,180474
730,A man on a skateboard performs a jump off a ledge.,mscoco,253,0.0,0.07142857142857142,633557
731,A plate topped with chicken and broccoli covered in sauce.,mscoco,492,0.3,1.0,717520
732,A person on a longboard rides with a dog.,mscoco,2731,0.0,0.0625,436071
733,A girl is standing next to an older woman while holding a cake with a candle on it.,mscoco,1174,0.1,1.0,728042
734,A toy train with a black engine and red cars on tracks.,mscoco,1031,0.1,0.5,258250
735,A white jet airliner flying in a blue sky.,mscoco,3086,0.5,1.0,298595
736,An elephant with large tusks and his trunk in the air.,mscoco,2112,0.1,0.3333333333333333,79101
737,A wooden bench sits by the fence and some trees.,mscoco,2305,0.1,0.14285714285714285,349401
738,A tennis player in a white shirt playing tennis on a court.,mscoco,1053,0.1,1.0,717407
739,A skateboarder skates under a sculpture in front of boats.  ,mscoco,5282,0.1,1.0,252417
740,Yellow fire hydrant with an old abandoned blue shopping cart curb side,mscoco,2888,0.1,1.0,829563
741,A man flying a large kite in the desert.,mscoco,147,0.1,1.0,398281
742,A dog lays on a couch next to a book.,mscoco,3900,0.1,1.0,132470
743,Farm field for grazing featured near snow covered mountains.,mscoco,5809,0.3,0.3333333333333333,675597
744,A man and woman are standing together playing Wii.,mscoco,1780,0.8,1.0,206898
745,A woman in a bikini top riding a bicycle while using a cell phone.,mscoco,2922,0.1,1.0,245875
746,A woman wading through water holding a surfboard.,mscoco,4233,0.6,1.0,696255
747,Fire truck in heavy traffic on a bridge crossing another highway.,mscoco,3702,0.1,0.5,347995
748,An adult elephant and a baby elephant by a lake.,mscoco,13,0.3,1.0,516278
749,There are two kites that are flying over the water at a beach,mscoco,1253,0.2,0.2,298492
750,a child standing on a skateboard and wearing a helmet.,mscoco,121,0.8,1.0,248362
751,A close up view of a man's hands as he operates a smart phone.,mscoco,4964,0.1,0.14285714285714285,515915
752,A man in brown holding a wii remote,mscoco,429,0.1,0.25,53612
753,A photo of a roast beef sandwich with lettuce and spinach.,mscoco,3700,0.1,0.5,472347
754,An Asiana Airlines plane taxiing at an airport.,mscoco,3844,0.0,0.010869565217391304,308970
755,Woman standing next to her bicycle near a children's park.,mscoco,4214,0.1,0.5,166696
756,A living room painted with a dark color and has lots of furniture.,mscoco,1864,0.3,0.5,547430
757,Several planes are admired in an airplane museum.,mscoco,2358,0.8,1.0,245544
758,an image of the Big Ben clock tower in London,mscoco,5837,0.6,1.0,171826
759,a red white and black bus and some cars,mscoco,5443,0.2,0.2,548027
760,A young boy and a teenage girl play with a blue Frisbee.,mscoco,5404,0.1,0.3333333333333333,316186
761,A group of people play tennis on a tennis court.,mscoco,228,0.8,1.0,274049
762,A tall building looms in the background of a courtyard where people are walking around.,mscoco,466,0.1,0.5,73257
763,Two people flying a red kite in front of a crowd.,mscoco,5000,0.2,1.0,591573
764,A pizza shop display showing ready-made pizzas for sale.,mscoco,2655,0.9,1.0,414235
765,A power boat on a body of water with a large water spray behind.,mscoco,2569,0.1,0.25,741562
766,"A head-on shot of a stone building labelled ""Scalextric Palau"" ",mscoco,5348,0.0,0.0009746588693957114,164163
767,A bowl of food with gravy and a ladle sits on a table.,mscoco,4406,0.0,0.05263157894736842,36146
768,A clock tower that is near an ocean.,mscoco,3810,0.2,1.0,764722
769,Several zebra stand in a group eating grass.,mscoco,3226,0.6,1.0,419946
770,an image of a man doing tricks on a skateboard,mscoco,3928,0.2,0.2,241803
771,A large jet flying over an airport near a mountain.,mscoco,2335,0.0,0.02702702702702703,495082
772,Two pizzas are sitting on plates on a table.,mscoco,5738,0.6,0.5,145957
773,Child swinging bat playing baseball with adult watching and fence,mscoco,5591,0.0,0.041666666666666664,473848
774,Two females riding an elephant with a two elephant handlers,mscoco,5958,0.2,0.25,516064
775,Several different kinds of donuts on a tray.,mscoco,3090,0.9,1.0,708890
776,Several sheep and a cow grazing on grass near water.,mscoco,4158,0.0,0.002053388090349076,794424
777,a big umbrella sitting on the beach ,mscoco,5989,0.8,1.0,588185
778,A woman being towed by a dog while riding a skateboard.,mscoco,1772,0.2,1.0,816080
779,a big elephant standing near a small tree and grass,mscoco,4700,0.1,0.25,416752
780,A pair of scissors are sitting on a table with needle and thread. ,mscoco,1815,0.1,0.2,654917
781,Man poses sideways wearing a plaid shirt and a tie. ,mscoco,1589,0.0,0.03225806451612903,52132
782,"A view of a street corner, with a mattress on it.",mscoco,2876,0.2,1.0,816497
783,"A living area with chairs, sofa and a television.",mscoco,3783,0.2,0.14285714285714285,361788
784,A toilet has graffiti drawn on the lid.,mscoco,3034,0.4,0.25,414331
785,A person lies down in a boat with their feet over the edge.,mscoco,2906,0.3,1.0,235880
786,many people on a beach with a large tent,mscoco,3818,0.1,1.0,347728
787,Small child holding an electric toothbrush in  their mouth.,mscoco,3324,0.1,0.2,573029
788,A suitcase packed with clothes and various items. ,mscoco,1095,0.7,0.5,219304
789,a blurry photo of a person holding a kite,mscoco,5040,0.0,0.06666666666666667,114187
790,A TRAIN STATION WITH SEVERAL TRAINS IN THE STATION ,mscoco,3447,0.5,1.0,100311
791,A daredevil attempts to ski off the roof of a house.,mscoco,4058,0.1,1.0,69044
792,A mother and baby elephant walking in the grasslands. ,mscoco,3219,0.8,1.0,789008
793,A sub sandwich with lunch meat and lettuce.,mscoco,3815,0.0,0.09090909090909091,323996
794,A home office area with a desk and two computer monitors.,mscoco,2752,0.4,0.2,312417
795,Two kids are flying a kite on a beach with a man.,mscoco,3884,0.3,0.3333333333333333,269646
796,A city street crowded with people riding motorcycles,mscoco,1818,0.8,1.0,119104
797,a surf board on the sandy beach ,mscoco,700,0.8,1.0,722819
798,A horned cow with head in basin of apples.,mscoco,5825,0.0,0.043478260869565216,426134
799,a kitchen with a map on the wall ,mscoco,497,0.0,0.020833333333333332,720907
800,A desktop computer and two laptop computers on a corner desk.,mscoco,1509,0.0,0.058823529411764705,789474
801,A passenger train runs along a train track away from a city center.,mscoco,1828,0.3,0.3333333333333333,630765
802,A man performs a kick flip on his skate board,mscoco,45,0.1,0.125,784388
803,A cat sits on a chair at the dinner table.,mscoco,3389,0.5,1.0,86021
804,An old man in a leather jacket on a motorcycle,mscoco,1163,0.2,0.25,806521
805,Many directional road signs in a foreign language.,mscoco,2754,0.5,0.5,3194
806,A truck wrapped in beer advertisements parked in a parking lot.,mscoco,1660,0.1,0.2,767929
807,a small plane on a field with trees in the background,mscoco,1922,0.7,0.5,486364
808,"A close up of stir fried noodles, broccoli and tomatoes.",mscoco,5940,0.0,0.05263157894736842,165474
809,an image of a tray of donuts being handed out,mscoco,3744,0.1,0.2,293348
810,A pair of giraffes walk around a fenced enclosure. ,mscoco,1927,0.9,1.0,305465
811,"A black and white,  round-cornered shot  shows a cloudy sky and a high parking lot with a concrete border over which trees are visible, a car and a leaping skateboarder, his shirt concealing his head, suspended over a concrete island and up-ramp.",mscoco,5992,0.0,0.007194244604316547,780064
812,A man on a skateboard in the air during a trick.,mscoco,32,0.7,1.0,170616
813,A man riding a motorcycle with a woman on the back.,mscoco,5689,0.7,1.0,76006
814,A herd of sheep near a barn near a mountain.,mscoco,1304,0.1,0.1,369936
815,an image of a bathroom with a toilet and sink,mscoco,1740,0.3,1.0,260564
816,A bunch of white bananas grow on a tree.,mscoco,5795,1.0,1.0,637427
817,A box that is filled with a variety of doughnuts.,mscoco,5950,0.8,1.0,769254
818,Man running a skateboard over a deep curved area.,mscoco,3604,0.0,0.007142857142857143,664129
819,Bathroom with shower and toilet on far side.,mscoco,1215,0.9,1.0,736433
820,Surf n' Turf with broccoli and carrots really looks good on a white plate.,mscoco,1133,0.1,0.2,625414
821,Group of giraffes in rock enclosure of urban zoo.,mscoco,3741,0.8,1.0,707960
822,Several signs written in Arabic under a cloudy sky.,mscoco,4867,0.1,1.0,109919
823,a man takes a picture of a little girl standing in front of a mirror ,mscoco,5074,0.1,1.0,775964
824,A woman serves out a sauce for her dinner party.,mscoco,3808,0.1,0.16666666666666666,471405
825,A retro style living room with wood floor and large windows.,mscoco,675,0.0,0.007407407407407408,771747
826,The adult zebra eats grass from the side of the road.,mscoco,5687,0.1,1.0,560598
827,A group of athletes engage in an organized game of ultimate frisbee. ,mscoco,3728,0.6,1.0,506556
828,A catcher waits on his knees at home plate while a batter approaches.,mscoco,4690,0.3,0.5,575266
829,A white toilet sitting next to a bathroom sink.,mscoco,4002,0.3,0.5,575058
830,A large lake filled with sailboats and motor boats on a sunny day.,mscoco,2402,0.1,1.0,524910
831,An orange cat lays his head on a pair of shoes.,mscoco,901,0.9,1.0,400643
832,A woman is posing with a tennis racket for an advertisement.,mscoco,3415,0.0,0.007874015748031496,804431
833,A large bed with pillows in a room.,mscoco,2472,0.8,0.5,421581
834,Two people enjoying large personal pizzas at a restaurant.,mscoco,2625,0.1,1.0,751111
835,A skateboarder jumps into a foam pit at a skate park,mscoco,3979,0.3,0.5,583503
836,"A living area with a couch, two photographs of a candle holder.",mscoco,41,0.0,0.05263157894736842,662449
837,A person holds a surfboard while riding a bus. ,mscoco,5442,0.2,1.0,110732
838,A large wooden bed with a green blanket on top of it.,mscoco,3139,0.3,1.0,785513
839,Giraffes in a green field with large trees ,mscoco,364,0.2,0.5,230493
840,"Three people are riding on top of a elephant, two woman have there arms out.",mscoco,5320,0.1,0.5,77488
841,A large long train on a steel track.,mscoco,4160,0.2,0.5,305984
842,A clock above an entrance to an historical structure.,mscoco,5452,0.1,0.3333333333333333,76180
843,a large elephants is outside in a field ,mscoco,1974,0.6,1.0,538483
844,A black and white boat anchored at a boat dock.,mscoco,1668,0.1,0.16666666666666666,156138
845,A child looks at her birthday cake with lit candles.,mscoco,5200,0.3,0.5,42993
846,A bedroom has a very antique look to it.,mscoco,621,0.4,1.0,67596
847,"A home desk has a computer, lamp, and knick-knacks.",mscoco,3701,0.0,0.058823529411764705,157388
848,Two men and a woman sitting on a couch playing a Wii game. ,mscoco,51,0.3,0.25,225431
849,A group of boats traveling down the river ,mscoco,2983,0.6,1.0,147965
850,a small dog is holding a brush in its mouth,mscoco,1981,0.3,1.0,801438
851,A seagull swims toward a rocky shore in a lake.,mscoco,87,0.1,0.1,755856
852,A two story business building housing several small businesses.,mscoco,5148,0.0,0.006944444444444444,759393
853,Doughnuts sit ready for cooking on a floured tray.,mscoco,5076,0.1,1.0,425618
854,A group of people posing in front of a table of food. ,mscoco,1447,0.3,1.0,66846
855,A man sitting on the floor of a room with boxes near him.,mscoco,2180,0.0,0.06666666666666667,741390
856,A large herd of brown cows in a field.,mscoco,1628,0.5,1.0,29858
857,Two women play a boxing video game in a living room.,mscoco,1950,0.7,1.0,664987
858,A man is sitting at a table with pizza and beer.,mscoco,2063,0.2,0.2,177535
859,A man pedals a stationary bike indoors as a group of people look on.,mscoco,2227,0.1,0.25,715950
860,A herd of cows with calves standing in a river.,mscoco,84,0.2,0.25,667218
861,Two people riding an elephant in the middle of a forest.,mscoco,1989,1.0,1.0,316110
862,People are riding on an elephant in the forest.,mscoco,1359,0.9,1.0,216301
863,A white toilet attached to a wall with silver surroundings.,mscoco,932,0.0,0.043478260869565216,805963
864,Two women are walking around on a sailboat.,mscoco,3688,0.1,1.0,14276
865,A partially cut pizza in a box on a bed with person sitting next to it.,mscoco,5184,0.2,1.0,311568
866,A man on a  red phone while in a car,mscoco,376,0.1,0.25,379063
867,A narrow city street packed with vehicles and business signs.,mscoco,531,0.1,0.2,255717
868,two kites flying in the air on a beach,mscoco,5371,0.2,0.1111111111111111,98578
869,a woman is wearing a red dress and playing tennis,mscoco,2859,0.5,0.3333333333333333,110070
870,This is a dish of buttered asparagus with dressing.,mscoco,960,0.2,1.0,284066
871,"Pizza, pasta and salad on shiny metal plates sit on orange tiled counter.",mscoco,3397,0.0,0.008547008547008548,120144
872,A view of a parking meter with a bridge and river behind it.,mscoco,3248,0.2,1.0,665847
873,A dim lit desk with an open laptop sits near a window.,mscoco,5855,0.1,0.14285714285714285,92248
874,A tall wooden snow board next to a woman at a table.,mscoco,55,0.2,1.0,35663
875,A tennis player getting ready to serve the ball.,mscoco,372,0.1,0.5,538829
876,A woman is walking with a blue umbrella.,mscoco,2549,0.3,1.0,166780
877,A group of people standing on a snow covered ski slope.,mscoco,5461,0.7,0.5,189944
878,A black clock tower on grassy area next to water and mountains.,mscoco,5971,0.1,0.5,356276
879,A white and green bus parked on the side of the road. ,mscoco,990,0.2,0.3333333333333333,601782
880,A sign for Water Lane by the side of a building.,mscoco,740,0.1,1.0,777918
881,a number of people with luggage near a train,mscoco,3556,0.8,1.0,759411
882,A baseball player is sliding to one or the bases. ,mscoco,2962,0.9,1.0,431442
883,A view of a street sign with a building and bridge in the background.,mscoco,4083,0.1,0.14285714285714285,277138
884,A woman holding a Nintendo Wii game controller.,mscoco,4497,0.5,1.0,573776
885,Meat and broccoli in a sauce on a plate.,mscoco,198,0.5,1.0,263518
886,Two skate boarders performing stunts at night on sidewalk and steps,mscoco,5551,0.0,0.006993006993006993,663908
887,Two people playing a WII game at an event,mscoco,5229,0.2,0.3333333333333333,332090
888,A large group of people sitting around a table posing for a photo.,mscoco,9,0.4,0.5,310536
889,"A bunch of different fruits and vegetables such as garlic, tomotates, red peppers, and bannanas ",mscoco,5834,0.1,0.3333333333333333,83620
890,The thin pizza is topped with various ingredients.,mscoco,2555,0.3,0.2,614646
891, A baseball player preparing to throw a ball. ,mscoco,289,0.3,1.0,721698
892,A woman eating a mean of fries and a sandwich outdoors.,mscoco,345,0.0,0.02857142857142857,261245
893,a guy making a face holding an umbrella and a bike,mscoco,2176,0.0,0.004694835680751174,762621
894,A large boat is in the water with a string attached.,mscoco,1942,0.1,1.0,80628
895,a black kitty laying on a bench licking its paw,mscoco,5288,0.1,0.1111111111111111,756636
896,A building with a snow topped roof and clock tower.,mscoco,3798,0.2,1.0,267053
897,A red meter on a street corner in front of a bridge. ,mscoco,125,0.1,0.16666666666666666,656440
898,"A ldarge keybord msical instroument lwith a woden case enmclosig a qsouvnkboajrd and mfgtal strivgf, which are strucrk b hammrs when the nels are depresdsmed.f lhe strsingsj' vibration ie stopped by damperds when the keys re released and can bce regulavewdd for lengh and vnolume y two or three pedalvs.",drawbench,113,0.0,0.00047664442326024784,113
899,Sheep graze in a meadow under a pale orange sky.,mscoco,1829,0.1,0.16666666666666666,319395
900,A giraffe is shown in a close-up outdoor image.,mscoco,5054,0.6,0.5,622636
901,A blue and white passenger jet is sitting on the runway.,mscoco,5141,0.7,0.5,788682
902,A white table holding a plate of food that includes small bananas and fried balls.,mscoco,3600,0.1,1.0,689876
903,View of a mans legs with tattoos on a bed in front of a television.,mscoco,1373,0.1,1.0,187803
904,A monorail train is pulling into a station.,mscoco,2614,0.1,0.14285714285714285,411938
905,Four competitive skiers skiing down a mountain slope.,mscoco,5652,0.0,0.07692307692307693,111855
906,"yachts in clear, shallow water near a rocky outcropping",mscoco,5898,0.1,1.0,214059
907,A brown horse standing in a lush green field.,mscoco,1749,0.9,1.0,208030
908,Dininrg tablez.,drawbench,107,0.0,0.0625,107
909,Five people are running and playing soccer on an open field.,mscoco,2498,0.0,0.029411764705882353,825005
910,A black cell phone sitting on a silver holder on a table. ,mscoco,5896,0.1,1.0,812454
911,a decorated lite up stop sign at the corner,mscoco,1529,0.1,1.0,346120
912,A steeple with a clock with a bell tower.,mscoco,3921,0.2,0.5,17553
913,A black bear stands in the foliage beside a tree branch. ,mscoco,2241,0.0,0.07692307692307693,629490
914,A group of young people playing a game of frisbee.,mscoco,670,0.4,0.3333333333333333,641609
915,Four people are standing in the snow with ski equipment.  ,mscoco,662,0.1,0.5,616583
916,Photo of a cat singing in a barbershop quartet.,drawbench,158,0.0,0.0017921146953405018,158
917,Two people pose for a picture as they are surrounded by elephants.,mscoco,4685,0.3,0.2,497297
918,A double decker bus is parked on the side of a street.,mscoco,4347,0.4,1.0,816926
919,a couple of stop signs that are next to some people,mscoco,5730,0.1,0.2,782042
920,a dining space with a table and some benches,mscoco,3577,0.1,0.3333333333333333,459855
921,A large number of cattle confined in a small area.,mscoco,5648,0.2,0.5,260607
922,Baked carrots in glass pan on counter with green napkin,mscoco,4467,0.1,1.0,372198
923,a male in a red shirt and some brown cows ,mscoco,1801,0.1,1.0,402690
924,A large passenger jet taking off from an airport runway.,mscoco,1600,0.8,1.0,105315
925,a number of motorcycles parked near one another ,mscoco,2808,0.9,1.0,783711
926,Young soccer player sitting on the ground with soccer ball.,mscoco,4834,0.3,1.0,343106
927,A large bed and a computer screen in a room.,mscoco,1219,0.0,0.045454545454545456,644757
928,a couple of zebras stand next to a antelope ,mscoco,3426,0.1,0.2,616591
929,There is a woman in a white dress riding a bike.,mscoco,2349,0.1,1.0,773860
930,Man in a maroon shirt holding up a yellow baseball bat. ,mscoco,2067,0.1,1.0,422213
931,Motorcycle racer leaning low coming out of a turn.,mscoco,4774,0.7,1.0,93073
932,"Some boys playing soccer, the goalie has the ball in his hands.",mscoco,4551,0.0,0.012048192771084338,193058
933,A teddy bear with a tag on one ear sitting in a chair.,mscoco,1925,0.1,0.5,687515
934,a man and a woman play a wii game,mscoco,2328,0.8,0.5,4081
935,a bathroom with a toilet and tiled floor,mscoco,1010,0.5,0.25,671959
936,"A white and orange cat and a black, orange and white cat sleeping in front of each other. ",mscoco,4866,0.1,0.16666666666666666,548235
937,Player taking a fall at base during game.,mscoco,3542,0.2,0.2,621029
938,A group of sheep are near a wire fence.,mscoco,596,0.8,1.0,749172
939,Person reading a magazine on the couch while dog sleeps next to it.,mscoco,5531,0.0,0.0625,302786
940,a baseball player hits the ball on homebase.,mscoco,2157,0.3,0.3333333333333333,44185
941,A man in blue shorts carrying a white surfboard.,mscoco,4118,0.1,0.1111111111111111,259733
942,A woman is standing with a horse in front of a mountain.,mscoco,2098,0.1,1.0,467824
943,Four young men in suits pose for the camera. ,mscoco,3454,0.2,0.2,477162
944,A double parking meter is decorated with a picture of a girl with wings on her feet.,mscoco,890,0.1,1.0,660808
945,A view of a building from the other side of a street intersection.,mscoco,904,0.2,0.3333333333333333,537885
946,A red train pulls alongside a train platform beneath a metal bridge.,mscoco,3339,0.2,0.5,634429
947,A group of people standing on top of a beach flying kites.,mscoco,4337,0.6,1.0,350934
948,Man sitting under red and white striped umbrella near woman sitting on beach,mscoco,3901,0.1,1.0,515956
949,A woman sitting at a table that has flowers and plates of food on it.,mscoco,4443,0.2,1.0,250108
950,a mountain with green grass and an animal,mscoco,1534,0.1,0.3333333333333333,736016
951,A batter swinging at a pitch in a baseball game.,mscoco,4403,0.2,0.16666666666666666,54929
952,A group of motor cycles and people on horses on a grassy field by a mountain.,mscoco,2858,0.1,0.25,755024
953,A group of people standing side by side holding skis.,mscoco,582,0.7,1.0,589214
954,A double decker bus features an ad for a Superman film.,mscoco,4520,0.1,1.0,772851
955,a table filled with a huge variety of cakes,mscoco,4826,0.8,1.0,282797
956,Two men who are in the water with surfboards.,mscoco,3663,0.9,1.0,691264
957,Boxes of glazed doughnuts sit open on a table.,mscoco,2243,0.9,1.0,425871
958,A dessert with chocolate and banana slices sits on a plate.,mscoco,721,0.3,1.0,432950
959,A train traveling past a traffic light next to tracks.,mscoco,625,0.6,0.5,518381
960,A CAT IS LYING DOWN LOOKING AT AN ELECTRONIC MOUSE,mscoco,80,0.2,1.0,498032
961,Two elephants are standing by the concrete barrier. ,mscoco,3381,0.1,0.2,233364
962,A woman sitting cross legged by a river using a cell phone,mscoco,1265,0.1,1.0,186397
963,Two donuts sitting on a brown paper wrapper.,mscoco,841,0.3,1.0,45005
964,computer desk with various  papers  and a computer,mscoco,4986,0.6,0.3333333333333333,744208
965,Five ties in different colors lying on blankets with sheets,mscoco,5560,0.1,1.0,473800
966,A flower arrangement in a glass vase on a table.,mscoco,2430,0.4,0.16666666666666666,146099
967,Five women smile as they pose near a large cake.,mscoco,3784,0.1,1.0,241231
968,A phone displaying a game sits in front of a box of donuts.,mscoco,156,0.1,1.0,49630
969,Several giraffes that are standing together on a path.,mscoco,4035,0.7,1.0,822952
970,Two adult and one baby elephant walking in the forest.,mscoco,5661,0.1,0.2,469171
971,Closeup of a green bowl holding pieces of broccoli.,mscoco,993,0.3,1.0,804800
972,Modern semi trailer truck with cargo container on a road,mscoco,5264,0.1,0.2,81442
973,An overhead shot shows people dining outside. ,mscoco,4064,0.6,1.0,539349
974,A red and white fire hydrant by a street,mscoco,1315,0.3,1.0,297221
975,The back of a van is packed full of luggage and bags,mscoco,3450,0.3,0.3333333333333333,618963
976,Black and white of windsurfers on a lake.,mscoco,0,0.1,1.0,319365
977,A gray bird perched on towel eating from a tin,mscoco,3704,0.1,1.0,332586
978,Little oriental girl in a pink top and white bottom stands next to TV.,mscoco,2182,0.1,1.0,403731
979,The skier is posing near a lot of other skiers.,mscoco,4130,0.0,0.047619047619047616,657536
980,People using laptop computers in an undisclosed public location.,mscoco,4078,0.1,0.3333333333333333,294594
981,An assortment of dessert foods arranged in a small table.,mscoco,1651,0.3,1.0,222903
982,three glass vases one with red flowers ,mscoco,562,0.1,0.3333333333333333,673351
983,"A counter containing many food dishes, including carrots, macaroni and cheese, cranberry sauce and more",mscoco,4492,0.2,0.3333333333333333,318999
984,a round bundt cake on a plate with white frosting ,mscoco,1414,0.5,1.0,779890
985,An intersection in a city with stop lights and street signs.,mscoco,2494,0.0,0.004975124378109453,815696
986,Ad showing picks for top six at Australian open.,mscoco,5380,0.1,1.0,747675
987,The motorcycle riders visit the site with several flags.,mscoco,2547,0.1,1.0,270487
988,A man flying through the air while riding a skateboard.,mscoco,341,0.0,0.022727272727272728,335524
989,A person that is standing on a skateboard.,mscoco,2664,0.5,0.5,768180
990,A man and a woman standing next to a motor cycle.,mscoco,295,0.1,1.0,28635
991,A tennis player is holding his racket and waiting for the ball.,mscoco,1336,0.2,0.16666666666666666,445587
992,A propeller airplane sitting on top of an airport tarmac.,mscoco,696,0.2,1.0,154213
993,a bicycle leaning against a stop and a yellow car,mscoco,2895,0.1,0.3333333333333333,386528
994,A rodeo rider on horseback attempting to lasso a cow.,mscoco,3102,0.4,0.3333333333333333,482574
995,A blue and white bus is parked in front of a brick red building.,mscoco,947,0.1,1.0,248207
996,A zebra rests its head on the back of another zebra.,mscoco,3136,0.2,0.5,673429
997,A refrigerator is shown with food inside of it.,mscoco,1329,1.0,1.0,145559
998,"A machine next to a parking space in a street, into which the driver puts money so as to be authorized to park the vehicle for a particular length of time.",drawbench,78,0.0,0.002551020408163265,78
999,Big trucks are needed to haul construction equipment to the work site.,mscoco,5009,0.4,1.0,627311
1000,A person is chopping carrots with a knife.,mscoco,2694,0.6,1.0,586636
1001,An ocean view including a man being pulled along by a water skiing parachute.,mscoco,252,0.0,0.02631578947368421,88952
1002,A woman swinging a tennis racket on a court.,mscoco,913,0.6,1.0,530784
1003,A group of people walking across the street in front of a city bus.,mscoco,4100,0.4,1.0,138220
1004,An intersection street sign with one sign reading Brad St.,mscoco,1572,0.1,0.5,727151
1005,Young boy wearing a baseball glove looking down a ball. ,mscoco,2850,0.4,0.3333333333333333,439793
1006,A young boy cutting a piece of construction paper. ,mscoco,1396,1.0,1.0,808584
1007,A very small bathroom with only a toilet and sink.,mscoco,573,0.1,0.1111111111111111,474865
1008,A baseball player is holding a baseball bat at a game.,mscoco,3633,0.7,0.25,759157
1009,A train is on the tracks in front of a building that sits on a hill.,mscoco,5503,0.0,0.0196078431372549,661472
1010,Two children eat doughnuts at a restaurant table.,mscoco,4407,0.3,1.0,757755
1011,an image of a man on his snow board sitting at the bottom of the mountain,mscoco,1475,0.5,1.0,126692
1012,A man adjusts his tie with a sticker on his shirt.,mscoco,545,0.0,0.06666666666666667,220925
1013,view of tall city buildings with cars and people walking by,mscoco,5845,0.5,0.5,691875
1014,An outdoor patio has tables with yellow and green umbrellas.,mscoco,4779,0.8,1.0,409827
1015,A storefront with 'Google Brain Toronto' written on it.,drawbench,184,0.0,0.0,184
1016,Two women are snacking and drinking beers at a pub.,mscoco,3805,0.2,0.5,422510
1017,"A laptop, cellphone, headphones and speaker on a table.",mscoco,971,0.1,0.5,573881
1018,A small bathroom with a square shaped sink.,mscoco,1642,0.0,0.08333333333333333,101782
1019,"Two blue and white street signs that read ""sync signal"" and ""western av.""",mscoco,3923,0.1,1.0,309394
1020,A lone horse is grazing on grass next to a group of horses.,mscoco,4253,0.0,0.024390243902439025,320212
1021,A man in a brown shirt throwing a frisbee.,mscoco,2111,0.0,0.047619047619047616,361742
1022,A man in black shirt playing a game with a Nintendo Wii controller.,mscoco,1571,0.2,1.0,343213
1023,two big red double decker buses on the road,mscoco,5015,0.4,1.0,277848
1024,Some children are standing on a tennis court.,mscoco,2979,1.0,1.0,629398
1025,A living room decorated with a Christmas tree and stockings.,mscoco,3682,0.2,1.0,230807
1026,Man and older woman smiling with champagne and cake,mscoco,4891,0.1,0.14285714285714285,370760
1027,"A cluttered shelf with a stereo, book and a teddy bear.",mscoco,940,0.1,0.3333333333333333,797257
1028,A little girl flying a kite on a big field with buildings in the background.,mscoco,296,0.2,1.0,145034
1029,A tennis player is juggling the ball as the crowd watches.,mscoco,889,0.0,0.011235955056179775,261513
1030,The baseball player reaches out to catch a ball.,mscoco,357,0.5,0.5,605227
1031,Several people in a park playing a game of frisbee.,mscoco,5606,0.9,1.0,288026
1032,A large roast beef sandwich sitting in a paper basket on a glass tabletop.,mscoco,5595,0.0,0.05555555555555555,415253
1033,Woman in yellow skirt holding an umbrella buying something out of a vending machine.,mscoco,1390,0.1,1.0,19735
1034,"A pineapple, orange, and bananas sit on a plate in a kitchen.",mscoco,2259,0.1,1.0,822255
1035,A surfer in a wetsuit rides on a wave.,mscoco,48,0.4,0.5,97280
1036,a school bus driving on a road with a mountain in the background,mscoco,2914,0.1,0.25,115551
1037,A kid practices skateboard moves at a green park. ,mscoco,2510,0.2,1.0,160038
1038,A plane descending to land in a airport,mscoco,5541,0.2,0.5,46841
1039,Two female snow skiers racing down a course.,mscoco,2491,0.1,1.0,783420
1040,little girl standing in kitchen between stove and sink,mscoco,4718,0.1,0.2,76625
1041,toilet in small space with blue and white tile,mscoco,1011,0.2,0.5,724174
1042,The stop sign is posted at the intersection of the street.,mscoco,2501,0.7,1.0,655624
1043,Small black cat laying among several different used shoes.,mscoco,1225,0.1,1.0,474879
1044,"This dinner platter has roast beef and mashed potatoes with gravy, vegetables, greens, and bread.",mscoco,5108,0.2,0.2,193625
1045,A dog looks out an open door at the snowy ground.,mscoco,5963,0.1,0.5,714924
1046,A fisheye lens photograph of a residential bathroom,mscoco,4349,0.1,0.3333333333333333,394491
1047,Several people with helmets gathered to fly kites,mscoco,5116,0.0,0.003745318352059925,554293
1048,A stop sign warning that pedestrians are crossing.,mscoco,5395,0.0,0.09090909090909091,57184
1049,A yellow bird sitting on a branch in a green tree,mscoco,2292,0.6,1.0,300478
1050,A skier standing at the stop of a mountain slope.,mscoco,4769,0.4,0.5,7970
1051,A large horse in an enclosed field eating grass,mscoco,3812,0.2,0.16666666666666666,163891
1052,A woman in a blue dress is on a tennis court.,mscoco,3875,0.1,0.25,450506
1053,A home office features a large desk and other items.,mscoco,3848,0.4,1.0,634060
1054,"There is a smile face on a plate made out of vitamins, banana and butter.",mscoco,137,0.1,0.5,759937
1055,Man carrying skis in high altitude mountainous area.,mscoco,2392,0.4,1.0,626149
1056,A polka dot patterned coffee mug sits in front of a clock.,mscoco,4724,0.1,1.0,133080
1057,woman studies a map while standing on street,mscoco,2390,0.0,0.019230769230769232,533395
1058,A black and white cow standing on top of a grass covered field.,mscoco,1191,0.4,0.3333333333333333,710471
1059,A large group of skiers gathered around a ski slope.,mscoco,1996,0.8,1.0,609031
1060,A man looking at the graffiti on the side of a train,mscoco,57,0.1,0.125,82354
1061,People flying kites in a large green park by the ocean,mscoco,226,0.0,0.05555555555555555,658998
1062,Three young guys are playing the Wii together. ,mscoco,3073,0.2,0.5,368069
1063,A woman standing in front of a bathroom mirror next to a sink.,mscoco,846,0.2,0.25,220780
1064,A reflection of a yellow vehicle in a mirror,mscoco,2504,0.7,1.0,332594
1065,"A desk with many items, including a keyboard, monitor, and books.",mscoco,2769,0.5,0.2,823171
1066,A black and white bird standing on a wooden board.,mscoco,1598,0.1,0.3333333333333333,242085
1067,A young man is trying to pull off a skateboarding trick. ,mscoco,1814,0.3,0.16666666666666666,376754
1068,Brown cow lying in field with standing black cow in background.,mscoco,2419,0.0,0.08333333333333333,110910
1069,A stop sign that is at an intersection instead of stop lights.,mscoco,1032,0.2,0.3333333333333333,683891
1070,"Near the surf, a man sits hunched over on his board.",mscoco,3038,0.0,0.06666666666666667,313922
1071,three different trains one is green and silver and the other two are orange and silver,mscoco,5716,0.1,1.0,594297
1072,A man walking down a street while holding an umbrella.,mscoco,4377,0.9,1.0,668107
1073,The birthday cake is a train carrying candy on it.,mscoco,5303,0.2,0.5,788194
1074,A boat is docked in the water with a mountain in the background.,mscoco,588,0.4,0.5,617964
1075,Illustration of a mouse using a mushroom as an umbrella.,drawbench,176,0.0,0.0,176
1076,A group of people laughing over bunches of bananas.,mscoco,183,0.1,0.5,643769
1077,There are many cars and buses on the busy highway.,mscoco,2599,0.0,0.047619047619047616,627506
1078,Three zebras are standing in a grassy field.,mscoco,1023,0.9,1.0,381235
1079,A kid in green shoes on a skateboard,mscoco,3392,0.1,0.14285714285714285,247455
1080,Shower and toilet in compact toiler at a lodge.,mscoco,3457,0.0,0.005376344086021506,442122
1081,A man who is wearing a multicolored shirt and a tie.,mscoco,2893,0.1,0.16666666666666666,627234
1082,A blue cup and a green cell phone.,drawbench,23,0.0,0.0,23
1083,"A pizza with mushrooms, cheese and onions sitting on a table.",mscoco,2837,0.1,0.14285714285714285,336933
1084,There is a nice living room set up with nice furnitures.,mscoco,1723,0.2,1.0,598033
1085,A man is holding a drink and posing for a picture wearing a long tie.,mscoco,4626,0.0,0.006060606060606061,413285
1086,"A living room has a couch, a cluttered table, and a bicycle sitting in front of a glass door.",mscoco,1636,0.1,1.0,59778
1087,a green fire hydrant standing in the grass close to the street ,mscoco,1057,0.4,1.0,203634
1088,Commuter bus on roadway in large city with traffic.,mscoco,2436,0.2,0.3333333333333333,796754
1089,A plate of salad with other fruits and vegetables and a notebook.,mscoco,344,0.1,0.25,260086
1090,some oranges hanging from some branches of an orange tree,mscoco,3277,0.7,1.0,307528
1091,A woman sits at a table eating with her children on either side of her.,mscoco,731,0.2,1.0,667948
1092,Gourmet pizzas are now very popular in restaurants.,mscoco,3401,0.0,0.011363636363636364,628144
1093,A computer with a suspended monitor and keyboard on a desk.,mscoco,667,0.0,0.01694915254237288,365526
1094,A photocopy of a photograph of a painting of a sculpture of a giraffe.,drawbench,169,0.0,0.0,169
1095,A truck carries a load of police motorcycles.,mscoco,898,0.1,1.0,664738
1096,A single clock is sitting on a table.,drawbench,61,0.0,0.0008058017727639,61
1097,A dog sleeps in bed with a person.,mscoco,2337,0.5,1.0,203093
1098,Two zebra standing next to each other in a dry grass field.,mscoco,338,0.2,0.2,222112
1099,A group of businessmen pose in a lobby.,mscoco,1744,0.1,1.0,97167
1100,White painted fire hydrant on sidewalk near small brush.,mscoco,3685,0.2,1.0,726016
1101,A woman carries a bright orange umbrella in a city.,mscoco,150,0.3,0.3333333333333333,742947
1102,Two men are sitting on a couch in the background and a Wii controller is in the foreground.,mscoco,10,0.1,0.1,649868
1103,Black and white photograph of a skate boarder climbing his board,mscoco,4715,0.1,0.1111111111111111,395616
1104,A young girl in pink holding a set of skis.,mscoco,3425,0.1,0.125,674067
1105,A close up of a frying pan with pieces of broccoli.,mscoco,3849,0.9,1.0,379782
1106,Tortilla cooking over hot coals with meat onion and pepper filling.,mscoco,4603,0.0,0.020833333333333332,656794
1107,An airplane is seen flying over several trees.,mscoco,2464,0.9,1.0,572503
1108,The tower of the building has a clock displayed on it. ,mscoco,202,0.2,0.5,417179
1109,Sheep laying and eating hay in an enclosure.,mscoco,2602,0.1,1.0,261547
1110,The flower arrangement has red berries and green leaves.,mscoco,756,0.1,0.5,295956
1111,two females wearing blue pants playing tennis in a tennis court,mscoco,2544,0.0,0.07692307692307693,448968
1112,A person riding a surfboard on the waves.,mscoco,393,0.2,1.0,213117
1113,A person takes a selfie in a school bus mirror.,mscoco,5884,0.3,0.5,729300
1114,A person is surfing on small waves in the ocean.,mscoco,755,0.4,0.5,724906
1115,A man riding a brown horse wearing a blue shirt. ,mscoco,1681,0.1,0.2,663906
1116,A man uses a cell phone while sitting on a curb.,mscoco,3343,0.2,1.0,739336
1117,Two people standing near the beach with their bikes,mscoco,2468,0.4,1.0,384965
1118,A girl is sitting at a table playing with her phone.,mscoco,793,0.3,0.5,323294
1119,Two people standing next to each other and holding snowboards.,mscoco,133,0.5,1.0,737839
1120,A man in a suit smiles and looks at the camera. ,mscoco,3611,0.6,0.5,706805
1121,A young man is skateboarding on a ramp.,mscoco,1953,0.6,0.5,391608
1122,Player swinging at ball with catcher holding glove out,mscoco,5680,0.1,0.5,569476
1123,A couple of young men sitting in a living room with plates of food.,mscoco,1474,0.1,0.25,462523
1124,A home office with a glass desktop and picture window.,mscoco,3735,0.0,0.02631578947368421,94444
1125,A black and white photo of a small room .,mscoco,3114,0.6,1.0,235406
1126,A vase of wilting roses sits by a window with white polka dot curtains.,mscoco,5779,0.1,1.0,426885
1127,A horse walks beside an old building near a cliff,mscoco,983,0.1,1.0,753290
1128,Two photos of a man hitting a ball with a tennis racket. ,mscoco,1810,0.7,1.0,81005
1129,A man sits on a stool in a kitchen.,mscoco,3478,0.1,1.0,756908
1130,A man flying through the air while riding a snowboard.,mscoco,1375,0.6,1.0,692556
1131,A dollhouse kitchen is decorated with bright colors. ,mscoco,185,0.4,1.0,619251
1132,A man holds a young baby in a blanket while playing Wii.,mscoco,1857,0.2,1.0,266534
1133,Two young children standing in a tennis court holding tennis gear.,mscoco,2982,0.3,1.0,116232
1134,A brown teddy bear with a maroon shirt on.,mscoco,1531,0.0,0.06666666666666667,309923
1135,A baseball player batting a ball with a catcher and umpire standing behind him.,mscoco,3888,0.3,1.0,252990
1136,A restaurant table is lined with various breakfast plates of food.,mscoco,507,0.4,1.0,126700
1137,This black and white photo shows several people walking down the sidewalk with luggage.,mscoco,358,0.2,0.3333333333333333,651052
1138,Old orange and yellow bus parked on grass near wood shed.,mscoco,2266,0.1,1.0,358302
1139,A woman in shorts and heels waiting on a train platform,mscoco,5555,0.1,0.5,105536
1140,A man in a suit holding his hat.,mscoco,4491,0.2,0.2,143124
1141,An office desk holding multiple computers and various supplies.,mscoco,1084,0.3,0.5,28894
1142,A picture of a train pulling into a station.,mscoco,112,0.3,1.0,272213
1143,A man plays Frisbee with some other people in a gymnasium. ,mscoco,4763,0.5,1.0,476902
1144,A tennis player hitting the ball from a high point.,mscoco,1663,0.3,0.16666666666666666,711782
1145,Five cars on the street.,drawbench,39,0.0,0.03125,39
1146,A baseball player is swinging a bat at a ball.,mscoco,2496,0.5,0.5,817840
1147,A black and white cat is standing on the window. ,mscoco,4279,0.6,1.0,270432
1148,People flying kites on the beach with others walking along the beach.,mscoco,5075,0.9,1.0,54708
1149,The large yellow flowers are inside a clear glass vase.,mscoco,5372,0.6,1.0,104266
1150,"Legs of man with tattoos, standing on towel with cat, in bathroom. ",mscoco,2822,0.1,1.0,123270
1151,Two bears play fight while swimming in a stream.,mscoco,2838,0.7,1.0,209896
1152,A yellow and black motor bike on a dirt path. ,mscoco,1770,0.3,1.0,509199
1153,A cat that is sitting next to a backpack.,mscoco,1002,0.4,0.25,799020
1154,Old personal window frame in the side of a personal kitchen.,mscoco,4380,0.1,1.0,664779
1155,A glove is tied to a stop sign on a street corner. ,mscoco,1916,0.1,1.0,127072
1156,A green and yellow truck is driving on the road.,mscoco,2199,0.2,1.0,34215
1157,The tennis player is poised to serve a ball.,mscoco,3925,0.2,0.16666666666666666,460612
1158,An ornate outdoor clock with streetlamps above and below it.,mscoco,5718,0.1,0.2,664989
1159,Angry cat on top of clothing packed in luggage case.,mscoco,5182,0.1,0.3333333333333333,317234
1160,These three people are dressed up in costumes. ,mscoco,1445,0.2,1.0,355662
1161,A white and black dog is wearing a winter hat.,mscoco,3148,0.3,1.0,702276
1162,a plate with a flower made of tangerines,mscoco,1492,0.1,0.3333333333333333,354828
1163,A child stands on skis in a snowy area.,mscoco,2229,0.7,1.0,751778
1164,Darkly lit living room with large picture window with a view of sunshine and large clouds.,mscoco,1766,0.1,1.0,535668
1165,Bowl of pastas with vegetables displayed for consumption.,mscoco,2079,0.8,1.0,703752
1166,Several layered cakes are displayed on a finishing table at a bakery.,mscoco,3120,0.1,0.16666666666666666,129471
1167,Black and white photograph of a cat in a window.,mscoco,802,0.5,0.3333333333333333,388091
1168,Girl waving sword in front of boat with cooler ,mscoco,3971,0.1,1.0,377313
1169,A kitchen area with a dining table and counter.,mscoco,5155,0.2,0.14285714285714285,209714
1170,a sandwich on wheat bread sits on a plate,mscoco,3899,0.0,0.004405286343612335,714862
1171,A man swinging a tennis racquet on a court.,mscoco,1721,0.4,0.25,461894
1172,An apple mouse sitting by a book and keyboard.,mscoco,3107,0.3,0.16666666666666666,603090
1173,Three people look around the living room of a house. ,mscoco,5356,0.0,0.021739130434782608,510713
1174,Two men playing a game of frisbee on the beach.,mscoco,3827,0.6,0.5,808130
1175,SEVERAL PEOPLE STANDING NEAR A PARKING METER ON THE SIDEWALK,mscoco,1652,0.2,0.5,512414
1176,A man with a black wet suit rides a white surfboard.,mscoco,1728,0.6,0.5,193244
1177,Many giraffes stand next to a large tree. ,mscoco,4982,0.2,1.0,657388
1178,The young man is throwing the baseball during a game.,mscoco,5072,0.1,0.1,601708
1179,a sandwich with chips on top in a box next to a soft drink,mscoco,213,0.0,0.025,573772
1180,A group of people flying several kites close to the water.,mscoco,3870,0.8,1.0,678991
1181,Duck leaning forward towards a body of water from a concrete footing. ,mscoco,5065,0.1,0.5,84589
1182,A man in a hat and glasses taking a bite from a hot dog.,mscoco,4767,0.4,1.0,307829
1183,A living room is shown with couches and a table.,mscoco,2239,0.5,0.5,369692
1184,"a bird sitting on a tree stump in a forest
",mscoco,2189,0.1,0.125,387981
1185,Various photographs of food that include a sausage and deep fried bread.,mscoco,1446,0.1,1.0,199409
1186,some white plates with many different food items and a person,mscoco,4422,0.1,1.0,306651
1187,A clock tower in space next to street corner.,mscoco,3047,0.4,0.5,324998
1188,"A plate of food with tomatoes, broccoli and strawberries on it. ",mscoco,4339,0.2,0.5,362181
1189,A person with a backpack standing on skis on a mountain trail.,mscoco,812,0.2,0.16666666666666666,325884
1190,A person skiing down a slope while others ride the lift in the background.,mscoco,2047,0.3,0.2,246637
1191,Bearded man on a skateboard riding down a street.,mscoco,498,0.2,0.5,242688
1192,A black and white dog wearing a red bow tie.,mscoco,1339,0.1,1.0,215442
1193,A small brown crocheted stuffed animal on display.,mscoco,3889,0.1,1.0,33507
1194,"A bathroom with sink, and toilet are shown in the image.",mscoco,1569,0.4,0.5,729265
1195,Tennis player in  a white shirt holding a racket,mscoco,4296,0.4,0.5,492009
1196,Nuts and dried fruits in a canister; carrots and celery in another; red grapefruit in yet another.,mscoco,5782,0.1,0.5,323886
1197,A laptop with a colorful screen is sitting on a glass top desk.,mscoco,2353,0.1,1.0,126969
1198,A wooden desk with a laptop sitting on it.,mscoco,5068,0.5,0.5,785815
1199,A view of a street out in an open area ,mscoco,3552,0.0,0.07692307692307693,570649
1200,"a plate filled with cheese slices, bacon, donuts, and beef patties ",mscoco,2621,0.1,1.0,437251
1201,"A person in motorcycle apparel from the back, standing in front of a person in motorcycle apparel on a motorcycle from the side, on pave surface by water.",mscoco,2882,0.1,1.0,661668
1202,Someone prepares salads as part of a healthy meal.,mscoco,5281,0.1,1.0,349534
1203,a bathroom that has a toilet and a bathtub,mscoco,1763,0.9,1.0,782631
1204,A delicious meatball sandwich topped with marinara sauce and Parmesan cheese.,mscoco,1156,0.1,0.25,27585
1205,A shirtless man riding a wave on a surfboard,mscoco,1441,0.5,0.5,487508
1206,A street lined with buildings and red double deck buses.,mscoco,430,0.5,0.2,286358
1207,two zebras walking  next to each other across a field ,mscoco,1318,0.5,1.0,499161
1208,An elephant being led down a sidewalk as cattle graze near a large castle.,mscoco,2423,0.1,0.5,751531
1209,Small bird standing on a tree limb next to an apple.,mscoco,996,1.0,1.0,626965
1210,Orange and white cat sitting on a stair looking at black shoes. ,mscoco,5617,0.1,1.0,555566
1211,A man with glasses is wearing three ties while holding a camera.,mscoco,5498,0.1,0.125,479998
1212,A dog is sitting on a table at a grooming parlor. ,mscoco,1302,0.1,1.0,508784
1213,female tennis player running to intercept the ball,mscoco,4995,0.2,1.0,199446
1214,Many stuffed bears are on display in the window. ,mscoco,5519,0.9,1.0,737969
1215,A group of men on skis in a race.,mscoco,3183,0.5,1.0,286570
1216,A plate of doughnuts sitting on a table. ,mscoco,3184,0.6,1.0,785395
1217,A black and white dog wearing a hat in a field.,mscoco,2795,0.1,1.0,193958
1218,Several people ride surfboards in the ocean waves.,mscoco,4454,0.5,1.0,658349
1219,People riding on elephants that are walking through a river. ,mscoco,5266,1.0,1.0,227157
1220,A city street with construction signs and barriers.,mscoco,4574,0.0,0.034482758620689655,333987
1221,A person laying on a couch with a cat on their abdomen.,mscoco,1184,0.2,0.5,543193
1222,A woman walks down an alley with an umbrella.  ,mscoco,1519,0.6,1.0,162301
1223,A wet sand area with three people in wet suits and a aqua surfboard with a white horizontal stripe.,mscoco,3536,0.0,0.037037037037037035,515820
1224,A boy is sitting at a table eating doughnuts.,mscoco,4585,0.2,1.0,379963
1225,A street sign and restaurant sign and several people standing on a corner.,mscoco,4254,0.0,0.008,163842
1226,A man standing behind a large pizza that has a variety of toppings on it.,mscoco,5775,0.4,1.0,294626
1227,A woman and man talk in front of a train.,mscoco,1062,0.0,0.001310615989515072,11592
1228,young man skateboarding on a railing at dark,mscoco,2791,0.1,0.2,795592
1229,Two round sinks are in a wooden counter top next to a large mirror.,mscoco,2381,0.1,1.0,261525
1230,A large jet plane that is flying in the air.,mscoco,4301,0.3,1.0,364338
1231,a young child on a beach with a kite flying in the sky,mscoco,1833,0.8,1.0,327858
1232,a tennis player about to hit a tennis ball.,mscoco,3306,0.3,0.3333333333333333,250253
1233,A microwave sitting in a small kitchen area.,mscoco,452,0.0,0.058823529411764705,481267
1234,A lone skier is skiing down a path.,mscoco,5808,0.1,0.2,145688
1235,A train sits at an empty station in the daylight.,mscoco,4753,0.2,1.0,50405
1236,A train engine carrying a small cart of people.,mscoco,1591,0.1,0.1111111111111111,688206
1237,A young woman sits in bed combing her hair.,mscoco,28,0.2,1.0,760207
1238,Street signs at the corner of Kalakaua and Paoakalani avenue.,mscoco,4850,0.1,1.0,19586
1239,"Two men standing with signpost with words ""Tewodros St.""",mscoco,5086,0.1,1.0,371313
1240,The dual image shows a woman stretching to hit a tennis ball.,mscoco,5363,0.7,1.0,409625
1241,a small kid wearing a uniform playing soccer.,mscoco,4387,0.2,1.0,476274
1242,A bathroom wall with a vanity mirror and sink.,mscoco,5908,0.5,1.0,71640
1243,A baby in a highchair with a slice of cake and a spoon.,mscoco,2584,0.1,1.0,561707
1244,A wooden bowl of cooked broccoli and cauliflower.,mscoco,2598,0.1,1.0,204548
1245,A man poses with a small child and a surfboard on a beach.,mscoco,2710,0.1,0.16666666666666666,806173
1246,A booth at an event displays stacks of vintage suitcases and a trunk.,mscoco,5272,0.1,0.25,739419
1247,Black and white image of thin cows near a waterway.,mscoco,970,0.4,0.5,340488
1248,A small bathroom has yellow wallpaper and tile.,mscoco,5175,0.2,0.3333333333333333,587067
1249,A plate has several small decorative donuts. ,mscoco,1861,0.6,1.0,411443
1250,A bowl of food that includes vegetables and fried foods.,mscoco,1177,0.1,1.0,202521
1251,A close up view of a man riding the waves on his board.,mscoco,2165,0.4,0.5,366184
1252,A white vase holds a bouquet of red roses.,mscoco,3002,0.1,1.0,746840
1253,Many double decked buses are lined on a bridge and three of them are red and one is blue.,mscoco,5618,0.0,0.09090909090909091,409068
1254,"Toothpaste, toothbrushes, deodorant, shampoo, nutrition bars and lotion.",mscoco,5050,0.1,1.0,603596
1255,A picture of a young man doing stunts on a skateboard. ,mscoco,2765,0.1,0.1111111111111111,637162
1256,Modern kitchenette with stainless steel appliances and black cabinets.,mscoco,422,0.6,0.5,726687
1257,Woman standing under umbrella in the rain near railroad tracks.,mscoco,2455,0.1,1.0,641692
1258,A rib sandwich in a box with french fries on the side,mscoco,3097,0.1,1.0,31558
1259,A train wreck with cars submerged in water. ,mscoco,3305,0.1,1.0,13369
1260,A bus is parked near a bus stop on a street. ,mscoco,1308,0.6,0.5,477054
1261,Grilled chicken breast served with broccoli on a red plate.,mscoco,1984,0.1,0.5,400223
1262,A teddy bear wearing overalls sitting on a railing pole,mscoco,1470,0.1,0.125,75124
1263,A man standing in a dark field while holding a Frisbee.,mscoco,4732,0.3,1.0,13186
1264,a group of people standing in the snow on snow boards next to the woods,mscoco,481,0.0,0.06666666666666667,672648
1265,A view from a plane window near a large snowy peak.,mscoco,728,0.9,0.5,294858
1266,A green double decker tour bus advertises a hamburger tour.,mscoco,5034,0.0,0.08333333333333333,197149
1267,Bananas connected to forks attached to wood in an electrical experiment.,mscoco,2998,0.3,1.0,240407
1268,A black and a white horse are grazing in a green pasture.,mscoco,1896,0.1,0.3333333333333333,667340
1269,Adults gathered in living room playing video games.,mscoco,4823,0.6,0.5,691983
1270,A brown and white sheep is standing in the grass.,mscoco,3586,0.0,0.014285714285714285,773521
1271,Man playing a guitar while in a store.,mscoco,2237,0.1,1.0,448561
1272,A city passenger bus on a street that has construction cones on the lanes on the street.,mscoco,3492,0.1,1.0,599941
1273,Two busses on street next to cars with buildings in the background.,mscoco,3504,0.1,1.0,329837
1274,Female tennis player during mid swing on court.,mscoco,3039,0.1,0.1111111111111111,737055
1275,A white plate holds an ear of corn and a pasta salad with vegetables and eggs. ,mscoco,2836,0.1,0.5,163333
1276,A woman smiles as she holds a lemon over a plate of fish.,mscoco,2062,0.0,0.04,492037
1277,A man that is standing next to a table with bread.,mscoco,2151,0.0,0.02040816326530612,472314
1278,large group of people standing next to very old style air plane,mscoco,3174,0.3,0.5,744305
1279,A commercial jet with its wheels down in a blue sky,mscoco,1562,0.8,1.0,548964
1280,Side by side image of same photo of tennis player aiming for ball.,mscoco,5164,0.9,1.0,80087
1281,A young man dressed in blue jeans and a hat standing on a sidewalk.,mscoco,1905,0.1,1.0,633484
1282,a black and white photo with a double decker bus in color,mscoco,3574,0.3,0.25,791057
1283,A man with glasses smiles as he holds a cell phone.,mscoco,1366,0.3,1.0,107391
1284,A man with long hair using a laptop computer.,mscoco,2960,0.1,0.5,112757
1285,black and white image of a motorcycle rider going down the freeway,mscoco,1362,0.1,1.0,716834
1286,A squirrel eating seeds on a platform in a garden,mscoco,337,0.1,1.0,300574
1287,A group of people are standing in the snow on skis.,mscoco,2080,0.7,0.5,697775
1288,People on elephant with umbrella in jungle area,mscoco,550,0.0,0.07692307692307693,378523
1289,Panoramic photograph of a living room in December,mscoco,5753,0.3,0.5,146830
1290,Black and white picture of a motorcycle racing.,mscoco,2396,0.1,0.125,463052
1291,A building with a clock tower and a bird statue on top ,mscoco,3589,0.2,0.5,465845
1292,A woman standing on a tennis court with a tennis racket in her hand. ,mscoco,3270,0.6,1.0,707624
1293,A skateboarder performing tricks at a park while a man watches.,mscoco,1240,0.0,0.002369668246445498,260445
1294,a stop sign altered to say 'stop hammertime',mscoco,2971,0.8,1.0,507839
1295,A wide street with parked cars and brick buildings. ,mscoco,1959,0.7,0.5,711106
1296,Food items are sitting on a tray with a clock sitting in front.,mscoco,2194,0.1,1.0,162640
1297,A woman with a black polka dot umbrella walking down a street.,mscoco,3069,0.1,0.2,414481
1298,A street with a building that has a black iron gate that is closed and signs on and next to it.,mscoco,5471,0.0,0.03125,203244
1299,Some of the salad in the container is placed in a bowl.,mscoco,5181,0.1,1.0,377655
1300,a living room with a a desk and a monitor ,mscoco,601,0.1,0.5,660956
1301,A kid riding a toy horse in a day care.,mscoco,4917,0.1,1.0,110050
1302,An engine with a propeller blade attached in a large open building.,mscoco,2254,0.0,0.030303030303030304,629051
1303,A blue motorcycle parked in a parking space.,mscoco,1824,0.7,1.0,816527
1304,A woman holds a rainbow kite while standing in the middle of a field.,mscoco,3033,0.3,1.0,48320
1305,Horse mounted police lined up on street at night.,mscoco,5822,0.2,1.0,432415
1306,close up of a black bird in the grass,mscoco,4274,0.4,1.0,649677
1307,A person on white surfboard next to group in an ocean.,mscoco,1614,0.1,0.125,266627
1308,A horse figure is on a snowy track,mscoco,941,0.5,1.0,562057
1309,Skateboarder with different color socks holding up his board. ,mscoco,1800,0.0,0.04,764505
1310,A white car is shown on a computer monitor.,mscoco,194,0.1,1.0,654070
1311,The view out the window of a passenger train.,mscoco,1190,0.2,0.5,86833
1312,A cat stretches its arm to play with a computer mouse.,mscoco,4852,0.1,0.16666666666666666,106237
1313,"A very formally styled wedding cake, decorated in white icing and adorned with green ribbons and pink flowers. ",mscoco,2230,0.1,1.0,90657
1314,Two people flying a kite on the beach.,mscoco,809,0.7,1.0,96558
1315,a military event with a group of people cutting a cake,mscoco,2163,0.9,1.0,80723
1316,THIS IS A CLOSE UP PHOTO OF A PERSON HOLDING A WII REMOTE,mscoco,4365,0.9,1.0,743371
1317,A blue and yellow train traveling across a rail bridge.,mscoco,1986,0.1,0.2,589453
1318,a man standing on one foot while playing a game of tennis ,mscoco,3526,0.0,0.047619047619047616,417634
1319,Two people standing on snowboards in the snow.,mscoco,1558,0.5,1.0,798615
1320,A group of people standing around a pile of luggage.,mscoco,4731,0.3,1.0,231315
1321,A purple commuter train at a train station.,mscoco,1462,0.1,1.0,57507
1322,Two women walking down the street holding umbrellas.,mscoco,1720,0.4,0.5,357331
1323,A man that is standing on a skateboard.,mscoco,2660,0.5,0.3333333333333333,580500
1324,A woman lying in a bed looking at a laptop.,mscoco,5630,0.6,1.0,709327
1325,A single passenger train car sits on a track.,mscoco,1137,0.3,1.0,10517
1326,People walking along a beach with rough surf and parasailers.,mscoco,780,0.0,0.014705882352941176,812468
1327,A man in a yellow jacket making a sandwich.,mscoco,1404,0.0,0.08333333333333333,254734
1328,Rugby player prepares to make a move to avoid other team. ,mscoco,5477,0.1,1.0,50605
1329,three cows standing in large a field of tall grass,mscoco,2647,0.2,0.125,33460
1330,"A spread of fruit includes apples, watermelon, bananas, pineapple, and more.",mscoco,4810,0.3,0.16666666666666666,226223
1331,Seven cows are lined up while being milked.,mscoco,3304,0.0,0.05263157894736842,201768
1332,A person reaching towards a Frisbee that is near a window. ,mscoco,3793,0.1,1.0,767101
1333,The dinner setup includes a glass of wine and a small pizza.,mscoco,2103,0.1,0.2,790402
1334,Small dog wearing sweater holding disc in mouth while being petted.,mscoco,4586,0.2,1.0,422888
1335,Two women playing a video game with hand held controllers.,mscoco,4556,0.9,1.0,101750
1336,An old pickup truck is parked in front of a parking meter.,mscoco,286,0.2,0.5,304202
1337,A cat sitting in a bowl on top of a table.,mscoco,4183,0.8,1.0,538855
1338,A man walks with his surfboard along the beach.,mscoco,1208,0.9,1.0,65614
1339,Two young people taking a picture of a pizza in a box.,mscoco,4294,0.0,0.045454545454545456,532326
1340,A shirtless man skateboards in a parking lot with parked cars.,mscoco,3464,0.1,0.5,764436
1341,a cat that is standing up on a chair,mscoco,3035,0.4,0.5,700891
1342,A bidet and a toilet in a bathroom.,mscoco,170,0.5,1.0,138145
1343,a tennis player hitting a serve on the court,mscoco,2770,0.6,0.3333333333333333,405011
1344,a fedex truck driving away from a building with a bench and bikes,mscoco,1915,0.1,1.0,697694
1345,"Black and white photo of ocean side with horses walking out of water, boats under cloudy sky, processing imperfections on left and right side of photo.",mscoco,2262,0.1,1.0,127736
1346,A train is making its way through the town on the tracks.,mscoco,2597,0.3,1.0,507237
1347,two zebras walking around their pen at the zoo,mscoco,3956,0.6,0.2,254317
1348,A skate park with several children playing on skateboards,mscoco,1429,0.6,1.0,308263
1349,A giraffe is standing inside a wet enclosure.,mscoco,486,0.2,0.3333333333333333,702140
1350,Many donuts are on the cooking grill of a fryer.,mscoco,5712,0.4,1.0,298884
1351,A plane is displayed on the top of a building.,mscoco,5762,0.0,0.04,734308
1352,"A living room with two large couches, a coffee table, a television and an animal crate.",mscoco,377,0.0,0.005208333333333333,280379
1353,Four giraffes are standing together inside a fenced-in area. ,mscoco,1272,0.3,0.5,824293
1354,A flat screen tv in a living room with several windows.,mscoco,5268,0.3,1.0,334254
1355,A pack of elephants are walking through the terrain.,mscoco,3690,0.8,1.0,57203
1356,"A brick building with yellow doors and shutters leads to a courtyard area with a person bent over one of two pallets with pink pillows, a sitting dog, and a number of long-legged birds.    ",mscoco,5423,0.1,0.14285714285714285,776206
1357,A dog jumping to catch a flying frisbee in a yard.,mscoco,824,0.7,0.5,674353
1358,A bottle of fresh milk sits beside a container of chocolate cookies and 3 tangerines on a table. ,mscoco,50,0.1,1.0,323600
1359,A commercial stove top with many pots being used.,mscoco,574,0.1,0.3333333333333333,250547
1360,A little girl sitting at a table eating a donut. ,mscoco,593,0.7,1.0,535126
1361,A person takes photos of sheep laying down. ,mscoco,4486,0.1,0.5,529946
1362,A brown and tan bird on a white plate with a persons hand holding a fork.,mscoco,3606,0.1,1.0,338949
1363,A man performing a stunt on a skateboard on a sidewalk.,mscoco,886,0.4,0.5,56729
1364,A man in brown sitting on a motorcycle,mscoco,4161,0.1,0.1,666316
1365,A maintenance worker is utilizing a stair cart to clean the windshield of an aircraft.,mscoco,3356,0.1,1.0,79408
1366,A stop sign along a road is vandalized with graffiti.,mscoco,4441,0.9,1.0,823582
1367,two people having fun in a storage room with boxes,mscoco,5900,0.0,0.07692307692307693,279292
1368,Professional baseball players giving each other a high five by the dugout,mscoco,5295,0.4,0.3333333333333333,622259
1369,A white boat on water with seagulls and umbrella in the foreground.,mscoco,4134,0.0,0.02564102564102564,229781
1370,A living area with a table and chairs and various art.,mscoco,2668,0.1,0.1,293128
1371,Many people are walking along a crowded market place.,mscoco,1247,0.2,0.16666666666666666,175673
1372,A sandwich with egg and ham and spinach,mscoco,5534,0.2,1.0,315416
1373,A zebra is standing in tall grass near a tree.,mscoco,4127,0.2,0.14285714285714285,82700
1374,a zebra laying on a hill with grass ,mscoco,2695,0.1,0.5,592070
1375,Glass vase with floral arrangement and large ribbon on table.,mscoco,2433,0.1,1.0,633991
1376,A collage of white squares with pictures of different meals.,mscoco,1755,0.1,1.0,744985
1377,A young girl in a helmet riding a skateboard.,mscoco,3738,0.7,1.0,22666
1378,A herd of three cattle walking together in a grassy area.,mscoco,3135,0.1,1.0,776937
1379,Woman in green shirt and black pants talking on cellphone. ,mscoco,3579,0.0,0.07692307692307693,213480
1380,A baseball game in progress with the batter up to plate.,mscoco,3732,0.1,0.25,247802
1381,A beige bathroom with a phone beside the toilet.,mscoco,3564,0.2,1.0,321205
1382,A woman that is holding a racquet hitting a ball.,mscoco,4539,0.3,1.0,422516
1383,A man in a grass field catching a frisbee.,mscoco,2800,0.7,0.5,183336
1384,A young skateboarder attempts a rick on a concrete block.,mscoco,5625,0.0,0.004366812227074236,22778
1385,A man doing a kick flip on a skateboard.,mscoco,1489,0.2,1.0,329383
1386,a brown and white horse and three brown black and white cows,mscoco,4056,0.1,1.0,204733
1387,A clock is posted on the front of a building.,mscoco,2382,0.3,0.2,291530
1388,"A domesticated carnivvorous mzammal that typicbally hfaas a lons sfnout, an acxujte sense off osmell, noneetractaaln crlaws, anid xbarkring,y howlingu, or whining rvoiche.",drawbench,112,0.1,0.16666666666666666,112
1389,This is an image of tow urinals in black and white.,mscoco,2104,0.2,1.0,92328
1390,Small couch sitting in the living room with green carpeting. ,mscoco,4062,0.0,0.0027472527472527475,772952
1391,A laptop and computer monitor sit adjacent to one another on a desk top.,mscoco,3576,0.8,0.5,107812
1392,Three zebras standing next to each other with heads together.,mscoco,2942,0.1,1.0,45053
1393,A plate of food that includes broccoli and white dough balls.,mscoco,3065,0.1,1.0,333932
1394,a yellow bird that is on a branch,mscoco,851,1.0,1.0,784689
1395,Four people on horseback stand at the shore on a beach.,mscoco,5568,0.1,0.5,164060
1396,Water floods an area with trees and street signs.,mscoco,5807,0.6,1.0,573622
1397,A fork and paper plate of chocolate cake on a desk.,mscoco,5454,0.1,1.0,296981
1398,A large empty kitchen is shown with white cabinetry.,mscoco,2525,0.6,1.0,290589
1399,"Office desk with a laptop, computer monitor, and other electronic utilities. ",mscoco,5482,0.3,0.2,108352
1400,SEVERAL CLEAR VASES ARE ON THE TABLE WITH TULIPS IN EACH ONE,mscoco,1175,0.1,1.0,715007
1401,Black and white Toyota truck with two dogs on back.,mscoco,4864,0.1,0.5,363930
1402,A man wearing a hard hat talks on a phone.,mscoco,4523,0.1,0.1111111111111111,811893
1403,A professional baseball player holding a bat on the baseball field. ,mscoco,2925,0.5,0.2,776097
1404,A skateboarder rides the rim at a skate park.,mscoco,5089,0.2,0.25,139211
1405,Two people standing near a red and white food truck. ,mscoco,2702,0.1,0.25,816831
1406,A man wearing a helmet is riding a motorcycle.,mscoco,1621,0.9,1.0,682473
1407,Side by side photos of a woman playing tennis. ,mscoco,4923,0.9,1.0,110293
1408,A group of people playing Wii games. ,mscoco,1241,1.0,1.0,624329
1409,An apple is growing and near ripe for eating,mscoco,5966,0.2,1.0,81926
1410,A man riding on a snowboard jumping over a hill.,mscoco,4030,0.6,0.2,238039
1411,A banana tree filled with lots of unripe bananas.,mscoco,3265,0.9,1.0,218811
1412,A group of men sitting on a snow slope while attached to snowboard.,mscoco,3131,0.9,1.0,226038
1413,a white couch tan pillows coffee table and a television set,mscoco,3070,0.1,1.0,546244
1414,a player is swinging a baseball bat during a game,mscoco,1074,0.4,0.2,234177
1415,A young man going down a ramp on his skateboard at a skateboard park.,mscoco,3161,0.1,0.25,444843
1416,A woman sitting at a table with a pizza in a box ,mscoco,4144,0.3,1.0,553884
1417,Small single engine airplane on a small runway. ,mscoco,3516,0.7,1.0,80571
1418,A man sitting in front of a laptop computer.,mscoco,4815,0.8,1.0,718937
1419,Broccoli and other vegetables displayed in a market.,mscoco,1355,0.5,1.0,744995
1420,A large purple flower is in a green vase.,mscoco,2774,0.3,1.0,294701
1421,The large industrial kitchen is very organized and clean.,mscoco,2786,0.1,0.25,661966
1422,A kitchen with a white trash can and cleaning supplies,mscoco,455,0.0,0.058823529411764705,589029
1423,A group of people gather in a kitchen with wine.,mscoco,3158,0.2,0.14285714285714285,197359
1424,a woman is standing in front of a horse,mscoco,4530,0.6,0.5,810903
1425,A bride and groom cut their wedding cake.,mscoco,5623,1.0,1.0,829606
1426,Airplane with vintage bus in front of air plane hangar,mscoco,4975,0.1,0.2,372218
1427,A pile of apples lying underneath a tree on the ground.,mscoco,2505,0.1,0.3333333333333333,514413
1428,A platter of sliced fruit including oranges and apples.,mscoco,5667,0.4,0.5,209161
1429,Close up of a hand writing on a tablet computer with a pen,mscoco,3242,0.1,0.5,149919
1430,A cross-country skier sprints to the finish line.,mscoco,5091,0.0,0.037037037037037035,234343
1431,A box filled with various types of donuts.,mscoco,783,0.8,1.0,582697
1432,A group of teenagers dressed as zombies mill about.,mscoco,363,0.4,0.5,597069
1433,A dog with his teeth showing and semis and a car in the background. ,mscoco,2457,0.1,1.0,451523
1434,A young man is enjoying a day of water skiing. ,mscoco,2900,0.2,1.0,454260
1435,several children are playing soccer on a field.,mscoco,49,1.0,1.0,39306
1436,The skateboarder makes a jump in the bright sunlight.,mscoco,5262,0.2,1.0,583481
1437,A person standing by a cone on a street.,mscoco,5241,0.1,0.1111111111111111,528971
1438,Two people in hats sit on a park bench.,mscoco,1370,0.2,0.2,83034
1439,Black and white photograph of a person doing a trick on a skateboard.,mscoco,3436,0.4,0.3333333333333333,373967
1440,Man wearing a helmet and knee pad skateboarding down a hill.,mscoco,3719,0.0,0.07142857142857142,244716
1441,"The preparation of salmon, asparagus and lemons. ",mscoco,5847,0.1,1.0,6108
1442,a man in an orange shirt and a man i a stripped shirt petting an elephant ,mscoco,2075,0.1,1.0,398321
1443,A doughnut bag with a sprinkle doughnut next to it,mscoco,1542,0.2,1.0,91169
1444,A man smiling while holding a Frisbee in his hands.,mscoco,2591,0.3,1.0,797894
1445,A set of luggage on a hotel room bed.,mscoco,5899,0.4,1.0,27724
1446,Two people lick fruit with costumes and hats on.,mscoco,255,0.1,1.0,159621
1447,A red four wheel drive pickup truck with dual rear wheel.s,mscoco,3821,0.1,0.5,789125
1448,A group of people in grassy area flying kites.,mscoco,1881,1.0,1.0,277446
1449,"A red traffic light has a ""sad face"" drawn on it.",mscoco,2121,0.2,1.0,272911
1450,A large broccoli plant has grows a big piece of broccoli.,mscoco,1348,1.0,1.0,107974
1451,A woman is taking a photo of her male companion's funnel cake.,mscoco,1606,0.1,1.0,25832
1452,A man and woman riding a bike in the street.,mscoco,284,0.1,0.16666666666666666,638096
1453,Four giraffes all walking and looking same direction and all same height in rocky field lined by short trees behind.,mscoco,5747,0.2,0.25,615728
1454,a man with a helmet snowboarding down a track,mscoco,782,0.1,0.3333333333333333,106588
1455,A woman that is standing on ski's in the snow.,mscoco,2585,0.7,1.0,747432
1456,"A teenager sitting in front of a store window talking on a cell phone.,",mscoco,4765,0.1,0.5,659779
1457,A stalk of ripe bananas on a white background,mscoco,3532,0.1,0.5,344792
1458,A skateboarder is on top of a cement ramp.,mscoco,4843,0.1,0.3333333333333333,497904
1459,Three giraffes eat from a post with their food attached to the top.,mscoco,3631,0.3,1.0,379563
1460,People playing a game on a television screen during an event. ,mscoco,2927,0.1,0.14285714285714285,592548
1461,A stop sign on a pole in a residential neighborhood.,mscoco,2947,0.2,0.14285714285714285,202705
1462,A red colored dog.,drawbench,4,0.0,9.539254030334828e-05,4
1463,Man in blue tennis uniform swinging his racket back. ,mscoco,5996,0.1,0.14285714285714285,132119
1464,A black and white view of a sculpture in an urban environment.,mscoco,906,0.1,1.0,358106
1465,A green double decker bus drives down a street.,mscoco,5763,0.8,1.0,34052
1466,Adult riding horse next to skiers on snow covered area.,mscoco,3230,0.1,0.5,432450
1467,A short white horse looking over a fence.,mscoco,4610,0.4,1.0,731270
1468,A man talking on a cell phone while wearing a yellow shirt.,mscoco,2932,0.1,1.0,586509
1469,Little girl with blonde hair sitting at a table while smiling.,mscoco,1324,0.2,0.3333333333333333,755804
1470,an image of a professional baseball game being played,mscoco,965,0.3,1.0,278988
1471,Elephant enjoying bath in deep pool in heavily fenced enclosure.,mscoco,3823,0.1,1.0,292613
1472,A black bear walking through a field by a road.,mscoco,2551,0.9,1.0,537902
1473,An adult and baby elephant standing together in a zoo pin.,mscoco,5513,0.8,1.0,325771
1474,A man performing a grind on his skateboard.,mscoco,4316,0.1,1.0,250563
1475,Skateboarder in mid air in an indoor facility.,mscoco,5749,0.0,0.08333333333333333,634089
1476,A boat travels through the water near a pier with a red lighthouse. ,mscoco,4005,0.3,0.5,278275
1477,A train passing under a bridge in the middle of a field.,mscoco,5932,0.1,0.2,539515
1478,a person standing over a squat down toilet ,mscoco,592,0.1,0.16666666666666666,662069
1479,Large passenger electric train passing through open field. ,mscoco,2100,0.2,1.0,41788
1480,a stop sign a light post a street sign and some white flowers,mscoco,1616,0.1,1.0,39603
1481,A stop light is in the foreground of a city photo.,mscoco,1919,0.5,0.5,51836
1482,"A dinner plate is arranged with meat, broccoli and carrots.",mscoco,661,0.3,0.5,225456
1483,a boy is on a skateboard jumping over a rock,mscoco,109,0.1,0.14285714285714285,141026
1484,A half eaten piece of pie sits on a plate with a silver fork.,mscoco,5628,0.1,0.1111111111111111,422901
1485,BUS THAT LOOKS LIKE ITS FROM THE FUTURE JUST SITTING STILL,mscoco,4237,0.0,0.011904761904761904,398127
1486,A man flying a kite in an open field.,mscoco,230,0.7,1.0,223508
1487,Man in blue and gray uniform throwing a baseball. ,mscoco,4434,0.2,0.25,424936
1488,A black and white picture of someone holding an umbrella. ,mscoco,3191,0.7,1.0,489670
1489,A laptop computer sits open on a wall mounted shelf above a tabletop.,mscoco,4567,0.1,0.5,643807
1490,"A sign advertising a festival on H Street, NE, Washington D.C.",mscoco,5838,0.0,0.05263157894736842,322200
1491,Two giraffes are standing inside a fenced area in a zoo.,mscoco,2068,0.6,1.0,242152
1492,"A bagel, cream cheese and lox is served with fresh cucumber and tomato slices. ",mscoco,557,0.1,0.5,750243
1493,A woman holds a basket with a hot dog while she is surrounded by two other people.,mscoco,2775,0.1,1.0,349684
1494,Three people sitting on a couch with coffee looking at a centerpiece on the coffee table.,mscoco,1554,0.1,1.0,612241
1495,"A potato, carrots, cabbage, and piece of meat sitting on a plate.",mscoco,3176,0.1,1.0,676339
1496,A baseball bat leaning agains a wall beside a yellow box.,mscoco,4095,0.0,0.07692307692307693,533930
1497,"A man wearing a red hat, eating a hotdog.",mscoco,5376,0.0,0.041666666666666664,506570
1498,Large brown cow tied up to a wooden post in a building. ,mscoco,5532,0.0,0.045454545454545456,556246
1499,a small dog is standing in a large kitchen,mscoco,16,0.2,1.0,738530
1500,Train with orange engine is pulling a long line of cars.,mscoco,934,0.2,0.125,517006
1501,A large square pizza being cut up by a person.,mscoco,1220,0.1,0.5,11140
1502,New York Skyline with 'Google Brain Toronto' written with fireworks on the sky.,drawbench,198,0.0,0.0,198
1503,An old truck and memorabilia are featured in an exhibit. ,mscoco,1332,0.1,1.0,671210
1504,A woman holds food in front of a food truck. ,mscoco,489,0.0,0.05263157894736842,258278
1505,A photo of a control box for the intersection.,mscoco,1913,0.1,0.25,375878
1506,A person cutting into a cake with a knife.,mscoco,2951,0.7,1.0,824718
1507,A double decker bus on a street in England,mscoco,4837,0.3,0.5,614287
1508,A view from above of clock tower in a plaza next to a beach at sunset.  ,mscoco,831,0.3,1.0,623486
1509,a black and white photo with a person on a skateboard,mscoco,707,0.2,0.14285714285714285,723128
1510,A teddy bear with a bow tie next to a bunny rabbit stuffed animal.,mscoco,3755,0.1,0.5,708181
1511,A man sitting in front of a pizza at a table.,mscoco,217,0.6,1.0,781724
1512,A man taking a big bite of a hot dog.,mscoco,1574,0.7,1.0,446230
1513,A boy and his mother feed a giraffe at the zoo,mscoco,3578,0.2,1.0,210176
1514,A woman sitting on a bench while talking on a cell phone.,mscoco,1504,0.4,1.0,186230
1515,Several young soccer players on the field during a game.,mscoco,3360,0.8,1.0,531472
1516,A toilet and sink are seen in this dirty bathroom.,mscoco,5793,0.5,1.0,629696
1517,A traffic sign with writing on it at an intersection. ,mscoco,1233,0.0,0.0625,570624
1518,A fried and breaded sandwich is topped with preserves.,mscoco,3903,0.1,0.1,356880
1519,A dog standing on the floor with a mesh cone on its head ,mscoco,2197,0.1,1.0,589132
1520,Baseball player delivering hit of the ball about to run.,mscoco,771,0.4,0.2,734675
1521,A woman sitting on a bench reading a book,mscoco,3351,0.7,1.0,421289
1522,A white stove stop oven in a kitchen.,mscoco,5840,0.9,1.0,167465
1523,A man in black jacket flying a kite on a beach.,mscoco,4766,0.3,0.5,277681
1524,An ornate antique bed is scene in a museum display.,mscoco,3958,0.3,1.0,113031
1525,The orange and white cat is sitting in a toilet bowl. ,mscoco,1467,0.2,1.0,773557
1526,A man riding a wave on his surf board.,mscoco,2354,0.7,1.0,546809
1527,A black dog is sitting under a man that sits cross-legged on a wall.,mscoco,2725,0.1,0.3333333333333333,384311
1528,A cat standing up against a window in a living room.,mscoco,3511,0.6,0.5,565718
1529,A crowd of people standing around a food truck.,mscoco,4128,0.7,0.5,121829
1530,"A living room contains a couch, chair, tables and a rug.",mscoco,4691,0.2,1.0,588352
1531,A group of people with snowboards in the snow.,mscoco,5842,0.6,1.0,440868
1532,A man is smiling as he enjoys a dessert at a restaurant.,mscoco,266,0.1,0.25,804755
1533,A small and cluttered bathroom is decorated in shades of brown and white.,mscoco,5195,0.3,0.5,633325
1534,A man sharing a smile with a child at a dinner table.,mscoco,105,0.2,0.3333333333333333,608262
1535,a person sitting on a bench using a cell phone ,mscoco,3040,0.4,1.0,817733
1536,a boy is flying a kite in a field,mscoco,2678,0.9,1.0,645310
1537,A man in a tie standing next to some people.,mscoco,1353,0.2,1.0,326711
1538,An adult elephant and a baby elephant are eating a bush.,mscoco,3629,0.2,0.3333333333333333,726357
1539,a table full of different kinds of yellow fruit.,mscoco,1875,0.1,0.25,313157
1540,Two white sheep graze in a grassy field.,mscoco,4818,0.0,0.07142857142857142,468252
1541,A young man riding a skateboard at a skate park.,mscoco,1894,0.5,1.0,71197
1542,A giraffe stands in front of two others near a fence.,mscoco,2515,0.2,0.25,46867
1543,A mattress that has a tag on the end of it.,mscoco,2854,0.1,0.5,799047
1544,Two little boys playing a game on a bed.,mscoco,4571,0.2,0.5,50110
1545,Black and white photograph of a flock of birds in flight,mscoco,2434,0.3,1.0,111511
1546,A toilet sits outside on slanted cement near a doorway.,mscoco,5269,0.1,0.1111111111111111,392948
1547,A woman drinks from a mug while a man prepares food.,mscoco,5500,0.1,1.0,280662
1548,A plate of chicken and broccoli and a pair of chop sticks.,mscoco,4369,0.1,0.16666666666666666,275247
1549,Three giraffes can be seen in zoo enclosures.,mscoco,1692,0.3,0.3333333333333333,683170
1550,A male professional tennis player serving the ball.,mscoco,315,0.4,0.3333333333333333,508797
1551,A man helps a woman to prepare a toothbrush outdoors.,mscoco,4498,0.1,1.0,809088
1552,A few people are walking on the beach carrying surfboards.,mscoco,4222,0.7,0.3333333333333333,565319
1553,A batter holding a bat with a catcher and umpire behind.,mscoco,4716,0.4,1.0,311600
1554,A giraffe turns its neck to preen its body.,mscoco,3441,0.0,0.003937007874015748,460112
1555,A man wearing a suit and tie with his hands on his head.,mscoco,616,0.3,1.0,416178
1556,A crowd of people walking on a brick street.,mscoco,939,0.1,1.0,267786
1557,A bathroom with wooden cabinets and tile flooring,mscoco,43,0.0,0.0625,388792
1558,An open refrigerator with several bottles of water,mscoco,5659,0.3,1.0,477110
1559,A pizza is served on a plate with water.,mscoco,4308,0.0,0.02040816326530612,45812
1560,A boy and a girl sitting on a couch while the boy is holding a cat. ,mscoco,3044,0.1,1.0,677416
1561,A large clock in the front of a building.,mscoco,1033,0.8,1.0,148437
1562,A box full of several powdered white doughnuts.,mscoco,2884,0.1,1.0,431620
1563,A group of kids sitting at a table with some food.,mscoco,1483,0.8,1.0,528670
1564,A white Apple mouse next to a white keyboard.,mscoco,5748,0.5,0.5,827310
1565,A man in a white outfit preparing to hit a tennis ball.,mscoco,2159,0.3,1.0,195975
1566,A stack of shutters and skis are in storage.,mscoco,5954,0.1,1.0,755226
1567,A cake mostly eaten made with blue icing,mscoco,4198,0.2,1.0,398872
1568,A fire hydrant and tv are shown next to a wall.,mscoco,3581,0.1,1.0,33295
1569,Two women and a baby are sitting on a wooden bench.,mscoco,883,0.1,1.0,195579
1570,A woman in black taking a picture of herself in a mirror.,mscoco,5357,0.5,0.5,483410
1571,Two large brown dogs sleeping on a bed.  ,mscoco,3413,0.1,0.25,560224
1572,A small kitten figurine on top of a cellphone screen.,mscoco,2637,0.1,1.0,177533
1573,A man in white shirt jumping on a  skateboard with fence in background.,mscoco,127,0.2,0.16666666666666666,357791
1574,A stoplight controlling traffic in an urban intersection,mscoco,4862,0.2,1.0,629903
1575,A male tennis player playing on a grass court.,mscoco,3262,0.3,1.0,12603
1576,A number of people fly kites on the beach.,mscoco,88,0.5,1.0,760465
1577,A man sitting by the window with a pizza,mscoco,743,0.3,0.5,756506
1578,A group of skiers pose on top  of the mountain for a picture.,mscoco,2425,0.9,1.0,341630
1579,A man and a woman sitting on a bench with laptops.,mscoco,4385,0.1,1.0,271362
1580,A Dell laptop sitting on a desk with other gadgets,mscoco,1055,0.1,0.3333333333333333,269463
1581,"Home plate in a professional baseball game, just after batter has hit the ball.",mscoco,5343,0.0,0.038461538461538464,635509
1582,A young skier is skiing downhill in a competition.,mscoco,3233,0.4,0.25,615411
1583,A woman brushing her teeth with a green toothbrush.,mscoco,2604,0.4,1.0,640056
1584,Two cows standing in a grassy field next to a fence.,mscoco,3455,0.2,0.125,642762
1585,A group of zebras standing next to a body of water. ,mscoco,1245,0.5,1.0,57714
1586,A watercolor painting of a clear vase holding flowers. ,mscoco,5150,0.1,1.0,161009
1587,The interior of a small home with wooden floors.,mscoco,4527,0.5,1.0,146100
1588,An older man helps a young girl fly a kite.,mscoco,2463,0.1,0.14285714285714285,161313
1589,Hitter in a baseball game trying to execute a bunt,mscoco,2622,0.0,0.02857142857142857,683030
1590,The herd of sheep stand close to a wooden fence.,mscoco,5697,0.2,1.0,157558
1591,A young person rides a snow board down the ski slopes. ,mscoco,2444,0.2,1.0,637899
1592,A red train next to the loading area of a station.,mscoco,627,0.4,0.5,204698
1593,A white plate topped with broccoli and chicken.,mscoco,42,0.1,0.25,207007
1594,Three people in uniform looking at a cell phone.,mscoco,869,0.1,0.3333333333333333,133753
1595,Tourists taking photos of a half-horse half-zebra playing,mscoco,5564,0.1,0.25,208658
1596,A skier in mid-jump on a down hill course. ,mscoco,2435,0.5,1.0,392818
1597,Remote controls that work for the home theater system.,mscoco,4929,0.1,0.125,52866
1598,This is a busy city street with many bright signs at dusk.,mscoco,4207,0.3,1.0,468022
1599,A cat laying next to a white toilet in a bathroom.,mscoco,290,0.0,0.05263157894736842,426333
1600,A woman in a sun hat poses on a white wood bench.,mscoco,4007,0.1,1.0,95500
1601,Black and white cat on cream sofa in pink room.,mscoco,4838,0.1,0.3333333333333333,93044
1602,A person skis across flat snowy ground on a bright day.,mscoco,3726,0.1,1.0,479558
1603,A view of a couple on a motorcycle from the seat of a car.,mscoco,644,0.2,1.0,192115
1604,A woman drinking from a glass while wearing glasses.,mscoco,1075,0.2,1.0,720684
1605,A orange striped cat sleeping in a child's bed.,mscoco,5285,0.2,0.5,580865
1606,A batter up to bat during a baseball game.,mscoco,4749,0.1,0.5,6891
1607,Many sheep roam around an open grassy field.,mscoco,585,0.7,1.0,71701
1608,Very cute little boy with baseball bat and Yankees hat,mscoco,4669,0.2,1.0,542757
1609,A microwave oven sitting on a table with pots on top.,mscoco,1041,0.1,1.0,793676
1610,A small half bathroom with sink and toilet.,mscoco,3742,0.1,0.25,577485
1611,A stop sign that is located on the street.,mscoco,556,0.4,0.2,492504
1612,A double image of a male tennis player attempting to hit a tennis ball.,mscoco,645,0.7,1.0,238860
1613,A polar bear is climbing down an enclosure.,mscoco,1072,0.0,0.02,71386
1614,The three men are skiing and racing one another.,mscoco,1553,0.2,1.0,601848
1615,A passenger bus that is driving down the street.,mscoco,2393,0.6,1.0,772843
1616,A train traveling over a bridge next to a brick wall.,mscoco,23,0.1,0.25,708132
1617,Man and woman cutting a purple wedding cake.,mscoco,1934,0.1,0.1111111111111111,243125
1618,A black and white image of a man biting a donut. ,mscoco,3243,0.1,0.14285714285714285,453584
1619,A woman with glasses leaning on her desk,mscoco,3666,0.1,0.25,663023
1620,A man in a wet suit carrying a surfboard away from the ocean.,mscoco,1784,0.6,1.0,699036
1621,A woman and two men sitting on a bench in front of a store.,mscoco,3224,0.1,0.5,272322
1622,a park bench on a hill overlooking other hills,mscoco,4614,0.3,0.2,367143
1623,Several bikes on display on a circular platform inside a store. ,mscoco,1490,0.4,1.0,812768
1624,Two horses standing in mud in a pasture ,mscoco,5006,0.2,1.0,725125
1625,A brown and orange tray with five compartments of food.,mscoco,1638,0.1,1.0,415716
1626,A baby elephant is walking in the grass near larger elephants.,mscoco,5860,0.2,0.5,740773
1627,a clock on top of a small tower near many buildings ,mscoco,643,0.0,0.058823529411764705,800980
1628,two people riding skate board down a steep road,mscoco,548,0.5,1.0,128826
1629,A black and white photo shows three people near a lamp.,mscoco,679,0.1,1.0,692534
1630,Four cars on the street.,drawbench,38,0.0,0.022222222222222223,38
1631,A skate boarder reaches the edge of a ramp during a skill.,mscoco,2088,0.1,1.0,106124
1632,A group of people in a grassy park flying kites.,mscoco,321,0.6,1.0,552555
1633,A cat laying on top of a blue umbrella.,mscoco,5930,0.1,0.25,731454
1634,Man in wetsuit sitting on a beach next to surfboards.,mscoco,1700,0.6,1.0,132454
1635,show horses and organization performing during a parade,mscoco,4924,0.3,1.0,260014
1636,The blue bowl has skinny green vegetables in it.,mscoco,3375,0.0,0.02857142857142857,669348
1637,Three brown cows standing in the snow. ,mscoco,500,0.1,1.0,687682
1638,Laundry hangs on a line in a rustic jungle dwelling.,mscoco,5816,0.1,0.1111111111111111,764363
1639,Traffic light in front of building with small balconies on corner windows,mscoco,2308,0.1,1.0,349182
1640,A series of photographs of a person skiing.,mscoco,4290,0.2,1.0,272799
1641,A baseball player winds up to pitch a ball.,mscoco,1931,0.6,0.5,199549
1642,A train with three lights on near a platform. ,mscoco,701,0.2,0.3333333333333333,527284
1643,A white plate with a piece of pizza on it and fork and knife.,mscoco,1640,0.2,0.3333333333333333,376439
1644,A man with a surf board is standing on the beach with other people. ,mscoco,3745,0.3,0.3333333333333333,43029
1645,A parking meter is expired while cars are still parked. ,mscoco,5204,0.2,0.3333333333333333,159990
1646,A batter taking a swing at a ball at home plate.,mscoco,3368,0.2,0.5,809282
1647,A table with a bottle of wine and a plate of food including a sweet potato and pineapple salad.,mscoco,1756,0.1,0.2,480398
1648,Dairy cows lined up beside a barbed wire fence.,mscoco,5907,0.8,1.0,106495
1649,A man in glasses eating a large pizza off of the plate. ,mscoco,5759,0.7,1.0,679121
1650,A cat sitting in front of a tv watching soccer.,mscoco,5639,0.4,1.0,788542
1651,A lone giraffe stands in front of a small tree in a barren area.,mscoco,5888,0.1,1.0,163111
1652,a red fire hydrant some yellow flowers and a brown wall,mscoco,5990,0.1,0.125,631286
1653,A couple of people riding skis down a snow covered slope.,mscoco,4191,0.7,0.5,705698
1654,A girl who is jumping to catch a Frisbee.,mscoco,3235,0.1,0.1,562377
1655,a living room with couches chairs and pictures on the wall,mscoco,712,0.6,1.0,278799
1656,A boy in blue shorts stands in a dirt area holding a baseball and a bat.,mscoco,2271,0.0,0.0136986301369863,83227
1657,A green and yellow fire hydrant with water spraying out of the side.,mscoco,3314,0.1,0.5,242136
1658,A large elephant is standing in a fenced in enclosure.,mscoco,2312,0.8,0.5,825268
1659,a black bench and a green and blue bottle,mscoco,4178,0.1,0.5,215193
1660,Several airplanes parked on the tarmac at an airport.,mscoco,2072,1.0,1.0,480598
1661,a blue train sits parked on some train tracks ,mscoco,581,0.8,1.0,367412
1662,Two young men jump in the air trying to catch a Frisbee. ,mscoco,3681,0.3,0.5,748949
1663,Two adults and one baby elephant walking in the woods,mscoco,4791,0.1,0.1111111111111111,67226
1664,A man standing by a dog catching a frisbee on a field.,mscoco,563,0.0,0.043478260869565216,482753
1665,Residential bathroom with decorated shower curtain and tile walls.,mscoco,5672,0.5,0.25,634796
1666,Two zebras that are standing in the road.,mscoco,953,0.3,1.0,537357
1667,Skiers with red coats in large snow covered field.,mscoco,423,0.3,1.0,482189
1668,"A bathroom has a large mirror, toilet, and sink.",mscoco,411,0.1,0.3333333333333333,696585
1669,Simulated photo of girl brushing teeth with adults nearby in room.,mscoco,5789,0.0,0.047619047619047616,599449
1670,Pitcher winding his arm back on the mound in the motion of throwing the ball. ,mscoco,5205,0.5,0.3333333333333333,116636
1671,a vice with a pair of vice grips and drill in between,mscoco,5140,0.1,1.0,569787
1672,Two giraffes standing in the grass near trees.,mscoco,3978,0.8,1.0,568343
1673,Several small boats parked along a pier with people.,mscoco,3582,0.3,0.5,142107
1674,"Sheared sheep on roadway taken from vehicle, with green hillside in background.",mscoco,3912,0.2,0.5,99329
1675,A large church tower next to two tall buildings.,mscoco,1086,0.0,0.02631578947368421,88189
1676,A large white cat sitting on top of a piece of luggage.,mscoco,414,0.2,0.25,540472
1677,Closeup of a pizza with tomatoes on a plate.,mscoco,1817,0.4,0.25,176112
1678,A small elephant standing next to a white bird.,mscoco,3206,0.1,1.0,260748
1679,A woman is sitting outdoors at a table with a sandwich. ,mscoco,2811,0.3,0.3333333333333333,657695
1680,A group of people on horses walk along the beach.,mscoco,5138,0.9,1.0,154069
1681,A group of men playing a game with Nintendo Wii controllers.,mscoco,908,0.6,1.0,215376
1682,A stop sign with the mountains in the background.,mscoco,4512,0.5,1.0,825322
1683,Commuter rail cars at indoor train depot area.,mscoco,5567,0.2,1.0,777182
1684,Red commuter bus at curb with pedestrian walking on large path with trees.,mscoco,5486,0.1,1.0,665070
1685,Group of giraffes in an outdoor exhibit with onlookers.,mscoco,5554,0.2,1.0,709779
1686,A zebra standing in a open field with bushes.,mscoco,1349,0.0,0.06666666666666667,271247
1687,A man is skating on a skate board.,mscoco,583,0.2,0.3333333333333333,190405
1688,A man uses a pizza wheel to prepare his dinner.,mscoco,4885,0.0,0.005747126436781609,636977
1689,A bathroom with a TV near the mirror,mscoco,2677,0.4,1.0,1670
1690,A woman biting into a sandwich at a table.,mscoco,878,0.3,1.0,793814
1691,A person cutting into a doughnut in a box.,mscoco,3178,0.2,0.25,458755
1692,A large bathroom with a white marble counter top and red rugs.,mscoco,683,0.2,0.3333333333333333,66484
1693,a man on a skate board riding down a ramp,mscoco,5387,0.4,0.3333333333333333,737093
1694,Train with lush green forests in the background and water in the foreground.,mscoco,4890,0.3,0.3333333333333333,58191
1695,An elephant walking near a fence in an enclosure.,mscoco,3037,0.7,1.0,415473
1696,A group of cross country skiers skiing on a trail,mscoco,946,0.8,1.0,494589
1697,A bird with red eyes and claws is perched on a branch. ,mscoco,3027,0.1,0.2,718490
1698,"A keyboard made of water, the water is made of light, the light is turned off.",drawbench,161,0.0,0.0,161
1699,Two people are preparing a meal in the kitchen.,mscoco,2360,0.8,1.0,52078
1700,"A sign posted on a wooden stake saying ""Stop the Drop 1080.""",mscoco,5133,0.1,0.5,770019
1701,A vegetable sandwich sits on a paper plate.,mscoco,83,0.1,0.1,102628
1702,Two pastries and a coffee sit on a table.,mscoco,1124,0.0,0.01818181818181818,799142
1703,a large herd of elephants standing in the water,mscoco,3023,0.9,1.0,375532
1704,A skateboarder is balanced on the lip of a half pipe.,mscoco,2571,0.3,0.2,420379
1705,a street sign near a traffic light ,mscoco,3295,0.6,1.0,783933
1706,A body of water with a bench on a hill underneath a tree behind it.,mscoco,4348,0.3,1.0,828349
1707,A silver American Airlines airplane at an airport. ,mscoco,1227,0.0,0.029411764705882353,776216
1708,A young boy riding a pedal boat at an amusement park.,mscoco,868,0.1,1.0,83278
1709,Two matching skis abut in the snow with mountain and cloudy sky.,mscoco,4272,0.1,0.5,399193
1710,"Muzzled, leashed dog sitting next to a ""Beware of Dog"" sign in a shop ",mscoco,4897,0.1,1.0,345445
1711,A blue umbrella sits open on the ground near steps.,mscoco,104,0.2,1.0,331018
1712,A man with a surfboard is walking along the beach.,mscoco,517,0.9,1.0,651819
1713,A couple of giraffes sitting and standing in an enclosure at a zoo.,mscoco,874,0.4,0.25,716219
1714,A male tennis player swings at a served ball.,mscoco,1669,0.4,0.5,398698
1715,View of a small apartment kitchen and a balcony.,mscoco,5017,0.1,1.0,75034
1716,A street sign is standing on the corner of the street.,mscoco,4833,0.1,0.14285714285714285,542718
1717,A display case of teddy bears wearing various clothing.,mscoco,4952,0.7,1.0,430497
1718,Many sheep are roaming in a grassy field.,mscoco,4149,0.7,1.0,671446
1719,Skiers coming down and walking up a slope.,mscoco,746,0.6,1.0,111222
1720,a girl lays on a bed with her dog,mscoco,3211,0.2,0.5,180908
1721,A woman is sitting underneath an colorful umbrella on the beach.,mscoco,1278,0.2,1.0,228797
1722,A dog running beside three sheep in a large field.,mscoco,4752,0.4,0.5,133719
1723,A computer desk houses both a laptop and a PC computer and monitor.,mscoco,3119,0.6,1.0,253260
1724,A baseball player with a bat at home plate.,mscoco,2736,0.8,1.0,593482
1725,A light airplane flying in a cloudy sky,mscoco,2131,0.4,1.0,419464
1726,Old train car and railway with buildings in the background,mscoco,5739,0.1,0.25,669195
1727,A smiling woman is standing in a vegetable garden next to a house.,mscoco,2318,0.1,1.0,642576
1728,A white cow standing on a sandy beach with boats in the background.,mscoco,3099,0.2,1.0,674450
1729,"A colorful, cartoonish hot air balloon at an outdoor event",mscoco,5309,0.1,1.0,495455
1730,Two women dressed in blue outfits with cell phones.,mscoco,4829,0.1,1.0,178544
1731,A tennis player is on the court with his white uniform and tennis racket as a crowd looks on.,mscoco,68,0.0,0.09090909090909091,82761
1732,A black and white dog jumping into the air to catch a red frisbee.,mscoco,1890,0.2,0.1111111111111111,123714
1733,"A bowl of chicken, lo mein noodles and vegetables.",mscoco,199,0.2,1.0,31418
1734,A street scene with several cars and a bus.,mscoco,4609,0.5,1.0,16182
1735,Two stuffed polar bears in a snowy exhibit,mscoco,2391,0.5,0.3333333333333333,278082
1736,A small bunch of bananas holding a photograph.,mscoco,3336,0.1,0.5,191279
1737,three baby elephants being playful in the wild ,mscoco,4583,0.0,0.08333333333333333,718553
1738,A World War Plane sitting in an indoor museum.,mscoco,3507,0.6,1.0,791085
1739,Several people crossing at a crosswalk holding umbrellas.,mscoco,457,0.7,1.0,70658
1740,A prepared pizza being served at a table.,mscoco,4248,0.3,0.25,701029
1741,Three dogs on the street.,drawbench,42,0.0,0.00033478406427854036,42
1742,A white bird with black eyes and beak flying over grass.,mscoco,3050,0.2,1.0,792149
1743,Two boys in uniforms running towards a soccer ball. ,mscoco,1295,0.6,1.0,446268
1744,Several different fruits and vegetables arranged on a counter.,mscoco,468,0.9,1.0,25411
1745,A small wooden cutting board and knife with a cut apple.,mscoco,1958,0.6,1.0,573346
1746,Baseball player at home plate swinging at a pitch coming over the plate,mscoco,4814,0.3,1.0,654568
1747,The men are playing a ball game in the field.,mscoco,1888,0.1,1.0,761133
1748,Close up of very young baby giraffe nursing.,mscoco,5573,0.2,1.0,292975
1749,A man flying through the air over a skateboard.,mscoco,3374,0.0,0.003125,443800
1750,An orange motorcycle that is parked in the street.,mscoco,4415,0.3,0.5,706967
1751,a zebra is drinking under a shade tree,mscoco,1655,0.1,0.3333333333333333,658051
1752,a group of small boats parked next to some rocks in the water,mscoco,3961,0.1,1.0,720789
1753,Two cars on the street.,drawbench,36,0.0,0.022727272727272728,36
1754,A man jumping in the air to catch a frisbee,mscoco,5206,1.0,1.0,290187
1755,A bus driving down the road near a church and traffic light.,mscoco,4040,0.0,0.08333333333333333,584473
1756,A pair of scissors with a white handle and five blades.,mscoco,2420,0.1,1.0,593193
1757,A man and woman at table making game pieces out of a box.,mscoco,2897,0.1,0.5,285334
1758,A woman and a child looking at  giraffes as one looks at the camera.,mscoco,1312,0.0,0.0010660980810234541,427979
1759,Person and their child cook over the stove while child stands in high stand.,mscoco,2617,0.1,1.0,734848
1760,A double decker bus with the top half green and the bottom orange.,mscoco,3203,0.1,1.0,176338
1761,A bed with white sheets and pillows with a laptop on it.,mscoco,2624,0.5,1.0,136216
1762,a close up of an elephant with trees in the background,mscoco,3113,0.2,1.0,288685
1763,A woman standing in a kitchen preparing food.,mscoco,903,0.3,1.0,412138
1764,Children playing tennis on a clay-court outdoors. ,mscoco,5858,0.2,0.5,798791
1765,A man in a suit and tie with sunglasses riding on a skateboard in an empty parking lot.,mscoco,5934,0.1,1.0,155809
1766,Smiling man wearing a t-shirt with a vibrant tie-dyed neck tie,mscoco,3678,0.1,1.0,60337
1767,an image of a light show in a bedroom,mscoco,2170,0.1,0.25,229820
1768,An umbrella provides some shade for two people working at an archeological site. ,mscoco,5859,0.1,1.0,587189
1769,a fat cat laying on a towel next to a chair,mscoco,3222,0.1,0.1111111111111111,73923
1770,A baseball player swinging at a ball during a game,mscoco,1204,0.3,0.5,85164
1771,A stack of suitcases on brown table next to a wall.,mscoco,3786,0.1,0.3333333333333333,367471
1772,A teddy bear in yellow holding a chocolate muffin.,mscoco,117,0.1,1.0,71402
1773,A galley kitchen in a house or apartment ,mscoco,4617,0.4,0.2,676521
1774,Men on bikes cross the path of a bus moving through a festival.,mscoco,4848,0.1,0.25,84995
1775,A group of baseball players on the field during a game,mscoco,3643,0.4,0.5,500328
1776,A white and black ceramic vase with yellow flowers.,mscoco,4289,0.2,0.3333333333333333,416526
1777,A young man sitting in a chair holding a Nintendo Wii controller.,mscoco,5107,0.6,1.0,97715
1778,A very small bathroom with red tile flooring.,mscoco,2955,0.1,0.2,556365
1779,Two men are riding bikes in front of the school,mscoco,2394,0.1,1.0,705687
1780,A skier is walking up a snowy mountain.,mscoco,3659,0.5,0.5,582077
1781,This is a red kitchen with an oven and cooking supplies.,mscoco,81,0.1,0.3333333333333333,777033
1782,Several boats are docked next to a bock in a harbor. ,mscoco,2853,0.8,1.0,82467
1783,A pitcher in the middle of delivering a pitch.,mscoco,1840,0.5,0.5,636294
1784,Two men riding on skateboard down a sidewalk.,mscoco,2018,0.0,0.07692307692307693,423683
1785,Slider burgers with hot dog and fries on plate on table,mscoco,3517,0.1,1.0,461837
1786,Several elephants near a waterfall in a zoo setting.,mscoco,4293,0.3,0.25,674109
1787,A yard filled with bicycles next to a parking lot.,mscoco,245,0.1,1.0,295481
1788,A baseball player with his bat up in swinging position. ,mscoco,711,0.0,0.08333333333333333,787169
1789,A baseball player swings at a pitch during a game.,mscoco,1266,0.4,0.14285714285714285,225585
1790,a horse race with jockeys running along a beach,mscoco,4176,0.3,1.0,393351
1791,A boat sits at the end of a pier on a sunny day with blue skies.,mscoco,4760,0.1,0.2,76926
1792,A man wearing skis on a snowy mountain. ,mscoco,4321,0.4,1.0,130036
1793,A baseball player is holding his bat over his head.,mscoco,1379,0.1,0.25,648815
1794,a refrigerator a white cabinet a microwave and some blue walls,mscoco,4383,0.0,0.011111111111111112,776344
1795,a large display of bananas and other fruit,mscoco,3909,0.9,1.0,212158
1796,A man in blue and black jacket sitting on toilet holding a beer outdoors.,mscoco,2244,0.1,1.0,399866
1797,The action at home plate in a professional baseball game.,mscoco,3770,0.0,0.07692307692307693,642442
1798,A woman riding in a horse drawn sled pulled by a pony,mscoco,1126,0.2,1.0,499719
1799,a hotel room with a nice tv and sofa setup,mscoco,59,0.0,0.004016064257028112,539473
1800,A man with a beard holding a bin of fruit and vegetables.,mscoco,2603,0.2,0.5,739192
1801,A sign in front of a brick wall that says accident prone zone,mscoco,2945,0.1,1.0,316461
1802,A white and green train on tracks with people inside,mscoco,4187,0.0,0.08333333333333333,315184
1803,An corner office has computers and a laptop set up.,mscoco,1116,0.2,0.14285714285714285,4782
1804,A street corner with a sign and windows on the building.,mscoco,2590,0.1,0.25,756623
1805,An adult and a baby elephant eating in the wild.,mscoco,1540,0.1,0.14285714285714285,390641
1806,Mother and daughter enjoying a sidewalk cafe meal,mscoco,4621,0.1,0.5,112592
1807,A green cake that is shaped to be a train,mscoco,5578,0.2,1.0,317605
1808,Ukraine International plane sitting on a runway at an airport. ,mscoco,5802,0.1,1.0,281359
1809,Two young boys sitting on the couch playing Wii games,mscoco,5318,0.3,1.0,431847
1810,A skateboarder skates next to a ledge in a skate park.,mscoco,959,0.0,0.0034482758620689655,649197
1811,two men eating sandwich on with a scarf on,mscoco,1321,0.0,0.08333333333333333,491644
1812,Toothbrushes and paste displayed in holder in bathroom.,mscoco,4313,0.5,0.5,581236
1813,A man in a pin-striped baseball uniform swinging a bat.,mscoco,5003,0.1,0.2,189702
1814,A old black and white photo of a small air plane,mscoco,536,0.6,0.5,282957
1815,A fire hydrant in front of a blossoming tree on the side of the road,mscoco,749,0.1,1.0,270284
1816,a dog in a field with many sheep ,mscoco,5928,0.9,1.0,576642
1817,a number of colorful decorative cakes on display,mscoco,1091,0.7,1.0,448319
1818,Several boats that are sitting on land outside of a hut.,mscoco,3622,0.1,0.3333333333333333,231251
1819,A giraffe in captivity eating a bale of hay positioned high on a post.,mscoco,2400,0.4,1.0,296149
1820,A stop sign is next to an electronic traffic signal.,mscoco,828,0.3,1.0,506285
1821,"Pink, white, and yellow flowers are shown in a vase.",mscoco,5882,0.2,1.0,59084
1822,Batter up as the boy behind the fence watches intently.,mscoco,4331,0.1,0.5,755998
1823,a close up of a sink with many items on a counter,mscoco,5924,0.3,0.5,426188
1824,A close up of a sandwich and fries on a table.,mscoco,4511,0.7,1.0,647650
1825,A pack of zebras standing around a dry pasture.,mscoco,1792,0.6,1.0,385291
1826,A bathroom area with a sink and toilet.,mscoco,1335,0.6,1.0,313742
1827,Double-decker bus moving down empty street with palm trees,mscoco,4287,0.2,1.0,579522
1828,A group of bikes are on the beach with a boat nearby on the water.,mscoco,5868,0.0,0.09090909090909091,287943
1829,A cat laying on top of a pair of shoes.,mscoco,3845,0.9,0.5,130326
1830,A black and white zebra stands out in the green background.,mscoco,4034,0.6,0.5,31156
1831,Young skateboarder performing trick in skate park with ramps.,mscoco,1012,0.5,0.5,575925
1832,A tan dog laying its head on a teddy bear,mscoco,514,0.3,0.5,129287
1833,Shirtless male surfer riding a board at the peak of a wave.,mscoco,1898,0.4,1.0,447465
1834,A vegetable pizza sitting in an open pizza box.,mscoco,242,0.3,0.3333333333333333,56685
1835,A red and white fire hydrant sitting on the side of a road.,mscoco,5508,0.6,0.5,642367
1836,Two women in white clothes play a game of tennis.,mscoco,5226,0.4,1.0,408166
1837,The kitchen is clean and ready to use by the tenants. ,mscoco,961,0.1,0.125,300970
1838,A photograph of a bathroom undergoing some renovations.,mscoco,212,0.3,0.2,7996
1839,a bunch of food and blue plates on a table,mscoco,3915,0.4,0.5,630232
1840,Man with a bag sitting on a bench reading a magazine. ,mscoco,2336,0.2,0.3333333333333333,430354
1841,A plate of sup and crab cakes are sitting on a plate.,mscoco,1795,0.0,0.017241379310344827,534713
1842,"A kitchen has wood cabinets, a dishwasher, sink, and refrigerator. ",mscoco,5160,0.2,0.3333333333333333,663785
1843,View of the underside of a large airplane with its landing gear out.,mscoco,388,0.1,1.0,499442
1844,A young elephant is walking in the dirt next to a stump.,mscoco,1910,0.1,0.5,287496
1845,A large jetliner sitting on top of an airport runway.,mscoco,5701,0.0,0.06666666666666667,711503
1846,Many people are on a beach with the view of the water and a mountain range.,mscoco,888,0.2,0.3333333333333333,197397
1847,Cars going past an intersection with lights at night.,mscoco,2177,0.6,1.0,761553
1848,A white horse on grassy area with trees in the background.,mscoco,1673,0.3,1.0,355771
1849,A large brown brick clock tower with a clock on every side.,mscoco,538,0.4,1.0,38351
1850,A bed topped with blankets and sheets next to a door..,mscoco,2321,0.1,0.14285714285714285,532305
1851,living room with architectural prints on the wall ,mscoco,4914,0.0,0.04,2337
1852,A car travelling down a road where a herd of cattle are resting on the side of the road.,mscoco,5675,0.3,1.0,231119
1853,Two blue double decker buses are on the road.  ,mscoco,3240,0.3,0.5,820417
1854,A skateboarder practicing his moves on a ramp.,mscoco,2204,0.3,0.25,113738
1855,A plate of pizza topped with shell macaroni and cheese.,mscoco,4747,0.3,0.25,436238
1856,A living room with a sewing machine during a sunny day.,mscoco,4741,0.1,0.5,332773
1857,A clock on a tower on top of a brick building.,mscoco,2459,0.7,1.0,381272
1858,A boy eating a chocolate donut with sprinkles.,mscoco,5196,0.5,1.0,59401
1859,a small pizza that is on a brown table,mscoco,4540,0.0,0.005952380952380952,783279
1860,A little boy that is standing in front of a refrigerator.,mscoco,725,0.8,1.0,473511
1861,"A train with red, white and blue colored cars at a station.",mscoco,702,0.1,0.5,136294
1862,Adult woman looking into open refrigerator in kitchen.,mscoco,2885,0.7,1.0,394893
1863,A plate contains a roasted bird with a side of carrots. ,mscoco,3372,0.1,0.5,170395
1864,A baseball game is played in front of a full crowd.,mscoco,3251,0.6,0.5,634543
1865,A red double decker bus is on the street.,mscoco,3264,1.0,1.0,648568
1866,A airplane is flying as an orange sunset disperses into the sky.,mscoco,736,1.0,1.0,499343
1867,A zebra grazing on grass at an open zoo.,mscoco,4973,0.6,1.0,21779
1868,entryway if a home with tile floor and wood doors,mscoco,4459,0.1,1.0,39040
1869,A cat sitting on a window sill looking out a window.,mscoco,885,0.5,0.5,292237
1870,A LOT OF PEOPLE WALKING THROUGH A BUSY SQUARE ,mscoco,2246,0.2,0.5,56050
1871,A black and white picture of bare cobblestone street.,mscoco,91,0.1,1.0,37166
1872,A man on a motorcycle with a dog sitting in front of him ,mscoco,5105,0.5,1.0,549546
1873,Many bird sit on a wooden stand. ,mscoco,4115,0.5,1.0,575377
1874,Cluttered but clean shared bathroom vanity counter top.,mscoco,53,0.3,0.25,45109
1875,A person slices a small pizza with a knife.,mscoco,1020,0.3,1.0,362254
1876,A traffic sign is shown next to a lake.,mscoco,3665,0.0,0.08333333333333333,127946
1877,A train is parked on a track in the city. ,mscoco,5409,0.3,1.0,8870
1878,A bed with three pillows and the covers pulled back.,mscoco,2274,0.1,0.1,613186
1879,A open door displaying a bathroom with a toilet.,mscoco,3911,0.8,1.0,238252
1880,The airplane is from the country of Singapore.,mscoco,5927,0.1,0.3333333333333333,314867
1881,A man talking on a cell phone in front a no cell phone sign.,mscoco,3559,0.0,0.01020408163265306,368218
1882,A bird eating a piece of bread on a branch.,mscoco,2422,0.1,0.5,524993
1883,A large pizza on a white plate sitting on a table.,mscoco,2649,0.4,0.5,38523
1884,A soccer player getting ready to kick the ball.,mscoco,4273,0.9,1.0,491424
1885,A PAIR OF ORANGE SCISSORS ARE ON THE CLOTH,mscoco,3386,0.2,0.1111111111111111,139864
1886,Two stuffed bears are sitting and holding each other.,mscoco,4805,0.8,1.0,679146
1887,Several people are shown in the water with their surf boards.,mscoco,781,0.9,1.0,652642
1888,"A young girl sitting in her bed with a laptop on her lap, talking on a phone.",mscoco,5631,0.1,1.0,280263
1889,Bowls of food and a beer are on a bright tablecloth.,mscoco,715,0.1,1.0,20843
1890,A person riding a bike next to a yellow school bus.,mscoco,2620,0.1,0.16666666666666666,677150
1891,A train on one of multiple parallel tracks passes under a bridge.,mscoco,2609,0.4,1.0,622134
1892,"A bowl containing broccoli, noodles, and dumplings in broth.",mscoco,2593,0.1,1.0,295993
1893,A Person with their head in their hands sits on a bench.,mscoco,561,0.1,0.14285714285714285,32923
1894,A small kitchen with a stove and large window,mscoco,2772,0.3,0.14285714285714285,657223
1895,A young person throws a Frisbee in a park.,mscoco,3177,0.5,1.0,654278
1896,A young man is feeding a cow by the edge of the road.,mscoco,3723,0.1,1.0,365435
1897,two elephants on a field of green of green grass,mscoco,1275,0.8,1.0,84635
1898,A toaster sits on the sidewalk in dim lighting.,mscoco,2380,0.1,1.0,786263
1899,Assortment of beach clothing and surfboard in back of vehicle.,mscoco,4860,0.1,1.0,777364
1900,A homemade pizza is generously topped with chicken and cheese.,mscoco,1851,0.2,1.0,126374
1901,A skateboarder is airborne above an indoor ramp.,mscoco,1486,0.6,1.0,426163
1902,A surfer walks along the shore with board in tow.,mscoco,4513,0.8,1.0,157644
1903,A brown colored giraffe.,drawbench,14,0.0,0.01282051282051282,14
1904,A baseball player is up to bat dodging a ball.,mscoco,3200,0.0,0.004291845493562232,174338
1905,An orange bicycle stands out in a black and white photograph.,mscoco,5049,0.1,1.0,186854
1906,A woman in a trench coat walks alongside a yellow bicycle.,mscoco,1127,0.1,1.0,635157
1907,a small white toilet in the bathroom with wood flooring,mscoco,1804,0.3,0.3333333333333333,527994
1908,Three people are playing frisbee on a grassy field.,mscoco,2654,0.5,0.25,84337
1909,A double decker bus stopped at a bus stop.,mscoco,4451,0.3,0.5,51428
1910,Yellow commuter train at station with passengers on platform.,mscoco,3930,0.5,0.3333333333333333,572235
1911,Two brown cows in the field eating grass.,mscoco,3994,0.7,1.0,11086
1912,Equestrian rider on gray horse jumping fence during competition.,mscoco,5890,0.2,0.16666666666666666,358999
1913,A white tow truck parked in front of a metro shop.,mscoco,4060,0.1,1.0,121931
1914,A made bed in a dark room with white curtains.,mscoco,3885,0.0,0.007575757575757576,621578
1915,A bus driving up a road on a rainy day.,mscoco,5811,0.3,0.5,47683
1916,A woman sits on a bicycle while talking to several men. ,mscoco,891,0.0,0.017241379310344827,206065
1917,two spotted giraffes eating from a tall tree,mscoco,3585,0.2,0.16666666666666666,590027
1918,A family on the river in a sailboat,mscoco,615,0.1,0.5,310272
1919,A train sitting on the tracks near a platform.,mscoco,5703,0.3,1.0,774735
1920,A person wearing a white shirt and colorful tie.,mscoco,3636,0.3,0.5,577996
1921,A group of people standing in a living room holding Wii game controllers.,mscoco,2665,0.6,1.0,584521
1922,A man in a brown suit and hat stands next to a bike.,mscoco,4972,0.2,1.0,190006
1923,Well designed kitchen area with cabinets and tiled floor.,mscoco,792,0.0,0.08333333333333333,416478
1924,A group of people sitting at a table eating food.,mscoco,2714,1.0,1.0,640473
1925,A man riding up the side of a ramp in a skate park.,mscoco,1068,0.5,1.0,462980
1926,A red double decker bus travels through the city.,mscoco,446,0.9,0.5,482920
1927,a plane flying away from a runway on a sunny day,mscoco,279,0.3,0.3333333333333333,730928
1928,A woman standing in a kitchen next to a sink.,mscoco,3461,0.2,1.0,722081
1929,dumping water into a toilet which resides in a garden.,mscoco,5969,0.1,1.0,412391
1930,Zebra and group of gazelle grazing on plain.,mscoco,1849,0.2,0.5,657522
1931,A huge heard of sheep are all scattered together. ,mscoco,3852,0.5,1.0,449536
1932,A bowl of soup on a table in a cafeteria.,mscoco,440,0.2,1.0,568909
1933,Several giraffes are standing near a tree in their enclosure.,mscoco,1687,0.6,1.0,772252
1934,A young boy riding on top of a skateboard near a street.,mscoco,3276,0.7,1.0,272632
1935,A fire hydrant leaving a shadow on a public sidewalk.,mscoco,761,0.5,1.0,75622
1936,Plate on table containing toast with fried egg and some meat with lettuce. ,mscoco,3442,0.1,1.0,815219
1937,A white robe hangs on a wall next to an empty bathtub.,mscoco,4059,0.3,1.0,819785
1938,A tall clock with a man on a cherry picker working on it.,mscoco,2938,0.1,1.0,261522
1939,A wii remote is aimed at a television screen.,mscoco,5460,0.1,1.0,673370
1940,A bathroom being remodeled filled with construction supplies.,mscoco,3101,0.6,0.5,620442
1941,Several cows are in barn while a child is among them.,mscoco,769,0.2,1.0,196370
1942,A young boy surfing on a blue surfboard,mscoco,1975,0.3,1.0,664249
1943,A group of men standing around a motorcycle.,mscoco,3341,0.4,1.0,615667
1944,A banana that is sitting in a coffee cup.,mscoco,4159,0.4,0.3333333333333333,543422
1945,a large tower with a clock built into the side of it,mscoco,501,0.5,1.0,721423
1946,Pedestrians and people on motor bikes travel down a busy street.,mscoco,790,0.6,0.5,621292
1947,a large white clock is on a tower,mscoco,3842,0.7,0.5,810425
1948,A man in glasses talking on a cellphone.,mscoco,1188,0.4,1.0,216778
1949,Several elephants are in a grassy place that is surrounded by thin trees.,mscoco,3731,0.0,0.03333333333333333,191965
1950,Passenger bus parked on street with sunset in background,mscoco,3463,0.2,0.2,317269
1951,Longhorn cows stand or recline in a barn.,mscoco,5142,0.1,0.25,24689
1952,The bathroom is decorated with an unusual wall paper.,mscoco,3391,0.2,0.3333333333333333,55538
1953,A person surfs a wave on top of a surfboard. ,mscoco,2980,0.2,0.16666666666666666,448345
1954,A man holding a black umbrella while standing on a bridge.,mscoco,2071,0.1,1.0,51108
1955,A herd of zebra standing next to a lush green tree.,mscoco,173,0.3,0.5,495252
1956,A small kitchen has appliances and houseplants on the window sill.,mscoco,5396,0.2,0.16666666666666666,135867
1957,A train crossing a street next to a railroad crossing signal.,mscoco,810,0.5,0.5,686844
1958,a person riding a skate board at a skate park,mscoco,2092,0.2,0.25,576970
1959,An orange bench in an urban park area,mscoco,5079,0.1,0.3333333333333333,771485
1960,A chef prepares a meal while diners eat nearby.,mscoco,5702,0.0,0.05263157894736842,797550
1961,Several items from an unboxed cell phone are on a table.,mscoco,1629,0.0,0.058823529411764705,634756
1962,a man in a hat rides a skateboard in a skateboard park,mscoco,2374,0.3,0.3333333333333333,236098
1963,A man standing on the side of a road next to a bus and fire engine.,mscoco,4908,0.1,0.16666666666666666,680826
1964,A man and a young child fly a kite in a park.,mscoco,2013,0.6,1.0,793823
1965,A small child in a gray hoodie eating a doughnut.,mscoco,4133,0.2,1.0,716399
1966,"A stop sign with a sticker reading ""eating animals.""",mscoco,2035,0.1,0.5,209030
1967,A cow laying in the middle of a street.,mscoco,1511,0.8,1.0,688898
1968,A close up of an orange in a red serving bowl.,mscoco,132,0.2,1.0,632571
1969,The blooming yellow flowers are in the copper vase.,mscoco,2953,0.1,1.0,514082
1970,Woman carrying bags eating a hotdog on a crowded street.,mscoco,311,0.4,1.0,372322
1971,Young boy doing a jump while riding a skateboard.,mscoco,672,0.5,1.0,823741
1972,"A fire hydrant with an ""OUT OF SERVICE"" sign sits in front of a house.",mscoco,4488,0.1,1.0,39434
1973,Several elephants are gathered at the edge of a water hole. ,mscoco,3346,0.9,1.0,176679
1974,a cat lounges on the seat of a red chair,mscoco,2750,0.7,1.0,209788
1975,A red and white bus is next to a truck.,mscoco,3544,0.1,0.14285714285714285,326468
1976,The kittens lays on the pink and white mat in bathroom.,mscoco,4376,0.1,1.0,140121
1977,A bed in a hotel room is made up with white and maroon linens. ,mscoco,5331,0.0,0.02631578947368421,468335
1978,An elephant by a small pool in a zoo.,mscoco,5820,0.6,1.0,404000
1979,A highway sign and a stop sign are on the street beside houses.,mscoco,1476,0.1,0.3333333333333333,434879
1980,A plate with a sandwich cut in half and onion rings.,mscoco,1964,0.2,0.5,31226
1981,A hitter is at bat in a baseball game.,mscoco,2583,0.2,0.2,649029
1982,A female tennis player on a court with a tennis racket.,mscoco,921,0.4,1.0,704683
1983,Two tennis players are on a team in a match.,mscoco,2405,0.1,0.16666666666666666,715802
1984,A group of people playing soccer on a beach.,mscoco,2711,0.3,1.0,209283
1985,Group of people riding bicycles and skateboards in a plaza.,mscoco,2613,0.0,0.038461538461538464,395127
1986,A yellow fire hydrant is the focal point of this picture.,mscoco,3180,0.8,1.0,605163
1987,a man uses a laptop with a group of people,mscoco,2260,0.1,1.0,774276
1988,A yellow and red train traveling down train tracks.,mscoco,475,0.1,0.125,494239
1989,A white cat sitting in a kitchen sink,mscoco,2385,0.1,1.0,359679
1990,A baby elephant is surrounded by older herd members.,mscoco,4391,0.6,1.0,717208
1991,A man rides his skateboard at a skate park.,mscoco,5323,0.6,0.3333333333333333,624255
1992,Young male rides a surfboard at an indoor wave pool.,mscoco,2777,0.1,1.0,7810
1993,a number of cows on a field with a mountain in the background,mscoco,328,0.6,0.5,568993
1994,Several peeled vegetables are sitting in a baking dish.,mscoco,3398,0.3,1.0,247600
1995,A whole cheese pizza sitting on a wood pan on a table. ,mscoco,3167,0.4,1.0,604134
1996,Many clothes are being unpacked from bags on the bed.,mscoco,5130,0.2,0.5,513957
1997,a close up of a hotdog in a paper box,mscoco,5446,0.6,1.0,311512
1998,a black and yellow trains engine pulling its cars,mscoco,2809,0.1,0.3333333333333333,581283
1999,A wooden park bench in heavily wooded area.,mscoco,925,0.5,0.5,382416
2000,A plate of food with chicken and vegetables . ,mscoco,1599,0.7,1.0,468290
2001,Close up of tennis ball with a mountain view.,mscoco,5077,0.1,1.0,253917
2002,A young boy holding a kite while running across a field.,mscoco,1940,0.8,1.0,224517
2003,a black and white photo of some horses in a field,mscoco,3500,0.3,0.5,417051
2004,A child in a pink suit  and an adult in a blue jacket downhill skiing.,mscoco,2792,0.1,0.125,547956
2005,A giraffe stretches its neck to reach leaves high on a tree.,mscoco,4647,0.2,0.16666666666666666,673833
2006,A woman prepares to cut a cake with red icing.,mscoco,3361,0.0,0.058823529411764705,787740
2007,An older man sits on a bench while gazing at the water.,mscoco,5433,0.5,1.0,645608
2008,light brown cocker spaniel dog howling in street,mscoco,4559,0.1,1.0,358112
2009,A giraffe that is leaning its head over a fence.,mscoco,4036,0.9,1.0,749207
2010,A side view of a train passing through a mountain trail.,mscoco,5102,0.8,1.0,485290
2011,a gray clay dog with a green collar ,mscoco,4070,0.1,1.0,628779
2012,A row of five urinals in a bathroom,mscoco,673,0.3,1.0,411537
2013,A woman in white dress playing a game of tennis.,mscoco,2038,0.5,0.5,416479
2014,Two woman in a kitchen with a dog on the floor.,mscoco,3417,0.0,0.02564102564102564,173769
2015,An airplane's luggage door is opened for unloading.,mscoco,3292,0.1,1.0,720041
2016,A white vase of flowers sits on a wood shelf.,mscoco,417,0.3,1.0,34647
2017,View of a hotel room with a bathroom and bedroom. ,mscoco,1398,0.1,0.2,478071
2018,A green truck traveling down a road with a wooden flatbed.,mscoco,5644,0.0,0.09090909090909091,47977
2019,A cardboard box containing an electric blender and accessories.,mscoco,4135,0.0,0.014084507042253521,751281
2020,A beach area with people on the sand and various kites flying overhead in the sky.,mscoco,4944,0.3,1.0,319004
2021,a boy wearing a red baseball hat is swinging a bat,mscoco,186,0.0,0.08333333333333333,205003
2022,Two giraffes are in the enclosure surrounded by a group of people.,mscoco,4212,0.1,0.2,330987
2023,A dog lying on a couch under a white blanket,mscoco,2717,0.1,0.25,771788
2024,Jentacular.,drawbench,135,0.0,0.007874015748031496,135
2025,A baseball player swings his bat after a hit.,mscoco,5771,0.5,0.2,41886
2026,Person in kitchen basting item being cooked in oven.,mscoco,3854,0.5,1.0,661876
2027,A group of young children riding skateboards in a building.,mscoco,5044,0.1,1.0,108762
2028,"A dinner plate features a fried egg, potatoes and broccoli with sauce.",mscoco,33,0.1,0.5,73217
2029,"Lovely , clean dark set kitchen displayn newly remodeled.",mscoco,5836,0.1,0.5,49374
2030,A train passing on bridge over a busy city street.,mscoco,3743,0.1,0.1,309316
2031,"Closeup of two street signs that read ""Airport Pkwy"" and ""Karmill Ave.""",mscoco,5732,0.1,1.0,209091
2032,Two sheep graze in a meadow above a village.,mscoco,2830,0.5,0.5,690377
2033,A black and red double decker bus on street next to a building.,mscoco,735,0.1,0.125,389242
2034,Two airplanes flying in sky with tree and traffic light in foreground.,mscoco,1234,0.1,0.5,311048
2035,A red fire hydrant in front of a window with large windows.,mscoco,3950,0.2,0.125,224950
2036,A man and a woman playing a game on the Nintendo Wii.,mscoco,293,0.8,1.0,380296
2037,Several people lying on surfboards listening to an instructor on the beach.,mscoco,282,0.1,0.25,612497
2038,A woman is skiing down a hill with flags.,mscoco,1868,0.1,0.14285714285714285,183172
2039,A kitchen counter is cluttered with items around the partially full kitchen sink.,mscoco,2730,0.7,1.0,643750
2040,A multi-colored stuffed animal on a chair with two mini heads,mscoco,5041,0.0,0.08333333333333333,166616
2041,A brown and white dog is holding a yellow Frisbee.,mscoco,353,0.0,0.09090909090909091,528758
2042,a couple of elephants are standing near some people,mscoco,1256,0.1,0.2,577386
2043,The batter stands at the plate ready to swing while the catcher and umpire look on.,mscoco,1155,0.5,1.0,36972
2044,Two people pose for a photo while holding pizza,mscoco,863,0.4,1.0,19565
2045,A large clock mounted to the side of a clock tower.,mscoco,1648,0.3,1.0,719772
2046,A train station with a high speed train on the tracks.,mscoco,1299,0.0,0.029411764705882353,575516
2047,The man wearing a cap jumps high on a skateboard.,mscoco,1593,0.2,0.16666666666666666,596155
2048,A couple hold their cellphones while taking selfies.,mscoco,5846,0.1,0.3333333333333333,540893
2049,Two men in suits are talking in front of a TV.,mscoco,877,0.1,0.5,808066
2050,A children's toy train rides along a set of tracks.,mscoco,3819,0.9,1.0,360116
2051,Lone elephant walking on dirt path near bushy area.,mscoco,2749,0.8,1.0,684588
2052,A group of police motorcycles lined up in a row.  ,mscoco,2145,0.2,0.16666666666666666,35756
2053,A large brown cow walking across a sandy beach.,mscoco,4808,0.3,0.5,696207
2054,A large elephant with long tusks in dense vegetation.,mscoco,5505,0.5,1.0,648967
2055,A colorful passenger bus stopped with the door open.,mscoco,1557,0.2,0.5,510199
2056,a house cat playing with a ripe banana,mscoco,3005,0.3,1.0,306979
2057,two zebras some dirt bushes plants rocks and trees,mscoco,2763,0.0,0.030303030303030304,787483
2058,A yellow and gray train parked at a train station.,mscoco,387,0.1,0.25,120508
2059,This is an image of a United airplane at the airport.,mscoco,4179,0.4,0.5,113005
2060,Two zebras standing next to each other in dried grass,mscoco,931,0.5,0.5,126237
2061,A Wii controller facing a TV with a video game on the channel.,mscoco,3747,0.3,1.0,269712
2062,A birthday cake with a Thomas the train topping ,mscoco,2039,0.7,1.0,69376
2063,People are surfing in the ocean at a beach.,mscoco,1900,0.5,1.0,317491
2064,A variety of people ride on a hill with snow.,mscoco,4325,0.3,0.3333333333333333,430224
2065,A woman holding several frisbees while a dog catches a frisbee in its mouth.,mscoco,5114,0.0,0.029411764705882353,205465
2066,A double decker bus parked on the street.,mscoco,465,0.6,0.3333333333333333,533550
2067,a close up of a cat on a wooden bench,mscoco,1213,0.7,1.0,98631
2068,Black umbrella laying upside down on ground next to water.,mscoco,762,0.1,1.0,46653
2069,Woman with blue hair taking self photo using cell phone.,mscoco,5293,0.2,1.0,680187
2070,A baby girl standing in front of a computer keyboard.,mscoco,634,0.3,1.0,305560
2071,A poster advertising a cellphone using a male model.,mscoco,2384,0.0,0.027777777777777776,112723
2072,A double decker bus is shown driving through the street.,mscoco,5725,0.4,1.0,672894
2073,A white horse stands on a grassy hill.,mscoco,1444,0.2,1.0,756618
2074,A black and white cat in the woods looking at the camera.,mscoco,2904,0.1,1.0,606747
2075,Dog wearing large hat in room with bookshelves.,mscoco,3734,0.1,1.0,360958
2076,An orange tabby cat is curled on top of a black bag.,mscoco,5683,0.6,1.0,311830
2077,A woman sitting on a beach next to an umbrella.,mscoco,73,0.4,0.5,585521
2078,Giraffes are standing under a feeder in a zoo.   ,mscoco,1914,0.0,0.05263157894736842,585089
2079,A school bus which has been decorated for other use cruising down a country road.,mscoco,4795,0.4,0.25,581366
2080,A professional tennis player hitting a shot on a clay surface court,mscoco,5437,0.4,0.25,666771
2081,Roadway intersections in urban area near waterway with bridge.,mscoco,1111,0.0,0.007936507936507936,684144
2082,Motorcycle with American flag motif parked on a brick-paved lot.,mscoco,3175,0.1,1.0,202618
2083,A group of people in police uniforms riding motorcycles.,mscoco,4243,0.6,1.0,579219
2084,A woman in a dress and Mary Janes bends down towards a Frisbee in a fenced in yard.,mscoco,5798,0.1,1.0,367573
2085,Stop sign with graffiti on NE Failing St.,mscoco,1463,0.0,0.05555555555555555,66950
2086,A man is riding a bike across the street as three young men walk across.,mscoco,2745,0.1,1.0,455032
2087,Two cows in a grassy field with a water trough.,mscoco,4303,0.1,1.0,116350
2088,A young girl eating a piece of chocolate cake.,mscoco,2958,0.2,1.0,209172
2089,A very cool fighter style jet flying in the air.,mscoco,4186,0.9,1.0,434844
2090,A bus parked near a gate on a dirt road. ,mscoco,2524,0.1,0.2,599544
2091,a jet is flying in a gray sky with some clouds,mscoco,5228,0.9,1.0,542705
2092,A man prepares to launch a frisbee in a large field.,mscoco,2886,0.8,1.0,160651
2093,Person comes in smiling using skis in a competition.,mscoco,5220,0.0,0.017241379310344827,540489
2094,A person on a snowboard standing on a mountain top,mscoco,2535,0.6,1.0,126738
2095,Bench near water area such as a lake.,mscoco,4496,0.9,1.0,93046
2096,a young man rides a horse down a paved pedestrian area in a town,mscoco,1803,0.1,0.3333333333333333,591358
2097,A woman in a blue dress petting a small dog.,mscoco,2969,0.0,0.058823529411764705,625199
2098,Woman in glasses eating a piece of pizza.,mscoco,5536,0.4,1.0,724510
2099,A group of skiers stand at the bottom of a slope.,mscoco,2330,0.6,1.0,574884
2100,A small hotel room with a TV and a wooden desk.,mscoco,3531,0.2,1.0,137278
2101,A red fir hydrant in an empty dirt covered area with houses in the background.,mscoco,1320,0.0,0.000671591672263264,519481
2102,Male athlete ready for ball during outdoor tennis game.,mscoco,5449,0.3,0.3333333333333333,796819
2103,A red teddy bear sitting on a stool in a garden.,mscoco,4129,0.1,1.0,732659
2104,A skateboarder skates at a skate park designed for advanced users.,mscoco,4825,0.1,0.14285714285714285,762929
2105,The doorway shows a small bathroom with a toilet and sink. ,mscoco,4654,0.2,0.25,752619
2106,A fluffy white cat stands in front of the glass window.,mscoco,5188,0.2,1.0,522473
2107,Action shot of a skate boarder jumping at a skate park.,mscoco,2193,0.1,0.1,247593
2108,A baseball player holding a baseball bat during a game.,mscoco,3338,0.8,1.0,134150
2109,A man walks down a street next to a blue building,mscoco,4280,0.0,0.005714285714285714,61421
2110,A small bathroom is shown with a violet shower curtain.,mscoco,1552,0.1,0.5,353796
2111,Fuzzy cat sitting on the arms of couches in front of window.,mscoco,1487,0.0,0.07142857142857142,276891
2112,"a pizza with red onions, mushrooms and spinach on a plate",mscoco,5523,0.0,0.09090909090909091,38858
2113,Several people are walking and skiing at the top of a mountain.,mscoco,4873,0.5,1.0,425364
2114,The zebra is standing near four brown deer. ,mscoco,2949,0.5,1.0,794562
2115,A bathroom with two sinks and two urinals. ,mscoco,611,0.2,0.14285714285714285,510408
2116,A man standing in a room holding a drink and a game controller.,mscoco,1098,0.0,0.002336448598130841,190307
2117,A picture of a kitchen with orange decor. ,mscoco,3847,0.1,1.0,743166
2118,Some women in helmets are riding in kayaks.,mscoco,988,0.0,0.03571428571428571,463815
2119,A view of a pizza cooking in an oven.,mscoco,1388,0.6,1.0,592935
2120,a close up of a sandwich on a table ,mscoco,3530,0.2,0.2,815587
2121,some birds are standing by a body of water,mscoco,697,0.8,1.0,617070
2122,Several baskets of fresh broccoli at a produce market,mscoco,5199,0.7,1.0,786389
2123,A stop sign on the corner of Montview Blvd and Roslyn St.,mscoco,5276,0.0,0.015384615384615385,27312
2124,A city street has several stoplights and cars.,mscoco,1432,0.4,0.5,330206
2125,Young man eating a slice of pizza in a darkened restaurant and arcade.,mscoco,2742,0.1,1.0,360856
2126,A open white toilet in a small bathroom.,mscoco,5417,0.2,1.0,294426
2127,"A white bathroom with toilet, pedestal sink and bathtub and a window over the sink.",mscoco,4364,0.0,0.09090909090909091,481028
2128,a pastry next to a spoon on a dish  on a table,mscoco,5693,0.1,0.1,33250
2129,A crate of yellow and green bananas with a screen on top.,mscoco,1022,0.1,1.0,19282
2130,A group of people who are standing on snowboards at the top of a hill.,mscoco,5223,0.1,1.0,514718
2131,A bicycle is parked next to a long train.,mscoco,3935,0.6,1.0,378317
2132,A large military aircraft at low altitude flight.,mscoco,4558,0.0,0.030303030303030304,762421
2133,A cat laying on a desk with a book and laptop.,mscoco,2421,0.1,0.14285714285714285,811943
2134,Zebras standing near shaded areas inside a corralled habitat.,mscoco,2804,0.1,0.1111111111111111,58509
2135,a kitchen island with a double sink fridge and stove,mscoco,2978,0.1,0.2,511141
2136,Two women playing a match of doubles tennis,mscoco,2530,0.7,1.0,804068
2137,A boy is up to bat in a baseball game.,mscoco,5841,0.6,0.5,420634
2138,A close up of a pizza with cheese and mushrooms,mscoco,2081,0.2,1.0,455556
2139,A herd of cattle crossing a street while a man stands in the middle of the road.,mscoco,1742,0.2,1.0,469167
2140,Several people riding some horses in an enclosure. ,mscoco,3466,0.4,0.3333333333333333,193440
2141,Man sitting on a ski bike with another man looking on.,mscoco,4446,0.1,0.5,618010
2142,Skateboarders skate on a pedestrian pathway in a park.,mscoco,5014,0.1,0.2,556966
2143,A person cross country skiing on a sunny day.,mscoco,2805,0.1,0.25,286998
2144,"Meat, fried potatoes and vegetables on a plate",mscoco,3024,0.0,0.02631578947368421,515928
2145,A glass plate and vases that are on a table.,mscoco,3467,0.1,0.3333333333333333,610064
2146,A man flies a kite high above a beach. ,mscoco,188,0.4,1.0,362305
2147,A pair of scissors sitting on top of a piece of cloth.,mscoco,1484,0.1,1.0,720102
2148,The young baseball player wearing blue is swinging at a pitch.,mscoco,894,0.0,0.011111111111111112,683518
2149,A polar bear swimming in the water with a blue ball.,mscoco,2253,0.0,0.041666666666666664,145393
2150,"A small vessel propelled on water by oars, sails, or an engine.",drawbench,76,0.0,0.05,76
2151,Several people who are serving food in a kitchen.,mscoco,1516,0.3,0.5,571977
2152,A very gooey cheese and mushroom pizza sits on a plate.,mscoco,1377,0.2,0.25,352930
2153,Small black cat laying down on top of a concrete slab. ,mscoco,4940,0.2,1.0,413045
2154,A group of white toilets in a room.,mscoco,4411,0.5,1.0,421719
2155,A baseball game with a couple of baseball players.,mscoco,1146,0.3,0.5,178608
2156,a cat in a red shirt is wearing some glasses,mscoco,5299,0.1,1.0,800037
2157,A baby sheep is next to an adult sheep on the grass.,mscoco,750,1.0,1.0,470567
2158,A young man on a skate board in mid air over a rail.,mscoco,4577,0.3,1.0,294078
2159,"Plate of food with asparagus, a donut and sausage.",mscoco,2135,0.1,1.0,244945
2160,a green and white train at a station and train tracks,mscoco,3952,0.3,1.0,98096
2161,A photo of donuts frying in oil behind glass.,mscoco,4516,0.1,1.0,130100
2162,Two zebras and a giraffe stand near a tree in an open field.,mscoco,2474,0.0,0.03125,799563
2163,A red fire hydrant with a yellow top in the grass off of the street.,mscoco,4021,0.1,1.0,448812
2164,A black suitcase with pink writing in front of a door.,mscoco,4984,0.1,1.0,219419
2165,A woman in a red dress poses in front of a wall.,mscoco,1836,0.1,1.0,185772
2166,Two people pose for a picture while holding up their skis.,mscoco,3028,0.0,0.021739130434782608,13472
2167,Woman in demonstration pose with a microwave oven.,mscoco,4591,0.2,1.0,579099
2168,Three office workers wear neckties in their place of employment.,mscoco,5593,0.1,1.0,635052
2169,Black and white photograph of a man carrying a surfboard.,mscoco,3210,0.2,0.5,662019
2170,Adult cow with horns in a wooded area. ,mscoco,5147,0.0,0.08333333333333333,361657
2171,A person leans forward with ski sticks. ,mscoco,3752,0.1,0.5,425918
2172,A passenger train is parked while a person waits to board it.,mscoco,287,0.0,0.014925373134328358,703209
2173,A man poses for a picture with outstretched arms on a ski slope.,mscoco,3749,0.1,0.3333333333333333,381077
2174,A large building with a sign on top of it,mscoco,5100,0.2,0.25,407693
2175,An orange tabby cat perches near a computer monitor.,mscoco,4067,0.2,1.0,650145
2176,A large bus parked on the street in the shade ,mscoco,637,0.1,0.3333333333333333,523942
2177,A person holding a decorated banana with a sheet of paper. ,mscoco,5913,0.1,1.0,68161
2178,Two laptops are next to a monitor on a cluttered desk.,mscoco,757,0.1,0.1,184239
2179,A yellow train is parked at the station.,mscoco,504,0.7,1.0,6233
2180,A black and white dog is looking out of a window from inside a house.,mscoco,1214,0.4,0.3333333333333333,500224
2181,A Nintendo Wii game controller sitting upright next to a phone.,mscoco,3804,0.1,0.3333333333333333,290584
2182,two people sitting at a table with cup cakes,mscoco,3937,0.1,1.0,449417
2183,A man riding a snowboard on the side of a rail.,mscoco,270,0.6,1.0,547434
2184,A banana and peanut butter sandwich on a plate.,mscoco,2618,0.4,1.0,20636
2185,A pizza on the right of a suitcase.,drawbench,129,0.0,0.0,129
2186,A young man shows a frisbee to a girl who has plans of swimming.,mscoco,153,0.0,0.02040816326530612,261313
2187,A man on a beach where kites are being flown,mscoco,1909,0.2,0.5,503552
2188,Two motorcycles with helmeted riders ride along a highway. ,mscoco,4475,0.5,0.3333333333333333,802808
2189,A man is catching a Frisbee in a grass yard.,mscoco,397,0.7,1.0,729088
2190,An elephant is standing in a grassy area with a baby elephant underneath.,mscoco,3082,0.1,0.125,649931
2191,Man on bike towing child passing by ice cream truck.,mscoco,324,0.1,1.0,791285
2192,Portable toilet in a wooden box area of a field.,mscoco,5728,0.1,1.0,691229
2193,A cow standing in the grass behind a wire fence.,mscoco,3561,0.9,1.0,673333
2194,Picture of a tab tub where the wall is open exposing wood studs and a shop vacuum is in the tub.,mscoco,5354,0.1,0.1111111111111111,138811
2195,A white refrigerator next to a wooden kitchen cabinet,mscoco,3328,0.7,1.0,380019
2196,A brown and white cat sitting in a suitcase. ,mscoco,3217,0.4,0.16666666666666666,139041
2197,A living room filled with furniture and a flat screen TV.,mscoco,3828,0.7,1.0,84692
2198,A blue wooden bench sitting in the middle of a forest.,mscoco,3806,0.1,0.5,661357
2199,a man on a bicycle in a crowded parking lot,mscoco,2209,0.1,0.1,223761
2200,A Delta airplane parked at an airport gate.,mscoco,4535,0.2,1.0,603224
2201,A green bicycle with a black seat resting on wood.,mscoco,3721,0.1,0.5,643057
2202,A man doing a jump over a wave on a surfboard,mscoco,499,0.4,1.0,804503
2203,a public transit train on a city street,mscoco,1161,0.0,0.013157894736842105,472426
2204,A person is using a remote control for a television set. ,mscoco,2224,1.0,1.0,749319
2205,A skier glides down a hill in other skier's tracks.,mscoco,3813,0.0,0.0032258064516129032,813528
2206,Passenger train traveling on a track with a mountain backdrop.,mscoco,4828,0.7,1.0,182931
2207,Three photos of older people playing tennis on a court.,mscoco,5986,0.1,1.0,418627
2208,Five baseball players on the field during a game,mscoco,5458,0.1,0.1111111111111111,750072
2209,A brown dog has a yellow toy in its mouth as it lays on black and white pillows.,mscoco,657,0.1,1.0,487641
2210,"An IT-guy trying to fix hardware of a PC tower is being tangled by the PC cables like Laokoon. Marble, copy after Hellenistic original from ca. 200 BC. Found in the Baths of Trajan, 1506.",drawbench,152,0.0,0.0,152
2211,A man on a skate board wearing a helmet and no shirt.,mscoco,4174,0.3,1.0,669807
2212,A person wearing a helmet and ski glasses skis the slopes.,mscoco,1613,0.0,0.0625,296840
2213,A person in riding gear jumps over an obstacle while riding a horse.,mscoco,384,0.8,1.0,813502
2214, A red and blue bird is sitting on a branch.,mscoco,4257,0.2,1.0,796005
2215,"The large, adult zebra is eating from the short grass. ",mscoco,5060,0.5,1.0,752427
2216,Towels on a towel rack of a bathroom and a towel mat on the floor.,mscoco,5430,0.1,0.2,297875
2217,A kitty cat sitting inside a suitcase with purses in it.,mscoco,54,0.1,0.1111111111111111,311783
2218,A herd of sheep and man on horse in desert area.,mscoco,3638,0.2,1.0,806877
2219,A statue is shown on the side of a wall.,mscoco,2588,0.2,0.2,153456
2220,Woman in pink flying kite on top of grassy hill.,mscoco,4228,0.1,0.5,90781
2221,A woman with a rainbow umbrella walks a dog in the rain.,mscoco,3523,0.1,1.0,555251
2222,PIcture of batter looking back at the catcher as he catches a ball during a baseball game.,mscoco,4710,0.0,0.00425531914893617,785104
2223,A young boy eats pizza from a plate.,mscoco,2467,0.6,1.0,684434
2224,a close up of a few sandwiches wrapped in plastic,mscoco,4502,0.4,0.3333333333333333,341861
2225,A group of people sitting at tables with laptops.,mscoco,1130,0.5,0.3333333333333333,438424
2226,An oven range sits in a small kitchen space with a microwave and cabinets.,mscoco,5472,0.1,0.14285714285714285,107454
2227,a close up of a bed with pillows and sheets,mscoco,3471,0.7,1.0,502068
2228,Small outdated residential kitchen showing sink and refrigerator,mscoco,4271,0.4,0.5,131877
2229,A multi-colored cat laying down next to several pieces of luggage that are various colors and sizes.,mscoco,3498,0.1,1.0,398602
2230,A photo of a ski resort with people on skis and snowboards.,mscoco,3359,0.0,0.08333333333333333,135847
2231,A red and yellow double decker bus is at the side of a street.,mscoco,4103,0.6,1.0,547422
2232,A skate board park with a person riding inside.,mscoco,3985,0.5,0.5,292482
2233,Two yummy pieces of pie are displayed on two plates.,mscoco,4608,0.1,1.0,396156
2234,A red and blue fire hydrant with a yellow chain.,mscoco,1607,0.1,0.3333333333333333,518873
2235,A traffic sign next to a small fire hydrant on a sidewalk.,mscoco,1393,0.3,0.25,789769
2236,A large mirror with vanity lights above a bathroom sink.,mscoco,5297,0.0,0.010752688172043012,806205
2237,"A close shot of a sign that says ""Church Avenue"". ",mscoco,2389,0.1,1.0,458214
2238,A cross country skier makes his way down the trail through the woods.,mscoco,5227,0.5,1.0,679066
2239,A male tennis player dressed in white striking a ball.,mscoco,380,0.5,1.0,169300
2240,a teddy bear reading a red book with glasses,mscoco,3182,0.2,1.0,600090
2241,A piece of cake with red syrup on a white plate.,mscoco,123,0.1,0.3333333333333333,190813
2242,"A living room area features a corner fireplace, a love seat, windows and lamps.",mscoco,2818,0.0,0.0019305019305019305,265328
2243,A black and white double decker bus on the road.,mscoco,301,0.3,1.0,699418
2244,Pitcher preparing to throw ball at hitter with crowd watching,mscoco,5174,0.2,0.3333333333333333,577799
2245,Several sheep are grazing in a large green field. ,mscoco,2746,1.0,1.0,498276
2246,Open laptop style device chained to a table.,mscoco,5463,0.1,0.3333333333333333,89860
2247,A stop sign next to a building at a street corner.,mscoco,4643,0.5,0.3333333333333333,808056
2248,A group of vegetables on top of  a dark surface.,mscoco,968,0.7,1.0,796738
2249,A water main crossing sign warning against boat anchors.,mscoco,2235,0.1,0.2,813391
2250,A man riding a skateboard next to a woman.,mscoco,928,0.1,0.5,217006
2251,A street sign for car garages next to a building.,mscoco,5527,0.1,1.0,237480
2252,a white blue green and  yellow colored bus ,mscoco,4396,0.0,0.07692307692307693,52011
2253,A cow with tagged ears peering over a wooden fence.,mscoco,1683,0.1,0.16666666666666666,761972
2254,A long silver train traveling through a wooded area.,mscoco,1485,0.0,0.029411764705882353,699057
2255,a black and chrome motorcycle made by Harley davidson,mscoco,5949,0.1,0.125,688363
2256,"A view of a learning type environment, a classroom or a business meeting.",mscoco,5780,0.0,0.03333333333333333,503862
2257,Zebras are walking around in a field of grass.,mscoco,334,0.6,0.5,646664
2258,A beach with lawn chairs and umbrellas on a blue green ocean.,mscoco,2812,0.4,1.0,245160
2259,a man on a tennis court being watched by a crowd,mscoco,3637,0.4,0.25,618338
2260,A herd of elephants are by the water.,mscoco,1987,1.0,1.0,328007
2261,A close up of a cat's face ,mscoco,1059,0.8,1.0,702555
2262,Several rocks and a pair of scissors sitting on a table.,mscoco,4220,0.1,1.0,516583
2263,A snowboarder jumps from a hill in front of trees.,mscoco,1813,0.6,0.5,620824
2264,A man on a skateboard jumps in the air.,mscoco,554,0.7,1.0,603280
2265,A street sign set alongside a residential street.,mscoco,2303,0.0,0.07142857142857142,79240
2266,"Prepared breakfast sits on a table, with peanut butter and jelly sandwich.",mscoco,4288,0.0,0.013333333333333334,229765
2267,"The train is painted red, orange, blue, and yellow.",mscoco,2252,0.3,1.0,353626
2268,An abundance of green bananas on the ground at a produce market.,mscoco,5242,0.3,1.0,648734
2269,People sitting on benches next to several trees.,mscoco,3520,0.1,0.125,585383
2270,A variety of vegetables on display at a produce stand.,mscoco,3152,0.8,1.0,344098
2271,"Shoe polish, a toothbrush, a black brush and a cloth lay on a brown wood floor.",mscoco,4314,0.1,1.0,316004
2272,A skateboarder salutes the sky as he jumps his board.,mscoco,2009,0.0,0.003105590062111801,121040
2273,A large group of people on a corner waiting to cross the street.,mscoco,879,0.5,1.0,13460
2274,a plate with a burger and some fruits and vegetables ,mscoco,2064,0.1,0.5,718825
2275,A bird that is standing on a beach.,mscoco,2676,1.0,1.0,820761
2276,A large tan cow laying in a field with three calves. ,mscoco,4993,0.0,0.016666666666666666,632858
2277,A hand holding a piece of food at a table.,mscoco,1911,0.2,0.25,227593
2278,A batter hitting a pitch at a baseball game.,mscoco,1969,0.1,1.0,684983
2279,Three doughnuts sitting on a napkin next to three cups .,mscoco,5194,0.0,0.04,468421
2280,Many fruit are lined up and displayed at a market. ,mscoco,3927,0.9,1.0,466149
2281,A row of umbrellas and chairs in the sand with birds flying over.,mscoco,148,0.2,1.0,242751
2282,Soldier and children reaching in unison towards supplies,mscoco,4189,0.2,1.0,779374
2283,a cheese and mushroom pizza sitting on a round pan,mscoco,1337,0.0,0.09090909090909091,761615
2284,An airliner is parked on the tarmac at an airport.,mscoco,1956,0.4,0.25,655402
2285,A clock above a window near the ceiling containing a light fixture.,mscoco,509,0.2,0.2,572984
2286,A crowded city street with the red umbrellas of a streetside market on the sidewalk,mscoco,3764,0.0,0.025,480016
2287,A blue bird on a branch in the woods.,mscoco,5828,0.8,1.0,827356
2288,A pile of vegetables on a green crate that is sitting on bed.,mscoco,1259,0.1,1.0,309303
2289,A variety of fruits and vegetables on a cutting board.,mscoco,2040,0.8,1.0,703347
2290,A coal powered engine blows smoke as it travels down a mountainside track.,mscoco,1657,0.6,0.5,675603
2291,A man hitting a tennis ball with a tennis racquet.,mscoco,911,0.4,0.5,118163
2292,A horse with a saddle walking across a bridge.,mscoco,2610,0.1,1.0,4760
2293,A group of people guide a group of horses across a rocky running river.,mscoco,1612,0.1,1.0,160606
2294,A herd of cows walking down a small country road.,mscoco,2924,0.9,1.0,64411
2295,A women tennis player getting ready to hit the ball.,mscoco,2883,0.2,0.2,524496
2296,Racing motorcycle's sitting on racks next to each other.,mscoco,5743,0.1,1.0,253724
2297,A bench is nestled in a wooded walkway.,mscoco,4300,0.3,0.5,101604
2298,A group of cows mill about in a grassy dirt field. ,mscoco,4508,0.0,0.015384615384615385,385888
2299,A meal of broccoli and cheese on a plate on a table.,mscoco,744,0.5,0.3333333333333333,441142
2300,a man laying on the ground next to a bicycle while a man walks toward him,mscoco,5416,0.1,1.0,332677
2301,A very close up image of some broccoli,mscoco,1481,0.8,1.0,388097
2302,A polar bear standing near a pool of water at a zoo.,mscoco,1501,0.4,0.5,162281
2303,A passenger train is parked on the tracks.,mscoco,4192,0.0,0.08333333333333333,287295
2304,A long vehicle with a trailer holding an animal.,mscoco,2840,0.2,1.0,330975
2305,Bald man wearing suit and corsage talking to woman in red dress.,mscoco,4670,0.0,0.014084507042253521,127948
2306,A large coffee table is placed in front of a sectional couch.,mscoco,5362,0.2,1.0,190555
2307,"A bathroom has a fancy light on the floor, as well as red and white walls ",mscoco,418,0.0,0.006493506493506494,829289
2308,Teddy bear sitting on a wooden shelf in front of books.,mscoco,1967,0.7,1.0,243305
2309,A woman is cutting clusters of grapes for sale.,mscoco,1539,0.1,1.0,142749
2310,A street sign pointing to the direction of 25 North.,mscoco,674,0.0,0.0014970059880239522,275280
2311,Thick coated sheep stand behind trees in a field.,mscoco,3280,0.1,0.1111111111111111,98646
2312,a desk with two monitors and two laptops ,mscoco,1844,0.0,0.0041841004184100415,734983
2313,A horse is walking in the sand along the water.,mscoco,849,0.4,1.0,464353
2314,a toilet with an instruction sign on the lid ,mscoco,1960,0.4,1.0,180366
2315,A bus waits next to parked cars in a village.,mscoco,1125,0.1,0.5,774025
2316,A young girl is sitting on a horse in this black and white photo. ,mscoco,3640,0.3,1.0,666972
2317,A black and white image where two men are riding in a horse carriage. ,mscoco,4790,0.4,1.0,413398
2318,a white train with an orange stripe on the tracks,mscoco,2044,0.2,0.3333333333333333,42120
2319,A person petting a cow that is eating hay.,mscoco,5480,0.2,0.1111111111111111,119408
2320,A white bathroom has sun streaming in a window above the sink. ,mscoco,308,0.1,0.16666666666666666,278567
2321,Man standing next to kitchen island with orange top.,mscoco,5327,0.1,0.16666666666666666,449787
2322,A skateboarder is riding a rail in a skatepark.,mscoco,1365,0.4,1.0,718295
2323,A cat lies on a person with a hand on the keyboard.  ,mscoco,3363,0.0,0.04,253625
2324,A church with stained glass windows depicting a hamburger and french fries.,drawbench,141,0.0,0.0,141
2325,a red white and black double decker bus and buildings,mscoco,5695,0.6,0.5,827760
2326,A young woman standing underneath a yellow street sign.,mscoco,1061,0.1,1.0,71142
2327,A parking meter sitting on the side of  wet street.,mscoco,3229,0.1,0.3333333333333333,597550
2328,A closed gated area with several stop signs displayed,mscoco,8,0.1,1.0,319086
2329,A man and woman looking at eight pizzas atop a table.,mscoco,1239,0.1,0.5,277273
2330,A kitchen counter with pots hanging above it and several objects in the corner.,mscoco,2509,0.1,0.1,319034
2331,A player in action up to bat in a baseball game.,mscoco,342,0.2,0.25,512648
2332,Stainless steel fridge and stove in a kitchen,mscoco,1753,0.3,1.0,210816
2333,A small dog laying down next to a lap topl,mscoco,1025,0.5,1.0,667793
2334,A picture of someone topping corn bread muffins.,mscoco,1943,0.1,1.0,356929
2335,Toothpaste and toothbrushes lean on the edge of a sink.,mscoco,1518,0.0,0.041666666666666664,68020
2336,"A table with a glass of water, a croissant on a dish and a coffee cup.",mscoco,2561,0.1,1.0,172413
2337,Person standing in the sand flying a yellow kite.,mscoco,1627,0.0,0.047619047619047616,189258
2338,Children are looking at vegetables displayed at a table.,mscoco,2915,0.2,1.0,30887
2339,A blue traffic sign under a cloudy sky.,mscoco,2473,0.0,0.027777777777777776,643208
2340,A professional women's tennis match on a clay court.,mscoco,3052,0.2,0.3333333333333333,440927
2341,The bride and groom begins to cut their red and white wedding cake.,mscoco,4416,0.7,1.0,827198
2342,A living room with iron and wood furniture,mscoco,1717,0.1,1.0,129909
2343,Some green street signs above an interstate highway,mscoco,146,0.6,1.0,562361
2344,Two giraffes and zebra with tree and grassy field,mscoco,5120,0.1,0.5,472685
2345,A close up shot of an elephant's face and eye.,mscoco,398,0.9,1.0,426152
2346,a sheep can be seen through a bottle,mscoco,5975,0.1,1.0,600292
2347,A piece of blueberry crumble is shown on a plate with a fork.,mscoco,1917,0.3,1.0,80197
2348,A toilet and toilet paper holder in a narrow room.,mscoco,2831,0.5,0.5,337617
2349,Man with glasses and black shirt eating a sandwich.,mscoco,314,0.4,1.0,213240
2350,A man jumping up with is hands raised while playing Wii,mscoco,1624,0.1,0.25,638351
2351,skateboarder flying high in front of a park tunnel,mscoco,4312,0.2,1.0,7936
2352,Two young boys sit on the carpet playing a video game.,mscoco,4148,0.2,0.25,181423
2353,A man in a cubicle with an Indiana Jones T Shirt talking on a cell phone.,mscoco,3,0.1,1.0,462578
2354,Two women on horseback with two men in front of each horse and a third person taking photos.,mscoco,4745,0.0,0.043478260869565216,634072
2355,A green and white bathroom with a rusty sink and cracked toilet. ,mscoco,1306,0.2,1.0,238000
2356,a close up of a slice of pizza on a plate,mscoco,326,0.3,0.5,35194
2357,upward looking picture of clock tower against a blue sky with sun shining on clock face,mscoco,1667,0.4,1.0,674635
2358,A one-eyed dog sits in the back seat of  a car.,mscoco,4389,0.0,0.018518518518518517,779438
2359,Young girl dressed in tennis whites holding tennis racket on grass field.,mscoco,2011,0.3,1.0,125785
2360,A view of a plane and a boarding ramp from an airport window,mscoco,3326,0.3,1.0,752242
2361,a small child brushing her teeth with a green toothbrush,mscoco,5271,0.5,1.0,95248
2362,A boy in green sweater riding on a skateboard.,mscoco,4232,0.0,0.07142857142857142,282197
2363,A motorcyclist racing high speed on a race track.,mscoco,5575,0.6,0.5,724932
2364,Four dogs on the street.,drawbench,43,0.0,7.968127490039841e-05,43
2365,A group of planes flying in sequence through the air.,mscoco,3323,0.9,1.0,452955
2366,A grocery store filled with lots of fresh produce.,mscoco,4153,0.3,0.3333333333333333,208235
2367,Several chairs with umbrellas overlook a beach. ,mscoco,1173,1.0,1.0,426150
2368,Woman using laptop computer sitting on carpeting in large area.,mscoco,1138,0.1,1.0,432380
2369,A fire hydrant that is painted to look like a Dalmatian wearing a fire helmet. ,mscoco,1287,0.2,1.0,645008
2370,Dock on a calm lake in arid country.,mscoco,4304,0.1,1.0,346382
2371,A small child is enjoying a donut at the table.,mscoco,1285,0.7,1.0,443185
2372,Young boy holding up traffic sign while sitting on ledge.,mscoco,1109,0.1,1.0,579033
2373,A museum exhibit featuring a large stop sign.,mscoco,1264,0.1,0.25,591421
2374,A child asleep in a bed with a railing.,mscoco,2538,0.2,0.5,245777
2375,A gray and white cat laying on top of a laptop computer.,mscoco,2117,0.1,0.1,399707
2376,"Red tulips are placed in a round, clear glass vase that is almost halfway filled with water.",mscoco,2582,0.1,0.5,78831
2377,"A large outdoor sculpture of a red chair with a horse on the chair, set in a grass yard area.",mscoco,3534,0.7,1.0,736332
2378,a red black and white plane flying in a blue sky,mscoco,5210,0.1,0.1,595398
2379,A man playing Tennis is attempting to catch the ball. ,mscoco,839,0.0,0.05263157894736842,279261
2380,A zebra is looking down on the ground at the grass.,mscoco,5756,0.7,1.0,196530
2381,"A kitchen area features a silver refrigerator, stove and counters on dark, wood flooring.",mscoco,26,0.0,0.037037037037037035,119671
2382,a small girl in a pink white and blue sweater and motorcycle,mscoco,1437,0.1,0.2,806974
2383,A group of men and women having a conversation in front of a building.,mscoco,872,0.1,0.3333333333333333,370339
2384,A child with an umbrella stands under a rain gutter. ,mscoco,5998,0.2,0.25,294777
2385,Cartoon kites are being flown in a clear blue sky.,mscoco,3385,0.1,0.3333333333333333,139386
2386,A white toilet bowl with an electronic brown seat.,mscoco,2439,0.1,0.2,95876
2387,A woman and man playing Wii in a room ,mscoco,5643,0.8,0.5,813837
2388,A black and white picture of a man carrying a surfboard,mscoco,5080,0.5,0.5,383460
2389,A table is covered with breakfast foods and coffee.,mscoco,1521,0.3,1.0,583235
2390,yellow bananas and lemons in a bowl on a table.,mscoco,5321,0.1,0.5,390390
2391,A child is sleeping next to a teddy bear.,mscoco,594,0.7,1.0,735549
2392,a cheese pizza on a white plate on a wooden table,mscoco,2268,0.1,0.14285714285714285,811117
2393,"A horse up close to the camera, in a black and white photo.",mscoco,3822,0.2,0.25,772264
2394,A crowd of people flying kites in a beautiful blue sky.,mscoco,1418,0.6,1.0,517137
2395,People holding umbrellas are crossing a street at night.,mscoco,247,0.2,0.2,616408
2396,Sidewalk in city with store fronts and clock.,mscoco,1187,0.3,0.25,431920
2397,Close up of hand adjusting tie with white shirt,mscoco,4371,0.1,1.0,472243
2398,A variety of doughnuts are shown in a box.,mscoco,3850,0.9,1.0,435833
2399,A skiver standing at the top of a ski slope,mscoco,3095,0.5,1.0,743336
2400,A family of zebras in a zoo exhibition.,mscoco,3103,0.2,0.25,87814
2401,Porcelain sink with a white decorated bathroom and blue accents.,mscoco,3860,0.1,0.5,800218
2402,A cargo train rides over a bridge. ,mscoco,3318,0.0,0.06666666666666667,573623
2403,A man kneeling down beside a dog holding a red frisbee.,mscoco,5668,0.0,0.04,283417
2404,A church building with a statue on the outside. ,mscoco,1325,0.1,1.0,6571
2405,The car is at the intersection while the sun is setting.,mscoco,2432,0.3,1.0,9264
2406,a hose is connected to a red fire hydrant,mscoco,870,0.4,1.0,362512
2407,This is a picture of a train coming into the station.,mscoco,349,0.2,1.0,379447
2408,A white toilet in a bathroom with white ceramic tile.,mscoco,453,0.4,1.0,510128
2409,"A man and a women sitting on a bench, the man is eating a watermelon. ",mscoco,1372,0.0,0.058823529411764705,818615
2410,Man on phone and drink with red hue standing next to a woman,mscoco,1170,0.1,1.0,317666
2411,A green military truck traveling down a street.,mscoco,2753,0.5,0.5,542166
2412,A store front in the early twentieth century.,mscoco,4650,0.0,0.07142857142857142,364057
2413,A pan of chopped broccoli is cooking near a plate of meat.,mscoco,29,0.1,0.25,507376
2414,An old photo of a car parked on the beach with a flag flying.,mscoco,796,0.1,1.0,265349
2415,A red fire hydrant is deep in the snow.,mscoco,3914,1.0,1.0,498013
2416,A string of kites being flown at the beach.,mscoco,4268,0.1,0.16666666666666666,797239
2417,Two hotdogs that are sitting in sand behind glass.,mscoco,317,0.2,1.0,518390
2418,Blurred image of a person riding a long board on a sidewalk.,mscoco,4543,0.1,0.16666666666666666,176676
2419,Large group of birds in flight and on ground large open area.,mscoco,4901,0.3,1.0,575655
2420,A man on a white bike is biking on the street. ,mscoco,3046,0.1,0.14285714285714285,670952
2421,A young man snow boarding on a fence rail.,mscoco,754,0.3,0.3333333333333333,675189
2422,"A white plate of food with cheese, vegetables and fruit.",mscoco,1180,0.1,0.5,284679
2423,A stop sign is shown on the corner of the street.,mscoco,3887,0.8,1.0,152272
2424,A woman with a life jacket on holding onto a rope while engaging in a water sport. ,mscoco,2912,0.2,0.5,576892
2425,"PLAYER UP TO BAT WAITING ON PITCHER, UMPIRE KNEELING BEHIND",mscoco,4116,0.3,0.5,111272
2426,a couple of people that are standing up playing with a wii,mscoco,1560,0.6,1.0,584697
2427,A group of skiers jumping off of a ski jump.,mscoco,2288,0.4,1.0,752509
2428,A purple motorcycle sits next to a blue motorcycle.,mscoco,2261,0.1,1.0,302376
2429,A person playing a game with a Nintendo Wii controller.,mscoco,162,0.3,0.5,367315
2430,Two model airplanes sit on stands in the grass. ,mscoco,612,0.2,0.3333333333333333,598681
2431,A plate of food is positioned in clear site of bottled wine.,mscoco,5694,0.4,1.0,261615
2432,A man skateboarding on a rail in front of a crowd.,mscoco,1585,0.0,0.03333333333333333,231898
2433,A cow sitting on the beach near a group of people.,mscoco,759,0.1,0.2,533914
2434,A piece of cake that is on a plate.,mscoco,1972,1.0,1.0,713813
2435,A worn wooden bench near a colorful flower garden.,mscoco,2140,0.5,0.5,177324
2436,Skateboarder on city street stopping to take a break.,mscoco,4221,0.0,0.006756756756756757,735908
2437,a business truck on a city street ,mscoco,4992,0.2,0.3333333333333333,484404
2438,"A bathroom toilet, wood drawers and shower stall.",mscoco,5360,0.1,1.0,822159
2439,Two kids playing with tennis rackets on a playground.,mscoco,3278,0.3,1.0,52939
2440,Two giraffes in a dry brush field with green trees.,mscoco,2183,0.3,1.0,80055
2441,Four large trucks are parked in a garage.,mscoco,3493,0.1,0.5,368652
2442,A variety of fresh fruit in a medal mesh basket.,mscoco,482,0.0,0.02631578947368421,133438
2443,Group of people walking in front of large white buildings. ,mscoco,5347,0.1,0.5,250366
2444,A room that is full of young children sitting together at some tables.,mscoco,2154,0.1,1.0,231446
2445,A tennis player wearing white is holding a racket.,mscoco,1469,0.6,1.0,702314
2446,Young girl playing soccer and trying to score while being blocked.,mscoco,3957,0.3,0.25,45124
2447,cat lays on top of television while owner takes a picture,mscoco,3420,0.3,1.0,128956
2448,A male tennis player is in action with the ball.,mscoco,2007,0.3,0.5,146319
2449,A brown and black dog laying on a red blanket.,mscoco,416,0.0,0.037037037037037035,215557
2450,A cat is sitting on top of a television set. ,mscoco,1230,0.6,1.0,657586
2451,A small dog catching a blue frisbee on the beach,mscoco,2085,0.2,1.0,779456
2452,Asian boy in green T-shirt grinning at dining table with meal servings.,mscoco,164,0.1,1.0,123268
2453,There is a motorcycle on the road in the foreground and a beach in the background.,mscoco,2785,0.0,0.05,642401
2454,A Green field with two people flying colorful kites.,mscoco,1939,0.2,1.0,571644
2455,Very old picture of woman riding a bicycle and man walking,mscoco,2957,0.1,1.0,38865
2456,Tourist train with several cars driving on street.,mscoco,2208,0.1,0.5,68208
2457,A child is flying a kite on a beach next to the water.,mscoco,166,0.7,1.0,90622
2458,A smart phone sitting inside of a red pouch.,mscoco,3571,0.3,1.0,721630
2459,A skate boarder riding ramps at a skate park.,mscoco,1473,0.5,1.0,10742
2460,A man standing in skis on a hill.,mscoco,184,0.4,1.0,26072
2461,Horses racing on the turf by a white rail with the grand stand in the distance.,mscoco,3140,0.1,0.16666666666666666,297826
2462,"A white sign that reads ""NO ARKING"" on a brick wall of a building.",mscoco,1276,0.1,1.0,534826
2463,A tiled shower with a large shower head,mscoco,197,0.1,0.5,129003
2464,A male tennis player in action on the court.,mscoco,753,0.2,0.3333333333333333,495940
2465,A passenger jet taking off from an airport runway.,mscoco,2055,0.7,1.0,137086
2466,a man in an orange shirt is playing tennis,mscoco,2870,0.4,1.0,319708
2467,many green and white surfboards laying on the sand,mscoco,1791,0.1,1.0,271671
2468,A brown teddy bear wearing a polka dot boy tie.,mscoco,5752,0.1,1.0,676889
2469,A player up to bat in a baseball game.,mscoco,5115,0.7,0.5,447068
2470,A man in a green and white costume using a skate board.,mscoco,2512,0.1,1.0,155580
2471,Some young players in action on the baseball field.,mscoco,2378,0.3,1.0,708917
2472,A large blue bus on a city street.,mscoco,1926,0.6,0.5,343438
2473,Two giraffes reach for their food in a zoo.,mscoco,1758,0.2,1.0,40574
2474,A person is riding the waves on a surfboard.,mscoco,3527,0.5,0.5,271106
2475,A street sign in a construction area pointing to Royal ascot and Milnerton Ridge,mscoco,1602,0.1,1.0,197456
2476,A man with a surfboard walking along the beach.,mscoco,5296,0.8,0.5,250997
2477,A white and orange cat laying on top of a bed.,mscoco,3563,0.3,1.0,170801
2478,The bed and mattress in a dorm room,mscoco,3316,0.0,0.09090909090909091,209310
2479,A baby girl and a toy fox with woman laying down,mscoco,5398,0.0,0.041666666666666664,313992
2480,A man scooping food into a pan .,mscoco,3801,0.2,0.25,236283
2481,a person riding a snow board on a snowy surface,mscoco,24,0.0,0.01818181818181818,563910
2482,A brown and white dog above grassy area with a frisbee.,mscoco,4156,0.4,0.5,661003
2483,An orange and white electric train traveling beneath a cloudy sky.,mscoco,822,0.2,0.125,120517
2484,Two people wearing protective helmets are sitting on a motorcycle.,mscoco,5476,0.3,1.0,473811
2485,A brown bear walking in its habitat at a zoo.,mscoco,1028,0.3,0.5,605536
2486,Groups of people sit at outdoor tables covered with umbrellas. ,mscoco,3807,0.1,0.16666666666666666,786901
2487,Small child in blue outfit holding up a tennis racket. ,mscoco,2513,0.3,1.0,738568
2488,a person feeding birds near a bike ,mscoco,478,0.1,0.3333333333333333,348717
2489,A black train sculpture under a green tree.,mscoco,2120,0.2,1.0,213259
2490,A sandwich is placed on a cutting board near a glass of wine.,mscoco,2124,0.1,0.1111111111111111,271133
2491,A formation of airplanes flying in a gray sky.,mscoco,952,0.9,1.0,315775
2492,Table with red umbrella in sitting area in park setting.,mscoco,405,0.4,1.0,296073
2493,Some vehicle car beds are sitting in front of a large window indoors.,mscoco,2793,0.0,0.005154639175257732,571060
2494,A cat sleeping on the keyboard of a laptop.,mscoco,860,0.9,1.0,606935
2495,"Brown trolley number 11, labeled ""Powell & Hyde Sts."", on Jackson Street.",mscoco,4175,0.1,1.0,525424
2496,A woman eating at a table from a plate of food.,mscoco,2712,0.6,1.0,742507
2497,a giraffe bending down to eat grass off the ground,mscoco,5216,0.9,1.0,569691
2498,A man riding on a surfboard in what looks like the rapids of a river.,mscoco,1269,0.3,1.0,183417
2499,A group of people paddling out to the ocean on surfboards,mscoco,1581,0.9,1.0,94614
2500,"A desk with a computer monitor, keyboard and other office items.",mscoco,5727,0.4,0.5,446277
2501,A male surfer on a white board riding a wave.,mscoco,2522,0.4,0.5,592245
2502,A brown teddy bear wearing a blue shirt sitting on a gate.,mscoco,4640,0.1,0.16666666666666666,593986
2503,Man in hat and coat flying a kite in a parking lot with others.,mscoco,684,0.1,1.0,279232
2504,A open colorful umbrella sitting on a sandy beach next to the ocean.,mscoco,5973,0.5,1.0,110302
2505,A large group of motorcycles are parked on the street.,mscoco,2898,1.0,1.0,618699
2506,A giraffe standing in a  grassy field with a wooden fence in the background.,mscoco,1704,0.3,0.5,222951
2507,A kitchen has wooden cabinets and chrome appliances.,mscoco,419,0.8,0.3333333333333333,286990
2508,A young man and woman playing with cell phones and a computer.,mscoco,578,0.0,0.00048756704046806434,750748
2509,"A stop sign with an ""eating animals"" sticker on it.",mscoco,850,0.2,0.5,417
2510,A vase with three red tulips in it.,mscoco,622,0.1,1.0,259304
2511,A man riding skis down a snow covered slope.,mscoco,1466,0.3,0.3333333333333333,504070
2512,Snowboarder riding a snowboard across a large pipe.,mscoco,3677,0.1,1.0,339749
2513,A white stove top oven sitting in a kitchen.,mscoco,1454,0.8,1.0,720607
2514,Hotel room containing two made beds and with tray on bed,mscoco,5245,0.2,1.0,569990
2515,A train travels down the tracks in a green forested mountain pass. ,mscoco,1608,0.5,0.3333333333333333,278102
2516,Man playing Wii video game in a living room with others watching in background,mscoco,1346,0.2,1.0,552047
2517,White sheep are grazing in a green pasture.,mscoco,784,0.3,0.5,820177
2518,Two girls playing a racing game on a game system.,mscoco,370,0.3,1.0,50079
2519,a person about to cut a piece of cake. ,mscoco,4507,0.7,1.0,701162
2520,A big sandwich with tomato and cheese on a plate. ,mscoco,1040,0.0,0.011627906976744186,280073
2521,A person is winding back to throw a snowball while on skis.,mscoco,236,0.0,0.02564102564102564,530114
2522,a girl is holding a tennis racket on a court,mscoco,523,0.6,0.5,639529
2523,Three young men sit at a table using four laptops.,mscoco,2233,0.1,1.0,452947
2524,a yellow and white bed in a small room,mscoco,1665,0.2,1.0,625586
2525,pink and white flowers in a vase on a petal covered table,mscoco,401,0.1,0.2,433179
2526,A dish of broccoli and spaghetti with red sauce,mscoco,2407,0.1,0.3333333333333333,214027
2527,A group of kids at a skate board park. ,mscoco,119,0.6,1.0,141488
2528,Large well made bed with red bedspread in bright room.,mscoco,1635,0.2,0.3333333333333333,642388
2529,A white and red plane on runway with mountains in background.,mscoco,2152,0.1,0.14285714285714285,372809
2530,baskeball players on the court dressed in orange or white ,mscoco,5383,0.1,1.0,671998
2531,A white cat digging in a book bag.,mscoco,5166,0.2,0.3333333333333333,465849
2532,A cat sits looking out of a window.,mscoco,1903,1.0,1.0,431274
2533,Two female baseball players in white and purple uniforms.,mscoco,5185,0.2,0.5,548520
2534,"Two girls sitting on the ground, one with a hat on, the other with an open umbrella. ",mscoco,2841,0.0,0.04,605081
2535,A black TV sitting on the ground with a free paper on it.,mscoco,371,0.1,0.3333333333333333,284781
2536,A man wearing a helmet performs a skateboard trick for a woman with a camera.,mscoco,4168,0.1,0.5,402412
2537,A man eating food while wearing an orange shirt.,mscoco,5128,0.1,1.0,507035
2538,A boy in a red shirt swinging a tennis racket,mscoco,4846,0.7,1.0,792502
2539,Men lounge around a kitchen island in an office.,mscoco,4193,0.1,0.2,721575
2540,A nice clean beige bathroom in an R.V.,mscoco,5821,0.0,0.07692307692307693,318675
2541,A black and white cat is on top of a childrens toy.,mscoco,1734,0.1,0.3333333333333333,716923
2542,A kitchen with a white stove and washing machine,mscoco,1957,0.1,0.1111111111111111,166515
2543,A man is outdoors throwing a Frisbee in a park. ,mscoco,410,0.7,0.5,175987
2544,A close up of the stop sign on the side of a school bus.,mscoco,2878,0.4,1.0,345151
2545,a yellow and red model airplane in some grass,mscoco,648,0.1,1.0,617766
2546,a zebra is walking around its pen at the zoo,mscoco,654,0.4,0.5,222158
2547,Female student multitasking with various electronics in her room.,mscoco,5300,0.0,0.008928571428571428,175781
2548,Skaters are skateboarding at the park while a crowd watches. ,mscoco,424,0.3,0.2,420810
2549,A dog leaps for a frisbee at a dog show.,mscoco,1001,0.7,1.0,737679
2550,"A large clock sits next to a large building
",mscoco,38,0.0,0.05,228810
2551,Luggage sits on a baggage claim in an airport as people watch for their bags.,mscoco,778,0.3,1.0,50823
2552,Traffic signs direct travelers in between city buildings.,mscoco,5983,0.1,0.14285714285714285,568690
2553,A plane that is taking off from a runway.,mscoco,140,0.4,1.0,505107
2554,Black dog laying down near a black and white cat. ,mscoco,614,0.1,0.2,532066
2555,A double decker bus on a street with a ferris wheel in the background ,mscoco,4588,0.1,0.14285714285714285,550619
2556,A young child eating a slice of pizza.,mscoco,3832,1.0,1.0,681399
2557,A woman lying on a bed with high heel shoes on.,mscoco,5364,0.8,1.0,786528
2558,A man eating a hot dog on a bun.,mscoco,2263,0.9,1.0,57895
2559,A large elephant standing in a grass field.,mscoco,1280,0.8,1.0,361104
2560,A red city bus sits at a bus stop.,mscoco,274,0.4,1.0,538115
2561,A man biting into a sandwich with his mouth.,mscoco,3128,0.7,1.0,294807
2562,A yellow and white train going across a large white bridge.,mscoco,3660,0.1,0.2,133986
2563,Teddy bears populate a prop set of a cafe.,mscoco,3676,0.1,0.16666666666666666,441887
2564,An adult and baby zebra in a grassy area.,mscoco,5726,0.9,0.5,403382
2565,"Kid skateboarding on a rail, surrounded by a large group of people.",mscoco,1425,0.0,0.0016891891891891893,137947
2566,A person on a court with a tennis racket.,mscoco,3329,0.5,1.0,674630
2567,Two young boys play a game of frisbee.,mscoco,5542,0.2,1.0,193192
2568,A group of people sit at a table with food.,mscoco,694,0.6,1.0,36297
2569,"Two woman wearing headbands, while holding WII controllers.",mscoco,2110,0.1,1.0,43108
2570,"A desk with three computer monitors and two laptop computers, office phone, papers and files, with a jacket on hanger in corner.",mscoco,3367,0.1,1.0,542925
2571,A female tennis player in back-swing after returning a volley.,mscoco,5189,0.0,0.07692307692307693,232110
2572,A group of zebra sculptures are displayed in the grass.,mscoco,2058,0.2,0.5,367260
2573,Small boats are lined up at the shore.,mscoco,1670,0.6,1.0,64792
2574,A hotel room has twin beds and white sheets.,mscoco,1209,0.6,1.0,73302
2575,A herd of cattle walking on a dirt road.,mscoco,1193,0.8,1.0,209459
2576,Artophagous.,drawbench,138,0.0,0.0,138
2577,three children wearing party hats are at a table,mscoco,5341,0.2,1.0,193330
2578,People walking beside a train in a forest environment.,mscoco,65,0.2,1.0,228437
2579,A red traffic light hangs above a wide street with orange signs lining either side.,mscoco,3648,0.0,0.005847953216374269,487309
2580,Male and females hosts of a television cooking program.,mscoco,2443,0.1,1.0,112577
2581,A bouquet of tall white flowers in a blue crockery vase.,mscoco,4146,0.1,0.125,781220
2582,A child holding a wii mote playing on a Wii.,mscoco,458,0.7,0.5,407617
2583,A green and yellow train pulling into a train station.,mscoco,3706,0.3,1.0,347234
2584,A black and white picture of a car and camping supplies,mscoco,1277,0.2,1.0,658696
2585,A man kiteboarding on top of the ocean under a  blue sky.,mscoco,5624,0.4,1.0,800111
2586,a tray filled with a variety of food including carrots,mscoco,937,0.1,0.1111111111111111,206771
2587,A city street covered in fog at night.,mscoco,4602,0.3,1.0,550192
2588,Black and white photograph of man on bicycle with cellphone.,mscoco,4363,0.1,1.0,391421
2589,A man is standing near a computer giving a presentation. ,mscoco,4751,0.4,1.0,456822
2590,A pile of doughnuts with signs stating the prices.,mscoco,4360,0.2,1.0,68250
2591,Man in black shirt playing game with Nintendo Wii controller.,mscoco,1595,0.3,1.0,216690
2592,"Black and white of large dump truck on its side with a small tow truck backed up to it, with some people standing around, and backs of people's heads from above the scene, with background of a valley and a mountain side.",mscoco,5810,0.1,1.0,696062
2593,A yellow motorcycle in parking lot next to other motorcycles.,mscoco,4788,0.4,1.0,293451
2594,Woman in green and white outfit swinging at a tennis ball. ,mscoco,4783,0.3,1.0,267342
2595,A kitchen with a sink and cabinets in it.,mscoco,259,0.6,1.0,756649
2596,A woman handing out pieces of cake on a sidewalk.,mscoco,1971,0.0,0.05555555555555555,151531
2597,A large metallic refrigerator freezer combo in a kitchen.,mscoco,1117,0.6,1.0,146069
2598,A batter steps up to plate with a bat and readies to swing.,mscoco,1178,0.0,0.0625,357330
2599,An elephant in front of a tree line holding a leaved branch.,mscoco,273,0.0,0.03333333333333333,562918
2600,This is an image of a man with a slice of cake.,mscoco,2768,0.5,0.5,272206
2601,"A child hitting a baseball with a baseball bat.
",mscoco,3802,0.7,1.0,212284
2602,A blue yellow and grey train is shown on a bridge.,mscoco,111,0.4,1.0,522626
2603,Small white bird sits on the back of a horse in an open field. ,mscoco,4635,0.0,0.07692307692307693,40194
2604,A man holding a pizza on a wooden pizza peel.,mscoco,1189,0.0,0.07692307692307693,56473
2605,A stop sign with a solar panel attached to the top of it.,mscoco,265,0.2,1.0,246612
2606,Bathroom with wood and tub with window and floor,mscoco,2343,0.1,0.1,472143
2607,"Young man in shorts napping on stoone wall, head on backback with bike next to him. ",mscoco,1431,0.1,1.0,246672
2608,"An open suitcase with bags, plastic bags and other items",mscoco,5314,0.2,1.0,668055
2609,Several glass vases sitting on a shelf near a window.,mscoco,100,0.1,0.16666666666666666,809534
2610,A pan of vegetables and chicken with seasoning on top.,mscoco,978,0.4,1.0,202076
2611,A person holding a half-eaten doughnut in their hand.,mscoco,5705,0.3,0.5,501607
2612,a woman is laying down with her baby on the bed,mscoco,76,0.3,1.0,532780
2613,The sun shines over the tree top while a horse grazes in a field.,mscoco,3354,0.1,1.0,624004
2614,Two zebras standing together on a grassy field.,mscoco,2158,0.7,1.0,789186
2615,a picture of two game remote controls side by side.,mscoco,4958,0.4,0.5,666194
2616,An avid skateboarder doing tricks in a public park area.,mscoco,5864,0.1,0.125,119704
2617,A bicycle rests on a bench on a field on a hill.,mscoco,4033,0.2,1.0,661176
2618,A woman holds her tennis racket ready to hit the ball.,mscoco,4057,0.1,0.16666666666666666,79515
2619,A bride and groom are cutting a wedding cake.,mscoco,1202,1.0,1.0,283107
2620,Small train with visitors in cars at outdoor venue.,mscoco,5162,0.1,0.1111111111111111,759931
2621,A tabby cat lies on a shelf next to a computer and mouse.,mscoco,3684,0.2,0.2,516857
2622,a red bus moving on the road with other vehicles,mscoco,5308,0.7,1.0,624730
2623,a man flipping in the air with a snowboard above a snow covered hill,mscoco,78,0.0,0.038461538461538464,549951
2624,An airplane seat with a built in television.,mscoco,905,0.5,1.0,667449
2625,A sign is displayed on a post next to a road.,mscoco,5326,0.7,1.0,153787
2626,A baseball player holding a bat in the pitch,mscoco,981,0.5,1.0,541896
2627,A woman and a man are riding horses with mountains in the background.,mscoco,3410,0.1,0.3333333333333333,507594
2628,A very cute cat laying down on a keyboard.,mscoco,2890,0.5,0.5,495619
2629,Two men jumping for the same Frisbee on a field.,mscoco,5485,0.5,1.0,488324
2630,A group of cows walking in a grassy field.,mscoco,1217,0.9,1.0,649198
2631,People surfing on ocean waves near the beach.,mscoco,1973,0.0,0.0136986301369863,187431
2632,A vintage picture of a group of adults and children with horses on a shoreline. ,mscoco,3253,0.1,1.0,475976
2633,"Pizza with white sauce, tomato and basil on a plate",mscoco,4046,0.7,0.25,646087
2634,A baseball player sliding to base while another baseball player waits to catch the ball.,mscoco,3076,1.0,1.0,246818
2635,Blurry picture of dog running with white frisbee in mouth,mscoco,651,0.1,0.5,650247
2636,A photo of a kid in their batting stance in an outdoor baseball field.,mscoco,5090,0.1,0.5,624345
2637,A person is preparing to eat a large pizza,mscoco,196,0.3,1.0,104920
2638,A young man and woman pose for a picture in front of red curtains.,mscoco,4678,0.2,1.0,66593
2639,A row of orange and pink teddy bears on display.,mscoco,4756,0.4,0.3333333333333333,422958
2640,A woman frying donuts in a big pot,mscoco,2289,0.3,0.5,781867
2641,a zebra in a large field eating grass,mscoco,5941,0.8,1.0,61713
2642,A woman walking down a street past a bike.,mscoco,1777,0.2,1.0,721103
2643,A stuffed teddy bear sitting in front of an open book.,mscoco,1316,0.7,1.0,384598
2644,a pizza and a cup sitting on a table.,mscoco,4948,0.1,0.25,689680
2645,A happy birthday cake with train cars on aluminum foil on wood grain surface.,mscoco,5453,0.4,0.5,438511
2646,a baseball player hitting a ball during a game,mscoco,4547,0.8,1.0,433286
2647,A man and a woman riding a scooter past a church.,mscoco,2148,0.1,1.0,483375
2648,"A yellow street sign, with people siting in chairs.",mscoco,1577,0.1,1.0,257288
2649,Promotional photo showing snowboarder doing aerial stunt over steep slope.,mscoco,5944,0.0,0.024390243902439025,651464
2650,A small airplane sitting on top of a field.,mscoco,912,0.9,1.0,696918
2651,A large train at a station full of people.,mscoco,3084,0.2,0.3333333333333333,255197
2652,A row of park benches sitting on a  green park.,mscoco,922,0.3,0.5,688562
2653,A dog is standing outdoors near some cattle.,mscoco,3439,0.4,1.0,704006
2654,A woman in grey shirt playing with a kite on beach.,mscoco,1632,0.1,0.3333333333333333,312659
2655,Diecast diorama 1/64 scale models of a fire department and its trucks,mscoco,5676,0.1,0.25,514935
2656,painting of exotic bird surrounded by plants and flowers,mscoco,4295,0.1,1.0,826458
2657,A baseball player swinging a bat on a field.,mscoco,1311,0.3,0.3333333333333333,423921
2658,A white kitchen has a stainless steel oven in it.,mscoco,2849,0.4,1.0,216489
2659,A man doing a wheelie on a motorcycle on a commercial street,mscoco,2806,0.0,0.017543859649122806,177495
2660,A view of a small room with a business desk and a bed in the corner.,mscoco,37,0.1,1.0,640310
2661,A bathroom either being torn down or remodeled with a toilet.,mscoco,3975,0.5,0.3333333333333333,527264
2662,A clock sits at the top of a tan and gray tower.,mscoco,1035,0.0,0.02702702702702703,754060
2663,This pictures shows a wooden bench on a street side.,mscoco,4570,0.1,0.1111111111111111,233396
2664,Cows stand near a barbed-wire fence in a pen.,mscoco,4102,0.7,1.0,425258
2665,"A collage of two photos of a man wearing a tie, one being a closeup view of his shirt.",mscoco,999,0.1,0.25,276934
2666,A man sitting on a bench holding a cane.,mscoco,3055,0.2,1.0,288280
2667,A bike parked near a metal object on a sidewalk.,mscoco,1811,0.1,0.3333333333333333,775342
2668,Many people on a sandy beach with umbrellas.,mscoco,3931,0.9,1.0,375393
2669,People sitting at a restaurant eating sandwiches and corn on the cob.,mscoco,483,0.1,1.0,800236
2670,A pizza with mushrooms and carrots as toppings,mscoco,2970,0.0,0.0196078431372549,101137
2671,Two birds sit on opposite sides of a bench in a field. ,mscoco,2531,0.1,1.0,4590
2672,A person is riding a bicycle in city traffic.,mscoco,3882,0.5,1.0,505279
2673,Two cats perch on the roof of a car.,mscoco,1036,0.2,1.0,826937
2674,A clock attached to a brick column underneath a roof.,mscoco,3596,0.1,1.0,62177
2675,A competitive downhill skier racing the moguls. ,mscoco,2424,0.5,1.0,389987
2676,"A large keyboard musical instrument with a wooden case enclosing a soundboard and metal strings, which are struck by hammers when the keys are depressed. The strings' vibration is stopped by dampers when the keys are released and can be regulated for length and volume by two or three pedals.",drawbench,90,0.0,0.00045433893684688776,90
2677,A skier is seen in motion skiing wearing a uniform.,mscoco,2365,0.4,1.0,104477
2678,Closeup of a knife cutting through a green apple.,mscoco,232,0.3,1.0,215225
2679,A woman holding a tennis racquet on a purple tennis court.,mscoco,1145,0.1,0.3333333333333333,62910
2680,Several men standing around and working on a train that is sitting on tracks.,mscoco,5910,0.3,0.5,702738
2681,A group of skiers are standing in the snow with their ski equipment.,mscoco,4935,0.5,1.0,448475
2682,A plate holds a stack of cheesy bread sticks.,mscoco,1527,0.2,1.0,647048
2683,A woman cross country skiing in an open snow-covered area.,mscoco,5758,0.7,1.0,504138
2684,A car dashboard with a LED display and a plush rabbit ,mscoco,4278,0.1,1.0,826212
2685,A tennis player leans into her stroke on the court,mscoco,4541,0.2,1.0,345317
2686,A High flying skier is doing a mid air flip.,mscoco,4199,0.7,1.0,441736
2687,Two cats are sleeping on a wood dock.,mscoco,3173,0.2,1.0,747085
2688,A couple cutting their wedding cake together with a knife in their hands,mscoco,5468,1.0,1.0,707056
2689,Employees working in an airport transferring baggage from the airplane to the carts.,mscoco,5244,0.2,1.0,624398
2690,A large brown dog eating food out of a box.,mscoco,5252,0.1,1.0,205378
2691,A crowded street is shown with shops and apartment buildings.,mscoco,943,0.0,0.05,761651
2692,An elephant is eating hay with another elephant.,mscoco,2574,0.5,1.0,243275
2693,Pizza with a lot of toppings in a pizza box ,mscoco,4597,1.0,1.0,364638
2694,A group of cows are laying on a beach,mscoco,5125,0.5,1.0,19437
2695,a tennis player with a tennis racket getting ready to swing,mscoco,2995,0.4,1.0,202962
2696,A blue and white bus driving down a street near trees.,mscoco,493,0.7,1.0,522921
2697,A man with an umbrella standing with a woman in a park.,mscoco,1094,0.1,1.0,539840
2698,A photo taken from a car looking at a herd of sheep in the road.,mscoco,3411,0.3,0.25,286316
2699,a red blue and white sign and some people on a street,mscoco,3031,0.0,0.002717391304347826,459581
2700,The lower half of person riding on a skateboard.,mscoco,3448,0.4,1.0,403592
2701,A bird is standing on a bird feeder while another bird sits in the shadows.,mscoco,1344,0.1,1.0,433799
2702,"A restaurant sign that reads ""S & D Restaurant & Bar.""",mscoco,409,0.1,0.5,278610
2703,Young girl sitting on bed playing with remoter game control.,mscoco,4991,0.1,0.5,707205
2704,man with surfboard standing next to giant rock face,mscoco,3209,0.1,1.0,634942
2705,A yellow kitchen with white cabinets and a sink.,mscoco,510,0.2,1.0,179095
2706,A street with cars parked on the side and a Cathedral at the end.,mscoco,4120,0.2,1.0,327089
2707,Male skateboarder in mid air doing a jump.,mscoco,5559,0.5,1.0,268679
2708,Street signs posted at an intersection of Spokane St. and Courtland Pl.,mscoco,5239,0.0,0.0064516129032258064,30366
2709,A woman wearing sunglasses and smiling with her phone.,mscoco,407,0.1,0.3333333333333333,510611
2710,A bicycle parked in red bicycle rack on sidewalk.,mscoco,5803,0.1,0.3333333333333333,376019
2711,Living room with TV playing and view of a hand in the picture.,mscoco,1461,0.0,0.047619047619047616,57942
2712,a male in a white shirt is riding a brown and black horse,mscoco,2519,0.1,0.1111111111111111,427577
2713, A market area with people and many crates of fruit.,mscoco,268,0.3,0.16666666666666666,358121
2714,Children playing wiffle ball in a back yard ,mscoco,980,0.2,1.0,575307
2715,Man applying pasted to tooth brush in park.,mscoco,4320,0.1,1.0,764110
2716,A man standing inside of a store behind piles of ripe bananas.,mscoco,94,0.3,1.0,131319
2717,A small child is sitting on the couch playing with a phone.,mscoco,3449,0.1,0.5,415533
2718,A group of people are playing volleyball on a beach.,mscoco,4435,0.5,1.0,185095
2719,A flock of pigeons fly past a clock tower.,mscoco,399,0.4,1.0,111360
2720,A black dog holds a red Frisbee in its mouth.,mscoco,3999,0.7,1.0,465686
2721,A plate of food has vegetables and meat.,mscoco,3342,0.9,1.0,404028
2722,a view of the tunnel of an inside trains station ,mscoco,2331,0.2,1.0,336564
2723,A skier can be seen making their way down the slope.,mscoco,2276,0.7,0.5,649718
2724,Boy gives two thumbs up next to train track while holding ski poles,mscoco,3750,0.1,1.0,534127
2725,Fans gather outside a sporting event to support their team.,mscoco,4887,0.2,0.3333333333333333,467407
2726,A group of athletes ski along a trail.,mscoco,5457,0.4,0.3333333333333333,696084
2727,An orange cat is looking up at the camera.,mscoco,3255,0.1,0.3333333333333333,605978
2728,Toilet seat inside door of a passenger compartment.,mscoco,4592,0.0,0.013333333333333334,818570
2729,a tennis match is being played on a blue court ,mscoco,4729,0.4,0.5,619613
2730,A woman holding a pink umbrella next to a bald headed man.,mscoco,628,0.0,0.006289308176100629,285128
2731,Blurry photograph of a cat watching the television ,mscoco,5903,0.1,0.2,346051
2732,A woman eating a sandwich on a bench near the street.,mscoco,2675,0.2,1.0,645357
2733,Sheep and goats living in an enclosed area.,mscoco,1382,0.0,0.06666666666666667,672273
2734,"a pizza with ham, cheese and green onions",mscoco,1229,0.0,0.05555555555555555,52527
2735,an image of a family celebrating a childs birthday,mscoco,3883,0.2,0.5,158516
2736,Three zebras grazing on grass in a field,mscoco,1507,0.5,1.0,804429
2737,"Street view of a home, electrical posts and a street sign",mscoco,2351,0.0,0.017857142857142856,616865
2738,A woman feeds birthday cake to a baby in a high chair.,mscoco,1543,0.1,0.14285714285714285,814565
2739,a zebra standing on some dirt and bushes and trees,mscoco,4066,0.8,1.0,427512
2740,Two people are riding an elephant walking through the water.,mscoco,4082,0.7,1.0,659763
2741,A small airplane is parked on a runway.,mscoco,2635,0.4,0.5,111952
2742,a close up of a garbage truck on a city street,mscoco,5848,0.7,1.0,378915
2743,A person is grabbing a bowl of food in the oven.,mscoco,4180,0.1,0.3333333333333333,583482
2744,a yellow white and black train on its track,mscoco,951,0.0,0.058823529411764705,371900
2745,A sandwich and smoothie on a table at a restaurant.,mscoco,915,0.1,1.0,534360
2746,A bathroom setting with garden tub and pedestal,mscoco,4881,0.1,1.0,69356
2747,A person is kite surfing in the water. ,mscoco,2940,0.5,0.3333333333333333,611343
2748,a man eating a doughnut next to some baby toys,mscoco,2860,0.0,0.02564102564102564,612680
2749,A dog that is standing on top of a fire hydrant.,mscoco,3227,0.1,0.3333333333333333,481741
2750,A living room filled with lots of furniture and a red stair case.,mscoco,4373,0.1,0.2,566066
2751,A bathroom sink under a large mirror next to a yellow wall.,mscoco,299,0.0,0.021739130434782608,228531
2752,Rusted scissors sticking out of a metal object in a backyard.,mscoco,3395,0.2,1.0,22513
2753,An owl sits in front of a chain link fence.,mscoco,1735,0.1,1.0,469385
2754,"A group of people standing around a table with pizza, wine and glasses on it.",mscoco,5209,0.1,0.5,272392
2755,Two men standing close together examining some red wine.,mscoco,4721,0.2,1.0,288498
2756,"A advert featuring a stop sign and the slogan ""the attack on worker rights"" ",mscoco,1440,0.1,1.0,221487
2757,A man holds a plate of food while he works on a laptop.,mscoco,4819,0.1,0.5,100134
2758,A grassy field with two white horses and trees.,mscoco,3538,0.1,0.125,759365
2759,A man in black doing jumps on a skateboard,mscoco,2721,0.0,0.0625,642630
2760,A salad and chocolate milkshake are sitting on a wooden table. ,mscoco,4565,0.1,0.25,366647
2761,A boy prepares to swing his bat during a baseball game.,mscoco,2139,0.6,1.0,702534
2762,a hand is holding some scissors with a green handle,mscoco,4126,0.2,0.5,693418
2763,A black and white cat is playing with a toy carrot.,mscoco,3509,0.1,0.5,656162
2764,Hot dogs and hamburgers being cooked on a gas grill.,mscoco,1119,0.4,1.0,790742
2765,A skateboarder performs a trick off of a ramp. ,mscoco,4954,0.5,0.5,197881
2766,A clean living room is seen in this picture.,mscoco,62,0.0,0.05555555555555555,784944
2767,The familly is playing soccer  on the dirt field.,mscoco,665,0.1,0.25,90267
2768,a mac mouse and keyboard on a desk,mscoco,4138,0.2,0.5,3940
2769,Adult cat lounging on cream colored leather chair in living area.,mscoco,5215,0.1,0.3333333333333333,391035
2770,A person on a skateboard riding a wave in the ocean.,mscoco,2823,0.1,1.0,798590
2771,A large clock of big ben in london uk,mscoco,2221,0.3,0.5,325622
2772,A giraffe is in a fenced enclosure beside some trees.,mscoco,2032,0.4,1.0,396283
2773,Black and white photo of a bench in a park,mscoco,5338,0.5,0.5,686240
2774,Smal blue and green cake sitting decorated on a table with other party favors.,mscoco,5400,0.1,1.0,34449
2775,Horse jumping over an obstacle on a course with a rider.,mscoco,4048,0.9,1.0,626572
2776,A gray cat is very close to a blue drinking bottle.,mscoco,1400,0.2,1.0,17651
2777,Four people compete on horseback playing playing polo.,mscoco,3232,0.1,0.3333333333333333,424154
2778,An adult poses with a young child on the sidewalk for a picture.,mscoco,1423,0.1,1.0,485906
2779,The fried rice has vegetables and meat in it.,mscoco,2275,0.1,0.5,317752
2780,A fighter jet flying through a cloudy sky.,mscoco,1677,0.8,1.0,721017
2781,A large double decker bus stopping at a bus stop.,mscoco,90,0.2,0.2,58631
2782,A male tennis player swinging his tennis racket.,mscoco,1850,0.2,0.2,328800
2783,A yellow and blue bus parked at a passenger station.,mscoco,1064,0.2,1.0,269514
2784,A woman in sun glasses standing beside a parking meter.,mscoco,1249,0.1,0.5,242350
2785,A living room with wooden floors and large tv,mscoco,4334,0.0,0.058823529411764705,333623
2786,Water flows out of fire hydrant into street.,mscoco,4768,0.9,1.0,755774
2787,A small living room has a fire place and two couches.,mscoco,203,0.0,0.045454545454545456,377504
2788,Two cross-country skiers with backpacks on a snowy trail.,mscoco,3369,0.2,1.0,145121
2789,A white bath tub sitting under a bathroom window.,mscoco,2911,0.8,1.0,784695
2790,A person is riding a bike down a stone road.,mscoco,3117,0.2,1.0,205421
2791,A person rides a surfboard on quiet waters.,mscoco,4323,0.1,0.14285714285714285,757731
2792,A group of elephants on ground next to a body of water.,mscoco,3614,1.0,1.0,199275
2793,A double decker bus drives down the city street.,mscoco,2108,0.8,1.0,326740
2794,Two men standing in the field while holding a kite. ,mscoco,567,0.0,0.06666666666666667,505492
2795,A large water bottle is on a table in a kitchen. ,mscoco,4533,0.1,1.0,412899
2796,A soccer player is kicking the ball during a game.,mscoco,1102,1.0,1.0,464612
2797,Skier posing for photo while standing on slope near wooded area.,mscoco,5499,0.6,1.0,692716
2798,A view of a baseball game as a pitcher is throwing a pitch.,mscoco,5022,0.1,0.5,193544
2799,Two men placing bunches of bananas on a cart.,mscoco,1008,0.1,0.5,200909
2800,a man sits in a trunk while petting a dog ,mscoco,2735,0.0,0.025,471349
2801,A man cutting a cake surrounded by small children.,mscoco,4114,0.1,0.1111111111111111,297494
2802,a platform bed in neutral colors on a shag rug,mscoco,5057,0.1,1.0,345596
2803,Large black dog with an orange frisbee in its mouth. ,mscoco,5420,0.3,0.25,422636
2804,Many different fruits and veggies are placed on a table. ,mscoco,2270,0.7,1.0,438777
2805,Woman eating a big hot dog on a bun.,mscoco,4444,0.9,1.0,442283
2806,a small bird on a tree branch surrounded by leaves,mscoco,2101,0.3,0.16666666666666666,370115
2807,A man sitting on a couch holding food in his hands.,mscoco,703,0.1,0.5,549198
2808,A motorcyclist rides through an arch in a town. ,mscoco,2918,0.1,0.3333333333333333,236644
2809,a lined up row of teddy bears near a stair case ,mscoco,201,0.2,1.0,620717
2810,A siamese cat laying on top of a white sink.,mscoco,415,0.3,0.5,489412
2811,Little boy pointing remote toward of camera and pushing button,mscoco,4803,0.1,0.16666666666666666,578236
2812,Group of children sitting at table eating pizza off plate,mscoco,1839,0.4,1.0,600836
2813,A dog sitting on a wooden chair in a garden.,mscoco,551,0.1,0.3333333333333333,237143
2814,A man holding up a colorful stunt kite while his son looks on.,mscoco,4878,0.6,1.0,646411
2815,The two men in black shorts are competing during a Frisbee game.,mscoco,5384,0.0,0.022727272727272728,630519
2816,A pizza is seen with a glass of wine on a table.,mscoco,1995,0.5,0.5,750453
2817,a man eating a pizza with a fork,mscoco,2181,0.1,0.14285714285714285,306051
2818,an old photo of a group of people riding horses,mscoco,3208,0.3,0.5,126853
2819,An alley with old houses and a car and bicycle nearby,mscoco,4368,0.0,0.058823529411764705,548183
2820,A group of four planes flying in formation.,mscoco,4673,0.3,1.0,28321
2821,A couple of plates filled with different foods.,mscoco,4053,0.2,0.5,676557
2822,The young puppy was put in the toy car.,mscoco,2680,0.1,1.0,601495
2823,A large field with several sheep grazing in the grass.,mscoco,5616,1.0,1.0,340922
2824,Man sitting in library with headphones on using open laptop,mscoco,3762,0.1,1.0,578007
2825,A new white toilet being installed in a room with newly installed dry wall.,mscoco,3548,0.1,0.1111111111111111,608569
2826,A woman sitting in a bed with a laptop on her belly.,mscoco,1044,0.7,1.0,810557
2827,An elephant that is walking in an enclosure.,mscoco,5894,0.5,0.3333333333333333,707949
2828,A water skier being pulled off a ramp in the air.,mscoco,3402,0.0,0.03571428571428571,762486
2829,a close up of a bicycle with a rear view mirror,mscoco,747,0.6,1.0,468662
2830,The partial view of a living room with a small flatscreen tv.,mscoco,2631,0.2,0.2,442430
2831,A smiling man is sitting on a motorcycle.,mscoco,4932,0.3,0.16666666666666666,598321
2832,A shell pasta and broccoli dish on a green plate.,mscoco,518,0.2,1.0,100074
2833,Several kites are being flown side by side in a dark sky.,mscoco,2936,0.5,1.0,431982
2834,Two women standing next to each other looking at a phone.,mscoco,5219,0.4,0.5,381009
2835,Trucks parked near hilly area with small rainbow in low cloud.,mscoco,2087,0.1,1.0,357687
2836,A yellow and red bus on street next to a building.,mscoco,1573,0.3,1.0,348006
2837,A person stands next to a disc golf goal.,mscoco,575,0.0,0.09090909090909091,35503
2838,A person sits in the snow in front of a snowboard.,mscoco,4622,0.1,0.125,792575
2839,A female professional tennis player preparing to serve the ball,mscoco,348,0.3,1.0,542852
2840,People ride a mock steam engine around a track. ,mscoco,5686,0.0,0.0004768717215069146,583731
2841,Two older men sitting on a bench at a park holding crutches.,mscoco,1179,0.2,1.0,86729
2842,A baseball player is getting ready to hit a ball.,mscoco,1549,0.2,0.125,739933
2843,An older woman is petting her white horse.,mscoco,3335,0.0,0.03125,680131
2844,A large clock on a metal tower in front of a shopping center.,mscoco,706,0.0,0.014705882352941176,115976
2845,a surfer in blue trunks is surfing on a white board,mscoco,2692,0.0,0.014492753623188406,371657
2846,A white bathroom with a toilet and sink.,mscoco,17,0.6,1.0,326941
2847,A child's bedroom has plenty of storage space and a small chair.,mscoco,2868,0.0,0.09090909090909091,564427
2848,An ad showcasing a rubber grip and wrist handle for a wii remote,mscoco,2937,0.1,1.0,167919
2849,A piece of blue luggage sitting on the ground next to a  person.,mscoco,926,0.0,0.058823529411764705,63708
2850,A man in jacket and bow tie standing in grassy area.,mscoco,962,0.1,0.25,361757
2851,A street sign is shown on a pole.,mscoco,1468,0.4,1.0,435802
2852,A man holding a surfboard next to a beach.,mscoco,1386,1.0,1.0,74009
2853,Two black birds sit on a log bench near the ocean.,mscoco,4968,0.1,1.0,288238
2854,A gray cat scratching its mouth next to a cup.,mscoco,3250,0.1,0.5,291548
2855,A boy swinging a baseball bat during a game.,mscoco,2296,0.8,1.0,593081
2856,A woman is standing next to a wall with a blue umbrella.,mscoco,2516,0.1,1.0,705126
2857,Snowboarder on artificial ramp about to launch and attain air,mscoco,5526,0.0,0.0125,783038
2858,The soccer player jumps to hit the ball with his head. ,mscoco,4759,0.3,0.5,762893
2859,Panorama photograph of people in an indoor market area.,mscoco,4505,0.0,0.02040816326530612,351038
2860,A torbie cat sits on top of a car.,mscoco,1767,0.3,1.0,791890
2861,Two people are standing next to each other and one in a black suit is talking at a podium.,mscoco,1338,0.1,1.0,706328
2862,A laptop and a computer keyboard on a wooden desk.,mscoco,3803,0.4,0.25,542162
2863,a bicycle sitting next to a park bench,mscoco,5083,0.8,0.5,787309
2864,A large group of motorcycles parked along a street.,mscoco,3876,0.9,1.0,23653
2865,A herd of sheep cross a dirt road.,mscoco,3601,0.0,0.07692307692307693,59001
2866,A man plays Wii while two other men sit on the couch and watch.,mscoco,2298,0.2,0.3333333333333333,594148
2867,A white cat is sitting in front of a television,mscoco,5171,0.3,1.0,774229
2868,Two wooly sheep are on top of a hill.,mscoco,1150,0.5,1.0,450220
2869,Men riding on elephants in a parade while people watch. ,mscoco,1634,0.2,1.0,275115
2870,"2 men smile, standing in front of giraffes in an enclosure.",mscoco,3940,0.1,1.0,320594
2871,Street sign at the corner of Spencer and 6th Street.,mscoco,3550,0.1,0.1111111111111111,110672
2872,"Four people are standing outside a large ""Sone"" building. ",mscoco,3080,0.1,0.5,279209
2873,A white and tan cat is sitting intertwined with the strap of a handbag.,mscoco,2388,0.3,0.5,238884
2874,Carrots and potatoes are on the plate of vegetables.,mscoco,825,0.3,1.0,371098
2875,A person is flying a large kite in a park,mscoco,1049,0.5,1.0,752280
2876,A double decker bus at night on a London street.,mscoco,2219,0.3,0.3333333333333333,100906
2877,Small white vehicle with a white dog looking out window.,mscoco,3886,0.1,0.16666666666666666,689283
2878,Bench and window with shutters with bricked wall,mscoco,4163,0.1,1.0,377082
2879,A pair of boats on water near the coast.,mscoco,5955,0.6,1.0,564771
2880,A woman wearing a red shirt swinging at a tennis ball.,mscoco,944,0.2,0.25,511882
2881,Bedroom with large tub and sink in corner.,mscoco,3377,0.1,0.14285714285714285,452214
2882,man with skull decorated surfboard eyeing the ocean,mscoco,2486,0.1,1.0,279611
2883,A city pier with benches to enjoy the view,mscoco,4515,0.0,0.09090909090909091,113791
2884,A man riding a brown horse down a dirt road.,mscoco,760,0.4,1.0,586358
2885,A train pulls up to an empty platform.,mscoco,4604,0.4,0.25,375121
2886,A large long red train on a track.,mscoco,1852,0.4,1.0,338265
2887,Four Blue Angel jets are flying in formation.,mscoco,4244,0.3,0.3333333333333333,129091
2888,A bus in Japan has anime characters painted on its sides,mscoco,2115,0.0,0.07142857142857142,575898
2889,A fire hydrant that is sitting on the sidewalk.,mscoco,763,0.8,1.0,422773
2890,Two high speed trains on the rail tracks.,mscoco,5987,0.1,1.0,11458
2891,Two black horses running on a hill with trees in the background.,mscoco,2091,0.1,0.5,802270
2892,a sink with an under cabinet in a bathroom.,mscoco,5489,0.6,0.5,650008
2893,An old picture of a passenger air plane on the runway.,mscoco,3562,0.3,0.16666666666666666,381721
2894,Many dogs and people are on a large field. ,mscoco,5484,0.0,0.030303030303030304,413540
2895,A man is sitting on a snowy hill with skis  in his hand. ,mscoco,876,0.1,0.16666666666666666,472521
2896,"Carrots, broccoli, oranges, and ham are arranged in small containers.",mscoco,2118,0.1,1.0,372215
2897,A baseball player winding up to swing the bat.,mscoco,4068,0.4,1.0,265136
2898,Night time scene of pathway in snowy area.,mscoco,5713,0.1,0.5,361034
2899,A male surfer rides a large wave on his surfboard.,mscoco,5678,0.2,0.5,60935
2900,a red double decker bus parked on a street,mscoco,4431,0.2,0.25,87083
2901,An oriental musical group gathered in a field.,mscoco,3446,0.1,1.0,147542
2902,Several skiers of different ages standing on a ski slope.,mscoco,3051,0.8,0.5,45484
2903,A photo of a bunch of wedding cakes on a table.,mscoco,1649,0.8,1.0,523575
2904,Several zebras walking across brown grass near trees.,mscoco,2130,0.1,0.14285714285714285,203248
2905,The dish of rice and mushrooms is inside of a microwave.,mscoco,4043,0.1,1.0,637992
2906,A group of school children gathered around a birthday cake.,mscoco,5251,0.7,1.0,646436
2907,Group of zoo animals standing beside a tree line. ,mscoco,3489,0.0,0.005813953488372093,436714
2908,A teddy bear that is sitting on a tree branch.,mscoco,2462,0.7,1.0,437304
2909,A man with a hat is eating a pastry in a busy street.,mscoco,5265,0.1,0.14285714285714285,237655
2910,A train trailing a plume of white smoke crosses a bridge.,mscoco,225,0.2,0.25,59150
2911,A group of lambs walking along a fence row in a field.,mscoco,4469,0.0,0.08333333333333333,614765
2912,a rear view window of a red vehicle.,mscoco,5333,0.0,0.08333333333333333,227031
2913,Two giraffes in a zoo enclosure eating leaves. ,mscoco,4309,0.1,0.25,408917
2914,A man in yellow shirt riding a white surfboard on wave.,mscoco,2672,0.3,0.3333333333333333,403397
2915,High flying jet plane as seen from ground on cloudy day.,mscoco,3168,0.6,1.0,708105
2916,Assortment of vases displayed on table at outdoor market.,mscoco,2503,0.3,0.5,814235
2917,A bowl with a sandwich and wine bottles in the background.,mscoco,3170,0.1,0.25,195780
2918,A small bathroom with the toilet seat up and a white and blue towel hung on the wall. ,mscoco,5439,0.1,0.16666666666666666,473125
2919,a number of plates of food on a table near a wine glass,mscoco,2363,0.3,0.5,798353
2920,A clock can be seen on the exterior of a building.,mscoco,2532,0.1,0.5,652542
2921,"Pens, scissors, markers and other assorted clerical tools.",mscoco,5765,0.1,0.25,3401
2922,A baseball player getting ready to swing at the ball. ,mscoco,5557,0.1,0.1111111111111111,88058
2923,A cat sitting on top of the passenger seat of a car.,mscoco,4762,0.6,1.0,7386
2924,A man in a suit and tie standing behind a table.,mscoco,2596,0.0,0.07142857142857142,136423
2925,A hawk sitting on top of a speed limit sign,mscoco,1819,0.1,1.0,111720
2926,Engine and very long freight train at a siding.,mscoco,5520,0.0,0.038461538461538464,525686
2927,a white horse with a white cover and some grass,mscoco,5236,0.0,0.037037037037037035,673509
2928,a group of people riding in a horse drawn carriage,mscoco,659,0.8,1.0,262951
2929,Several people standing by surfboards on a beach.,mscoco,4519,0.2,1.0,251569
2930,A bus is shown with a line of people next to it.,mscoco,2307,0.7,1.0,435299
2931,Women eating bananas at a large table ,mscoco,5413,0.1,1.0,679277
2932,A cat laying on a blanket at the end of a bed.,mscoco,3533,0.2,0.25,574282
2933,Many motor bikes are parked along a city street.,mscoco,3155,1.0,1.0,259876
2934,Three blue vases with yellow flowers on a tablecloth.,mscoco,3416,0.1,0.2,657073
2935,A cat is standing with its head against a door.,mscoco,3525,0.3,1.0,480118
2936,A large black and gold clock with a statue on top,mscoco,3703,0.0,0.0196078431372549,419823
2937,a giraffe putting its head on another giraffe ,mscoco,4906,0.4,1.0,426120
2938,A man stands with a child playing in a park.,mscoco,5552,0.1,0.25,759030
2939,Yellow flowers are placed in a vase on a marble table.,mscoco,1297,0.1,0.14285714285714285,822256
2940,Two women are holding a large bowl filled with donuts.,mscoco,5152,0.1,1.0,679568
2941,A large bedroom with art over the bed,mscoco,2715,0.2,0.3333333333333333,91092
2942,a tennis player swinging a racket at a ball,mscoco,445,0.3,0.3333333333333333,734600
2943,A kitchen with white cabinets and stainless steel stove.,mscoco,2452,0.0,0.045454545454545456,760550
2944,A balcony with bells and a clock over top of a Great Britain flag.,mscoco,3437,0.1,0.25,371245
2945,Back view of a skier with red skis on the snow.,mscoco,974,0.0,0.0014104372355430183,135229
2946,An old record player sits on a table.,mscoco,726,0.4,1.0,198355
2947,"Long stemmed plant with flowers, white wall and stone floor.",mscoco,3779,0.1,0.125,99910
2948,an image of a table of bananas for sale,mscoco,2833,0.9,1.0,246033
2949,A man standing next to a blond woman in a tux.,mscoco,4907,0.2,1.0,580990
2950,A rainbow of kayaks arrayed on the sand flats at the water's edge.,mscoco,3641,0.1,0.3333333333333333,184076
2951,Young girl playing with a soccer ball inside the house.,mscoco,5161,0.1,0.5,736403
2952,a bathroom with a toilet and shower inside of it ,mscoco,3185,0.6,1.0,774508
2953,A small child is holding a toothbrush while lying down.,mscoco,5569,0.6,1.0,553337
2954,A cat curled up asleep in an open backpack.,mscoco,2160,0.2,0.25,369116
2955,An older man and a small child sitting together with the small child pushing buttons on a flip style cellular phone the man is holding.,mscoco,3568,0.1,1.0,258661
2956,Man and young boy posing for photo during ski outing.,mscoco,5769,0.4,1.0,796228
2957,Professional baseball player swinging at the ball during a game. ,mscoco,814,0.4,0.5,430468
2958,A group of zebra standing in a grass field.,mscoco,3987,0.8,0.5,435434
2959,Keeper holding a soccer ball while other players walk around him. ,mscoco,4789,0.2,1.0,86388
2960,A group of skiers pose for a picture.,mscoco,2284,0.9,1.0,603337
2961,An old green truck with a cover partially on it.,mscoco,3115,0.3,1.0,504440
2962,a lot of old suitcase out side of a building,mscoco,4931,0.1,0.5,125697
2963,A dated kitchen is ready for an upgrade.,mscoco,5988,0.3,0.5,171955
2964,Articulated bus and taxi in light traffic crossing an intersection.,mscoco,2839,0.1,1.0,515500
2965,"A street sign that says, ""Schwalbenstrasse"" in Germany. ",mscoco,3926,0.0,0.02564102564102564,580993
2966,A modest living room is lit by two lamps.,mscoco,5715,0.1,0.1111111111111111,60417
2967,a train car parked in a train yard,mscoco,473,0.1,1.0,765683
2968,A train sitting on the tracks at night.,mscoco,2102,0.7,1.0,796921
2969,a woman is riding a bicycle down a street,mscoco,318,0.7,1.0,790993
2970,A brown bear walking across a snow covered field.,mscoco,1417,0.1,1.0,480534
2971,A yellow and blue train stationary at a train station.,mscoco,2049,0.1,0.16666666666666666,122859
2972,Small television and desk with computer in room with hardwood floors,mscoco,4601,0.0,0.003115264797507788,130560
2973,A female tennis player backhands a tennis ball.,mscoco,3289,0.0,0.007194244604316547,375285
2974,An ocean beach crowded with swimmers and sunbathers,mscoco,2094,0.6,0.5,691600
2975,an image of a kitchen setting with steel bench,mscoco,4052,0.2,0.3333333333333333,239496
2976,A suit and hat are depicted hanging against a stark white background.,mscoco,1047,0.1,0.5,66271
2977,A woman talking on a cell phone while holding a bowl of cereal.,mscoco,2217,0.1,1.0,799962
2978,Three fireman test the fire hose on the truck. ,mscoco,5438,0.1,1.0,517982
2979,A tennis player jumps to return the ball to his opponent.,mscoco,103,0.2,0.5,789026
2980,People are standing at a busy city crosswalk.,mscoco,2794,0.3,1.0,329237
2981,A truck is stopped at a red light in an intersection.,mscoco,4642,0.0,0.07692307692307693,44832
2982,"Fried stuffed chicken legs, carrot salad and cucumbers",mscoco,2313,0.1,1.0,210783
2983,A fire hydrant with a pair of eye stickers making a face on it.,mscoco,11,0.1,0.25,514968
2984,Baseball players playing a game of baseball in front of a crowd.,mscoco,3502,0.3,0.5,51447
2985,A man swinging a tennis racket at a ball.,mscoco,2319,0.8,1.0,290771
2986,Two businessmen are sitting at a table looking at a cell phone.,mscoco,1048,0.1,1.0,32394
2987,A large building displays a figure and clock.,mscoco,2500,0.0,0.07692307692307693,57322
2988,A herd of zebras grazing in an open field.,mscoco,219,0.8,1.0,649132
2989,Toilet with no lid in corner of bathroom with bottle sitting on back,mscoco,5720,0.0,0.003134796238244514,601021
2990,Two adult giraffes and a child giraffe standing near a tree. ,mscoco,5431,0.0,0.02564102564102564,484452
2991,A black and white photo of pedestrian traffic at an airport.,mscoco,4226,0.1,0.1111111111111111,633996
2992,a desk with a laptop and monitor connected with a keyboard ,mscoco,5493,0.4,0.5,50831
2993,Large number of motorcyclists all wearing the same style clothing. ,mscoco,5310,0.0,0.005649717514124294,723744
2994,"A pizza with meat, cheese and tomato sauce.",mscoco,2857,0.4,0.5,695297
2995,A cat is asleep on top of a bed.,mscoco,5270,0.9,1.0,708891
2996,A small brown and red bird sitting on a wire by an apple tree.,mscoco,1787,0.2,1.0,629018
2997,A small teddy bear is sitting by the pillow on the bed.,mscoco,2201,0.6,1.0,633798
2998,A young person attempts to skateboard along the wall.,mscoco,918,0.1,0.5,56927
2999,a person in full ski gear standing on skis,mscoco,5167,0.5,0.5,399049
3000,Two zebras are grazing in an open field of grass.,mscoco,4623,0.1,0.3333333333333333,661604
3001,A skateboarder does a trick at the top of the ramp.  ,mscoco,5546,0.4,0.3333333333333333,272975
3002,A large passenger jet laying on an airport runway.,mscoco,5518,0.2,0.3333333333333333,205510
3003,A mother and child flying a kite in a field,mscoco,3756,0.1,0.14285714285714285,549375
3004,A man holding a surf board while standing on rocks at the ocean,mscoco,2162,0.3,0.3333333333333333,739518
3005,"Several lunch items on a table, including a sandwich, and apple, macaroni and cheese, and two drinks.",mscoco,4879,0.1,1.0,636195
3006,A large tall building with a clock on top.,mscoco,1000,0.5,1.0,459252
3007,A grey picnic table with umbrella is placed in front of a row of food trucks.,mscoco,1525,0.1,1.0,370804
3008,A woman in a green tank top holds a pink Frisbee.,mscoco,2709,0.1,1.0,265259
3009,A baseball player holding a bat next to home plate.,mscoco,235,0.1,0.3333333333333333,703734
3010,Antique military plane sits on beach near open waters.,mscoco,5289,0.1,1.0,796316
3011,A person on a bike on a city street.,mscoco,5892,0.5,1.0,528542
3012,Female tennis player lunges forward aiming to hit the ball. ,mscoco,3261,0.4,0.5,51991
3013,A family that is walking the street holding black umbrellas.,mscoco,1056,0.1,0.25,381197
3014,A black and yellow bird perched on a branch.,mscoco,986,0.7,1.0,289425
3015,A tall clock is in front of a building.,mscoco,2427,0.3,0.5,559634
3016,Two men in shorts and baseball caps play Frisbee.,mscoco,2231,0.0,0.022222222222222223,814751
3017,A gray cat is stretched out on a blanket.,mscoco,542,0.1,0.2,130632
3018,A man on a skateboard about to land a trick.,mscoco,2499,0.1,0.125,39128
3019,Two tabi cats laying on a red suitcase on a bed.,mscoco,4417,0.1,1.0,418021
3020,A small boat sitting on top of a beach near water.,mscoco,5731,0.4,0.25,289157
3021,A beach with several row boats at the shore.,mscoco,2448,0.4,0.2,525515
3022,Several green buses parked in a parking lot with people walking by,mscoco,4196,0.1,0.25,314049
3023,Person on skateboard on sidewalk passing newspaper boxes.,mscoco,5038,0.0,0.023809523809523808,554673
3024,a dog wearing a lifejacket while surfing in the water,mscoco,4256,0.9,1.0,809830
3025,Two adult elephants and a calf inside their enclosure.,mscoco,2192,0.1,0.3333333333333333,638058
3026,A cat lays next to the keyboard of a laptop.,mscoco,1866,1.0,1.0,20221
3027,Group of people walking on a busy city street center. ,mscoco,2212,0.0,0.07692307692307693,400412
3028,A bed sits in a dim lit room with sheer curtains.,mscoco,1317,0.0,0.07692307692307693,447825
3029,A modern residential bathroom with walk in shower,mscoco,800,0.6,0.3333333333333333,188198
3030,Photo of kitchen with stainless accessories and an island with books.,mscoco,1093,0.1,0.3333333333333333,99316
3031,A person is walking with an open umbrella near a large dog.,mscoco,1401,0.3,1.0,180876
3032,A man in a red jacket holding onto two tennis rackets. ,mscoco,77,0.1,0.25,3760
3033,A red car and a white sheep.,drawbench,15,0.0,0.0006544502617801048,15
3034,Kites and banners with grass and crowd in park,mscoco,3393,0.0,0.043478260869565216,472817
3035,"Shelf with bird, vase, tin and picture frame.",mscoco,1799,0.1,1.0,29018
3036,A dog sits on an animal-print cushion and chews a toy.  ,mscoco,2507,0.1,0.3333333333333333,208370
3037,A herd of giraffe standing on top of a lush green field.,mscoco,1644,0.1,0.3333333333333333,606014
3038,A small group of horses graze in an open field.,mscoco,803,0.7,1.0,40036
3039,A man swinging a baseball bat during a baseball game.,mscoco,4561,0.4,0.16666666666666666,109073
3040,A man jumping in the air with a skateboard.,mscoco,5234,0.5,1.0,237997
3041,A man and woman playing a Wii game while others watch. ,mscoco,2626,0.1,0.2,233818
3042,A pair of parking meters in front of a parking lot.,mscoco,3945,1.0,1.0,322085
3043,Gold clock stand in a large stone building.,mscoco,4258,0.2,0.3333333333333333,244384
3044,A small elephant standing next to a bush.,mscoco,4023,0.2,0.16666666666666666,153540
3045,A man with a guitar case in front of a store talking on a  phone,mscoco,4499,0.1,1.0,287502
3046,"A ""blue"" stop sign on a street corner near a parking lot.",mscoco,2480,0.2,1.0,378042
3047,A woman hitting a tennis ball with a tennis raquet on the court,mscoco,624,0.0,0.058823529411764705,99350
3048,A yellow train is pulling many dark cars with it.,mscoco,4965,0.3,1.0,297563
3049,A green vase with white flowers in sitting on a counter. ,mscoco,4812,0.2,0.5,798853
3050,Man in pink shirt and jeans sitting on a blue bench. ,mscoco,207,0.1,0.3333333333333333,248591
3051,A very cute bed room with a bed and a couch.,mscoco,530,0.0,0.023809523809523808,339744
3052,A street sign with pictures of frogs on them,mscoco,85,0.0,0.0010787486515641855,332937
3053,A carrot on the left of a broccoli.,drawbench,128,0.0,2.906131938390003e-05,128
3054,A brown and white cow in a field of grass and yellow flowers.,mscoco,2554,0.1,0.3333333333333333,685605
3055,A group of motorcyclists waiting at the beginning of a track.,mscoco,168,0.0,0.023255813953488372,47324
3056,A bathroom with black tile and a blue shower curtain.,mscoco,3143,0.0,0.05555555555555555,151009
3057,A black cat is sitting on an office chair.,mscoco,2410,0.5,1.0,358317
3058,Two large giraffes stand together at a zoo,mscoco,5213,0.5,0.3333333333333333,293232
3059,Two women smile with a man sitting in a hospital bed.,mscoco,2169,0.1,1.0,520358
3060,A solid white cat laying on a blue blanket.,mscoco,3122,0.1,0.16666666666666666,281244
3061,A man in a red shirt stands next to a yellow drink mixer.,mscoco,1510,0.1,1.0,487549
3062,A dorm or apartment bedroom is pictured with posters and a computer.,mscoco,4045,0.2,0.25,80254
3063,A pitcher throwing a baseball in front of a crowd.,mscoco,101,0.1,0.125,265173
3064,A man and woman pose with a dog wearing a hat.,mscoco,4332,0.1,1.0,321865
3065,A man in glasses is holding a wine bottle next to a woman with a wine glass.  ,mscoco,3225,0.1,0.25,631551
3066,The small bathroom floor is currently under construction.,mscoco,887,0.3,0.25,334551
3067,A man standing by a horse drinking water. ,mscoco,3837,0.1,0.1111111111111111,236217
3068,Four tennis players are competing on a tennis court.,mscoco,5843,0.2,1.0,788145
3069,A man in a green tee holding an umbrella,mscoco,4645,0.1,1.0,397698
3070,A little girl playing with a base ball and glove,mscoco,3001,0.1,1.0,639034
3071,A traffic sign is next to green foliage.,mscoco,312,0.1,0.25,82232
3072,A baseball player is attempting to hit the ball. ,mscoco,1212,0.2,0.25,680147
3073,View of kitchen shows microwave across from refrigerator.,mscoco,807,0.3,0.125,361713
3074,Long distance shot of boat traveling through open bay in front of an island.,mscoco,4653,0.2,1.0,657155
3075,A black and white cat sleep in a bowl on a counter.,mscoco,3202,0.3,0.5,518507
3076,A teddy bear lying on a bed with a bird themed cover.,mscoco,4820,0.1,1.0,513508
3077,A plate of cheesey pizza on a blue plate,mscoco,75,0.4,1.0,315554
3078,A large animal-like kite is flown at a crowded park.,mscoco,3863,0.2,0.125,665134
3079,A giraffe and a Zebra are together in a fenced area. ,mscoco,120,0.1,1.0,328060
3080,A yellow and blue bus parked in front of a building.,mscoco,1294,0.3,1.0,587385
3081,Fresh carrots on cabbage leaves on a formal place setting,mscoco,3193,0.1,0.5,561083
3082,A kitchen with a white refrigerator freezer next to a microwave.,mscoco,4702,0.1,0.5,460907
3083,People standing next to an old fashioned locomotive.,mscoco,875,0.4,1.0,49844
3084,An unmake bed has white covers and is near a wood dresser.,mscoco,805,0.1,0.2,467643
3085,Man in colorful shorts surfing on a surfboard.,mscoco,5426,0.1,0.2,91797
3086,The long steam train sits at the station.,mscoco,3811,0.0,0.09090909090909091,352943
3087,A large white bus driving down a street next to a sign.,mscoco,174,0.0,0.034482758620689655,717253
3088,A beach with various people in water or flying kites.,mscoco,3980,0.8,1.0,202348
3089,A cat drinking water out of a plastic cup.,mscoco,395,0.2,0.25,233882
3090,A white stove top oven sitting in a kitchen next to a doorway.,mscoco,4970,0.0,0.02127659574468085,517264
3091,A person is snowboarding in a snowy wooded area.,mscoco,3353,0.6,1.0,413081
3092,There are people that are walking on the street,mscoco,2732,0.4,0.5,255308
3093,Several people gather on a beach and fly kites,mscoco,3260,1.0,1.0,455750
3094,An orange suitcase sits alone on a city street.,mscoco,4708,0.1,1.0,71154
3095,A group of people in green canoes on a river. ,mscoco,1088,0.2,0.14285714285714285,412995
3096,A bear hugging another bear on a rock in the river ,mscoco,1497,0.2,1.0,525107
3097,This is a bus with a massive advertisement on the side.,mscoco,4401,0.8,1.0,827864
3098,a boy on a skate board doing a trick on a rail,mscoco,3266,0.5,1.0,347843
3099,A woman standing next to a bag of luggage in a  kitchen.,mscoco,4799,0.1,0.5,355331
3100,Horses grazing on grass in high altitude field.,mscoco,2611,0.4,1.0,656894
3101,crowd of people looking at hundreds of kites,mscoco,4999,0.4,1.0,286610
3102,A baseball player hitting a ball in a game.,mscoco,3541,0.6,0.5,746476
3103,Boats on a canal of water going between rows of buildings.,mscoco,2493,0.7,1.0,199284
3104,a close up of a person talking on a cell phone,mscoco,1544,0.4,1.0,503145
3105,Children eating pizza at a child's birthday party.,mscoco,4012,0.6,1.0,712831
3106,many different wooden boxes suitcases  stacked on top of each other,mscoco,3315,0.5,1.0,613641
3107,Ski instructor wearing bright red ski suit with five small children on snow boards,mscoco,5053,0.0,0.03225806451612903,185024
3108,A photo of a street between two buildings.,mscoco,525,0.2,1.0,382724
3109,A pair of surfers carry their boards along the shore.,mscoco,3897,0.7,1.0,811533
3110,A close up of two bananas and several oranges.,mscoco,5235,0.0,0.011627906976744186,402168
3111,Man riding a wave on a surf board.,mscoco,2048,0.8,1.0,65550
3112,Two people that are walking with snow skis on.,mscoco,1709,0.8,1.0,191930
3113,A family sitting down at a table in a restaurant.,mscoco,4318,0.4,1.0,8172
3114,Cattle drink water at a shaded stream under the trees.,mscoco,3791,0.2,0.3333333333333333,424460
3115,A laptop computer on a desk with strips of crepe paper on the keyboard ,mscoco,1153,0.0,0.006369426751592357,587805
3116,An airplane parked at the loading dock in an airport.,mscoco,5850,0.3,1.0,318852
3117,This is an image of a clock tower next to a lake.,mscoco,2414,0.4,0.5,47232
3118,An elderly couple celebrate a birthday in a restaurant with a cake and candle.,mscoco,4807,0.1,0.5,663427
3119,a person is skiing down the slopes on skis,mscoco,4771,0.7,1.0,177915
3120,A table with doughnuts and flowers in vases ,mscoco,3646,0.2,0.3333333333333333,670177
3121,A young person runs along the bases in a baseball game.,mscoco,607,0.5,1.0,630745
3122,An older woman rides a bicycle on a brick street.,mscoco,5495,0.1,0.5,504935
3123,A red and white painted fire plug on the sidewalk.,mscoco,752,0.1,0.25,783994
3124,A private sized airplane that is on a runway. ,mscoco,5367,0.1,0.3333333333333333,17208
3125,a group of zebras standing next to a wire fence,mscoco,2669,0.1,1.0,313189
3126,a black and white picture of an intersection from above.,mscoco,3468,0.2,1.0,244942
3127,A tennis player preparing to hit the tennis ball.,mscoco,1679,0.3,0.5,109893
3128,Adults and children sitting on a bench outside with a dog.,mscoco,5914,0.2,0.3333333333333333,80767
3129,A living room is filled with mostly modern furniture.,mscoco,4418,0.5,1.0,718199
3130,Two men play with a flying disc on an outdoor field.,mscoco,1181,0.6,0.5,572447
3131,Two street signs are displayed right next to a stop sign.,mscoco,249,0.4,1.0,642211
3132,A surfer on his surfboard performing a move.  ,mscoco,4283,0.3,1.0,791295
3133,A street sign shows drivers where to pay to park.,mscoco,5335,0.0,0.041666666666666664,48224
3134,some purple flowers are in a green vase,mscoco,2256,0.0,0.05,646975
3135,Two chocolate glazed donuts and a twist pastry on a white plate.,mscoco,5037,0.0,0.02702702702702703,90044
3136,A Sharp white colored microwave on a tabletop,mscoco,3228,0.2,1.0,792811
3137,A bright orange flower sits in a blue vase.,mscoco,3154,0.2,1.0,811532
3138,Three men competing in a down hill snow board race. ,mscoco,3487,0.1,1.0,188445
3139,A sandwich and french bread sit on a cutting board with an apple.,mscoco,4913,0.1,1.0,381428
3140,Two toilets sitting next to each other in a  bathroom.,mscoco,4884,0.7,1.0,690311
3141,A group of people in room playing a game with Nintendo Wii controllers.,mscoco,3151,0.7,1.0,359195
3142,A man with a beard glasses and hat in a blue shirt,mscoco,1526,0.1,0.5,100920
3143,A surfer is separated from his board as waves head toward him.,mscoco,3352,0.0,0.07692307692307693,257872
3144,"A bathroom showing sink, toilet, and shower ",mscoco,1421,0.4,0.5,482003
3145,A train with several cars is on a train track. ,mscoco,5585,0.0,0.027777777777777776,432119
3146,An old red colored bus with union jack flags on it,mscoco,2359,0.0,0.07142857142857142,792831
3147,A snowboarder performing a trick off a snow covered log.,mscoco,833,0.1,1.0,378892
3148,A shower equipped for a physically challenged person with a shower chair,mscoco,4165,0.1,1.0,68358
3149,A group of people are on skateboards on an empty city street.,mscoco,2441,0.3,0.5,410878
3150,A giraffe is standing in the grass under a palm tree.,mscoco,976,0.0,0.015873015873015872,739803
3151,Bathroom with pink walls and white toilet and sink,mscoco,3290,0.1,1.0,371609
3152,Several rows of bicycles and scooters parked next to a street.,mscoco,5902,0.8,1.0,483231
3153,An aerial view of a park bench and trash can in the grass.,mscoco,5921,0.1,1.0,773666
3154,A female tennis player gets ready to serve the ball. ,mscoco,4208,0.2,0.5,161056
3155,A picture of a man skateboarding on the street.,mscoco,3569,0.4,1.0,115413
3156,A skateboarder riding at the edge of a bowl.,mscoco,2323,0.5,0.25,779202
3157,a group of people sitting around a long table,mscoco,4793,0.7,1.0,158425
3158,Two giraffes in a rock enclosure at a zoo.,mscoco,2475,0.2,1.0,233676
3159,Group of people around laptops in coffee shop,mscoco,2074,0.1,0.2,371167
3160,a number of zebras in a field with trees in the background,mscoco,1716,0.6,1.0,218930
3161,Four people standing in a kitchen near an open box of a cake. ,mscoco,864,0.1,0.5,685373
3162,A laptop and books sitting on white sheets on a bed. ,mscoco,238,0.2,1.0,411963
3163,A group of horses stand beside water and grass.,mscoco,2173,0.3,1.0,660458
3164,A team of small children play baseball behind a chain link fence.,mscoco,2401,0.0,0.0625,672743
3165,A giraffe is walking in a grass field.,mscoco,2546,0.6,1.0,488310
3166,three people sitting on a couch looking at their laptops ,mscoco,2595,0.4,1.0,423664
3167,Five people sitting around a large table using their laptops.,mscoco,2028,0.2,1.0,231871
3168,a girl is sitting on a bench with a brown purse,mscoco,4142,0.0,0.07692307692307693,124186
3169,Model airplane with an American insignia and stripes on wings.,mscoco,4055,0.1,0.5,512132
3170,"An adult elephant stands next to a small, baby elephant.",mscoco,4661,0.7,1.0,407786
3171,Two men on a blue boat with dog fishing.,mscoco,3456,0.1,1.0,279166
3172,A man doing a trick on a skateboard inside a restaurant.,mscoco,1611,0.2,1.0,605914
3173,A floor looks rounded in a neat clean living room.,mscoco,3482,0.1,1.0,177240
3174,"A den with chairs, a table, couch and television.",mscoco,1726,0.2,0.3333333333333333,602492
3175,A man wearing a red shirt is eating a hot dog in a restaurant.,mscoco,1576,0.0,0.006172839506172839,778117
3176,Two people cross country skiing up a slope.,mscoco,840,0.3,0.16666666666666666,199253
3177,"A large plant-eating domesticated mammal with solid hoofs and a flowing mane and tail, used for riding, racing, and to carry and pull loads.",drawbench,84,0.0,0.010416666666666666,84
3178,A man in blue shirt windsurfing on ocean area.,mscoco,2216,0.0,0.0625,346694
3179,View of bananas freshly growing on the banana tree,mscoco,729,1.0,1.0,391985
3180,A laptop on top of a teddy bear.,drawbench,118,0.0,0.0,118
3181,A collection of teddy bears with a Christmas caroling theme. ,mscoco,5024,0.5,1.0,421897
3182,A water closet showing a toilet with open lid,mscoco,181,0.4,0.5,177541
3183,A street light clock with torches lit around it.,mscoco,994,0.4,1.0,28396
3184,A person about to surf of a surf board,mscoco,929,0.1,0.3333333333333333,758069
3185,Three dark brown doughnuts are on a plate.,mscoco,2879,0.1,0.2,764963
3186,a group of cows grazing by the water,mscoco,31,0.7,1.0,757203
3187,A man is jumping up and catching a Frisbee in a group of men. ,mscoco,1686,0.3,0.5,711540
3188,Competitors in a bicycle race passing through a town,mscoco,1464,0.4,1.0,65247
3189,A large airplane parked next to some vehicles.,mscoco,1250,0.1,0.25,323544
3190,a large group of pigeons standing around a patio,mscoco,2251,0.3,1.0,247924
3191,A large white boat with blue writing sits near several flags and red and white umbrellas on a busy beach.,mscoco,4247,0.1,1.0,430541
3192,A giraffe pokes its head through a cars sunroof.,mscoco,5985,0.1,1.0,383068
3193,A kitchen scene taken from a hallway looking at the table.,mscoco,770,0.0,0.023809523809523808,132009
3194,A room attached to a kitchen that contains a computer and a TV.,mscoco,4217,0.0,0.006578947368421052,686503
3195,A smiling couple cutting a white wedding cake.,mscoco,2269,0.9,1.0,648519
3196,A young person rides a snowboard down a hill.,mscoco,30,0.2,1.0,743133
3197,A tin cup of noodles in water sitting in front of a computer.,mscoco,99,0.1,1.0,381969
3198,A large commercial kitchen with lots of appliances,mscoco,5063,0.4,0.5,409901
3199,Several surfboards and people under ocean pier on beach.,mscoco,5070,0.1,1.0,208464
3200,A market with wooden benches selling bananas and baskets,mscoco,5984,0.1,0.5,145780
3201,Two people standing on a tennis court playing a game.,mscoco,3137,0.5,1.0,396853
3202,A large elephant standing in some tall grass.,mscoco,5994,0.3,0.5,73841
3203,"A metal street pole with illuminated walk image, no parking sign with a tow sign, one way sign, and turning lanes only sign with two curved arrows, with an awning, trees and office buildings behind.",mscoco,4200,0.1,0.5,539723
3204,tractor drives by decorated statue of a cow,mscoco,2485,0.1,1.0,123658
3205,A street crossing sign with advertisements attached to a buildings in the background.,mscoco,620,0.1,0.16666666666666666,782585
3206,A man on a tennis court is playing tennis in front of a crowd.,mscoco,1977,0.3,0.5,221230
3207,A bowl of broccoli and white rice with a red sauce.,mscoco,4269,0.1,0.5,517237
3208,A black and white fire hydrant sits on the street.,mscoco,1066,0.3,0.3333333333333333,350683
3209,Two people on skis standing on a snowy slope.,mscoco,1395,0.8,0.3333333333333333,215651
3210,A man wearing a blue and white striped t-shirt looks out a window while talking on a cell phone.,mscoco,1807,0.0,0.02857142857142857,80429
3211,A man and two women are looking at a laptop.,mscoco,3405,0.1,0.14285714285714285,349142
3212,An small airplane sitting on a runway with building in the background.,mscoco,1524,0.2,1.0,660721
3213,A laptop computer on a desk with posters on the wall behind it.,mscoco,844,0.1,0.25,228304
3214,a woman on an airplane eating from a bag of snacks ,mscoco,1745,0.1,1.0,181181
3215,Three people standing in the snow while one person wears a pair of skis,mscoco,4781,0.6,1.0,706495
3216,A large jumbo jet flies through a cloudy sky.,mscoco,2477,0.9,1.0,189021
3217,City scape with harbor and boats in the foreground.,mscoco,2875,0.8,1.0,176857
3218,A surfer stands on the beach looking at the waves.,mscoco,4263,0.2,0.3333333333333333,512052
3219,A plate of cake and brownies sits in front of a plate of doughnuts.  ,mscoco,3017,0.1,0.2,252082
3220,"Competitive snow skier in red, white and blue outfit.",mscoco,3412,0.1,0.16666666666666666,388255
3221,Two zebras are standing in an enclosure behind a fence.,mscoco,5937,0.6,1.0,18563
3222,A child holding a large slice of cheese pizza.,mscoco,699,0.9,1.0,448745
3223,A vase with red to orange flowers on a table,mscoco,2057,0.1,0.1,137923
3224,a white plate with some meat mushrooms and vegetables,mscoco,1143,0.4,1.0,368620
3225,Male tennis player holding racket with two hands in mid-swing.,mscoco,1222,0.1,0.125,765433
3226,A hitter prepares to swing as the ball approaches the plate.,mscoco,1387,0.3,1.0,664416
3227,a large tower with a clock inside of a church,mscoco,3869,0.0,0.005208333333333333,536869
3228,Zebras and giraffes eat and rest on an open plain.,mscoco,1590,0.1,0.3333333333333333,255323
3229,A bedroom with a sunflower blanket on a blue bedspread.,mscoco,2821,0.1,1.0,573456
3230,A sign that says 'Diffusion'.,drawbench,187,0.0,0.0,187
3231,Popular area next to waterway with many kites in air.,mscoco,5412,0.3,1.0,748816
3232,A small fishing boat in the ocean .,mscoco,5311,0.3,0.2,370649
3233,A boy wearing green playing tennis while people watch.,mscoco,1793,0.0,0.058823529411764705,258406
3234,A woman holds a pink bag with over sized eyes.,mscoco,64,0.1,1.0,170691
3235,A plate of stir fry is ready to be eaten.,mscoco,3508,0.3,0.5,618955
3236,A man is holding three used wine glasses. ,mscoco,277,0.1,1.0,232153
3237,Three young women are swimming on their surfboards.,mscoco,2324,0.1,1.0,629818
3238,a white cat sleeping in a wicker chair covered with a blanket,mscoco,923,0.1,1.0,157797
3239,Large tree with wooden picnic bench in wilderness area,mscoco,5976,0.1,1.0,371077
3240,A person pouring a bottle of wine into a glass.,mscoco,2723,0.8,1.0,531648
3241,A large commercial airplane flying in a clear sky,mscoco,636,0.6,0.3333333333333333,95754
3242,A person wiping out on a surfboard on a wave.,mscoco,5936,0.3,0.2,453431
3243,A sub roll is stuffed with sliced and fried meat with sauce.,mscoco,2923,0.1,0.1,31450
3244,Large zebra standing near a tree in a zoo like environment,mscoco,5098,0.1,0.5,164812
3245,several surfers are at the beach in the ocean,mscoco,2338,0.9,1.0,304516
3246,"A desk with a monitor, laptop, mouse and books on it. ",mscoco,4041,0.0,0.03333333333333333,812861
3247,Photo of a mega Lego space station inside a kid's bedroom.,drawbench,167,0.0,8.71512859172237e-06,167
3248,A group of people sitting around a dinner table.,mscoco,2301,0.8,1.0,787353
3249,Cat drinking water from a sink in a bathroom.,mscoco,5146,0.3,1.0,795352
3250,A giraffe stretching its head over a log to eat weeds.,mscoco,5576,0.0,0.014925373134328358,290930
3251,"A wood desk with a laptop computer, wireless keyboard and mouse and vase.",mscoco,2718,0.0,0.09090909090909091,178354
3252,A rural road is occupied by farm vehicles. ,mscoco,5203,0.2,1.0,282018
3253,A clock tower with a steeple and a bell on it in a town square.,mscoco,5588,0.0,0.09090909090909091,610349
3254,A man is surfing in a river while another person watches.,mscoco,144,0.3,0.3333333333333333,717658
3255,a pair of metallic scissors are on a white table,mscoco,2379,0.2,1.0,717667
3256,Two girls sitting on blanket near water with umbrella. ,mscoco,1884,0.1,1.0,814541
3257,A bowl of ramen soup sits on a table.,mscoco,1774,0.5,1.0,644501
3258,Skateboarder airborn while his feet remain on the board.,mscoco,4386,0.1,0.1,389802
3259,A black and white picture of several buses driving down a street.,mscoco,1,0.2,0.25,592015
3260,Snowboarder performing a trick midair during a run.,mscoco,1710,0.8,1.0,713112
3261,A small bird is perched on a branch in a tree.,mscoco,1737,1.0,1.0,497771
3262,A view of a baseball game with many players on the field.,mscoco,3944,0.6,1.0,726626
3263,"Voodoo donuts are decorated unconventionally, such as with Froot Loops.",mscoco,3942,0.0,0.010752688172043012,406384
3264,Two giraffes standing by a tall pole with trees in the background.,mscoco,3021,0.0,0.08333333333333333,87224
3265,A woman in a tennis outfit about to hit a ball with a racquet.,mscoco,3967,0.1,0.1111111111111111,70452
3266,a picture of big ben and a subway sign,mscoco,4324,0.1,0.25,460731
3267,"Kitchen with view of stainless stove, stainless sink, white countertop and white flour with black spots.",mscoco,5790,0.0,0.0019569471624266144,55771
3268,Police officers on motorcycles on roadway with large patriotic flags on back of motorcycles at outdoor event.,mscoco,5487,0.2,0.14285714285714285,709844
3269,"Foreign sign in water reads ""Sok Kwu wan First Street""",mscoco,5240,0.1,1.0,372461
3270,A man on a beach holding a surf board.,mscoco,5144,0.7,0.5,187765
3271,Two people with sports equipment are skiing on the snow.,mscoco,2517,0.6,1.0,368076
3272,"a plate full of turkey, vegetables, cranberry sauce, and stuffing",mscoco,5391,0.5,1.0,630136
3273,A yellow stuffed bear sits on a child's bed by a pillows. ,mscoco,224,0.5,1.0,486529
3274,A cell phone and a transaction receipt on a blue and gold damask cloth.,mscoco,773,0.1,1.0,821280
3275,there is a skier with a purple uniform in the air,mscoco,2917,0.1,1.0,305692
3276,A man with glasses is sitting in his bed with his cat below.,mscoco,4399,0.3,1.0,548551
3277,The baseball player hits the ball with a strong swing.,mscoco,2240,0.2,1.0,297121
3278,A bowl with food sitting next to two glasses.,mscoco,3123,0.0,0.025,776830
3279,Wart hogs and zebras eating grass near each other,mscoco,4478,0.1,1.0,487250
3280,Bird covers its young chick while in the tall grass of a marsh.,mscoco,4882,0.0,0.014492753623188406,236295
3281,Colorful food truck stopping for customers to order from,mscoco,5556,0.0,0.06666666666666667,55964
3282,A dog sits in a basket on a bike.,mscoco,3025,0.6,1.0,499972
3283,a man is riding on a board at the beach,mscoco,1798,0.3,0.5,705951
3284,A modern style bathroom with blue tile and white fixtures.,mscoco,3910,0.8,1.0,376166
3285,A zebra to the right of a fire hydrant.,drawbench,133,0.0,0.0,133
3286,Person skateboarding on the edge of an arena design for skate boarding.,mscoco,1408,0.1,0.1,371888
3287,An empty apartment room with a bed and computer desk.,mscoco,2397,0.0,0.09090909090909091,168816
3288,Wooden desk and cabinet unit and electronics in an occupied hotel room.,mscoco,3936,0.0,0.07142857142857142,201696
3289,A United Airlines jet flying in the blue sky.,mscoco,3862,0.1,1.0,352546
3290,"A plate of food with broccoli, radishes, rice and chips.",mscoco,4714,0.1,0.5,246358
3291,A zebra is standing in an enclosure in a zoo.,mscoco,5436,0.8,0.5,102913
3292,Many sheep are inside a wire fence near a large hill.,mscoco,5418,0.3,0.25,189280
3293,A tennis player throws the ball up to serve.,mscoco,107,0.7,1.0,102708
3294,A group of men are playing soccer on a grass field.,mscoco,2691,0.5,0.3333333333333333,341196
3295,A horse and foal in a fenced in field.,mscoco,1330,0.2,0.3333333333333333,691040
3296,a building with a clock tower against a blue sky,mscoco,1870,0.6,1.0,303170
3297,Cupcakes and other baked goods on a table for sale,mscoco,5214,0.3,1.0,126252
3298,A giraffe standing next to a small tree in the open plains ,mscoco,5340,0.3,1.0,43934
3299,A man wearing a yellow jacket and sunglasses snowboarding down a hill,mscoco,4395,0.5,1.0,612927
3300,A black and white photograph of a messy living area.,mscoco,441,0.1,0.2,105962
3301,Apples and oranges are displayed at a fruit market.,mscoco,618,0.6,0.5,59452
3302,A dog standing on the top of a couch in front of a window.,mscoco,3962,0.2,1.0,343500
3303,A statue is displayed next to some odd street signs.,mscoco,1885,0.2,1.0,654714
3304,hotdog bun with chili is held by food service worker,mscoco,5839,0.1,1.0,133881
3305,a group of people huddled together in a street holding umbrellas,mscoco,5745,0.1,0.25,506765
3306,A man with sunglasses on standing next to a basket of tennis balls.,mscoco,3782,0.1,1.0,626282
3307,A young girl kicking a soccer ball in a game,mscoco,3350,0.9,1.0,806793
3308,Biplane flying over blue ocean next to coastline.,mscoco,3992,0.5,1.0,184322
3309,A group of people on surfboards in the water.,mscoco,3766,0.8,1.0,340807
3310,A yellow and green train sitting idle on the railroad track,mscoco,3332,0.3,0.14285714285714285,258844
3311,A female tennis player on a tennis court leaning forward and holding a racquet low down,mscoco,5135,0.1,0.2,740118
3312,Two giraffes standing on bare ground in a zoo. ,mscoco,2767,0.0,0.037037037037037035,558919
3313,A young woman is sitting on the steps in front of a building and talking on a cell phone.,mscoco,3282,0.4,1.0,447851
3314,Black and white photograph of a bathroom area.,mscoco,3407,0.4,0.5,415290
3315,Black and white cat with black nose laying on bedspread.,mscoco,4284,0.2,1.0,54879
3316,Students operate notebook computers in the classroom. ,mscoco,5359,0.2,0.5,401348
3317,A stop sign with a bus route sign attached to it.,mscoco,2803,0.1,0.5,743764
3318,A fruit stand has various fruits on the table.,mscoco,335,0.7,1.0,542735
3319,A small white dog on a wooden door step.,mscoco,4933,0.1,1.0,270848
3320,Two military personnel slicing a cake while others look on.,mscoco,892,0.4,0.25,277387
3321,A black and brown dog standing outside a door. ,mscoco,2520,0.1,0.1,658357
3322,"A city block with people, cars, buses and a street vendor. ",mscoco,3628,0.1,1.0,510353
3323,A picture of a small garden with writing on the image.,mscoco,4996,0.0,0.07142857142857142,553595
3324,Four men playing doubles tennis on a court.,mscoco,1630,0.0,0.037037037037037035,345656
3325,A cheese pizza is shown on a table with a fork next to it.,mscoco,3238,0.3,1.0,717313
3326,a person laying in the water beside a blue surfboard,mscoco,336,0.1,0.1,352205
3327,A desktop computer monitor sitting on top of a desk.,mscoco,2707,0.8,1.0,620273
3328,A young man is shown using a cell phone.,mscoco,5178,0.4,0.5,761504
3329,Toilet with black walls and cream flooring with photo,mscoco,5638,0.1,0.14285714285714285,443013
3330,a woman sitting in a car while holding onto a cake in a plastic container ,mscoco,2903,0.1,1.0,249677
3331,A boat sitting on a beach near the water.,mscoco,102,0.8,0.5,565372
3332,A white plate serving a sandwich with greens.,mscoco,165,0.4,1.0,184797
3333,A slice of berry bread on a plate with a fork next to it.,mscoco,1281,0.1,1.0,16804
3334,A dish made of cauliflower and broccoli covered in sauce.,mscoco,1980,0.1,1.0,17356
3335,A fire engine inside or in front of a fire station.,mscoco,4132,0.3,1.0,183420
3336,"The  photo is taken from inside the airport,  airplane is standing at the gate.",mscoco,3580,0.1,0.16666666666666666,218659
3337,"Group sitting on park bench in front of traffic and ""Carlton Audio Visual"" store",mscoco,5273,0.1,1.0,371444
3338,An distance view of a baseball player preparing to hit the ball.,mscoco,5909,0.1,0.1111111111111111,182696
3339,A white and brown toilet with portions removed.,mscoco,1378,0.1,0.2,187493
3340,A group of elephants is pictured in a grassy area.,mscoco,1380,1.0,1.0,717077
3341,Man demonstrating horse back riding safety by wearing a helmet. ,mscoco,4069,0.1,0.16666666666666666,389818
3342,a black vanity top sink toilet and mirror,mscoco,2988,0.6,1.0,713069
3343,Runner at 1st base ready to run to 2nd.,mscoco,4437,0.0,0.00411522633744856,401644
3344,A soccer goalie guards the goal and watches the ball. ,mscoco,5548,0.3,1.0,616232
3345,People flying and watching kites at a park,mscoco,2395,0.7,1.0,588593
3346,Two Zebras are standing near some rocks. ,mscoco,302,0.2,1.0,779735
3347,some children are around a chocolate cake with three candles,mscoco,5232,0.1,1.0,122945
3348,Batter at plate preparing to swing during game in stadium.,mscoco,5231,0.1,1.0,295775
3349,A variety of fruit on display for sale,mscoco,5385,1.0,1.0,256085
3350,"Large, tusked elephant in dry grass under trees",mscoco,5465,0.3,0.25,229178
3351,Oranges sit together in a bowl in the light. ,mscoco,4611,0.8,1.0,298193
3352,A green double decker bus on road next to waterfall.,mscoco,3767,0.2,1.0,602246
3353,A man holding a pair of skis and a ski pole.,mscoco,4974,0.2,0.5,709756
3354,A snow boarding area covered with snow in winter.,mscoco,2228,0.0,0.047619047619047616,49850
3355,A close-up of two cows standing in the dirt.,mscoco,408,0.3,0.3333333333333333,131950
3356,Large sandwich with beverage seen on paper wrapper.,mscoco,2891,0.1,0.16666666666666666,634880
3357,A man standing in a kitchen while preparing food.,mscoco,1872,0.7,1.0,217708
3358,A man flying a kite over a sandy beach.,mscoco,3753,0.7,0.5,785011
3359,Sculpture of thin white dog on a park bench.,mscoco,3474,0.2,1.0,60651
3360,A dog looks at the camera while sitting on the couch.,mscoco,5947,0.2,1.0,341251
3361,a brown bear with wet fur walking in a grass field.,mscoco,4432,0.3,1.0,247449
3362,A man on a moped pulling a cart with two people.,mscoco,1862,0.0,0.05555555555555555,620004
3363,A green and blue fire hydrant sitting on a sidewalk.,mscoco,209,0.1,1.0,494959
3364,A man is riding a surfboard on the water.,mscoco,2780,0.6,0.5,558363
3365,A small dog is in a vehicle safety harness.,mscoco,2881,0.2,1.0,709411
3366,A coffee drink and a plate of croissants.,mscoco,2844,0.2,1.0,813229
3367,A man in a yellow shirt rides a skate board.,mscoco,3993,0.2,0.5,646808
3368,a clock on a tower of a castle,mscoco,2985,0.3,1.0,339318
3369,A small table with a laptop computer and a chair in front of it.,mscoco,2045,0.1,0.3333333333333333,409315
3370,A man that is holding two suitcases over his head.,mscoco,3022,0.0,0.058823529411764705,570857
3371,A man and woman are standing in skis on a mountain.,mscoco,1288,0.8,1.0,454022
3372,A group of flowers in a vase on a table.,mscoco,580,0.4,0.3333333333333333,809153
3373,A crowd of people standing on a beach flying a kite.,mscoco,4252,0.9,1.0,151210
3374,"A dual monitor station also hosts a cup of coffee, water, and a thin keyboard with a mouse.",mscoco,1433,0.1,0.2,332145
3375,A man surfs on a surfboard on a lake.,mscoco,5301,0.4,0.25,826407
3376,A pasta noodle dish with chicken and vegetables,mscoco,229,0.5,1.0,313616
3377,"A green and white traffic sign reading ""sunnydale"" and a traffic light.",mscoco,200,0.1,1.0,373652
3378,Two giraffes standing in a stone fence enclosure.,mscoco,5656,0.5,1.0,557810
3379,A young boy in a red shirt looking at a cell phone,mscoco,1912,0.1,0.125,398697
3380,Greek statue of a man tripping over a cat.,drawbench,156,0.1,0.2,156
3381,A double decker sightseeing tour bus in London. ,mscoco,1042,0.6,1.0,658272
3382,A photo of a stop sign at an intersection.,mscoco,1854,0.5,0.3333333333333333,556603
3383,A older man wearing a hat and riding a white scooter.,mscoco,503,0.1,0.5,373070
3384,"Graffiti reading ""War"" painted onto a street stop sign",mscoco,4109,0.5,1.0,166169
3385,A shot of an aging Michael J. Fox at the TV Land Awards. ,mscoco,5722,0.1,1.0,436936
3386,A gray elephant is standing in a park enclosure.,mscoco,2761,0.1,0.5,358236
3387,"A plate of food with carrots, meat with gravy and beverages on a table. ",mscoco,4463,0.3,1.0,676730
3388,A meat gyro and a cup of soup on a plate.,mscoco,3539,0.1,0.5,573930
3389,Purple flower with shell on top near unripe bananas. ,mscoco,1794,0.2,1.0,657963
3390,A refrigerator is wrapped up in cellophane in a living room. ,mscoco,3512,0.1,1.0,417153
3391,A blue motorcycle parked next to a van with a painting on it's side.,mscoco,374,0.1,0.5,74019
3392,Rather cluttered living room ith laptop and chairs.,mscoco,4211,0.1,0.14285714285714285,735291
3393,a long train going down a track beside a grassy hill ,mscoco,175,0.3,0.25,353823
3394,a train traveling next to a railway platform.,mscoco,1693,0.3,1.0,354682
3395,"Some noodles, meat, and vegetables are in a white bowl.",mscoco,3777,0.1,1.0,382684
3396,A bowl of fruit on top of oranges on a table.,mscoco,1167,0.0,0.014492753623188406,33521
3397,A tennis player in action on the court.,mscoco,191,0.1,0.16666666666666666,679786
3398,People in a park trying to fly a large purple kite that looks like a fish.,mscoco,6,0.1,1.0,399457
3399,A view of a tomatoe sandwich set on a table.,mscoco,4942,0.2,0.3333333333333333,809887
3400,"Traditional analog clock, Roman numerals, ""Le Cacheur Chateau Hierry"" on metallic blue stripped/curtain background.",mscoco,4780,0.1,1.0,99330
3401,a beach crowded with people and many different colored umbrellas,mscoco,2783,0.9,1.0,97159
3402,A grilled ham and cheese sandwich with a bite out of it.,mscoco,1762,0.0,0.08333333333333333,769003
3403,A man sitting in front of a laptop computer at a table.,mscoco,2375,0.8,0.5,786331
3404,A living room filled with furniture surrounded by windows.,mscoco,713,0.6,0.5,352661
3405,"A white plate topped with broccoli, meat and potatoes.",mscoco,967,0.2,0.25,274823
3406,A skier skiing down a steep hill with ski lifts overhead.,mscoco,5577,0.2,0.25,233167
3407,A toilet sits atop a tiled black and white floor.,mscoco,3187,0.1,0.5,372310
3408,A woman that is holding a phone and a wine glass.,mscoco,2105,0.0,0.09090909090909091,769947
3409,A man is flying a kite on a beach.,mscoco,570,0.5,0.3333333333333333,764508
3410,Two horses grazing in a fenced in grassy field.,mscoco,1037,0.3,1.0,27510
3411,Plane preparing to takeoff on runway of airport.,mscoco,5528,0.3,0.5,768892
3412,A traffic signal shows a red light at an intersection.,mscoco,5286,0.4,0.25,299030
3413,Electric guitar player using a musical keyboard and a laptop.,mscoco,4090,0.1,0.5,812263
3414,A big brown bear in the field of an enclosure.,mscoco,1071,0.1,0.5,117302
3415,A stop sign with a tan border at an intersection.,mscoco,3403,0.1,1.0,575543
3416,a bridge with a clock tower in the background,mscoco,3330,0.4,0.3333333333333333,84583
3417,An aircraft mechanic services a jet fighter parked on a runway.,mscoco,5410,0.0,0.09090909090909091,79105
3418,"A giraffe shares a habitat with a zebra, an ostrich, and an okapi.",mscoco,5392,0.1,1.0,715675
3419,a person starting to ski down a hill for a race ,mscoco,2060,0.1,0.14285714285714285,425481
3420,A view of a child with headphones on interacting with a computer. ,mscoco,1363,0.5,1.0,800864
3421,Two young people playing a game on the Nintendo Wii.,mscoco,5183,0.3,0.5,98352
3422,The large bird is flying low to the beach by the water. ,mscoco,2943,0.7,1.0,266588
3423,Two elephants standing in an open field near the ocean.,mscoco,2304,0.1,1.0,827775
3424,Young skateboarder preparing to perform while others look on.,mscoco,2356,0.0,0.08333333333333333,662022
3425,A group of elephants walking in muddy water.,mscoco,4184,0.8,1.0,200092
3426,A passenger train sits near a station platform. ,mscoco,3696,0.5,1.0,208363
3427,A pizza with tomatoes sitting on a table by a wine glass.,mscoco,1392,0.0,0.009345794392523364,786896
3428,A bundt chocolate cake on top of a plate.,mscoco,3963,0.5,1.0,601038
3429,A blue vase that is holding pink and white flowers.,mscoco,2846,0.1,1.0,426516
3430,a lincoln airport police truck parked in the back of a building with lots of windows,mscoco,3948,0.1,1.0,304930
3431,A black colored dog.,drawbench,3,0.0,0.0021598272138228943,3
3432,Man standing in a newly created kitchen with white refrigerator,mscoco,3754,0.1,0.1,415004
3433,A couple of people that are riding bikes on the street.,mscoco,714,0.7,0.5,422667
3434,A traffic light is on top of a stand in the road.,mscoco,4877,0.2,1.0,598526
3435,A large tall tower with a clock on the top.,mscoco,1976,0.8,1.0,528574
3436,A man kiteboarding over a large body of water.,mscoco,3399,0.8,1.0,223077
3437,Large white yacht in the sea with windsurfers nearby.,mscoco,3015,0.1,1.0,421738
3438,A large decorative Air Force plane on display.,mscoco,632,0.4,1.0,4720
3439,Two large zebras graze inside an enclosed area,mscoco,1887,0.5,1.0,293929
3440,"Room with fireplace, radiator, and window, empty of furniture, being painted.",mscoco,3792,0.1,1.0,294216
3441,a brown and black bear and a green branch,mscoco,1199,0.0,0.015625,36703
3442,"This Masai giraffe has had numerous conflicts of head butting, as proven by the many head lumps developed.  ",mscoco,5781,0.0,0.04,574764
3443,a large elephant that is standing next to a car,mscoco,4679,0.5,1.0,572629
3444,Two cats sitting in front of a window.,mscoco,1326,1.0,1.0,460946
3445,Some very cute looking ducks in  the grass.,mscoco,2948,0.6,1.0,569380
3446,Skate boarder on half pipe about to fall off.,mscoco,3639,0.0,0.0016339869281045752,439321
3447,a large zebra that is walking on some grass,mscoco,4711,0.7,1.0,572307
3448,A small bathroom has holes in the wall and a white toilet.,mscoco,4738,0.1,0.5,489702
3449,a person flying a kite over a large green field.,mscoco,2025,0.8,1.0,60965
3450,Large street sign on post next to traffic light and building.,mscoco,4922,0.0,0.041666666666666664,412512
3451,some silver scissors thread and a bag and supplies,mscoco,5873,0.1,1.0,811594
3452,"Eight car train passing through rural area in winter.
",mscoco,4521,0.1,0.2,19372
3453,A man walks down the sidewalk with a bag while traffic alongside him is in the road.,mscoco,122,0.0,0.011627906976744186,75195
3454,A crowd watches a baseball player with a bat in his hands. ,mscoco,2760,0.3,0.5,604603
3455,The young man is riding a surf board in the ocean.,mscoco,2553,0.3,0.5,169804
3456,A picture of an airplane sitting in a hanger.,mscoco,617,0.6,1.0,272193
3457,A tennis player touching the U.S. Open banner.,mscoco,1933,0.1,1.0,169957
3458,There is a muffin next to the grapefruit.,mscoco,727,0.1,1.0,813222
3459,some black and white cows in their pen and trees,mscoco,3683,0.1,0.25,547720
3460,A wooden bowl containing a bunch of green bananas.  ,mscoco,2191,0.1,1.0,212514
3461,A train is pulled up to a boarding station.,mscoco,3281,0.2,1.0,156249
3462,A picture of a large building with a clock tower.,mscoco,3083,0.2,0.16666666666666666,528005
3463,A elephant that is standing in the grass.,mscoco,927,1.0,1.0,464014
3464,Red and grey train with orange stripe on tracks.,mscoco,682,0.1,0.5,231745
3465,A black and white photograph of a train on a flooded track.,mscoco,2033,0.1,1.0,172694
3466,A cat stands entranced by picture of a rat on a television screen.,mscoco,437,0.0,0.047619047619047616,737018
3467,Several birds standing around on a fence near the ocean at sunset. ,mscoco,5543,0.1,0.16666666666666666,681129
3468,Two identical images of a female player with tennis racket and ball.,mscoco,4022,0.8,1.0,704650
3469,A boy swinging a baseball bat at a ball on a field.,mscoco,4639,0.9,1.0,515488
3470,A market features a variety of fruits and vegetables. ,mscoco,2096,1.0,1.0,272750
3471,A woman and a child playing with blocks in a living room. ,mscoco,3602,0.1,1.0,511329
3472,there is a woman standing in the woods with a yellow suitcase,mscoco,4297,0.1,0.3333333333333333,451629
3473,"A desk with computer, laptop, phone and cell phone on top.",mscoco,2565,0.0,0.041666666666666664,573290
3474,A red PARE sign sitting on the side of a pole.,mscoco,4770,0.1,0.5,225380
3475,"A living room area of a house that has a flatscreen television on the wall, over a fireplace.",mscoco,3904,0.6,1.0,530959
3476,Wake boarder dressed as Lego figure goi off ramp in lake.,mscoco,5875,0.0,0.013157894736842105,766241
3477,Street signs in a flooded area during a storm.,mscoco,5823,0.5,1.0,546745
3478,A baseball player pulls his arm back to throw the ball.,mscoco,3996,0.5,0.25,654093
3479,A large clock hanging off the side of a building.,mscoco,4482,0.5,1.0,556741
3480,A bunch of luggage that is stacked on a cart.,mscoco,5597,0.8,1.0,711692
3481,A huge white bathtub and toilet in a yellow tile and white bathroom with two windows.,mscoco,2653,0.1,1.0,565484
3482,Three young women pose with their tennis rackets.,mscoco,1097,0.1,1.0,672375
3483,"A living room with two blue couches, a small table and a small tv.",mscoco,383,0.4,0.5,553354
3484,a couch with pillows and a glass table,mscoco,3709,0.3,1.0,340084
3485,a big clock sitting inside of a glass window ,mscoco,1856,0.1,1.0,545005
3486,A person is plowing a field with an elephant.,mscoco,436,0.1,1.0,237395
3487,A man in boxers is sitting on a skateboard.,mscoco,639,0.1,0.5,153899
3488,A split picture of two scenes containing the same cat near a window,mscoco,3872,0.1,1.0,64141
3489,A store with bunches of ripe bananas hanging from poles.,mscoco,129,0.3,0.5,221856
3490,a man in glasses is playing with a white controller,mscoco,537,0.4,0.5,39887
3491,Slices of square cut pizza displayed on wooden surface.,mscoco,2920,0.1,0.5,259701
3492,"A living area with chairs, television and a coffee table.",mscoco,5824,0.1,0.5,438000
3493,Giraffes in captivity in a small concrete enclosure.,mscoco,4328,0.0,0.07692307692307693,780361
3494,A picture of four computer and tablet devices.,mscoco,2847,0.4,1.0,686273
3495,A group of black and white cows in pen in a barn.,mscoco,2773,0.3,1.0,296784
3496,The blue city bus is parked beside a pole on the sidewalk. ,mscoco,1512,0.2,0.5,795566
3497,the shower area of a white tiled bathroom,mscoco,4388,0.1,0.16666666666666666,474907
3498,A shorebird walks in mud along the water's edge. ,mscoco,5642,0.0,0.07692307692307693,209208
3499,A triangular pink stop sign. A pink stop sign in the shape of a triangle.,drawbench,56,0.0,0.0,56
3500,The piece of pie is layered and contains chocolate.,mscoco,5345,0.0,0.08333333333333333,745900
3501,A very cute big dog hanging out of a car window.,mscoco,4370,0.7,0.5,481644
3502,A white and green double decker bus on a road.,mscoco,5962,0.5,1.0,268182
3503,A person in blue and white ski suit skiing down a slope.,mscoco,1764,0.2,0.25,365401
3504,A girl is holding a volleyball while a crowd watches. ,mscoco,4162,0.1,1.0,420858
3505,A man standing in front of a television holding a Wii remote control. ,mscoco,4457,0.9,0.5,30137
3506,"A room with a couch, table, chairs and a lamp. ",mscoco,3617,0.0,0.07142857142857142,481373
3507,Skier on a snowboard at a ski resort.,mscoco,4024,0.1,0.1111111111111111,172914
3508,An adult elephant walking next to a small elephant.,mscoco,5414,0.9,1.0,721333
3509,People walking on a city sidewalk in the rain ,mscoco,919,0.8,1.0,587894
3510,A blender being used to blend up foods.,mscoco,3382,0.7,0.5,698033
3511,A large bathroom with a white toilet and large bathroom sink.,mscoco,1160,0.3,0.3333333333333333,606879
3512,a passenger train going down a track by a fence,mscoco,4152,0.2,0.2,736368
3513,Cross-country skiers travel through the open wilderness smiling.,mscoco,4229,0.0,0.023255813953488372,464495
3514,A baseball game with a young boy up to bat.,mscoco,5674,0.6,0.3333333333333333,281664
3515,A baseball player wearing a baseball glove catching a ball.,mscoco,3058,0.1,0.125,329308
3516,Several giraffes stand near each other in a large grassy area,mscoco,5478,0.5,1.0,415101
3517,Split photo of man preparing to serve tennis ball.,mscoco,798,0.1,0.5,634680
3518,A yellow and green bus passing in front of a building.,mscoco,5121,0.2,1.0,233974
3519,A giraffe standing by itself in a grassy area. ,mscoco,2919,0.9,1.0,661006
3520,a little girl wearing a scarf and necklaces smiling at the camera ,mscoco,4575,0.1,1.0,132084
3521,A microwave in a trash can on the corner of a street.,mscoco,3414,0.1,1.0,81365
3522,A white bus sitting next to a red brick building.,mscoco,1551,0.2,0.5,460327
3523,Vintage photo of busy street with streetcars in horse drawn buggies.,mscoco,3820,0.1,0.3333333333333333,552480
3524,A stop light hanging over a city street,mscoco,2322,0.0,0.045454545454545456,208331
3525,A black and white picture of a young man performing a skate board jump.,mscoco,4197,0.5,1.0,522860
3526,A group of bicycles parked along a sidewalk next to a building.,mscoco,1689,0.5,1.0,245579
3527,People near a fruit stand with bunches of bananas.,mscoco,5692,0.8,1.0,65918
3528,A medieval painting of the wifi not working.,drawbench,151,0.0,0.0,151
3529,A woman in yellow tossing a tennis ball over the net to a little boy.,mscoco,4528,0.1,1.0,710149
3530,Light colored long horn cattle in alpine grazing area.,mscoco,5187,0.0,0.05,259846
3531,A baby in his/her chair eating a banana. ,mscoco,3724,0.5,0.5,227990
3532,A red train car is on the tracks between other cars.,mscoco,44,0.0,0.08333333333333333,479763
3533,Two teddy bears with bows on a white background.,mscoco,5724,0.1,0.5,786512
3534,A baseball player standing on a field holding a bat.,mscoco,135,0.6,1.0,478777
3535,A brown horse with a white diamond pattern on the forehead.,mscoco,1583,0.1,0.1111111111111111,68532
3536,People on the ground are flying a variety of kites.,mscoco,306,0.2,1.0,298399
3537,a woman slicing a tomato next to a pan full of food ,mscoco,5601,0.1,1.0,712259
3538,"Young men skateboard outside, doing tricks against various obstacles.",mscoco,2974,0.1,0.1111111111111111,197407
3539,A man eating a slice of pizza in front of a tall building.,mscoco,433,0.2,1.0,627570
3540,A banana is peeled and some slices are cut.,mscoco,3667,0.1,0.14285714285714285,558477
3541,Two giraffes hovering over a small green bush.,mscoco,3557,0.0,0.009259259259259259,474752
3542,a woman reaching her arm up as she gets ready to hit a tennis ball,mscoco,4687,0.4,0.5,710120
3543,A stop sign at the end of a narrow alleyway,mscoco,1282,0.1,0.5,270110
3544,A woman holding a pizza pie on a tray in a kitchen.,mscoco,1783,0.4,1.0,160375
3545,The man is in the lead during the bike race. ,mscoco,1541,0.2,0.3333333333333333,264073
3546,A blue and yellow double decker bus next to a building.,mscoco,4393,0.4,0.5,388695
3547,A baseball player slides into base while the other player waits for the ball.,mscoco,5957,0.8,1.0,492624
3548,A man hitting a ball on a tennis court.,mscoco,4624,0.5,1.0,694293
3549,A large living room with large windows all around it .,mscoco,2566,0.6,1.0,236733
3550,a cat laying inside of a open suit case,mscoco,4405,0.6,1.0,555186
3551,A woman getting ready to hit a tennis ball on a court.,mscoco,3160,0.2,1.0,816343
3552,A long black train traveling under a bridge.,mscoco,1741,0.4,0.5,654188
3553,A roast beef sandwich held together with skewers on a plate.,mscoco,3092,0.2,0.3333333333333333,311212
3554,A street signpost for the intersection of 9th Avenue and California.,mscoco,1383,0.1,0.14285714285714285,133742
3555,Man with a bullhorn on a stage at a skateboarding event.,mscoco,4919,0.0,0.004629629629629629,588008
3556,A dog jumps over a man's back while going after a frisbee.,mscoco,2220,0.1,0.5,790633
3557,Skateboarder standing on his board while texting on a phone. ,mscoco,4077,0.1,1.0,545337
3558,a clock attached to a building with a sign,mscoco,4522,0.2,0.5,467093
3559,Two Canadian geese swim in a green pond.,mscoco,2218,0.4,1.0,291261
3560,"Close up of a pizza with large slices of both chicken and mushrooms on top, and cheese, on a plate with a pizza cutter.",mscoco,5785,0.0,0.03225806451612903,774766
3561,A baseball player swinging a bat at a pitch,mscoco,3751,0.4,0.2,255509
3562,A person riding on the back of a white horse.,mscoco,3891,0.7,1.0,446363
3563,An open box full of fruist and vegetables,mscoco,3733,0.4,0.5,110521
3564,A bird stands on the sand near a toy soccer ball.,mscoco,5919,0.1,0.5,209618
3565,A triangular purple flower pot. A purple flower pot in the shape of a triangle.,drawbench,54,0.0,0.0,54
3566,A stop sign on a hill in San Francisco,mscoco,2726,0.0,0.027777777777777776,138541
3567,An old time photograph of a young man.,mscoco,5346,0.2,1.0,745104
3568,Some people gathered by a very pretty river as a person surfs.,mscoco,4104,0.4,1.0,568558
3569,A picture of a man displayed from the screen of a cell phone.,mscoco,3590,0.3,1.0,192091
3570,Various street signs on a pole in a city.,mscoco,2398,0.6,1.0,657995
3571,Three women sit smiling at a table covered with wine glasses.,mscoco,3658,0.1,1.0,315844
3572,A group of sheep standing on the grass near a wooden fence and trees.,mscoco,4452,0.3,0.14285714285714285,391464
3573,Young man and older lady drinking two different types of wine,mscoco,5051,0.0,0.09090909090909091,202991
3574,A large jetliner flying through a blue sky.,mscoco,2724,0.9,1.0,333214
3575,Three individuals flying a geometric kite on the beach.,mscoco,5604,0.1,0.3333333333333333,13438
3576,Basketball players in the process of making and defending a basket during a basketball game in an arena.,mscoco,3729,0.6,1.0,514194
3577,A tiny and nicely decorated living room that is in someone's house. ,mscoco,2706,0.2,0.3333333333333333,693607
3578,A small bird sitting on a tile floor next to a wall,mscoco,619,0.1,1.0,412754
3579,A kitchen with wooden cabinets and stove and refrigerator.  ,mscoco,544,0.2,0.25,635045
3580,a red motor bike is parked in the gravel ,mscoco,2704,0.2,1.0,562908
3581,A red box on a pole with a solar panel on top.,mscoco,1920,0.1,1.0,686749
3582,A zebra standing in grass in its enclosure.,mscoco,4092,0.4,1.0,701954
3583,a person kneeling down next to a dog in the snow,mscoco,1537,0.3,0.5,105384
3584,A man throwing a frisbee in a green field.,mscoco,3715,0.9,1.0,57679
3585,Elephants are routinely used as heavy duty work animals.,mscoco,4693,0.1,0.5,763868
3586,A man is performing tricks with a frisbee while others watch.,mscoco,1054,0.5,0.5,586557
3587,A desk with a laptop computer and water bottles.,mscoco,3460,0.0,0.02702702702702703,16284
3588,Cross country skiers on a ski trail between trees.,mscoco,4285,0.7,1.0,211055
3589,A brown and white horse looking a the camera and a pony behind,mscoco,4545,0.2,1.0,281904
3590,"Army vehicles, including a U.S. Army jeep and aircraft in a hangar or on display",mscoco,4421,0.1,1.0,432266
3591,Pots and pans sit on top of a range in a kitchen.,mscoco,4599,0.5,0.5,253966
3592,A woman is riding a bicycle on the street.,mscoco,5496,0.8,1.0,745243
3593," A young man performing an aerial skate board trick.
",mscoco,1715,0.3,1.0,675380
3594,A slice of chocolate pie on a plate with a fork.,mscoco,3612,0.1,1.0,692882
3595,Traffic lights at an intersection as the sun is about go behind a cloud.,mscoco,4989,0.3,0.2,529342
3596,A clock tower with a sun dial on the front of a building.,mscoco,1514,0.0,0.008620689655172414,463233
3597,A group of people are flying kites outdoors.,mscoco,4474,0.6,1.0,477966
3598,A boat that is parked on the dock of the water. ,mscoco,2461,0.9,0.5,661007
3599,A double-decker bus makes a turn down the street in front of Big Ben.,mscoco,5028,0.0,0.05555555555555555,685899
3600,A green and yellow train approaching the station.,mscoco,3166,0.2,1.0,109525
3601,Seagulls dive into the water next to boats full of people,mscoco,3739,0.1,0.5,107684
3602,two photos of a cat laying on a brush,mscoco,1427,0.1,1.0,584219
3603,a close up of a toilet in a bath room,mscoco,4074,0.1,1.0,487848
3604,Three colorful kites flying against a clear blue sky.,mscoco,1360,0.3,1.0,55262
3605,A small biplane is painted with a swastika. ,mscoco,4692,0.0,0.07142857142857142,718338
3606,Three people are playing with a frisbee in a pool.,mscoco,3096,0.1,0.5,18313
3607,A tennis player swings her racket at the ball.,mscoco,3162,0.3,0.2,256725
3608,A large bed in a room underneath a window.,mscoco,5690,0.5,0.5,354941
3609,Park bench next to pathway with young children walking nearby.,mscoco,1176,0.1,0.25,552081
3610,The bus is an old and special vehicle.,mscoco,3223,0.4,1.0,766540
3611,Large long necked bird sitting in the water in front of a sunset.,mscoco,4619,0.2,1.0,8098
3612,An assortment of beauty products and random objects lined out on a table top. ,mscoco,4734,0.1,0.3333333333333333,437538
3613,A yellow and green checkered motorcycle parked in front of a store window.,mscoco,1928,0.0,0.08333333333333333,81836
3614,Some gauges that are on a motorcycle dashboard.,mscoco,5682,0.4,1.0,781840
3615,A meal with two plates full of broccoli and other items.,mscoco,3358,0.1,0.2,264907
3616,A black and white photo of a clock tower.,mscoco,3098,0.6,1.0,598275
3617,The player is running to hit a tennis ball.,mscoco,3949,0.5,0.25,383627
3618,A white toilet with an over the toilet cabinet,mscoco,5734,0.4,1.0,742318
3619,Two men standing in a living room holding Wii controllers. ,mscoco,2867,0.9,1.0,85683
3620,A man holding a tennis racquet on top of a tennis court.,mscoco,1559,0.8,1.0,479537
3621,A young woman sitting on a bench using her cell phone,mscoco,2686,0.9,0.5,666792
3622,A dinner plate with chicken and broccoli with cheese sauce.,mscoco,1731,0.1,1.0,388621
3623,a baseball player is swinging a bat at a game,mscoco,2511,0.3,0.3333333333333333,596715
3624,A young man riding a skateboard down a sidewalk.,mscoco,157,0.0,0.05555555555555555,97604
3625,Two horses standing in the green grass within the fence. ,mscoco,3434,0.8,1.0,773636
3626,Small dish of meat with cucumber on top of rice.,mscoco,4844,0.1,1.0,439305
3627,A young skier stands in the snow looking off to the side. ,mscoco,4656,0.0,0.08333333333333333,828292
3628,A man holding a tennis racquet in a defensive stance.,mscoco,159,0.0,0.047619047619047616,271116
3629,A skier in a red outfit skiing down a snow covered hill.,mscoco,4500,0.9,1.0,231592
3630,Roof of a brick building with a chimney and a steeple with a weather vane on top.,mscoco,5681,0.4,1.0,239578
3631,Child eating pizza at birthday party with colorful plates and table.,mscoco,1823,0.1,0.3333333333333333,216715
3632,Two cats look out of a front window at the street.,mscoco,5851,0.4,1.0,183821
3633,Many kites are flying in the air on a cloudy day.,mscoco,737,0.7,1.0,648270
3634,A coffee cup and computer mouse on a desk.,mscoco,2657,0.6,1.0,656120
3635,Baby looking at high chair tray with banana pieces on it,mscoco,3598,0.1,0.5,600529
3636,Several sheep are in a stall eating and adorned with bandannas.,mscoco,2950,0.1,0.14285714285714285,142964
3637,A man rides his bike down a street with his surfboard attached to the side. ,mscoco,3841,0.2,0.3333333333333333,409231
3638,A group of people fly their kites in a field of flowers. ,mscoco,5131,0.2,1.0,382573
3639,A casserole is cooking in a toaster oven.,mscoco,5211,0.0,0.017543859649122806,416894
3640,a small boy in a helmet rides his skateboard on a paved area,mscoco,4830,0.7,0.3333333333333333,591227
3641,Small mounted television sitting inside a bedroom with orange walls. ,mscoco,2658,0.1,0.5,108088
3642,A hotel room displays a low bed and orange decor.,mscoco,3521,0.0,0.08333333333333333,101989
3643,The skater performs a rail on the edge of a wall.,mscoco,5237,0.1,0.1,629647
3644,A photo of a man skiing down a hill.,mscoco,4874,0.2,0.25,383127
3645,a bus terminal with several buses and three people waiting ,mscoco,5238,0.0,0.024390243902439025,516720
3646,A two layer slice of carrot cake on  a plate,mscoco,4466,0.3,1.0,164212
3647,A computer desk topped with a desktop computer monitor and keyboard.,mscoco,4557,0.5,0.25,291947
3648,A town street with a mountain in the background.,mscoco,2046,0.4,1.0,196854
3649,A man throwing a tennis ball in the air to serve,mscoco,5549,0.4,0.3333333333333333,574114
3650,A group of people gathered around a table with food on their plates.,mscoco,668,0.6,0.5,145870
3651,A profile view of two horses in a sandy area.,mscoco,3840,0.2,0.5,698070
3652,Boy crouched on skateboard in air near top of paved basin.,mscoco,5581,0.0,0.0008481764206955047,422534
3653,A harbor with a lot of small boats moored.,mscoco,3566,0.7,0.5,759153
3654,three yellow and blue trains next to each other,mscoco,2877,0.2,1.0,123489
3655,A woman in sunglasses eating a hotdog in grassy area.,mscoco,20,0.2,0.16666666666666666,403241
3656,A tan clock tower with a statue on the top of it.,mscoco,1449,0.4,1.0,302625
3657,Two giraffes in a room with people looking at them.,mscoco,3831,0.1,1.0,261999
3658,"Several large, brown cows are in a field of brown grass.",mscoco,3303,0.2,1.0,409100
3659,A yellow sign in front of a building.,mscoco,3301,0.2,1.0,648665
3660,Colouring page of large cats climbing the eifel tower in a cyberpunk future.,drawbench,166,0.0,0.0,166
3661,A bed has an unique red and purple bedspread. ,mscoco,1965,0.1,1.0,176007
3662,A baby sitting on top of a bed with a bottle of milk.,mscoco,4333,0.1,1.0,714016
3663,Three adult elephants and a baby elephant standing together. ,mscoco,2834,0.0,0.015873015873015872,677612
3664,The cat is sitting inside of a shoe box on the bed.,mscoco,3583,0.1,1.0,596107
3665,A tabby cat laying on a cat scratcher in front of a bicycle wheel. ,mscoco,5774,0.1,1.0,11053
3666,A calico cat standing on a computer table next to a laptop.,mscoco,4101,0.2,1.0,515715
3667,men in a boat floating past building and a fire hydrant ,mscoco,4739,0.1,0.5,815793
3668,Three men pose for a picture on a tennis court.,mscoco,179,0.2,1.0,578095
3669,A group of buses are parked in the city at the parking lot,mscoco,2563,0.6,1.0,31747
3670,Folded pieces of paper are stacked beside a pair of scissors.,mscoco,4223,0.2,1.0,562369
3671,A pear shape chocalet cake with frostering being used as ribbons.,mscoco,5736,0.0,0.09090909090909091,90520
3672,Some carrots that have grown in an irregular twisty shape hang from a post.,mscoco,3763,0.1,1.0,103501
3673,A woman playing tennis on the tennis court. ,mscoco,3062,0.7,0.5,475792
3674,Two giraffes and two other African deer are standing in an enclosure.,mscoco,379,0.0,0.0014858841010401188,511669
3675,A waterskiing man performing a flip on his waterboard,mscoco,124,0.1,0.16666666666666666,24709
3676,An orange and white cat sitting on a blue bench.,mscoco,5826,0.2,1.0,779644
3677,A hotel room with two beds and a framed picture of a man.,mscoco,2029,0.1,1.0,760738
3678,an assortment of toys being displayed in the store,mscoco,4863,0.2,1.0,778568
3679,A sign that says 'Google Research Pizza Cafe'.,drawbench,192,0.0,0.0,192
3680,a plate with some vegetables and fries on it ,mscoco,2036,0.2,1.0,485524
3681,A sidewalk and doughnut shop with a bike leaning against the building,mscoco,772,0.1,0.3333333333333333,480768
3682,a cat sitting on a bath mat in a bathroom,mscoco,3698,0.2,0.16666666666666666,778835
3683,two people standing in a living room playing nintendo wii,mscoco,5603,0.3,1.0,661731
3684,middle age woman and man standing throwing cards.,mscoco,791,0.0,0.05555555555555555,182866
3685,A man in an animal pen is shaving a white sheep.,mscoco,5653,0.2,1.0,828815
3686,A man with hat and pink shirt in street on phone.,mscoco,4242,0.1,0.5,229654
3687,A baseball game in progress with the batter in a falling position.,mscoco,1751,0.0,0.002702702702702703,23418
3688,Close up view of sharp knife about to cut a dessert for serving.,mscoco,1144,0.4,0.3333333333333333,482303
3689,A cat is standing on a small table with pictures on the wall.,mscoco,5939,0.1,1.0,211879
3690,A skateboarder is about to ride his skateboard off the ledge.,mscoco,1778,0.1,0.1111111111111111,13031
3691,a giraffe and some zebras standing around a pole and cage that has food in it ,mscoco,3110,0.1,0.14285714285714285,514507
3692,A small white bird standing on a sandy beach.,mscoco,1416,0.6,0.5,201234
3693,A sign is included with the doughnuts on display.,mscoco,5540,0.4,0.3333333333333333,564612
3694,A man wearing a bicycle helmet talking on a cell phone,mscoco,5778,0.3,1.0,797714
3695,A man in a suit with a red and green tie. ,mscoco,1480,0.1,1.0,40684
3696,A yellow train near the passenger platform with a red light currently on.,mscoco,1769,0.0,0.03333333333333333,132355
3697,A snowboarder does a flip after jumping off a hill.,mscoco,3428,0.0,0.03571428571428571,677699
3698,A transit bus side view as it sits in a parking area.,mscoco,5127,0.0,0.09090909090909091,495465
3699,A herd of zebra walking across a lush green field.,mscoco,4493,0.7,1.0,667889
3700,A man is riding a motorcycle at a race track.,mscoco,2782,0.7,1.0,152716
3701,Three zebras eating grass on a dry grassy slope.,mscoco,693,0.3,0.5,798407
3702,a person sitting down talking on a cell phone ,mscoco,469,0.2,1.0,663867
3703,The pizza is completely topped with many vegetables.,mscoco,4631,0.1,0.1111111111111111,118550
3704,A woman standing in front of a table of baked goods.,mscoco,2415,0.4,0.3333333333333333,84277
3705,A close up of a green bench on a sidewalk. ,mscoco,3268,0.2,0.2,520099
3706,A bathroom with a white toilet sitting next to a sink.,mscoco,2697,0.2,1.0,137056
3707,A man does a skate boarding trick in front of a crowd.,mscoco,2168,0.5,0.5,242889
3708,Two women standing in the ocean with surf boards . ,mscoco,535,0.3,0.5,523618
3709,A man riding a bicycle on a dirt street.,mscoco,4292,0.1,1.0,484580
3710,A red bus is shown traveling along a road.,mscoco,5829,0.8,1.0,562175
3711,"Green,orange,and red vegetables in bowls and bags. ",mscoco,1831,0.0,0.034482758620689655,671754
3712,A whole pizza sitting on a pan near two plates on a table. ,mscoco,426,0.0,0.005263157894736842,677417
3713,a close up of a person flying a kite in the air,mscoco,4865,0.4,1.0,569009
3714,a room that has a sink and a chair in it,mscoco,4568,0.2,0.3333333333333333,586944
3715,A hot dog with relish and onions in a foil wrapper.,mscoco,1434,0.4,1.0,607368
3716,Two black furry animals are surrounded by plants and greenery. ,mscoco,444,0.1,0.3333333333333333,364405
3717,Male tennis player jumping to strike the ball.,mscoco,690,0.2,0.14285714285714285,1039
3718,A group of five zebras stand in a field.,mscoco,4615,0.1,0.125,29769
3719,A man and woman that are standing near a cake.,mscoco,1882,0.9,1.0,572648
3720,A man rides a horse near the ocean.,mscoco,4354,0.7,1.0,58913
3721,A child reaches for a piece from a a giant pizza. ,mscoco,1015,0.1,0.2,393138
3722,a skier country skiing on a blizzard day ,mscoco,4782,0.0,0.01694915254237288,783870
3723,A young man is riding his skateboard past a construction zone.,mscoco,71,0.1,1.0,156595
3724,Player preparing to serve ball while referees look on during match play.,mscoco,1128,0.1,0.25,447662
3725,THIS IS A YELLOW STOP LIGHT WITH A BICYCLE SIGNAL,mscoco,3216,0.1,0.3333333333333333,763190
3726,A man rides behind a horse during a race.,mscoco,3249,0.0,0.019230769230769232,650171
3727,A brown bear on a wooden table in front of a quilt,mscoco,4941,0.0,0.037037037037037035,401819
3728,A man in a suit eats a banana in his car.,mscoco,1618,0.1,1.0,620149
3729,A brown and white dog with a teddy bear in his mouth ,mscoco,2206,0.1,1.0,681255
3730,Women riding bicycles at ocean beach near surf.,mscoco,5717,0.1,1.0,588494
3731,A person sitting on top of a bed next to a window.,mscoco,4302,0.3,1.0,429158
3732,A green bus parked in front of a building.,mscoco,4409,0.3,0.25,250862
3733,An economy car is parked on the side of the road with a dog in the passenger's seat.,mscoco,1506,0.4,1.0,32120
3734,A person flying a kite on the beach ,mscoco,5018,0.8,0.5,465896
3735,A display case full of various kinds of donuts,mscoco,2367,0.8,1.0,475765
3736,Two brown bears are sitting on some rocks.,mscoco,2534,0.8,1.0,358666
3737,"Elephants, both adults and their young, eating in a field.",mscoco,5835,0.1,0.3333333333333333,622938
3738,A street corner has a street light in front of a tall blue building.,mscoco,2107,0.1,0.5,426318
3739,An unmade bed is shown under a window with two sets of curtains.,mscoco,256,0.2,1.0,66241
3740,A row of colorful toilets sitting in a store.,mscoco,2615,0.1,1.0,98717
3741,a little bird is feeding from a bird feeder,mscoco,4182,0.4,1.0,753522
3742,A small duckling eating something out of a pond.,mscoco,280,0.1,1.0,716000
3743,A couple of birds perched on top of a wooden branch.,mscoco,834,0.8,1.0,533615
3744,A wii game system with all its parts outside of the box. ,mscoco,5256,0.5,1.0,548821
3745,Pony grazing with grass and tree with mountains,mscoco,5047,0.1,0.125,473793
3746,Group of horses in race near canvas fence.,mscoco,4845,0.0,0.004694835680751174,656949
3747,The woman smiles while walking through the ski trail. ,mscoco,3409,0.2,0.3333333333333333,715096
3748,A baseball game is being played before a crowd.,mscoco,4697,0.4,0.5,341068
3749,A group of people on a beach with a kite in the sky.,mscoco,4141,0.5,1.0,335018
3750,A green truck parked in a parking lot.,mscoco,5844,0.7,1.0,273748
3751,The electronic traffic signal above the street has green lights.,mscoco,5066,0.3,1.0,490169
3752,Three children are seated next to each other and reading books.,mscoco,4084,0.1,1.0,792423
3753,A man and woman playing a game with Nintendo Wii controllers.,mscoco,5506,1.0,1.0,346848
3754,"Bathroom with white toilet, vanity sink, tub and oak door with outside window.",mscoco,2756,0.0,0.004310344827586207,281700
3755,The corner of college street and 5th street,mscoco,5450,0.0,0.01694915254237288,3832
3756,a red double decker bus going around a corner,mscoco,1073,0.1,0.25,250928
3757,Several different types of doughnuts on a plate.,mscoco,2514,0.6,0.5,330075
3758,A hair drier underneath a sheep.,drawbench,121,0.0,0.0,121
3759,A close up of large broccoli plants in a garden,mscoco,3077,0.8,1.0,350235
3760,An old wooden bench sitting under a tree on a field.,mscoco,1671,0.7,1.0,792475
3761,a white cat laying on top of a car ,mscoco,3674,0.3,1.0,456554
3762,A bed with brown covers and an oil painting at the head end.,mscoco,1135,0.0,0.08333333333333333,772409
3763,Sailboats in slips in a marina with cloudy sky,mscoco,463,0.4,1.0,677372
3764,A bear is standing in an open area near the woods.,mscoco,1448,0.5,0.5,668637
3765,A cross country skier traverses a path in the mountains.,mscoco,1997,0.6,0.5,325476
3766,a clock on display in a museum ,mscoco,5516,0.7,1.0,672861
3767,a man in a hat is holding a racket,mscoco,631,0.1,0.1111111111111111,738601
3768,A Red Sox baseball player throws a pitch.,mscoco,5421,0.2,1.0,210619
3769,A small green bird sits on a tree branch.,mscoco,1846,0.8,1.0,429102
3770,A cow lying down asleep in the sand,mscoco,4943,0.4,1.0,680488
3771,Herd of zebra with antelope in artificial enclosure,mscoco,5008,0.0,0.037037037037037035,782071
3772,People holding signs on a one way street.,mscoco,1650,0.0,0.008064516129032258,371159
3773,a man about to hit a base ball in a game,mscoco,4581,0.0,0.09090909090909091,706849
3774,An adult elephant feeds the younger elephant walking beside it.,mscoco,3790,0.0,0.015625,163065
3775,Male tennis player with white shirt and blue shorts swinging a black tennis racket,mscoco,3797,0.0,0.027777777777777776,168212
3776,A person holding a pink donut in front of a TV.,mscoco,1026,0.1,1.0,567591
3777,Two young men are playing a WII video game.,mscoco,5025,0.5,1.0,78208
3778,A crowded beach with a lot of people and umbrellas.,mscoco,768,0.9,1.0,789941
3779,A giraffe lays down on the grass as a bird stands in the background.,mscoco,5207,0.1,0.5,261524
3780,A wireless keyboard compatible with role playing games.,mscoco,5646,0.1,0.5,13059
3781,Closeup of a chocolate muffin along with others in the back.,mscoco,1197,0.1,1.0,826486
3782,Two military officers cut a large birthday cake.,mscoco,4816,0.5,1.0,764777
3783,"Tortillas with cheese, olives, tomatoes, lettuce, and onions.",mscoco,4564,0.0,0.021739130434782608,792296
3784,Some people walking up a hill by the side of a road.,mscoco,660,0.0,0.04,572054
3785,A person on a yellow surfboard riding a wave.,mscoco,116,0.0,0.041666666666666664,351390
3786,A silver fire hydrant sitting on a sidewalk.,mscoco,5217,0.4,1.0,201573
3787,An adult lamb is flanked by two young lambs.,mscoco,3656,0.1,1.0,486385
3788,a polar bear standing on a cement floor next to an orange plate and an enclosed body of water.,mscoco,1938,0.1,1.0,60598
3789,A young woman plays tennis on a clay court.,mscoco,5084,0.2,0.5,635214
3790,"Snack bowl, beverage glass, and flower arrangement on table.",mscoco,676,0.1,1.0,725746
3791,A bowl with apples next to a fork.,mscoco,4785,0.1,0.125,518525
3792,People sitting and eating in a restaurant. ,mscoco,4015,0.8,1.0,317091
3793,A white cat is sitting on a laptop keyboard.,mscoco,2601,0.4,1.0,216324
3794,A black cat laying in a wooden dining chair.,mscoco,1027,0.2,1.0,849
3795,A girl grabs a soccer ball in front of a goal post.,mscoco,4487,0.2,1.0,124752
3796,A Amtrak train traveling on a railroad tracks.,mscoco,5658,0.2,1.0,652000
3797,A baseball game going on in a baseball diamond.,mscoco,2817,0.5,1.0,478508
3798,A hot dog that has some tomato and pickle on it.,mscoco,3144,0.4,1.0,683678
3799,A casserole served at a restaurant in a brown dish.,mscoco,5538,0.1,0.5,362126
3800,A giraffe with grass in its mouth looking over a fence line.,mscoco,2644,0.1,0.16666666666666666,485781
3801,a white fire hydrant on the sidewalk at sunset,mscoco,2175,0.1,1.0,537460
3802,Several people standing and sitting at a bar.,mscoco,4063,0.6,1.0,776749
3803,A boy sitting on a bed tying his tie,mscoco,5916,0.1,1.0,332223
3804,A small black dog looks at its own reflection in the mirror. ,mscoco,2778,0.2,1.0,114114
3805,Four horses standing in a area that is fenced in .,mscoco,5872,0.5,1.0,792085
3806,A group of people sit in a row on a plane.,mscoco,821,0.3,1.0,440108
3807,Two elderly women speak to each other on a bench.,mscoco,3048,0.1,0.5,59647
3808,A computer desk with a monitor and a laptop.,mscoco,86,0.7,1.0,773224
3809,Some very pretty brown cows eating near a fence.,mscoco,4733,0.3,1.0,480808
3810,A group of spotted cows is among the green grass.,mscoco,705,0.5,0.5,4238
3811,"Front of a building with a clock over the entrance and a sign that reads ""India Post"".",mscoco,5856,0.1,1.0,67947
3812,"A dinner plate containing mashed potato, meat and carrots",mscoco,2641,0.2,1.0,763184
3813,A brown and white bird standing in green grass.,mscoco,4758,0.7,1.0,556690
3814,A young child who is eating a pizza.,mscoco,1886,1.0,1.0,607372
3815,Modern jet airliner in a blue sky seen from below,mscoco,5466,0.6,0.3333333333333333,130379
3816,A double-Decker red bus on a London street.,mscoco,5016,0.5,0.3333333333333333,125040
3817,a pedestrian parking sign with the pedestrian hoola hooping. ,mscoco,3081,0.0,0.017241379310344827,767499
3818,Urban city street with traffic near construction work.,mscoco,4847,0.0,0.05,579032
3819,A man and a dog on a boat are looking into the distance. ,mscoco,1231,0.1,1.0,471972
3820,Vintage photograph featuring a young blonde woman in a dress kissing a calf.,mscoco,4307,0.1,1.0,77232
3821,Various street signs in front of an apartment building.,mscoco,4534,0.3,0.25,608473
3822,"a blue train  engine, with person in santa suit.",mscoco,5246,0.1,0.3333333333333333,737754
3823,Many kites are flown above a crowd of people in China.,mscoco,5030,0.2,0.16666666666666666,348149
3824,Some snow skiers are on snow and ice.,mscoco,4004,0.2,0.3333333333333333,602029
3825,A horse stands in a field with a lighthouse in the background.,mscoco,569,0.3,0.3333333333333333,570177
3826,A pitcher throws a ball during a baseball game.,mscoco,816,0.6,0.5,51860
3827,A sandwich is precisely arranged on a dinner plate with a side of vegetables and beverages.,mscoco,5492,0.0,0.045454545454545456,66590
3828,There is a large steeple with a clock just below it.,mscoco,5605,0.4,1.0,618891
3829,a woman is on her laptop on a bean bag chair,mscoco,1132,0.2,0.5,537338
3830,"A green and white street sign that reads ""marginal st.""",mscoco,1946,0.1,0.5,266628
3831,A person driving a 4 wheeler after a herd of cows.,mscoco,1376,0.1,1.0,20919
3832,A small bathroom with a white toilette and bath tub.,mscoco,2146,0.5,0.5,8277
3833,People on the beach getting ready to parasail,mscoco,3619,0.2,0.14285714285714285,13427
3834,"Five people playing in the snowy city streets, two are skiing.",mscoco,5539,0.2,1.0,760983
3835,A toy action figure holding a plastic mini teddy bear and a cocktail glass decoration on the snow.,mscoco,2171,0.1,0.5,96905
3836,A man plays a video game on the Wii.,mscoco,281,0.7,1.0,224508
3837,"A bathroom with a sink, toilet and safety rails.",mscoco,3607,0.2,0.25,294084
3838,A person is sitting on a concrete barrier at the beach.,mscoco,4476,0.0,0.034482758620689655,220921
3839,a train traveling on a mountain area passing a forest area,mscoco,1535,0.9,1.0,408150
3840,An oil painting of a couple in formal evening wear going home get caught in a heavy downpour with no umbrellas.,drawbench,95,0.0,0.0,95
3841,A grilled sandwich and a cup of soup with a pickle.,mscoco,221,0.1,0.14285714285714285,713251
3842,"A group of zebras grazing in tall, dry grass. ",mscoco,1820,0.5,1.0,363303
3843,Group of people sitting underneath a green and purple umbrella on the beach. ,mscoco,402,0.1,0.25,205091
3844,White plate of pulled pork sandwich and salad.,mscoco,3761,0.2,0.5,420674
3845,A group of people playing frisbee in a field,mscoco,5710,0.7,1.0,749943
3846,an image of a pregnant woman with a teddy bear on her stomach ,mscoco,4537,0.2,1.0,91110
3847,Woman in a chair outside using a laptop,mscoco,5933,0.2,1.0,46438
3848,An airplane landing on a runway with is landing gear extended.,mscoco,5857,0.1,0.25,398429
3849,Two people are riding a moped on the road. ,mscoco,4093,0.4,1.0,413252
3850,A group of women holding tennis racquets and posing for a photo.,mscoco,39,0.8,0.5,608070
3851,A tennis player hitting a tennis ball with a racquet.,mscoco,1279,0.2,0.25,168624
3852,A young woman smiles with a plate of food and a pizza on the table.,mscoco,2355,0.3,0.25,354262
3853,A boy and girl shake hands across a tennis net.,mscoco,3669,0.2,0.5,542088
3854,A yellow and blue train car passing under a bridge.,mscoco,3105,0.2,1.0,312030
3855,A striped cat standing with it's front paws on a game board and two beers next to the board.,mscoco,1289,0.1,1.0,531071
3856,A group of skiers travel across a large snowy hill.,mscoco,2364,0.4,1.0,591404
3857,Two large yellow school buses parked in a parking lot.,mscoco,641,0.2,0.25,95431
3858,Continental Connection commuter plane with passengers boarding on the tarmac.,mscoco,2909,0.1,0.2,81614
3859,"A bathroom area with a sink, tub and large mirror.",mscoco,1052,0.2,0.5,366261
3860,A man sits on a bed talking with hand gestures. ,mscoco,4317,0.1,1.0,548631
3861,Two birds stand in the water on a muddy beach.,mscoco,950,0.1,0.16666666666666666,280646
3862,"A white plate include meat, rice and a fried food.",mscoco,3613,0.2,0.5,295515
3863,"A plate with breaded meat, potatoes, and broccolli",mscoco,5737,0.0,0.09090909090909091,731892
3864,A person cutting a cake with a large plastic knife.,mscoco,505,0.2,0.5,260063
3865,A man and woman cutting a cake together.,mscoco,5965,1.0,1.0,365297
3866,A variety of baked goods are displayed on a wooden stand with two shelves.,mscoco,89,0.1,1.0,91465
3867,A man riding a skateboard and wearing a helmet.,mscoco,4215,0.6,0.5,673384
3868,A healthy zebra with a cropped tail standing in his enclosure at the zoo,mscoco,843,0.1,1.0,395728
3869,Two birds walk in the surf along the beach.,mscoco,5537,0.2,1.0,583580
3870,A man with a bun swinging a tennis racket,mscoco,435,0.0,0.029411764705882353,122087
3871,yellow and red motorcycle with a man riding on it next to grass,mscoco,4420,0.1,0.5,706949
3872,Liddle Avenue street sign near trees and electric poles.,mscoco,899,0.1,0.25,640891
3873,Sheep grazing in a green field with trees. ,mscoco,1662,0.7,1.0,44095
3874,A group of people skating in a skate park.,mscoco,1369,0.4,1.0,343718
3875,A young girl in a pink shirt holding a cookie.,mscoco,1357,0.1,0.14285714285714285,416684
3876,A zebra standing alone in a grassy field.,mscoco,448,0.9,1.0,55285
3877,"A dishwasher, stove and over combination with an extension plug resting on the stove surface.",mscoco,3004,0.1,0.2,31508
3878,A moped is sitting alongside a green fence overlooking a white building and rock cliff.,mscoco,18,0.1,1.0,228602
3879,"Family, including infant, eating at dining room table.",mscoco,3419,0.0,0.022222222222222223,628244
3880,a squat down toilet with tiled floors and walls,mscoco,4538,0.0,0.05555555555555555,473008
3881,A white and brown dog sitting on a chair while wearing a Santa Hat.,mscoco,3400,0.2,1.0,567171
3882,A dog sitting up looking out of the window of a car,mscoco,4616,0.3,0.5,515312
3883,A white and black motorcycle parked in a parking lot.,mscoco,1452,0.1,0.3333333333333333,21698
3884,A cobblestone street has busy sidewalks full of people with umbrellas.,mscoco,5529,0.2,0.2,468932
3885,geese sit in water next to a small waterfall ,mscoco,5381,0.1,1.0,691829
3886,A man wearing a suit and tie is standing outside.,mscoco,4868,0.7,1.0,206856
3887,A person riding a snowboard down a slope.,mscoco,1921,0.7,0.5,827331
3888,Military men and women sitting at tables having a meal together,mscoco,4686,0.1,0.3333333333333333,293578
3889,a number of giraffes on a road near many bushes,mscoco,2743,0.6,0.5,732737
3890,A woman enjoys a drink and slice of cake from an airplane seat.,mscoco,1523,0.1,1.0,721254
3891,A bus and car are stopped at an intersection.,mscoco,1771,0.4,0.3333333333333333,130691
3892,A close shot of a male baseball player holding the bat. ,mscoco,3273,0.8,0.5,469012
3893,zebras standing around a tree eating some grass ,mscoco,3142,0.1,0.3333333333333333,326246
3894,Waist and legs of two skateboarders on a path.,mscoco,4651,0.1,0.125,58103
3895,A stop sign vandalized to display an anti-war message. ,mscoco,2921,0.4,1.0,305996
3896,A man in a wet suit riding a wave on a surfboard.,mscoco,2458,0.4,0.2,227018
3897,A large white two story building next to an empty street.,mscoco,496,0.1,0.1111111111111111,24229
3898,A yellow dog laying on a blanket on a couch.,mscoco,2741,0.2,0.16666666666666666,666240
3899,A baseball player stretching alongside a wall during a game.,mscoco,751,0.1,0.25,23150
3900,Group of disinterested children sit by birthday cake and look bored.,mscoco,4717,0.1,0.14285714285714285,36254
3901,Adults enjoying beach area near small urban setting.,mscoco,4797,0.3,0.5,360400
3902,Pedestrian walk signals displayed on post at street corner.,mscoco,4259,0.2,0.25,420195
3903,A herd of cows are standing by a dirt road.,mscoco,5275,0.6,1.0,240716
3904,white snowy mountain with a man stand in skies with a yellow jacket and red black pants ,mscoco,5853,0.1,0.1,555454
3905,Hands typing on the keyboard of an open laptop.,mscoco,2781,0.8,1.0,295482
3906,A lighted city side walk at night with street signs.,mscoco,3159,0.0,0.06666666666666667,370479
3907,Black and white photo of a man with a tennis racket.,mscoco,5255,0.5,0.3333333333333333,435176
3908,A man is holding a tennis racket and surrounded by people.,mscoco,4037,0.6,1.0,684126
3909,The bathroom has two glass walls beside the large tub. ,mscoco,881,0.1,0.1,767191
3910,Dark brown toilet with lid and cover in a bathroom.,mscoco,1565,0.1,1.0,174153
3911,Several people playing baseball on a baseball field,mscoco,4674,0.0,0.011111111111111112,111281
3912,A baseball player pitching a baseball on a field.,mscoco,4076,0.5,0.25,221161
3913,There is a Mexican style pizza cut into four pieces.,mscoco,4938,0.0,0.015873015873015872,496759
3914,A full view of a bathroom with toilet and sink. ,mscoco,4633,0.3,0.5,547963
3915,a boy with a base ball glove on a grass feild. ,mscoco,3625,0.4,0.3333333333333333,700794
3916,a person riding a horse in a large body of water,mscoco,2153,0.4,1.0,34855
3917,A bedroom has a large brown bed and yellow walls.,mscoco,2113,0.2,1.0,596197
3918,brown dog with chain eating food on the floor,mscoco,3661,0.1,0.16666666666666666,555192
3919,two teddy bears perched against the windsheild of a car,mscoco,2855,0.1,1.0,619489
3920,Two zebras are standing next to each other.,mscoco,2352,0.8,1.0,724706
3921,A couple of zebra standing next to each other.,mscoco,656,0.4,0.5,602696
3922,A milky residue is at the bottom of the vase on the table.,mscoco,2747,0.1,0.5,712241
3923,A display of pizzas at a pizza shop.,mscoco,3091,0.8,1.0,28131
3924,A plate with a brownie and vanilla ice cream.,mscoco,4400,0.4,1.0,792966
3925,A cat sits in a canvas storage box with a pair of shoes.,mscoco,309,0.1,1.0,455265
3926,A woman eating a piece of pastry in a market area.,mscoco,4555,0.1,0.1,344271
3927,"A fruit stand has apples, pineapples and bananas.",mscoco,5711,0.2,0.16666666666666666,66819
3928,"Produce includes rhubarb, corn, varieties of tomatoes, mushroom, squash, nectarines, cherries, and lettuce.",mscoco,5402,0.1,0.5,557658
3929,"A city street in Asia has parked cars, and many signs.",mscoco,2842,0.3,0.5,634602
3930,A young man cutting a pizza on top of a table.,mscoco,776,0.4,1.0,47654
3931,This is two cats curiously observing several pairs of shoes.,mscoco,4450,0.1,1.0,824276
3932,A bedroom with joined beds in a lodge or hotel.,mscoco,4117,0.2,1.0,197358
3933,A train on the tracks at a train station ,mscoco,1017,0.9,1.0,524875
3934,Above view of a train with box cars on train track in the mountains.,mscoco,2277,0.5,0.3333333333333333,421966
3935,A green cake with angry bird characters sitting on it.,mscoco,3816,0.6,1.0,811914
3936,a steam locomotive running down the  train track,mscoco,973,0.3,0.5,329312
3937,A blue bus is being towed on a city street. ,mscoco,861,0.6,0.5,472730
3938,a woman riding a horse with suit and hat on.,mscoco,3337,0.2,1.0,483286
3939,A red stop sign sitting in front of a blue building.,mscoco,1982,0.1,0.1111111111111111,492645
3940,A white bed with white bedding and two white night stands.,mscoco,4372,0.1,0.14285714285714285,528018
3941,A line of four different versions of cell phones.,mscoco,4013,0.1,1.0,3342
3942,A large group of people fly kites in a park.,mscoco,4876,0.4,0.5,757435
3943,A living room with a large couch and a brick wall.,mscoco,3621,0.1,0.5,216670
3944,A baby giraffe standing against a wall in a zoo like environment,mscoco,4594,0.1,1.0,201808
3945,a white plate with two sandwiches and a toaster,mscoco,794,0.1,1.0,739779
3946,Men preparing their skis by oiling and sanding them ,mscoco,4560,0.0,0.015625,653069
3947,A skateboarder is riding the rail next to a building.,mscoco,5650,0.3,0.5,434677
3948,A very tall giraffe standing in a wooded area.,mscoco,2929,0.7,1.0,311197
3949,Fire hydrant on a snow covered path during winter.,mscoco,4277,0.4,1.0,737338
3950,Looking down at a computer keyboard on a damaged desk,mscoco,2666,0.1,1.0,361111
3951,A model set of cars and other vehicles with a garage.,mscoco,3951,0.1,1.0,356132
3952,A black and white image of an elephant behind a fence,mscoco,1103,0.1,0.5,440556
3953,Two women surfers walking on the beach with surf boards on their heads ,mscoco,584,0.4,0.5,588169
3954,A surfer is riding on a large wave.,mscoco,1682,0.6,1.0,181112
3955,A large sailboat with red sails sailing in a large body of water.,mscoco,4065,0.2,0.5,620780
3956,Small vehicles are near two airliners that have portable stairs on their sides. ,mscoco,3087,0.0,0.03333333333333333,795480
3957,A blue tripocal bird is perched on a wooden fence,mscoco,2451,0.2,1.0,772883
3958,A bicyclist rides down a city street at dusk.,mscoco,5073,0.1,0.2,286090
3959,A street sign in London with directions to many tourist attractions.,mscoco,454,0.4,0.2,574815
3960,A red vase filled with a flower next to a lamp.,mscoco,233,0.3,1.0,641940
3961,Kids looking at a display of baked items.,mscoco,4343,0.1,0.3333333333333333,20722
3962,A baseball player pitching the ball during a game. ,mscoco,1006,0.6,1.0,570126
3963,A large building with two large clock towers sticking out of it.,mscoco,3063,0.0,0.003816793893129771,694187
3964,a woman on a red surfboard looking away from the camera,mscoco,933,0.1,1.0,137844
3965,A giraffe walks next to a small wall within its enclosure. ,mscoco,3877,0.0,0.02857142857142857,107556
3966,A small elephant standing up in a building.,mscoco,2264,0.0,0.08333333333333333,564407
3967,A brown dog and an orange cat lay on a bed with a rust colored blanket.,mscoco,5915,0.1,1.0,245847
3968,A black cat sitting in front of a computer screen.,mscoco,1966,0.7,0.5,760624
3969,A man in black jacket sitting with a snowboard.,mscoco,1435,0.3,0.3333333333333333,281030
3970,A basket of different colorful fruits and vegetables.,mscoco,5535,0.4,1.0,82192
3971,Black and white photograph of a docked ship and old rail cars,mscoco,1546,0.1,1.0,488105
3972,Girl competing in a horse competition at the county fair.,mscoco,5582,0.1,0.1111111111111111,441153
3973,The simple white shelving unit is against the white wall.,mscoco,1405,0.0,0.00819672131147541,169857
3974,There are many people enjoying the grassy park.,mscoco,2106,0.4,0.5,763588
3975,A zebra standing in tall brown grass near some trees.,mscoco,4311,0.5,0.5,297869
3976,A close shot of a compute keyboard in the shade. ,mscoco,1604,0.1,0.3333333333333333,449642
3977,A white sandy beach has a chair and straw umbrella.,mscoco,642,0.4,1.0,39828
3978,Tennis player in red shirt and white shorts serves ball.,mscoco,307,0.1,0.1,479579
3979,A train leaving a train station with two red brick towers.,mscoco,216,0.0,0.03125,58229
3980,A stop sign on the corner and a sign with street directions,mscoco,1578,0.4,0.5,65000
3981,A man takes a picture in the mirror of a truck.,mscoco,795,0.3,1.0,44201
3982,A man riding a skateboard through an obstacle course ,mscoco,1159,0.2,0.14285714285714285,524374
3983,A man surfing a small wave in the ocean. ,mscoco,403,0.2,1.0,487988
3984,A person is surfing on the surf board.,mscoco,3390,0.5,0.5,568211
3985,Large blue and white passenger plane landing over trees. ,mscoco,2016,0.2,1.0,413307
3986,Some various fruits and vegetables are in a box.,mscoco,4481,0.8,1.0,712498
3987,A yellow and red double decker tour bus. ,mscoco,2713,0.6,0.5,592805
3988,A man sitting on a bed with a dog while holding a cell phone. ,mscoco,4632,0.1,1.0,466586
3989,A kitchen with white painted cabinets and black counter tops,mscoco,161,0.2,0.3333333333333333,618457
3990,Group of five woman in cafe sitting down for meal.,mscoco,5906,0.0,0.09090909090909091,640606
3991,"A stack of 3 plates. A blue plate is on the top, sitting on a blue plate. The blue plate is in the middle, sitting on a green plate. The green plate is on the bottom.",drawbench,66,0.0,0.0,66
3992,A group of motorcycles parked next to cars,mscoco,1979,0.0,0.011904761904761904,101529
3993,A group of people riding elephants across a river.,mscoco,3485,0.5,1.0,291875
3994,A man placing a white bowl into a microwave oven.,mscoco,3486,0.1,0.5,514263
3995,A man in orange jacket standing on snowboard on slope.,mscoco,4659,0.1,0.1,469995
3996,Four people sitting at a table with a large pizza and cans of soda.,mscoco,4872,0.0,0.03225806451612903,417927
3997,A table topped with lots of white plates filled with food.,mscoco,3215,0.2,0.5,284735
3998,A husky dog sitting on a chair near some tires,mscoco,1067,0.1,1.0,23803
3999,a tennis player is sitting on a bench with rackets,mscoco,2490,0.2,1.0,530931
4000,An elephant looking down while standing in a zoo.,mscoco,2300,0.0,0.02857142857142857,551104
4001,an image of a herd of cows on the beach,mscoco,52,0.8,1.0,258534
4002,A street corner sign for the intersection of Harrison Road and Carlton Street.,mscoco,4589,0.1,0.25,156148
4003,"A modern white kitchen with an electric stove, sink and other items on the cabinets.",mscoco,5117,0.0,0.014705882352941176,144549
4004,Young males in blue tops taking turnings on the skateboard lift.,mscoco,4706,0.0,0.007874015748031496,338350
4005,A church with three steeples surrounded by gardens.,mscoco,1659,0.2,0.5,587729
4006,Black and white photo of rainy day stop sign and street,mscoco,97,0.2,1.0,377078
4007,Man on skateboard mid air during a jump. ,mscoco,606,0.2,0.5,286887
4008,A young person skiing on a path on cross country skis.,mscoco,989,0.5,1.0,569179
4009,A baby crawls on a laptop computer sitting on a couch.,mscoco,4979,0.1,0.5,592443
4010,a train with people exiting in a station,mscoco,4433,0.4,0.3333333333333333,30604
4011,A large living room with yellow curtains and couches,mscoco,5379,0.3,1.0,639427
4012,Toilet and sink installed in beige bathroom with window,mscoco,4322,0.0,0.01818181818181818,639445
4013,People walking under an umbrella in a cobblestone plaza. ,mscoco,1274,0.1,1.0,265584
4014,A  dish of meat topped with red cabbage and tomato sauce.,mscoco,3955,0.1,1.0,564667
4015,A slice of cake with black and pink icing.,mscoco,1016,0.1,1.0,507646
4016,Two bear cubs wrestling in the grass by rocks,mscoco,381,0.0,0.029411764705882353,577719
4017,"A smiling man with glasses on, wearing a cook's hat",mscoco,264,0.1,0.5,716156
4018,A magnifying glass over a page of a 1950s batman comic.,drawbench,172,0.0,0.0,172
4019,Skier on flat wide open snow covered area.,mscoco,1790,0.1,1.0,634723
4020,A person is taking a picture of a mirror inside a wooden room.,mscoco,2944,0.1,1.0,643089
4021,A sandwich is placed on a plat with a bag of chips.,mscoco,1171,0.0,0.0064516129032258064,74537
4022,A living room with a red couch sitting beneath a window.,mscoco,3771,0.1,0.14285714285714285,154419
4023,Men sit in the outfield in white uniforms waiting for the pitch. ,mscoco,4546,0.0,0.023809523809523808,725193
4024,A view of a kitchen with a tile backsplash,mscoco,2570,0.0,0.012048192771084338,284329
4025,Old style suitcase containing electronic device such as a sound recorder.,mscoco,5918,0.2,1.0,127884
4026,A white motorcycle with three wheels next to other motorcycles.,mscoco,2832,0.1,0.25,356305
4027,Several items of different designed luggage next to a wall.,mscoco,1412,0.3,1.0,324208
4028,Motorcycle racers making a turn in old photograph.,mscoco,4382,0.2,1.0,579828
4029,A cat stands on the edge of a sink while a man looks on.,mscoco,298,0.1,1.0,43265
4030,A snow boarder performs a maneuver in the air.,mscoco,5042,0.6,1.0,822551
4031,A person is flying a kite while standing in the water of a beach. ,mscoco,3288,0.1,0.3333333333333333,470646
4032,A group of various illuminated street signs above cars.,mscoco,2167,0.0,0.02702702702702703,488478
4033,Chinese stir fry with noodles on white plate.,mscoco,428,0.7,0.5,517158
4034,a kite flying high in the air with a sky background,mscoco,192,0.8,1.0,342305
4035,The baseball player is swinging his bat to hit the ball.,mscoco,1676,0.7,0.5,297152
4036,A man on a skateboard going over a black box at a skate park.,mscoco,4255,0.0,0.058823529411764705,187538
4037,a dog is jumping near a man with a disk,mscoco,2993,0.0,0.041666666666666664,688319
4038,A tennis player wears a red top and a white visor.,mscoco,2282,0.0,0.009009009009009009,408763
4039,a street sign on a pole with a traffic light and street light,mscoco,2061,0.1,1.0,263994
4040,Two people sitting on the rail of a bridge with a motorcycle parked behind them.,mscoco,3554,0.1,0.5,545656
4041,A teddy bear sits on the bed in a colorful children's room.,mscoco,1108,0.1,0.5,122777
4042,A game of professional baseball where the player has swung the bat.,mscoco,3408,0.3,0.5,426971
4043,A child biting a donut on a string.,mscoco,5925,0.3,1.0,464526
4044,"Graffiti damaged stop sign altered to read 22 TOP, on Regent St, 9600 W block.",mscoco,3357,0.0,0.022727272727272728,127932
4045,A firetruck that is sitting in the street.,mscoco,3983,0.5,1.0,769266
4046,A baby brushing it's teeth with a green toothbrush.,mscoco,2344,0.4,1.0,200300
4047,A man in a tie carrying an umbrella,mscoco,5316,0.3,1.0,126818
4048,Paved path along a river which is being crossed by a passenger train. ,mscoco,5931,0.1,0.5,290036
4049,A blue colored dog.,drawbench,5,0.0,0.0,5
4050,Two aircraft flying in formation above the mountains.,mscoco,1904,0.1,1.0,21082
4051,a bus is driving down a snowy city street.,mscoco,4150,0.7,0.5,405455
4052,A small bird sitting in a metal wheel ,mscoco,5212,0.1,1.0,705490
4053,A poster advertisement for a Nokia phone ,mscoco,5854,0.2,1.0,64280
4054,Two young boys playing Wii games on the television.,mscoco,4359,0.5,1.0,453523
4055,A tennis player in the air in the middle of a play.,mscoco,2232,0.2,0.25,288025
4056,A red double decker bus on a city street,mscoco,788,0.7,1.0,666003
4057,this is a plane flying above a rusty bridge,mscoco,2141,0.1,0.5,536315
4058,Young boy at bat during youth baseball game at park.,mscoco,1488,0.7,0.5,707765
4059,Several white flowers in a small pot designed to look like a rock.,mscoco,427,0.1,1.0,611165
4060,a blue door and a red black and white fire hydrant ,mscoco,1101,0.1,0.14285714285714285,807371
4061,"Chicken, broccoli and potatoes on a white square plate ",mscoco,3218,0.1,0.5,258371
4062,A person holding a Wii remote controller. ,mscoco,4225,0.8,1.0,8093
4063,An empty white refrigerator with milk on the door,mscoco,2801,0.1,0.5,82817
4064,A street in a city that has outside dining.,mscoco,2409,0.0,0.010101010101010102,459518
4065,A white plate has food on it that a person is eating with a knife and fork.,mscoco,5153,0.2,0.5,251390
4066,Two cats sitting underneath stacks of chairs in a building.,mscoco,3817,0.1,1.0,22785
4067,A person cross country skis while facing away from the camera.,mscoco,5961,0.1,1.0,714512
4068,A group of people are playing with kites at the park.,mscoco,590,0.9,1.0,728208
4069,"A plate is filled with broccoli, apples, strawberries, bananas, and oranges.",mscoco,1702,0.1,1.0,220391
4070,a siamese cat laying on the floor with a toy banana,mscoco,2429,0.1,1.0,809822
4071,Rows of empty seats are viewed from inside a train. ,mscoco,1685,0.2,1.0,673211
4072,A small giraffe walks in the green grass near two antelopes.,mscoco,4857,0.1,0.25,625087
4073,Person flies a large kite on the beach line next to the ocean. ,mscoco,4855,0.3,0.5,75339
4074,Wiimote with nunchuck attachment sitting on a table,mscoco,4428,0.6,1.0,805516
4075,An art project consisting of clocks nailed to a tree,mscoco,5324,0.2,0.5,168419
4076,A kitchen has tiled wall and white decor.,mscoco,1341,0.0,0.058823529411764705,498187
4077,A zebra grazes on grass in an outdoor enclosure.,mscoco,1009,0.9,1.0,479623
4078,A woman holding a small infant in her arm and pointing over a barrier to an elephant that is in the dirt area.,mscoco,3787,0.1,1.0,744469
4079,A bathroom with tile and a shower is shown.,mscoco,630,0.5,1.0,374581
4080,"A gated entrance that has a clock on an archway which says ""VR 1897"".",mscoco,325,0.0,0.04,466969
4081,A yellow railroad crossing sign in a black and white city sidewalk scene.,mscoco,572,0.1,1.0,686547
4082,A person rides a surf board in the water.,mscoco,2843,0.0,0.08333333333333333,760716
4083,Two bananas surrounding one apple in black and white. ,mscoco,4072,0.1,0.5,678046
4084,The plane wing can be seen through the window. ,mscoco,2788,0.6,1.0,587355
4085,Two zebras in a field covered with dry grass,mscoco,3907,0.8,1.0,549528
4086,A boy in catchers gear throwing a baseball.,mscoco,1105,0.1,1.0,627302
4087,Young adult scout member displaying hand sign wearing sash with badges.,mscoco,3481,0.1,1.0,482837
4088,A suburban street in the UK with lots of cars parked on the street,mscoco,5670,0.3,0.5,190618
4089,A man wearing glasses is cuddling a blue teddy bear.,mscoco,900,0.1,1.0,17796
4090,"A meal of meat and vegetable soup served with yogurt, butter, sauce and water.",mscoco,3198,0.1,0.3333333333333333,628623
4091,A cat laying on top of a blue piece of luggage.,mscoco,512,0.3,0.5,665861
4092,A man standing in the waves holding a surfboard.,mscoco,5032,0.4,0.5,136752
4093,A man playing baseball hit a line drive to third.,mscoco,4939,0.0,0.0008547008547008547,598212
4094,A street sign that is in front of a rainbow in the sky.,mscoco,4503,0.3,1.0,415539
4095,Filtered photograph of a man jumping on a skateboard.,mscoco,3584,0.3,1.0,242656
4096,a bunch of birds fly over a beach ,mscoco,4840,0.5,1.0,439982
4097,People are crossing a street with umbrellas on a rainy day.,mscoco,2242,0.3,0.16666666666666666,35401
4098,A sign that says 'Google Brain Toronto'.,drawbench,191,0.0,0.0,191
4099,"A sink is filled with dirty dishes, to the point of overflowing.",mscoco,4529,0.2,0.25,757412
4100,A fruit salad made from bananas and kiwi.,mscoco,3054,0.1,0.1,388051
4101,A large black bear walking in the grass.,mscoco,4858,0.8,1.0,338305
4102,a man standing with his legs wide on a tennis court,mscoco,3041,0.1,0.2,410228
4103,The four images show a black dog next to a pair of shoes.,mscoco,1402,0.1,1.0,630659
4104,View of a bench seated near rocks and bushes.,mscoco,5165,0.3,0.2,600740
4105,A black bird with a red beak walks along a beach.,mscoco,3121,0.2,1.0,217182
4106,a number of people at a table with plates of food ,mscoco,540,0.0,0.08333333333333333,802024
4107,This is an overhead view of an elegant living room.,mscoco,2471,0.9,1.0,794971
4108,Close up of a meat sandwich and fries,mscoco,1988,0.5,1.0,280542
4109,A grey cat with a red and green fuzzy elf hat.,mscoco,1788,0.3,1.0,451509
4110,A parking meter next to a parked car and cobblestone street.,mscoco,1895,0.9,1.0,204624
4111,A woman is flying her kite in a city park on a sunny day.,mscoco,963,0.6,1.0,275149
4112,Two people sitting on a field overlooking water holding an umbrella. ,mscoco,4644,0.1,0.5,205503
4113,A man riding a wave on top of a surfboard.,mscoco,1945,0.9,1.0,662613
4114,"A dining room area with a round table and various unmatched chairs, and a dog looking out the sliding glass door.",mscoco,2099,0.0,0.09090909090909091,389000
4115,A street intersection with two traffic lights showing red.,mscoco,5403,0.2,0.1111111111111111,294888
4116,"A baby eating cake in a hi chair, its really messy.",mscoco,4073,0.1,0.1,437678
4117,A woman sitting in a chair using a laptop ,mscoco,1566,0.2,0.16666666666666666,464923
4118,A man rides a horse cart down a country road.,mscoco,3918,0.2,0.16666666666666666,802722
4119,"A bathroom with a mirror above the sink, a towel rack and toilet.",mscoco,1248,0.1,0.25,536640
4120,A double-decker bus with people sitting inside of it.,mscoco,3730,0.3,0.25,326627
4121,A woman in an office holding up a doughnut.,mscoco,1014,0.1,1.0,278545
4122,A snowboarder poses next to two skiers on the mountain.,mscoco,4412,0.1,1.0,6661
4123,A zebra underneath a broccoli.,drawbench,123,0.0,0.0,123
4124,a green and yellow passenger train sitting beside the track ,mscoco,1455,0.3,1.0,575114
4125,Male tennis player surveying a clay tennis court for imperfections.,mscoco,5723,0.0,0.014084507042253521,576589
4126,Two people are walking on the beach with three dogs.,mscoco,4955,0.0,0.09090909090909091,1260
4127,"A cat sitting on a laptop with the caption ""your not getting it back""",mscoco,5284,0.0,0.030303030303030304,221420
4128,A two level yellow bus parked on the side of a field with snow on the ground and people on the inside of the fence area.,mscoco,5319,0.1,1.0,184637
4129,Young child brushing teeth using blue and white toothbrush.,mscoco,5517,0.2,0.125,449891
4130,A pale blue airplane sits on the tarmac while trucks wait nearby.,mscoco,3717,0.0,0.009259259259259259,648765
4131,A giraffe laying on lush green grass next to trees.,mscoco,392,0.2,0.3333333333333333,186730
4132,A very nice looking kitchen with a shiny stove.,mscoco,1855,0.0,0.03333333333333333,510108
4133,A stop sign at the intersection of Stampede Road and Regulus Street.,mscoco,5553,0.0,0.02,725397
4134,Men playing disk golf on a sunny day,mscoco,3650,0.0,0.05263157894736842,624972
4135,A person standing near a white toilet bowl ,mscoco,2082,0.1,0.25,505018
4136,a bathroom with a sink and a large window,mscoco,4310,0.3,1.0,436019
4137,a steam train rides next to a group of trees ,mscoco,4544,0.6,1.0,741976
4138,A small sheep standing next to a white tub in a field.,mscoco,1701,0.0,0.0030959752321981426,215152
4139,Rider on horseback maneuvering in open field area.,mscoco,3181,0.9,1.0,683942
4140,"Dog, white Scottish or Sealyham Terrier, on belly, next to shallow yellow bowl on grass ground.",mscoco,5149,0.1,0.2,125862
4141,"Display of large submarine sandwich, with many ingredients, and condiment jars.",mscoco,5046,0.1,1.0,812675
4142,A man in red shirt playing a game with frisbee.,mscoco,261,0.2,1.0,277682
4143,Horse with halter in field near bushes and trees,mscoco,5922,0.1,0.5,640893
4144,The zebra looks toward the ground while standing near a tree. ,mscoco,4606,0.0,0.011235955056179775,795195
4145,A vase filled with flowers on top of a purple table.,mscoco,3237,0.0,0.004784688995215311,600214
4146,A bright yellow bus travels along the road next to a fence.,mscoco,3880,0.2,0.2,32201
4147,Woman in red sweater sitting at table with glass of wine.,mscoco,4042,0.2,1.0,482476
4148,A brown wooden bench sitting under a window.,mscoco,936,0.4,0.25,428767
4149,A person with skis and pole skiing down the hill on the snow. ,mscoco,5764,0.3,0.25,573114
4150,"A grocery store refrigerator has pint cartons of milk on the top shelf, quart cartons on the middle shelf, and gallon plastic jugs on the bottom shelf.",drawbench,96,0.0,0.0,96
4151,Several kites are being flown over a beach. ,mscoco,5103,0.7,1.0,461210
4152,three brown bears are cooling off in the water,mscoco,67,0.3,1.0,657726
4153,A large dog standing next to a  cat feeding on a bowl.,mscoco,1530,0.1,0.3333333333333333,719779
4154,people standing on a beach with a kite flying in the air,mscoco,5329,0.7,1.0,218929
4155,Many people on a beach fly their kites. ,mscoco,2558,0.9,1.0,549055
4156,A young boy is playing with his toy oven. ,mscoco,4666,0.3,1.0,817702
4157,A view through a peek hole at a bathroom.,mscoco,3645,0.0,0.037037037037037035,540581
4158,A stop sign in front of a building with a large group of people outside.,mscoco,115,0.1,1.0,242204
4159,A yellow bird perched on a small branch of a tree.,mscoco,520,0.8,1.0,610510
4160,Close up of an open toilet seat in a bathroom.,mscoco,390,0.6,1.0,8274
4161,A sandwich with meat and tomato sauce sliced in half.,mscoco,5233,0.1,0.16666666666666666,577965
4162,A couple of people sitting at a table with plates of food.,mscoco,5706,0.3,1.0,801744
4163,A woman posing for pictures with her skateboard.,mscoco,853,0.2,0.5,322403
4164,A red double decker bus driving past the Big Ben clock tower.,mscoco,5378,0.7,1.0,488121
4165,Young boy with red shirt and jeans sits at desk in front of laptop computer,mscoco,4336,0.1,0.5,81656
4166,A couple of men riding skateboards around a public space.,mscoco,1513,0.3,1.0,267980
4167,a young lady stands next to a man with a umbrella ,mscoco,2497,0.3,0.5,363154
4168,A fire hydrant is painted white and red.,mscoco,5608,0.6,1.0,330253
4169,This zebra has black and white strips and is in the woods that is partially shaded.  ,mscoco,5773,0.0,0.05555555555555555,17262
4170,A woman stands next to a horse while a man touches its hoof. ,mscoco,1863,0.1,1.0,432524
4171,A bird perches atop a dragon shaped roof decoration.,mscoco,5494,0.1,1.0,673229
4172,a lady that is eating some kind of doughnut,mscoco,2329,0.5,1.0,726770
4173,A young boy swinging the bat in a baseball game.,mscoco,3078,0.7,1.0,405021
4174,Home dining area with white walls and furnishings overlooking water.,mscoco,2506,0.1,1.0,238237
4175,An elephant is walking outside of his cage at the zoo. ,mscoco,5570,0.0,0.0070921985815602835,501661
4176,Sheep line up outside of a stone building.,mscoco,1533,0.1,1.0,257678
4177,The baseball player takes the proper stance to successfully hit the ball.,mscoco,4662,0.0,0.08333333333333333,621689
4178,Large yellow fire hydrant with green leaves on it surrounded by greenery.,mscoco,130,0.7,1.0,280667
4179,A baseball player swinging a bat during a game.,mscoco,106,0.2,0.3333333333333333,165983
4180,the woman looks down at her phone as she holds a glass.,mscoco,2334,0.2,0.5,514221
4181,"Three young boys dressed in formal clothes, two are standing one is sitting",mscoco,5655,0.1,1.0,779609
4182,Several people are participating in a jousting demonstration.,mscoco,4157,0.2,1.0,31737
4183,a large green and yellow train on a track,mscoco,3708,0.3,0.5,682039
4184,A black and white cat sitting in a bathroom sink.,mscoco,2529,0.6,1.0,131571
4185,A blue and red train is traveling down the train tracks.,mscoco,240,0.0,0.08333333333333333,706923
4186,a small zebra and two larger zebra in a field of grass,mscoco,1391,0.1,0.1111111111111111,98674
4187,A person dressed in ski attire going skiing.,mscoco,462,0.1,0.14285714285714285,323980
4188,An electric train traveling down the tracks near a canal.,mscoco,1707,0.5,1.0,703273
4189,"Books, Tv,and Pc are assembled in proper place in the room ",mscoco,4201,0.0,0.038461538461538464,461447
4190,A yellow double deck bus traveling down a street.,mscoco,1757,0.9,1.0,277409
4191,New York Skyline with 'Diffusion' written with fireworks on the sky.,drawbench,194,0.0,0.0,194
4192,An unplugged blender sitting on a kitchen countertop.,mscoco,2869,0.0,0.0625,575141
4193,a parked car sits next to a parking meter ,mscoco,3781,0.9,1.0,540980
4194,A group of seniors sit together at a wine luncheon.,mscoco,2729,0.0,0.02631578947368421,342733
4195,a cat is sticking its head inside of a toilet,mscoco,3917,1.0,1.0,717409
4196,A car parked on a steep hill near some buildings,mscoco,2083,0.0,0.037037037037037035,166223
4197,A toy train going down a train track in a garden,mscoco,1255,0.7,1.0,739970
4198,"A scenic view of water and Big Ben in London, England.",mscoco,4410,0.5,1.0,701554
4199,a caserole dish filled with sandwiches and cucumber slices,mscoco,5562,0.1,0.16666666666666666,458064
4200,A clock tower on top of building lined with flags.,mscoco,5334,0.1,0.125,62147
4201,A person is catching a soccer ball near a net.,mscoco,3529,0.3,0.5,237473
4202,A man sitting behind a laptop in a bright room.,mscoco,5571,0.0,0.05555555555555555,20106
4203,A little boy looking at a white teddy bear.,mscoco,2977,0.2,1.0,357832
4204,a close up of a sport motorcycle parked near a tree,mscoco,2651,0.2,0.5,783589
4205,toy cars and trucks are depicting a freeway,mscoco,3616,0.5,1.0,42263
4206,A dog sitting in an open suitcase looking at the camera,mscoco,2989,0.5,0.5,326390
4207,Small white bathroom with toilet sink and mirror over it. ,mscoco,250,0.2,0.3333333333333333,795874
4208,People sitting on chairs on a city street in front of a coffee house.,mscoco,2317,0.1,1.0,323305
4209,A large pizza pie sectioned off with different toppings ,mscoco,5959,0.1,0.125,372969
4210,This is a picture of a refrigerator in a kitchen.,mscoco,837,0.8,1.0,64831
4211,A group of sheep are standing in the grass.,mscoco,5787,0.7,0.5,736993
4212,A wooden bench with snow on top of it in a forest.,mscoco,3768,0.8,1.0,608177
4213,A woman is holding a spoon in a blue bowl of food.,mscoco,4238,0.2,0.5,667545
4214,A plane is flying over a snowy mountain.,mscoco,3272,0.6,0.5,205978
4215,Many cars in a desert area with planes in the back. ,mscoco,2913,0.1,1.0,510453
4216,A gourmet meat pizza on a plate with a slice consumed,mscoco,5093,0.0,0.041666666666666664,418867
4217,A white cow standing next to a bush in grass,mscoco,4266,0.0,0.07142857142857142,315586
4218,A picture of a bathroom with a tub shower combination and a white toilet.,mscoco,842,0.6,1.0,518463
4219,Man with red tie and denim jacket and dark sweater.,mscoco,3740,0.1,1.0,361035
4220,A woman jumps a horse at an equestrian event.,mscoco,5684,0.9,0.5,416608
4221,"A typical living room with couch, glass coffee table, television and water dispenser.",mscoco,2575,0.1,0.3333333333333333,573090
4222,A tan clock tower shows the time of 6:34.,mscoco,5880,0.0,0.006134969325153374,712974
4223,The basket has a sandwich in halves with rice in it. ,mscoco,2648,0.1,1.0,733398
4224,A closeup of an elephant shows fine hair on it's head.,mscoco,3630,0.6,1.0,328218
4225,Cat sitting on table next to electronic keyboard in residence.,mscoco,5572,0.1,0.2,634760
4226,A group of skiers getting off of a ski lift,mscoco,2764,0.1,0.16666666666666666,90099
4227,Baseball player in the motion of swinging his bat. ,mscoco,4809,0.3,0.5,52019
4228,A red bus traveling down a busy city street.,mscoco,3220,0.8,1.0,50723
4229,An airplane on the tarmac as seen from behind a window.,mscoco,2825,0.7,1.0,522772
4230,a black and white photo of a train on a track,mscoco,2143,0.7,1.0,656981
4231,Three cats and one dog sitting on the grass.,drawbench,51,0.0,0.0,51
4232,woman laying on a bed wearing patterned black stockings,mscoco,2272,0.3,1.0,436998
4233,Cooks are preparing food in a restaurant kitchen.,mscoco,4265,0.6,0.5,742653
4234,A white and grey airplane sits at a gate at an airport.,mscoco,1853,0.4,0.5,538138
4235,A person riding a wave on a surfboard,mscoco,1548,0.6,1.0,650321
4236,A water heater tank sitting below a microwave oven.,mscoco,208,0.0,0.0024752475247524753,719485
4237,Several cross country skiers in a ski competition.,mscoco,4044,0.8,1.0,798768
4238,a surfer in a wet suit and a white red and blue board,mscoco,3254,0.0,0.037037037037037035,305186
4239,A woman is taking a bite out of an apple.,mscoco,2311,0.1,1.0,287351
4240,Decorative kites in front of a kite shop in a foreign country.,mscoco,5626,0.4,1.0,697706
4241,A man is performing a snowboard jump and appears that he is hooked to the lift.,mscoco,5136,0.4,1.0,80507
4242,A fighter plane is taxiing down a runway.,mscoco,2142,0.0,0.038461538461538464,745324
4243,a long passenger train inside a train station,mscoco,187,0.1,0.14285714285714285,410707
4244,A yellow train is stopped against a barrier on the tracks.,mscoco,5172,0.0,0.0041841004184100415,700034
4245,Two women lay in a bed with an orange cat.,mscoco,1876,0.1,1.0,729271
4246,A bathroom with white toilet and shower stall,mscoco,2024,0.2,0.25,499629
4247,A man wearing a wet suit while riding on a surfboard. ,mscoco,4888,0.4,0.5,700301
4248,Two pictures of a box of assorted doughnuts.,mscoco,3296,0.1,1.0,50031
4249,A woman stands on a sidewalk holding a blue umbrella.,mscoco,5158,0.2,0.5,630891
4250,A person riding a skateboard up a ramp.,mscoco,4203,0.1,0.25,648791
4251,A man standing in a tunnel next to a car.,mscoco,1907,0.1,1.0,583464
4252,A man with a white-painted face and a bananas on his head. ,mscoco,5201,0.1,1.0,740770
4253,The Big Ben clock tower towering over the city of London.,mscoco,1797,0.5,0.5,441047
4254,A train that is sitting on a track near a ramp.,mscoco,3370,0.0,0.006493506493506494,520295
4255,A group of women who are standing by their luggage.,mscoco,856,0.3,0.5,801152
4256,Man smiling looking at the camera while he talks on his cell phone.,mscoco,1029,0.3,0.5,9690
4257,A child holds up a newspaper on a chair.,mscoco,243,0.1,1.0,435423
4258,A high speed train on track in a railway station.,mscoco,4792,0.3,0.2,629865
4259,a blue motorcycle on display at a motorcycle show,mscoco,526,0.2,0.5,80035
4260,A view of a living room and a dining area.,mscoco,1786,0.2,0.16666666666666666,124382
4261,A large red double decker bus travels on a city street.,mscoco,871,0.7,0.5,681210
4262,Zebra standing in front of wooden fence in front of box,mscoco,5877,0.0,0.08333333333333333,370947
4263,"A traffic light at the street corner is displaying red, which means vehicles should stop.",mscoco,4000,0.7,0.5,487151
4264,Two stuffed bears are displayed in a mountain scene.,mscoco,1494,0.3,0.5,703447
4265,A partially eat cake on a tray being held by a person.,mscoco,3859,0.0,0.04,257066
4266,A yellow scooter bike is by a fire hydrant.,mscoco,2934,0.1,1.0,463942
4267,A baseball player  taking a swing at a ball,mscoco,748,0.1,0.14285714285714285,101966
4268,A baseball player up to bat in a game ,mscoco,2790,0.8,0.5,745537
4269,Man standing by a pond with a blue shirt and a bow tie under cloudy skies.,mscoco,1327,0.1,1.0,299326
4270,FOUR STUDENTS USING LAPTOP COMPUTERS IN A CLASSROOM,mscoco,2663,0.2,0.2,778796
4271,"Man in sun hat sitting on beach chair just out of shade, talking on cell phone.",mscoco,5369,0.1,1.0,289401
4272,A skateboarder wearing a helmet and knee pads doing tricks on his skateboard.,mscoco,378,0.0,0.041666666666666664,308554
4273,a black and yellow fire hydrant is near the street,mscoco,2383,0.1,0.2,601426
4274,Skier poses in front of a scenic mountain view.,mscoco,3879,0.3,0.3333333333333333,360716
4275,Slice of cake displayed on wooden table with ornaments.,mscoco,118,0.0,0.023255813953488372,281280
4276,A steam powered train pulls out of a busy station.,mscoco,3649,0.2,1.0,696786
4277,A tower clock is stretching upward into a clear blue sky.,mscoco,484,0.5,1.0,127188
4278,Two women standing in the room playing a boxing game on the Wii,mscoco,5852,0.0,0.041666666666666664,558803
4279,A man in skintight clothing holds a bicycle with a red surfboard.,mscoco,347,0.1,0.5,47014
4280,The keyboard and mouse are hooked up to the big screen television.,mscoco,1561,0.1,0.3333333333333333,236136
4281,A skateboarder rolling down a street with grass on the side.,mscoco,128,0.2,0.25,708976
4282,A brown cat with wearing a green tie.,mscoco,4335,0.2,1.0,168479
4283,Three little girls are standing against a wall with a tennis racquet.  ,mscoco,2802,0.1,1.0,615905
4284,Two women make faces as they sit for dinner.,mscoco,5967,0.1,1.0,119936
4285,A woman standing next to a field with a kite flying in the sky.,mscoco,1224,0.6,1.0,272694
4286,A sign that says Toyota with lots of cars inside a building.,mscoco,4236,0.1,1.0,804610
4287,two men sitting on a bench wearing hats and suits,mscoco,2184,0.1,1.0,104461
4288,A close-up of the rear end of a propeller plane.,mscoco,3565,0.1,0.2,186427
4289,"A dish of vegetables, onions, carrots, and sauce are on the table.",mscoco,4875,0.1,1.0,645514
4290,a small elephant laying down in the sand,mscoco,4216,0.2,0.3333333333333333,694690
4291,Black colored commode in bathroom with modern tiling.,mscoco,3056,0.1,0.5,708662
4292,Residential bathroom with modern design and tile floor.,mscoco,4267,0.0,0.08333333333333333,707163
4293,Various fruits and vegetables are on the kitchen counter.,mscoco,3014,0.8,1.0,278632
4294,A man is flying a kite while others bicycle in the background.,mscoco,2399,0.1,1.0,420263
4295,The traffic lights are clearly visible for all of us to see. ,mscoco,2576,0.0,0.07692307692307693,535082
4296,black and white image of a man holding many hot dogs in buns and eating them,mscoco,3514,0.1,1.0,331628
4297,A Mac mini and a keyboard are on a table.,mscoco,1123,0.1,1.0,394487
4298,A playground with a sign saying caution live children playing.,mscoco,689,0.1,1.0,819445
4299,A desk with computers and cell phones on it,mscoco,3588,0.2,0.16666666666666666,489055
4300,"A person standing with their arms open behind a fire hydrant.
",mscoco,2479,0.1,1.0,55717
4301,A slice of pepperoni pizza sitting on top of a table.,mscoco,1924,0.3,0.3333333333333333,785726
4302,Various blue tables with closed yellow umbrellas on beach.,mscoco,450,0.0,0.05,260371
4303,two horses standing at the top of a hill.,mscoco,547,0.5,1.0,134557
4304,A red fire hydrant in a cartoon street area.,mscoco,330,0.0,0.047619047619047616,229282
4305,A bird sits on a large tree branch.,mscoco,69,0.0,0.037037037037037035,750413
4306,A smart phone sitting on top of a wooden table.,mscoco,3615,0.8,1.0,348011
4307,A very tasty slice of pizza with toppings on a plate.,mscoco,2325,0.3,1.0,276049
4308,Pink flowers in a blue vase on a table.,mscoco,4851,0.3,1.0,161659
4309,A batter is swinging at a ball at the game.,mscoco,2247,0.4,0.5,236333
4310,A train passes by a grassy area in the city.,mscoco,4468,0.0,0.06666666666666667,179440
4311,A little boy is holding an umbrella beside a statue. ,mscoco,2179,0.1,1.0,461983
4312,A baseball action shot of a pitcher throwing a pitch.,mscoco,4680,0.1,0.1111111111111111,371286
4313,"A bathroom area with sink, phone and mirror.",mscoco,1937,0.1,1.0,407788
4314,A giraffe walking across a grass covered field.,mscoco,451,0.5,1.0,525013
4315,A young person holding a golf club and looking at a frisbee on the ground. ,mscoco,2628,0.1,1.0,504021
4316,The side of a train showing the entrance and two doors.,mscoco,4696,0.1,0.25,777207
4317,Yellow and gray passenger train passing front of a group of people. ,mscoco,2819,0.0,0.009345794392523364,775982
4318,There is a train attached between two buildings as a walkway.,mscoco,3388,0.0,0.0028653295128939827,26107
4319,A military jet is parked on the runway.,mscoco,3560,0.5,1.0,601068
4320,Cows in a pasture near a lake with mountains in the distance.,mscoco,5035,0.2,1.0,32746
4321,A young girl is standing next to a giraffe by a fence.,mscoco,431,0.6,1.0,525199
4322,a little boy with red shoes on sitting on a bench ,mscoco,1625,0.1,0.5,422763
4323,A man holding a green frisbee in a grassy yard.,mscoco,818,0.0,0.08333333333333333,313475
4324,"A bowl of carrots, a bowl of mixed vegetables and a bowl of rice beside an apple and orange.",mscoco,4671,0.1,1.0,31761
4325,A person on skis is riding down a hill.,mscoco,1273,0.7,1.0,773386
4326,A passenger train running on electricity provided by wires along a train track.,mscoco,1873,0.5,1.0,343933
4327,A woman with a purple umbrella crossing the street,mscoco,459,0.0,0.07692307692307693,720128
4328,The man smiles in front of a plate on pizza.,mscoco,1120,0.5,1.0,551191
4329,The donuts are glazed in powdered sugar and ready to eat.,mscoco,1165,0.5,0.5,772888
4330,An old fashion pickup truck with one yellow and one white sign attached to it. ,mscoco,873,0.1,1.0,522105
4331,A living room filled with lots of furniture and a window.,mscoco,5221,0.5,1.0,409726
4332,A young girl is playing ball on a brick wall.,mscoco,176,0.1,0.25,456246
4333,"An grassy enclosure with giraffe, zebras and other animals.",mscoco,5179,0.5,0.5,280454
4334,A man is standing in the snow with skis and ski poles.,mscoco,506,0.7,1.0,474289
4335,Three giraffes standing underneath a tree in an enclosure. ,mscoco,4167,0.2,0.5,44251
4336,A side view of an owl sitting in a field.,drawbench,72,0.0,5.580980020091528e-05,72
4337,Antique black and white photograph of a steam train at a rural station,mscoco,2689,0.9,1.0,93266
4338,Assortment of fruits and dessert items displayed on table.,mscoco,695,0.0,0.034482758620689655,664980
4339,A teddy bear on a parachute floating along side a building.,mscoco,4902,0.1,1.0,483627
4340,A brick wall can be seen through the window of a subway train,mscoco,110,0.1,1.0,733377
4341,A view of a city street with oncoming traffic taken through metal posts of a sign.,mscoco,1897,0.3,0.16666666666666666,156198
4342,Man surfing on white water waves in open waters.,mscoco,4261,0.4,0.5,624259
4343,Two bicycles are parked around a fire hydrant in front of a sidewalk cafe.,mscoco,1869,0.1,0.5,552847
4344,A brown and black dog holding a red frisbee in it's mouth.,mscoco,709,0.1,0.3333333333333333,529031
4345,A red and green fire hydrant next to wooden box.,mscoco,5612,0.1,1.0,365444
4346,A person's hand hold a donut with coconut toppings. ,mscoco,4904,0.2,1.0,215634
4347,A broccoli vegetable dish is served on a plate.,mscoco,4282,0.4,0.5,81400
4348,A brown dog sitting on the inside of a white boat.,mscoco,1352,0.2,1.0,694849
4349,Boy riding a large-wheeled skateboard down the road ,mscoco,2698,0.7,1.0,395294
4350,Elderly man with beard standing in a suit.,mscoco,4701,0.1,0.3333333333333333,334629
4351,Two giraffes are standing in a fenced enclosure.,mscoco,5596,0.7,1.0,218865
4352,A young man barely hanging on to a wave that hes riding. ,mscoco,4113,0.1,0.5,433973
4353,A small train is parked at the station on the track,mscoco,4977,0.2,0.5,674724
4354,"A plate of pizza, a wine glass and a glass of water on a table.",mscoco,2043,0.2,0.5,691226
4355,A motorcycle is seen in front of some mountains.,mscoco,1399,0.4,1.0,524132
4356,A tennis player on the court holding a racket.,mscoco,3495,0.8,0.5,795271
4357,A home office area with many pictures on the wall,mscoco,1424,0.0,0.08333333333333333,383377
4358,"Sheep, one in mixed brown and white fleece and long horns, the other in beige fleece grazing on grass.",mscoco,4164,0.1,0.25,99187
4359,Low folding chair next to plastic chair with red bag on it under open umbrella,mscoco,4436,0.1,1.0,569530
4360,a close up of a person holding two small doughnuts ,mscoco,1994,0.2,1.0,816358
4361,Adult man sitting on couch with laptop computer in living room.,mscoco,2862,0.3,1.0,796644
4362,Two adult elephants are standing beside a road while men are riding on top.,mscoco,745,0.2,0.25,701164
4363,The view from a car window shows a motorcycle parked against a tree.,mscoco,3871,0.0,0.05,635544
4364,View of full size bed and curtains with similar flower patterns,mscoco,4580,0.1,0.5,366404
4365,Two red flowers set in a green vase.,mscoco,1122,0.1,0.14285714285714285,780258
4366,A large kitchen with green walls and counters,mscoco,3995,0.6,1.0,503886
4367,A storefront with 'Diffusion' written on it.,drawbench,180,0.0,0.0,180
4368,a parking meter with a red zone 3 tag,mscoco,2933,0.2,1.0,819755
4369,Airplane toiler with a small view out the window. ,mscoco,4620,0.0,0.010309278350515464,532085
4370,The  hot stew contains various green ingredients.,mscoco,3814,0.1,0.16666666666666666,672131
4371,many different vases and containers on display behind glass,mscoco,5253,0.7,1.0,199581
4372,A man is jumping in the air on a skateboard.,mscoco,5429,0.9,1.0,746968
4373,a small living room with a couch and chairs ,mscoco,5001,0.2,0.1111111111111111,530572
4374,A cow being lead around on a showroom floor.,mscoco,193,0.2,0.5,735647
4375,"A living area with chair, love seat, coffee table and a television.",mscoco,4448,0.1,0.125,689038
4376,A street sign that says Walnut St on it.,mscoco,495,0.1,0.3333333333333333,691080
4377,Two giraffes stand in a grassy area with trees in the background.,mscoco,1104,0.7,1.0,716967
4378,The baseball player swings his bat at the ball.,mscoco,799,0.4,0.5,732542
4379,A large jumbo jet on the runway of an airport.,mscoco,4786,0.4,0.25,563226
4380,A female tennis player lunges forward to return the tennis ball.,mscoco,3826,0.3,0.125,684409
4381,A dog laying on the ground with a pink frisbee in it's mouth.,mscoco,3469,0.0,0.05555555555555555,740590
4382,A boat parked on the ground near a fence.,mscoco,1087,0.1,0.5,307026
4383,A cow grazes on top of a hill.,mscoco,3234,0.4,0.3333333333333333,728790
4384,Player trying to catch ball in dirt during sanctioned game.,mscoco,5351,0.0,0.010752688172043012,579554
4385,A tug boat sits on the water in the port.,mscoco,2280,0.3,1.0,89427
4386,tHIS LIVING ROOM HAS A HIGH CEILING AND HIGH WINDOWS,mscoco,4750,0.4,0.5,147529
4387,Architecturally magnificent church and building on a city street,mscoco,5935,0.1,0.1,781418
4388,A man talking on a phone with his eyes closed.,mscoco,826,0.0,0.08333333333333333,113413
4389,A child plays in a living room filled with baby toys.,mscoco,5143,0.4,1.0,141937
4390,A toilet sit vacant inside a building with slanted roof.,mscoco,5620,0.1,0.5,43003
4391,A man is standing on a sidewalk in front of food trucks.,mscoco,3008,0.1,1.0,376525
4392,White propeller airplane on a runway next to a white van. ,mscoco,785,0.0,0.08333333333333333,219364
4393,A herd of zebra standing on top of a grass field.,mscoco,4470,0.7,1.0,677188
4394,A white plate topped with a chocolate piece of cake.,mscoco,4748,0.4,1.0,268845
4395,A woman is wearing a dress and a tiara is holding an umbrella.,mscoco,160,0.1,0.1,658448
4396,a young boy in a soccer uniform kicking a ball,mscoco,1479,0.7,1.0,86026
4397,A black and white photo of a woman playing tennis.,mscoco,916,0.5,0.3333333333333333,405210
4398,Skateboarder with a black helmet and flannel shirt skateboards while another person takes a photograph.,mscoco,3905,0.2,1.0,166294
4399,Open area food court with colorful umbrellas. ,mscoco,992,0.2,0.5,158399
4400,An assortment of fruit with bananas and apples,mscoco,2984,0.7,1.0,314833
4401,A fenced in area with sheep and mules eating from a feeder.,mscoco,546,0.1,0.125,151236
4402,Two adult giraffes and a baby giraffe are standing near each other.,mscoco,1168,0.0,0.06666666666666667,656001
4403,a large group of sheep in a pasture,mscoco,2567,0.6,1.0,16266
4404,A traffic signal is lit on the side of a city street.,mscoco,4170,0.2,0.5,309515
4405,"Skateboarder playing in a deserted, concrete city square",mscoco,4531,0.0,0.016129032258064516,209291
4406,Two zebra's standing in a grassy field and one is eating grass.,mscoco,5315,0.1,0.1111111111111111,557798
4407,A street sign giving warning to road users of fines in case they violate,mscoco,5926,0.1,0.5,515365
4408,A bathroom with a toilet and stand up shower,mscoco,3515,0.8,1.0,659854
4409,Two horses grazing on grass while one of them is behind a fence. ,mscoco,4998,0.0,0.024390243902439025,677522
4410,Flowers and several varieties of vegetables sit on the counter.,mscoco,779,0.2,1.0,65935
4411,a man in a black shirt holding a cellphone and a woman,mscoco,4202,0.1,0.5,270722
4412,a large passenger jet sitting on top of an airport tarmac.,mscoco,139,0.2,0.3333333333333333,292204
4413,A large airplane is flying through the clear blue sky.,mscoco,1664,0.6,1.0,781007
4414,A sea plane in the water with a large city in the background.,mscoco,2236,0.5,1.0,323696
4415,A woman is looking at ribbon for children participating in an art activity.,mscoco,4495,0.1,1.0,764636
4416,A red and white small plane is parked on a tarmac.,mscoco,1114,0.4,1.0,299848
4417,Four brown bears are walking through a stream.,mscoco,4206,0.0,0.04,765793
4418,A brown bear walking along the waters edge,mscoco,2755,0.5,1.0,397517
4419,A man in a knit cap holds a controller that is attached to his wrist.,mscoco,1121,0.0,0.07142857142857142,746704
4420,A man is preparing to hit a ball during a baseball game.,mscoco,836,0.1,0.14285714285714285,116966
4421,A woman sips a beverage from a wine glass.,mscoco,3881,0.3,0.25,376815
4422,A bed with a stuffed animal looking out a window,mscoco,4704,0.1,1.0,819502
4423,A table topped with two pies and a bowl of apples.,mscoco,488,0.1,1.0,707553
4424,A beach scene with several people playing Frisbee.,mscoco,3194,0.4,0.5,132049
4425,Large pile of blood oranges displayed in photo.,mscoco,61,0.2,0.2,633881
4426,black and white image of a man on a motorcycle,mscoco,5163,0.8,1.0,715589
4427, A man riding skis up the side of a ski slope.,mscoco,552,0.0,0.022727272727272728,614370
4428,Legs of male tennis player and his shadow,mscoco,4764,0.1,0.3333333333333333,156165
4429,Various desserts displayed across a large table on a white table cloth,mscoco,1932,0.6,1.0,296127
4430,A close up shot of bananas and limes.,mscoco,3626,0.2,1.0,505591
4431,A picture of a bowl of soup and sandwich on a square plate.,mscoco,1954,0.1,0.25,522971
4432,Baseball players next to base during major game at stadium.,mscoco,3664,0.3,0.5,744307
4433,Many bikes are parked at a bike rack.,mscoco,169,0.9,1.0,616059
4434,Two small birds standing on top of a wet log.,mscoco,1908,0.1,1.0,652549
4435,Public phone sign on a street light that says 25 cents.,mscoco,4506,0.1,1.0,405706
4436,A group of men playing frisbee on a field.,mscoco,3892,0.8,1.0,309416
4437,A person in a yellow shirt paddle-boards between two boats one with a blue cover.,mscoco,2299,0.1,0.1,295721
4438,a man holding a foil wrapped sandwich next to a computer,mscoco,2643,0.1,1.0,699081
4439,A man crouching down to the level of a child and the child is eating while people walk to the side of them.,mscoco,4725,0.1,1.0,258212
4440,Young blond woman with beige hat and brown trim eating a large slice of pizza.,mscoco,3190,0.2,0.3333333333333333,146381
4441,Man working in bike shop repairs a bike's tire,mscoco,5565,0.1,1.0,203069
4442,a square pizza with tomatoes and a bottle of wine,mscoco,1696,0.1,1.0,828833
4443,A picture of a group of men and women holding tennis rackets,mscoco,1079,0.4,0.2,379327
4444,a person is riding on a surfboard in the water,mscoco,685,0.2,0.2,583635
4445,A bathroom has a white shower curtain and a sink.,mscoco,2813,0.3,0.3333333333333333,74126
4446,Snowboarder taking a rest on snow covered slope.,mscoco,1641,0.8,1.0,599221
4447,Young girl standing in yard wearing baseball cap and glove.,mscoco,297,0.1,1.0,22456
4448,A man is crossing the pavement in front of a pedestrian sign.,mscoco,5280,0.0,0.05,583196
4449,"A green "" Please Pay AT Pay Box "" covering over a parking meter.",mscoco,4889,0.1,0.5,548002
4450,A cat sitting behind several plants on a shelf ,mscoco,3968,0.2,1.0,523426
4451,A baby eats pieces of broccoli in a high chair. ,mscoco,4094,0.4,1.0,450952
4452,A hand holding up a hot dog in a bun with pickles.,mscoco,4563,0.2,0.25,453848
4453,Pitcher in green and grey uniform in the motion of throwing ball. ,mscoco,4870,0.3,1.0,424502
4454,"A table is full of breads, grapes, jams and jellies,meat and cheese.",mscoco,3189,0.1,0.5,531142
4455,A black and white bird sits in a pine tree.,mscoco,1711,0.2,1.0,738028
4456,A boat sits on the side of a road.,mscoco,3558,0.3,1.0,447202
4457,A black and white photo shows a street view with old cars.,mscoco,5666,1.0,1.0,244456
4458,"Vast quantity of vegetables, for the taking at a market",mscoco,4275,0.6,1.0,772556
4459,Older style single engine airplane being displayed at air show.,mscoco,2550,0.0,0.02631578947368421,765360
4460,"A large clock tower stands against a bright, clear sky.",mscoco,2865,0.7,1.0,100142
4461,A horse walks through a grassy field in front of a building.,mscoco,3214,0.2,1.0,101085
4462,"a red, white and blue toothbrush with toothpaste on it is held above a sink",mscoco,5101,0.1,0.5,414949
4463,A small child is holding a baseball bat wearing a helmet.,mscoco,1515,0.3,1.0,135069
4464,two men holding wii controllers in a living room,mscoco,2042,0.4,1.0,401964
4465,A garden bench in front of a red tiled wall,mscoco,2369,0.1,0.5,283315
4466,A red and white fire hydrant with a black hat on it,mscoco,5757,0.0,0.014285714285714285,486587
4467,A bathroom has a tile floor and a dolphin shower curtain.,mscoco,859,0.1,1.0,110861
4468,A man eating a sandwich in a kitchen,mscoco,652,0.2,0.25,324609
4469,The sliced sausage sandwich has peppers and onions on it.,mscoco,553,0.0,0.03225806451612903,436933
4470,a blood orange cut in half on top of a bunch of other orangets ,mscoco,5085,0.1,0.14285714285714285,593413
4471,there is a bird that is sitting on a branch above the water,mscoco,5796,0.9,1.0,455792
4472,A table is covered with vases and containers.,mscoco,3679,0.0,0.0625,530635
4473,"Dog moving in  brown colored water, holding dark yellow Frisbee, with Coca Cola red canopy and people on water bank.",mscoco,1300,0.1,0.3333333333333333,126016
4474,A red couch in a living room next to a large window.,mscoco,2418,0.1,0.2,132669
4475,a stop for pedestrians sign in a parking lot,mscoco,502,0.1,0.14285714285714285,511930
4476,This is an old fashion picture of a little girl and a teddy bear on a bench.,mscoco,5768,0.3,1.0,332889
4477,a train on a track near many trees ,mscoco,2638,0.4,1.0,559320
4478,a white plate holding bagel next to cup.,mscoco,2606,0.1,1.0,312098
4479,Several people riding in the woods on horseback.,mscoco,1058,0.9,1.0,304604
4480,A black and white photo has two baseball players.,mscoco,438,0.5,0.5,370837
4481,A black and white cat sitting on a couch,mscoco,5248,0.6,1.0,805169
4482,A pear cut into seven pieces arranged in a ring.,drawbench,100,0.0,0.0,100
4483,A woman is cutting a pizza into slices.,mscoco,2361,0.5,1.0,490073
4484,A large jetliner sitting on top of a runway.,mscoco,1752,0.3,0.25,737606
4485,A blue and white single engine plane on a runway.,mscoco,1517,0.2,1.0,193670
4486,A piece of light blue luggage sitting on top of a leather bag.,mscoco,195,0.1,0.3333333333333333,690549
4487,an image of a small pizza on a plate,mscoco,671,0.2,1.0,208907
4488,A person prepares to apply toothpaste to four toothbrushes simultaneously. ,mscoco,4804,0.1,1.0,398784
4489,a bus that is parked on a very large hill,mscoco,1859,0.1,1.0,535583
4490,A crowd of surfers and swimmers enjoy a day at the beach.,mscoco,4440,0.2,0.3333333333333333,662371
4491,Man riding orange and black motorcycle tilted to the side.,mscoco,3839,0.1,1.0,204522
4492,A woman and baby looking at an elephant in fenced area.,mscoco,5277,0.1,0.1111111111111111,387935
4493,A man with beard and tie on a subway car.,mscoco,5243,0.1,1.0,215093
4494,Girl playing with a bean bag chair near a Christmas tree.,mscoco,4737,0.1,1.0,554873
4495,a ham and cheese sandwich sits half-eaten on a paper plate.,mscoco,382,0.1,0.1111111111111111,641026
4496,A hand holding a bun containing a burnt hotdog.,mscoco,1286,0.2,0.3333333333333333,287302
4497,A man is skate boarding in a parking lot.,mscoco,2701,0.2,0.16666666666666666,748971
4498,"Goblet along with white plate with piece of meat, broccoli and corn.",mscoco,2703,0.1,0.25,92677
4499,A zebra eating out of a wooden box. ,mscoco,5509,0.0,0.05555555555555555,490202
4500,A woman reaches into the air to catch a Frisbee.,mscoco,2526,0.3,1.0,296596
4501,A group of young women standing around in a half circle holding tennis racquet.,mscoco,3671,0.1,1.0,121144
4502,Two men sitting on the couch playing a wii game.,mscoco,1157,0.5,1.0,91763
4503,Several firetrucks and firefighters are parked in a street.,mscoco,4342,0.4,0.5,606596
4504,People riding on the back of an elephant on a path through the jungle.,mscoco,2739,1.0,1.0,789996
4505,A person is skiing down a steep slope.,mscoco,4442,0.6,1.0,481864
4506,Brown teddy bear in bed holding a stuffed orange bird.,mscoco,1646,0.1,1.0,674530
4507,The blue necktie shows a picture of a pocket watch.,mscoco,3371,0.1,1.0,603704
4508,A red helicopter with a person hanging from the side,mscoco,1270,0.2,1.0,650209
4509,Woman in shopping aisle with bear on her head,mscoco,2492,0.1,1.0,378574
4510,"A large, blue truck stands near a brown building.",mscoco,3042,0.3,1.0,143108
4511,A man in a suit walks through a parking lot.,mscoco,4723,0.2,1.0,756208
4512,"A pin cushion , thimble and pair of scissors",mscoco,1809,0.2,0.3333333333333333,94783
4513,A shark in the desert.,drawbench,31,0.0,0.0,31
4514,Brown cows are standing in a field of grass.,mscoco,3127,1.0,1.0,217477
4515,Many buses driving down the street in a city with buildings. ,mscoco,4761,0.6,0.3333333333333333,619153
4516,A yellow sports car has skis and ski poles on the trunk.,mscoco,3067,0.1,1.0,400642
4517,Three juvenile soccer players are vying for the ball.,mscoco,5491,0.2,1.0,259221
4518,Sheep graze along a grassy strip in front of a body of water and mountain. ,mscoco,3060,0.1,0.3333333333333333,209263
4519,The green suitcase has many stickers on the side of it.,mscoco,4341,0.1,1.0,460742
4520,A person is holding a skateboard with one edge on the ground.,mscoco,491,0.3,0.5,35009
4521,Cars are parked on the side of a road near shops.,mscoco,4957,0.5,1.0,366935
4522,a large passenger plane landing on a runway.,mscoco,2487,0.2,0.5,273999
4523,Some large tourist type boats on a wide river.,mscoco,4627,0.3,0.5,323687
4524,A desk top computer next to a lap top computer on a desk. ,mscoco,327,0.5,1.0,733882
4525,A green apple and a black backpack.,drawbench,17,0.0,0.0,17
4526,A group of young men standing next to surfboards.,mscoco,5366,0.5,1.0,123891
4527,The interior of a bathroom with a cat sitting on an unfinished floor.,mscoco,1238,0.0,0.011764705882352941,332633
4528,A group of people with wine glasses on the dining table,mscoco,3575,0.5,1.0,289931
4529,A man is next to a large bunch of bananas.,mscoco,2751,0.7,1.0,383959
4530,A dog in the air with frisbee in mouth above grass by fence with spectators.,mscoco,5806,0.2,1.0,424346
4531,An adult and baby elephant next to a fence.,mscoco,5866,0.6,1.0,278862
4532,A tied up black and white cow near a bowl.,mscoco,4681,0.1,1.0,358398
4533,A refrigerator filled with gallons of milk and orange juice.,mscoco,2616,0.1,0.3333333333333333,10017
4534,Several sheep grazing by the side of a road.,mscoco,449,0.5,1.0,662943
4535,"A baseball game with a hitter, catcher, umpire involved in the current play.",mscoco,5679,0.3,0.5,121080
4536,Kites are in the blue sky over a park area.,mscoco,1381,0.8,1.0,484548
4537,A flower in a glass vase is pictured.,mscoco,2693,0.8,1.0,21842
4538,Two rows of young skiers lined up for pictures with their skis.,mscoco,4051,0.0,0.07692307692307693,528101
4539,A person sitting on a park bench in the rain next to a bag holding a umbrella.,mscoco,3488,0.3,1.0,404777
4540,A man performing a skateboarding trick and posing mid-air.,mscoco,2708,0.0,0.0013869625520110957,722997
4541,People in white outfits and red umbrellas parade the streets. ,mscoco,5792,0.1,1.0,631530
4542,Woman flying a kite on a sunny beach.,mscoco,1459,0.1,0.5,586303
4543,The white dog is sitting on a blanket in the chair.,mscoco,2901,0.0,0.09090909090909091,728237
4544,A shaggy mother pony and her foal in a field.,mscoco,5598,0.3,1.0,770420
4545,A man wearing a blue shirt and a pair of glasses.,mscoco,914,0.2,0.2,722148
4546,a surfer in a wet suit is riding a boats wake,mscoco,4794,0.0,0.05,98151
4547,Two laptops sit next to a tv on a tv stand.,mscoco,294,0.0,0.06666666666666667,343731
4548,The narrow room has several beds in it.,mscoco,4628,0.3,1.0,630408
4549,Woman in blue outfit taking a swing during tennis match.,mscoco,5435,0.3,0.5,360510
4550,A scenic view of a snow covered mountain and clouds.,mscoco,2852,0.1,0.25,422328
4551,The large tour bus is painted with a dog mascot.,mscoco,4473,0.2,0.3333333333333333,384270
4552,Two men with colorful ties are posing for a picture. ,mscoco,2445,0.4,1.0,431458
4553,"BLACK, BLUE, WHITE, RED, ORANGE RED AND YELLOW AIRPLANE",mscoco,4978,0.1,1.0,100802
4554,Young lady wearing glasses eating at outdoor table.,mscoco,2748,0.0,0.07692307692307693,36829
4555,Person with a cut on their hand holding up a white controller. ,mscoco,4916,0.0,0.05555555555555555,757997
4556,"Stop sign with added ""war"" annotation, at an intersection.",mscoco,5177,0.2,0.3333333333333333,680483
4557,A herd of elephants standing next to a tree.,mscoco,3551,0.1,0.16666666666666666,403490
4558,A tennis player in a red shirt is serving the ball.,mscoco,320,0.3,0.5,472185
4559,A grey and white cat sleeping on a wooden bench.,mscoco,5218,0.2,1.0,201894
4560,An old green pick up truck sitting in the grass.,mscoco,5349,0.2,1.0,24284
4561,a train on a train track with a sky background,mscoco,4374,0.3,1.0,140319
4562,A young baseball player pitching a ball to the catcher.,mscoco,3003,0.2,0.25,367296
4563,Three people are posing together in their ski gear. ,mscoco,2403,0.6,1.0,473655
4564,A Capital Cargo International plane on the runway,mscoco,479,0.1,0.2,62056
4565,A group of baby elephants walk next to an adult.,mscoco,1893,0.5,1.0,248466
4566,Traffic light with blue sky streaked with clouds backdrop.,mscoco,5104,0.5,1.0,5898
4567,Man with camera in room in black and white photo.,mscoco,461,0.2,1.0,452245
4568,Two white chairs beneath an umbrella on a sandy beach.,mscoco,4001,0.4,1.0,77613
4569,"Meat with tomato sauce, broccoli, potatoes and rice",mscoco,2250,0.1,0.1,561428
4570,A man with an apron prepares a mixture in a bowl.,mscoco,3867,0.0,0.08333333333333333,658644
4571,Two male soccer players engaged in heated competition.,mscoco,4291,0.5,1.0,254191
4572,A road sign that says reduce speed for motorcycles.,mscoco,4637,0.1,1.0,50173
4573,A hand holding an orange swivel cell phone.,mscoco,2156,0.1,0.3333333333333333,26135
4574,A long haired cat sleeps on the hood of a car.,mscoco,4171,0.2,1.0,22835
4575,A bathroom counter with a sample bar of soap and other items.,mscoco,2766,0.4,1.0,619136
4576,A brown dog laying on top of grass next to a green frisbee.,mscoco,5488,0.1,1.0,355321
4577,A man skates between cones  on the street,mscoco,1838,0.6,1.0,43691
4578,Sailboat regatta on water near mountain in background. ,mscoco,2758,0.2,1.0,396789
4579,"A cat sitting on top of a television set that is showing a baseball game.
",mscoco,4009,0.1,1.0,83638
4580,A green train traveling through a forest with trees.,mscoco,3938,0.2,0.25,454651
4581,A group of three coffee cups sitting on top of  a shelf.,mscoco,2757,0.1,1.0,741792
4582,Traffic sign and barricades on roadway near large city building.,mscoco,3652,0.1,0.5,624535
4583,A large bathroom with two sinks and three windows.,mscoco,2636,0.0,0.038461538461538464,10798
4584,The asian women are selling their wares on the water.,mscoco,4096,0.1,0.1,719039
4585,A tennis player kneels in to hit the ball.,mscoco,2127,0.1,1.0,99584
4586,a small kitchen leading to a bed room ,mscoco,2716,0.1,1.0,327610
4587,There are several people waiting in the rain to cross the street.,mscoco,979,0.4,1.0,497441
4588,A man teaches children to play on a tennis court.,mscoco,4976,0.4,0.3333333333333333,97749
4589,Woman posing for picture in mirror with decorative wall,mscoco,5871,0.2,1.0,781927
4590,Several people ride an elephant on a jungle path.,mscoco,1200,1.0,1.0,461217
4591,"Four stuffed teddy bears having a picnic and ""eating"" sandwiches while having drinks",mscoco,5524,0.1,1.0,303587
4592,A green vintage truck on display at a car show.,mscoco,3977,0.2,0.5,408881
4593,Workers in a factory making doughnuts with machines.,mscoco,5885,0.2,1.0,49313
4594,A dog and a cat sitting in a raised cat bed.,mscoco,998,0.0,0.07692307692307693,492015
4595,A boy holds several tennis balls on his racket.,mscoco,4509,0.1,0.16666666666666666,364733
4596,a plane flying in front of a setting sun,mscoco,1750,0.8,1.0,737430
4597,An intersection of a busy city street at night ,mscoco,5322,0.6,1.0,552698
4598,a bath room with lamps flowers in vases,mscoco,5700,0.3,1.0,472406
4599,A city bus with bicycles on the rack in front,mscoco,4668,0.8,1.0,350440
4600,Pictures decorate the wall above a small fireplace.,mscoco,3147,0.1,0.5,375553
4601,A red electric train sitting on the tracks.,mscoco,680,0.4,1.0,824487
4602,The walking signal is next to the red traffic signal light. ,mscoco,3528,0.0,0.025,748730
4603,View from above of two men sitting on sidewalk with tennis rackets and tennis balls.,mscoco,3071,0.1,1.0,399044
4604,"a fire hydrant is painted red, white and green ",mscoco,5434,0.4,1.0,448403
4605,A brown bear standing on a field of dirt and grass. ,mscoco,2412,0.8,1.0,24846
4606,A woman standing next to a man with a frisbee.,mscoco,1046,0.6,0.5,688462
4607,A large group of people on a boat with hills in the background.,mscoco,1415,0.0,0.03571428571428571,666488
4608,A woman talking on a cell phone near a wedding dress.,mscoco,4722,0.1,0.2,585814
4609,A white toilet sitting next to a pipe in a bathroom.,mscoco,2128,0.1,1.0,154576
4610,A kid holding a video game controller in his hand.,mscoco,4903,0.4,0.25,758541
4611,A dog stands in a kitchen in anticipation of a treat.,mscoco,1684,0.7,0.5,392072
4612,A motorcycle rider is riding in a motor cross competition.,mscoco,5390,0.1,0.125,580953
4613,Three cows are standing on the pavement next to a gate with three structures in the background.,mscoco,5249,0.1,1.0,85762
4614,A white church has a decorative window and gold clock.,mscoco,2097,0.1,1.0,248505
4615,Male tennis player just finishing an energetic swing.,mscoco,5176,0.0,0.04,680611
4616,"The large plane is painted orange, blue, green and red.",mscoco,975,0.1,0.25,344252
4617,A group of people walk along a line of buses.,mscoco,1837,0.3,0.3333333333333333,367957
4618,A bat catcher being held by a man with a red jacket.,mscoco,2150,0.0,0.011627906976744186,219869
4619,A passenger train is traveling down a railway.,mscoco,1262,0.0,0.03333333333333333,744138
4620,A group of people stand by a green pickup truck.,mscoco,3007,0.1,0.5,739960
4621,a male tennis player  in a blue shirt playing tennis,mscoco,1151,0.2,0.1111111111111111,694624
4622,"A bathroom stall with a toilet, rail and toilet paper dispenser.",mscoco,955,0.3,0.25,505915
4623,Empty park benches on grass near the water.,mscoco,5671,0.1,1.0,655544
4624,Table display of different sized and colored vases,mscoco,5441,0.6,0.5,651426
4625,A pitcher throws a pitch to a batter.,mscoco,477,0.4,0.25,745191
4626,"Large and colorful display of various fruits, vegetables and canned goods",mscoco,3475,0.0,0.008130081300813009,130299
4627,a wooden bowl of salad on a table with a fork.,mscoco,1013,0.0,0.015151515151515152,224620
4628,two people sleeping on couches in a living room,mscoco,1203,0.1,0.25,483957
4629,A fake severed head is inside of a microwave with a carved pumpkin nearby.,mscoco,1141,0.1,1.0,178008
4630,A group of elephants are gathered in a field. ,mscoco,4836,0.9,1.0,705596
4631,"Young, smiling woman in casual dress sits on a bench.",mscoco,2287,0.1,1.0,770707
4632,Two motorcycles are parked in front of a brick wall.,mscoco,5510,0.1,1.0,569324
4633,A large airplane flying through a blue sky.,mscoco,1090,1.0,1.0,566432
4634,"A bed made up with linens, is outside on a street corner.",mscoco,2,0.1,1.0,297524
4635,A zebra is standing in the grass near a fence.,mscoco,141,0.2,1.0,740824
4636,A large propeller plane with people standing underneath it. ,mscoco,214,0.2,1.0,145207
4637,an image of a yellow train on a railroad track,mscoco,3012,0.6,1.0,88621
4638,The young girl is riding her bike down the street. ,mscoco,4649,0.2,0.5,514446
4639,Lone adult horse eating grass in a mountain valley.,mscoco,3908,0.2,1.0,7837
4640,"A pizza with ham, tomatoes and cheese on a table.",mscoco,2674,0.2,0.5,254586
4641,Two kids sitting at a wooden table eating chips.,mscoco,3873,0.1,1.0,313601
4642,kitchen with silver appliances sun shining in the room,mscoco,4020,0.2,1.0,603268
4643,A street scene with a restaurant in the background.,mscoco,987,0.0,0.017543859649122806,32206
4644,A pizza is being cooked in an oven.,mscoco,3258,0.3,1.0,714893
4645,There are several kites in the air and several people standing in the field.,mscoco,4029,0.7,1.0,488989
4646,two giraffes are standing in the open field.,mscoco,609,0.5,0.5,648275
4647,A collection of nail is sitting on a table.,drawbench,60,0.0,0.0,60
4648,An ornate brown and gold canopy bed that is roped off.,mscoco,4880,0.1,0.1,781824
4649,A bench is facing a man made body of water and trees.,mscoco,3422,0.3,0.3333333333333333,758901
4650,A young woman wearing a striped apron stands between trays of decorated cupcakes.,mscoco,5375,0.1,1.0,188472
4651,A graffiti filled restroom with three urinals and a toilet.,mscoco,2442,0.1,1.0,124175
4652,A group of people paddling a long boat ,mscoco,5361,0.4,0.5,394014
4653,People at a market place selling mostly luggage ,mscoco,5960,0.1,1.0,550671
4654,A zebra is standing in a grassy area.,mscoco,5645,0.9,1.0,188364
4655,a young man jumping with his skateboard in a skate park,mscoco,2787,0.1,0.1111111111111111,408131
4656,Large long sized train running down a large track way.,mscoco,3302,0.0,0.038461538461538464,488697
4657,Several people are riding horses along a beach.,mscoco,258,0.9,1.0,683453
4658,A man sitting on a bed using a laptop.,mscoco,2031,0.7,0.5,324842
4659,A Best Buy sign is shown on the outside of a building.,mscoco,1183,0.1,1.0,353870
4660,A man in a suit standing by a sliding glass door.,mscoco,1918,0.1,0.3333333333333333,88691
4661,"A separate seat for one person, typically with a back and four legs.",drawbench,80,0.0,0.09090909090909091,80
4662,People sitting at a table with several different kinds of pizza pie.,mscoco,421,0.9,1.0,394729
4663,A room in a home that has a small table with one chair on the side and another piece of furniture in the next area.,mscoco,4125,0.2,1.0,692066
4664,Lighted bar sign mounted near traffic signal in front of a building.,mscoco,2137,0.2,1.0,687160
4665,A skier is racing down the race track in competition.,mscoco,434,0.7,0.5,278703
4666,a vase on a table with a lamp and a clock ,mscoco,72,0.0,0.07142857142857142,436596
4667,A skier in a yellow jacket making a jump.,mscoco,3458,0.1,0.5,711088
4668,Two women at a table with a chocolate cake.,mscoco,775,0.2,0.14285714285714285,72604
4669,a clear glass bottle sitting on a table ,mscoco,2608,0.1,1.0,593230
4670,A bed with a wooden headboard sitting inside of a space bedroom.,mscoco,3298,0.1,1.0,189665
4671,An old clock tower on a clear sunny day ,mscoco,4811,0.2,1.0,679913
4672,"A plate is adorned with a tiny fish sitting on a bed of broccoli, potatoes and carrots.",mscoco,3519,0.1,1.0,65486
4673,A zebra walks with a house in the background.,mscoco,4549,0.0,0.012987012987012988,43588
4674,An elegant living room with a mountainous view.,mscoco,2488,0.2,0.2,504456
4675,a pizza prepared to be cooked on a wooden spoon,mscoco,2005,0.1,0.14285714285714285,508569
4676,A collection of items from a bag laid on floor.,mscoco,278,0.7,0.3333333333333333,264833
4677,A bird flying over a large body of water next to a bench.,mscoco,2279,0.1,1.0,496233
4678,A bathroom with tiled counters and tan walls. ,mscoco,2733,0.0,0.09090909090909091,687179
4679,A man and woman play Wii games in a casual gathering of friends in an apartment.,mscoco,2086,0.1,0.16666666666666666,822988
4680,A man with glasses looking at a cellphone.,mscoco,2931,0.6,0.5,667934
4681,A man skis down a slope in heavy snow.,mscoco,2564,0.2,0.14285714285714285,341676
4682,A woman playing a game on the Wii.,mscoco,2543,0.6,1.0,569420
4683,"A bathroom with a toilet, sink and a blue bucket.",mscoco,2594,0.1,0.1111111111111111,680738
4684,A table is set up with a variety of foods. ,mscoco,5451,0.4,0.5,703375
4685,Woman in a hat and tie posing for a picture. ,mscoco,3866,0.2,1.0,267274
4686,Meat with red sauce sits on a plate adjacent to broccoli and carrots.,mscoco,2309,0.0,0.006944444444444444,295785
4687,A toilet is shown in the corner of a bathroom.,mscoco,4346,0.1,0.14285714285714285,782807
4688,A traffic signal in front of a large spire with a clock.,mscoco,47,0.5,1.0,629157
4689,A man is posed with his racket to his side during a tennis game with packed stands.,mscoco,2527,0.2,0.3333333333333333,506491
4690,A herd of sheep shares the road with cars and motorcycles.,mscoco,4390,0.1,0.25,61552
4691,a kitchen with a tall cupboard analog clock on the wall and a refrigerator,mscoco,2864,0.0,0.02857142857142857,128553
4692,A starving bull with long horns standing next to a house..,mscoco,2972,0.1,0.25,355570
4693,A brown horse standing in front of a white light tower.,mscoco,806,0.1,1.0,109826
4694,A rooster stands in the grass adjacent to a road.,mscoco,2600,0.1,1.0,140976
4695,A bride and groom stand in front of a wedding cake.,mscoco,4504,0.8,1.0,259158
4696,A baseball athlete getting ready to swing the bat.,mscoco,2562,0.1,0.1,763178
4697,The SunExpress airplane taxis down the runway to take off.,mscoco,5831,0.1,0.25,663324
4698,A man riding a horse carriage on a road.,mscoco,2225,0.6,0.25,48743
4699,Three people ride an elephant near a wall.,mscoco,4909,0.2,1.0,408140
4700,A little brown dog rests on a pillow with a toy banana beside it. ,mscoco,2815,0.1,0.25,345180
4701,A pile of red apples sitting inside of a container.,mscoco,1805,0.4,1.0,711640
4702,A woman and a man playing a game with remote controllers.,mscoco,5067,0.5,1.0,322618
4703,Passenger train riding on top of a bridge with a city view behind it. ,mscoco,4091,0.5,0.25,43546
4704,Tables to play checkers aligned side by side each other. ,mscoco,4740,0.1,1.0,702627
4705,A brown dog sticking its head out an automobile window.,mscoco,19,0.9,1.0,550650
4706,A turkey vulture in flight in a lightly wooded area.,mscoco,5952,0.2,0.5,366991
4707,Office area with multiple computers and file cabinets next to desk.,mscoco,608,0.5,1.0,748295
4708,A large number of canned and bottled drinks fill a refrigerator.,mscoco,2907,0.7,1.0,402379
4709,Black and white photograph of a horse in a desert area.,mscoco,1004,0.2,1.0,587222
4710,A pizza and cheese crisp are shown on a plate.,mscoco,3321,0.2,0.5,261898
4711,A motorcycle garage with several motorcycles that are being worked on.,mscoco,3501,0.3,0.25,483415
4712,Close up view of an adult colorful parrot,mscoco,3491,0.2,1.0,346872
4713,Flower and plant cuttings in vases and on a counter,mscoco,4886,0.1,1.0,214485
4714,An Austrian Airlines airplane at the airport on the tarmac.,mscoco,1998,0.1,1.0,142507
4715,"Open boxes of pizza, chicken, and nuggets before eaten.",mscoco,4329,0.0,0.041666666666666664,480962
4716,Three people smiling in front of an airport kiosk.,mscoco,3943,0.1,1.0,244089
4717,A cat sitting on a computer looking like it is typing.,mscoco,1626,0.8,0.5,54924
4718,A baseball player is swinging his bat at a baseball. ,mscoco,154,0.6,0.5,463341
4719,a yellow garbage truck driving down a busy street.,mscoco,3432,0.1,0.16666666666666666,404230
4720,A small child on skis in front of a snowy cabin.,mscoco,1584,0.1,1.0,804113
4721,A merry go around featuring an elephant and giraffe as well as horses.,mscoco,3378,0.1,1.0,780088
4722,Sliced apples placed on a baking sheet in the oven,mscoco,4839,0.1,1.0,25618
4723,A toilet sits in the corner of a white bathroom.,mscoco,2670,0.6,0.5,817934
4724,A man sits on a chair smiling with a dog on his lap. ,mscoco,1830,0.2,1.0,425268
4725,Photo of beige three piece bathroom with toilet paper roll sitting on tank.,mscoco,5132,0.0,0.001006036217303823,80339
4726,The passenger train is painted brown and white. ,mscoco,4832,0.1,1.0,756130
4727,"A kitchen with a sink, stove, and refrigerator.",mscoco,5699,0.5,0.5,673441
4728,Two elephants are standing in the sand behind a wire.,mscoco,3164,0.1,0.1,611073
4729,A woman in a purple shirt and white tennis skirt is playing tennis.,mscoco,4969,0.2,0.3333333333333333,512008
4730,"A noodle dish has Alfredo sauce, broccoli, and mushrooms. ",mscoco,4119,0.1,1.0,53328
4731,A person with pink pants and black shoes with a laptop computer.,mscoco,4652,0.1,1.0,157848
4732,A young girl standing and petting a young foal. ,mscoco,4079,0.2,1.0,14562
4733,Train crossing a bridge over a lake with mountain range in background,mscoco,3898,0.1,1.0,569004
4734,A closeup view of a piece of lasagna. The plate has a fork on it and it looks untouched. . ,mscoco,3699,0.1,0.5,520969
4735,a pair of elephants inside of an enclosure,mscoco,4424,0.6,1.0,252601
4736,A man cutting food with a pair of blue scissors. ,mscoco,1334,0.0,0.0016638935108153079,200562
4737,A bird scaring a scarecrow.,drawbench,27,0.0,8.657933697543744e-06,27
4738,A hot dog on a bun with pickle and tomato.,mscoco,5337,0.5,1.0,71188
4739,several people riding elephants through a muddy river ,mscoco,2518,1.0,1.0,379398
4740,A cheese pizza with greens on top sitting on a wooden serving dish,mscoco,304,0.1,0.5,28668
4741,A blue and black tour bus sits parked at a curb.,mscoco,3104,0.1,1.0,255405
4742,Small stuffed bear posed seemingly holding open beer bottle.,mscoco,5609,0.2,1.0,243631
4743,A skateboarder is in mid-air during a jump.,mscoco,3300,0.3,1.0,393463
4744,A brown cow with horns is standing in a field.,mscoco,4425,0.6,1.0,216561
4745,Two people ride their horses along the beach shore.,mscoco,1603,0.7,1.0,756034
4746,A fruit stand with many varieties of fruit with price signs.,mscoco,5817,0.9,1.0,130573
4747,A British Airways plane is flying in the sky.,mscoco,1610,0.8,1.0,803443
4748,A woman sits on a bench checking her cell phone. ,mscoco,5313,0.6,1.0,127059
4749,a young boy standing in front of a counter with dougnuts ,mscoco,2245,0.1,0.5,567629
4750,an orange parking meter in front of a tree,mscoco,5865,0.1,1.0,437984
4751,A brown and white dog is catching a frisbee.,mscoco,5095,0.4,1.0,384029
4752,A woman walking down a street under a clear umbrella.,mscoco,4172,0.0,0.029411764705882353,663030
4753,A cat is sitting on top of a car.,mscoco,3537,0.5,0.3333333333333333,707746
4754,Player in pink uniform kicking soccer ball during match play.,mscoco,5407,0.1,0.5,579797
4755,Two cows are surrounded by many birds in a public area.,mscoco,5946,0.1,1.0,520943
4756,A counter area with multiple trays of food and fruit.,mscoco,167,0.0,0.009345794392523364,359073
4757,a close up of a bird eating from a feeder ,mscoco,845,0.7,1.0,784687
4758,Two people are riding on canoes down a river.,mscoco,189,0.4,1.0,467296
4759,a green bus driving down the road with passengers,mscoco,1654,0.8,1.0,589092
4760,A jumbo jet airliner on the runway at and airport.,mscoco,4980,0.5,1.0,37980
4761,A man riding a skateboard at a skate park.,mscoco,1112,0.7,0.5,208058
4762,A laptop computer on a wooden desk next to a TV monitor. ,mscoco,1538,0.0,0.08333333333333333,733808
4763,Black and white picture of clock tower overlooking bridge and water.,mscoco,1166,0.1,0.125,141771
4764,A man and woman are playing with video game remotes.,mscoco,2476,0.5,1.0,300643
4765,Skateboarder performing trick in skatepark with BAPP logo,mscoco,2302,0.0,0.05555555555555555,317326
4766,An arrangement of flowers in a clear glass canning jar haging on a wall.,mscoco,2125,0.1,1.0,670706
4767,A little kid getting a piece of food out of the fridge.,mscoco,948,0.1,1.0,690775
4768,Kites waver in the air and include a man shaped flying object while people stand on the ground.,mscoco,4595,0.0,0.018518518518518517,484298
4769,A cat on a red chair at a table.,mscoco,171,0.3,0.3333333333333333,373285
4770,A bottle of juice sitting on a window sill.,mscoco,4630,0.1,1.0,365687
4771,The bathroom features a blue and cream color scheme.,mscoco,5222,0.0,0.047619047619047616,804303
4772,A street scene with people lined up on the sidewalk.,mscoco,1195,0.0,0.02702702702702703,119023
4773,A group of people loading their luggage onto two buses.,mscoco,2556,0.1,0.125,234142
4774,A close up of a Cingular phone with a person holding it.,mscoco,1891,0.0,0.007042253521126761,770062
4775,a fluffy black cat sitting on top of a tv,mscoco,720,0.2,0.5,410861
4776,A man in a suit smiles and holds his head.,mscoco,938,0.1,1.0,41193
4777,there are many street signs on a large street pole,mscoco,4378,0.3,0.25,497660
4778,Doorway view of a bedroom with a bed and shelves.,mscoco,3829,0.1,0.3333333333333333,325948
4779,A baby in a diaper sitting next to a brown teddy bear.,mscoco,3605,0.1,0.3333333333333333,122434
4780,"A sign on Sex St that says ""Don't Honk $350 penalty""",mscoco,3036,0.2,1.0,414653
4781,Two horses running in a green pasture with trees in the background.,mscoco,1724,0.4,1.0,126476
4782,Three large kites flying in the sky near the water. ,mscoco,5061,0.3,1.0,773514
4783,A woman is holding a donut up to her eye.,mscoco,210,0.1,0.3333333333333333,276198
4784,a kitchen with a yellow lamp sitting on the counter,mscoco,3445,0.0,0.06666666666666667,134957
4785,Large bright living area with cabinets and wooden floors.,mscoco,4596,0.1,0.2,456301
4786,A pizza and a calzone are being prepared on wooden cutting boards,mscoco,2001,0.0,0.010416666666666666,398117
4787,A person holds a fork near a plate of food. ,mscoco,12,0.2,1.0,103214
4788,there are many skateboarders riding at a skate park,mscoco,522,0.4,1.0,465807
4789,a group of diners celebrate a birthday with cake,mscoco,2799,0.6,1.0,362588
4790,A train on cross over tracks near multiple tracks..,mscoco,2734,0.4,0.25,9733
4791,some kids standing in the living room with wii motes ,mscoco,3440,0.2,0.3333333333333333,640525
4792,A living room is themed in southwestern and brightly colored.,mscoco,1192,0.1,0.25,53349
4793,Close up of a computer keyboard and a mouse.,mscoco,2880,0.9,1.0,93004
4794,A pole with a sign that describe the street as 3-way. ,mscoco,3016,0.1,1.0,549541
4795,A toaster oven with a tray full of white square food.,mscoco,1003,0.3,1.0,93508
4796,Pedestrian sign and bus sign in urban area.,mscoco,464,0.0,0.005154639175257732,770180
4797,This room features a twin size bed and a window with bars.,mscoco,1453,0.1,1.0,483051
4798,"3 giraffes are seen in a forested area, but only from the neck up.",mscoco,3546,0.0,0.09090909090909091,255904
4799,A dish of food with a fork and drink on a table.,mscoco,4306,0.1,0.14285714285714285,329382
4800,A man doing skate tricks in a skate park,mscoco,4524,0.6,0.3333333333333333,117956
4801,A man preparing food in a restaurant kitchen. ,mscoco,3984,0.7,1.0,489282
4802,A snow boarder making a big jump on a slope,mscoco,3757,0.5,0.3333333333333333,455585
4803,A street sign with the United States flag flying over trees ,mscoco,5719,0.1,1.0,549050
4804,A large group of people in a grass field.,mscoco,2478,0.2,0.3333333333333333,633044
4805,Young swimmers and adult spectators standing around pool listening to instructor.,mscoco,5698,0.1,1.0,125954
4806,A young woman takes a big bite of her pizza.,mscoco,4140,0.5,1.0,101071
4807,A female looking at a baby that is attached to an endotracheal tube and a breathing circuit in addition to two ventilators in the background; a Sensor Medics Oscillator and a Drager Babylog ventilator.,mscoco,5613,0.1,1.0,666998
4808,A group of people posing for a picture on the ski slopes ,mscoco,4501,0.9,1.0,554474
4809,Computer and audio equipment displayed on small tiered desk.,mscoco,5502,0.2,0.3333333333333333,708921
4810,A woman is hanging up post it notes in a kitchen.,mscoco,1992,0.1,1.0,329050
4811,An array of pastries sit in a storefront window.  ,mscoco,2650,0.2,1.0,273068
4812,A black and red train engine next to train station.,mscoco,1354,0.2,1.0,372794
4813,A man rides his bicycle on the side of a road near a tractor.,mscoco,5304,0.1,1.0,208301
4814,A living room and dining room with traditional furnishings.,mscoco,741,0.2,1.0,3355
4815,"A stack of 3 books. A green book is on the top, sitting on a red book. The red book is in the middle, sitting on a blue book. The blue book is on the bottom.",drawbench,68,0.0,0.0,68
4816,Toilet bowl covered in grass and weeds during nighttime,mscoco,5876,0.1,1.0,771117
4817,Calico cat laying upside down on laptop computer.,mscoco,4413,0.0,0.08333333333333333,18883
4818,A pasta dish in bowl on decorated table. ,mscoco,4131,0.0,0.09090909090909091,505150
4819,Older man sitting on bench in front of water fountain,mscoco,2320,0.1,1.0,598403
4820,Toddler wearing a red shirt playing with a toy on the grass.,mscoco,1498,0.1,0.2,183215
4821,An adult and young zebra standing in a field of green grass.,mscoco,633,0.7,1.0,633522
4822,Two people walking down a street in the rain under a umbrella. ,mscoco,4019,0.8,1.0,675158
4823,"MOTORCYCLIST CARRYING AMERICAN FLAG OF HIS BIKE, OTHERS LOOKING ON",mscoco,5332,0.1,1.0,111533
4824,A laughing lady standing by a pan on the stove and a man with blue shirt holding his hands out.,mscoco,1970,0.1,0.16666666666666666,240399
4825,A pair of sheep sit on the ground together.,mscoco,3856,0.3,0.16666666666666666,431120
4826,Blue and yellow passenger train with its doors open on a station. ,mscoco,4085,0.1,0.2,121466
4827,A young man with a stuffed animal is reading on a bench.,mscoco,443,0.1,1.0,428079
4828,A group of skiers skiing down a snow covered slope.,mscoco,3647,0.8,1.0,10355
4829,"A sign that reads "" Police "" pointing to the left.",mscoco,3470,0.1,1.0,677667
4830,Couple takes a picture in front of windows holding a frisbee,mscoco,3986,0.2,1.0,356568
4831,Brown teddy bear sitting on blue cushions in a wicker chair,mscoco,5159,0.1,1.0,492046
4832,"Dog catches frisbee that man has tossed, while other look on.",mscoco,5945,0.0,0.06666666666666667,243727
4833,"Two men with number tags on shirt, each standing with a cow in arena with spectators.",mscoco,3309,0.1,1.0,421184
4834,this is a picture of a very large old clock tower,mscoco,3093,0.4,0.5,610163
4835,An older woman holding a banana while sitting at a table.,mscoco,804,0.1,1.0,407310
4836,Two women prepare food in an old-fashioned kitchen.,mscoco,1658,0.2,0.5,750277
4837,A shirt and a blue tie with a deer head embroidered on it.,mscoco,2578,0.1,1.0,227876
4838,A black bird is walking across a gravel road.,mscoco,131,0.3,0.5,360533
4839,a pole with a street signs and light next to a tall building,mscoco,3758,0.0,0.043478260869565216,617504
4840,Three men ride on surfboards in the ocean.,mscoco,541,0.3,1.0,778806
4841,A large group of giraffes roaming around in an enclosure.,mscoco,3825,0.3,1.0,511710
4842,A man holds a bird with a stick,mscoco,1619,0.1,0.25,418150
4843,A trunk is packed with backpacks and boots.,mscoco,3976,0.5,1.0,653321
4844,Young man sitting on a couch with a game controller in his hand.,mscoco,3192,0.9,1.0,99824
4845,A baseball player takes a high grip on the bat as a catcher scrambles for the ball.,mscoco,5901,0.1,0.25,257536
4846,A bathroom is decorated in burgundy and green.,mscoco,4414,0.1,0.1,153092
4847,A snowy hill with people skiing and sledding ,mscoco,5980,0.0,0.03225806451612903,122390
4848,Two giraffe and two ostrich are standing near trees.,mscoco,2521,0.1,0.5,267648
4849,A large horse carrying around fire fighters and an old fire engine.,mscoco,3387,0.1,0.125,764055
4850,The lights of an electronic traffic signal are glowing at night.,mscoco,3057,0.4,0.5,612586
4851,Two young children play with kites in a grassy yard.,mscoco,3737,0.8,1.0,280572
4852,A passenger bus stopped to pick up passengers.,mscoco,4246,0.2,0.3333333333333333,708762
4853,Young man in orange jersey throwing a baseball.,mscoco,1252,0.1,1.0,212436
4854,Working at the dining table with four laptops.,mscoco,4893,0.1,1.0,596702
4855,An adult and a baby zebra are walking through the grass.,mscoco,2166,0.4,0.25,397217
4856,a red and white fire hydrant sitting in the grass next to a tree,mscoco,3864,0.3,1.0,545527
4857,Several young girls holding tennis racquets next to a man.,mscoco,3089,0.2,0.5,774936
4858,A long curved fruit which grows in clusters and has soft pulpy flesh and yellow skin when ripe.,drawbench,85,0.0,0.006802721088435374,85
4859,A kitchen has white cabinets and a white microwave.,mscoco,5607,0.5,1.0,336150
4860,A black and white cow eating grass on top of a field. with long horns,mscoco,343,0.1,0.3333333333333333,568048
4861,A man posing for a picture while holding a baseball bat.,mscoco,5833,0.9,1.0,14764
4862,Political meeting between a female American and male Asian politicians.,mscoco,5134,0.1,1.0,749825
4863,A customized motor cycle with skulls on it,mscoco,3106,0.1,0.3333333333333333,804275
4864,A sculpture of two people in an old air plane in the street.,mscoco,1207,0.1,1.0,67473
4865,A young boy sitting at a table with donuts.,mscoco,3609,0.2,1.0,571017
4866,A giraffe is eating a large branch with green leaves.,mscoco,4712,0.1,1.0,820337
4867,Baseball player preparing to hit baseball during game.,mscoco,4270,0.3,0.16666666666666666,745908
4868,A young man wearing a suit coat and a tie.,mscoco,3668,0.4,1.0,55193
4869,A maple glazed doughnut sitting on a white plate.,mscoco,351,0.1,1.0,714014
4870,A plate of spaghetti dish with broccoli and pine nuts,mscoco,362,0.3,1.0,143941
4871,"A man in a suit, black gloves, and sunglasses looks out of place in an outdoor crowd of casually dressed people.",mscoco,4967,0.1,0.5,454667
4872,A black and white photo of a tennis player returning a shot.,mscoco,2450,0.3,0.3333333333333333,346652
4873,A woman heading into the water with a surf board ,mscoco,2899,0.8,1.0,464705
4874,A young person with a bat and helmet playing baseball.,mscoco,4657,0.6,1.0,397618
4875,A woman and man are posing together on a motorcycle. ,mscoco,149,0.8,1.0,657958
4876,a police officer is on a motorcycle with a double decker bus in the background,mscoco,5997,0.6,0.5,476067
4877,Girl holding a wii mote in her house,mscoco,4239,0.3,0.25,10804
4878,surfer in his wetsuit carrying his surf board on the beach in front of the waves,mscoco,3896,0.4,1.0,464223
4879,A white plate with a piece fish covered in gravy with potatoes and vegetables for sides.,mscoco,4573,0.1,0.3333333333333333,518770
4880,"There are yellow onions, purple onions, and broccoli. ",mscoco,3591,0.1,1.0,244539
4881,A dog riding on a motorcycle with a person,mscoco,3973,0.8,0.5,487455
4882,Utility truck parked on tree lined urban street.,mscoco,1647,0.2,0.14285714285714285,406939
4883,Young men take photos and wave at a concert,mscoco,4934,0.1,0.5,94491
4884,A brown white and black cat is sitting on a sofa.,mscoco,2619,0.4,0.5,66610
4885,A tennis player in a blue and white outfit preparing to hit a tennis ball.,mscoco,2863,0.1,1.0,10589
4886,Man in blue jacket using a toilet in a field.,mscoco,5397,0.2,1.0,212697
4887,A snowboarder speeds down a snow covered slope.,mscoco,5106,0.3,0.3333333333333333,97870
4888,A baseball player in a white uniform swings the bat.,mscoco,420,0.1,0.1111111111111111,551107
4889,A person skiing on the snow in a ski race.,mscoco,3030,0.5,1.0,290120
4890,A tall clock tower is beside a shorter building.,mscoco,829,0.5,0.5,363775
4891,A group of people gather outside and eat at the table.,mscoco,5225,0.4,1.0,44740
4892,A street sign is attached to a pole near a traffic light and a pink sign.,mscoco,1364,0.0,0.01098901098901099,421384
4893,A stainless steel refrigerator in a kitchen with wooden cabinets.,mscoco,5912,1.0,1.0,744186
4894,"a person looking at self in motorcycle mirror, has shades.",mscoco,5708,0.6,1.0,714848
4895,Siblings playing with toys on the floor of a living room,mscoco,4576,0.1,0.5,101191
4896,Several sheep standing on a path in a grassy field.,mscoco,2999,0.4,1.0,544559
4897,Group of men posing for photo at night on playing field.,mscoco,704,0.1,1.0,581008
4898,A man in a skate park performing tricks on a skateboard.,mscoco,1134,0.5,0.3333333333333333,21765
4899,A living room area with a white fireplace and striped furniture.,mscoco,4479,0.2,0.5,503114
4900,A man taking a bite from a donut that is suspended on a string.,mscoco,3893,0.2,1.0,250576
4901,A cow rests on the lawn in front of a stone structure.,mscoco,2662,0.1,1.0,11812
4902,FENCED IN FIELD OF SNOW WITH MOUNTAINS AND OVERCAST SKY,mscoco,4949,0.1,1.0,125967
4903,Chocolate frosted cake partly cut with July banner. ,mscoco,4155,0.1,0.3333333333333333,96940
4904,An opened stick of butter sitting near some scissors,mscoco,2267,0.1,1.0,459792
4905,A cat with a collar sitting on a laptop keyboard. ,mscoco,5039,0.2,0.25,3633
4906,A small brown dog wearing a neck tie.,mscoco,4861,0.3,1.0,331183
4907,A hose connected to a fire hydrant during cold winter weather.,mscoco,5818,0.1,0.5,109288
4908,Yellow and grey train passing near platform in urban area.,mscoco,3894,0.1,0.1111111111111111,582214
4909,A small child smiles at the camera while lying down and holding a toothbrush.,mscoco,555,0.2,0.5,476281
4910,a white toilet with a book shelf  with some books and a toilet roll,mscoco,862,0.2,1.0,39974
4911,Girl in dress sitting on bench with kittens,mscoco,857,0.1,1.0,822999
4912,The silhouette of a person standing in front of a sunset over water. ,mscoco,2685,0.5,1.0,5334
4913,A tow truck towing a car on a city street.,mscoco,1695,0.5,0.5,312274
4914,There are several towels in a small yellow bathroom.,mscoco,1947,0.2,1.0,492190
4915,A baseball player hitting a ball with his bat. ,mscoco,432,0.6,1.0,412295
4916,A man in white takes a swing at a tennis ball.,mscoco,4319,0.5,0.2,68242
4917, Avery clean brick and tile bathroom thats ready for use.,mscoco,5563,0.0,0.01020408163265306,398384
4918,A man standing on a beach flying a kite.,mscoco,5122,0.7,0.5,321437
4919,Two players vie for control of the ball on a soccer field.,mscoco,2861,0.3,0.25,501345
4920,A group of giraffee standing next to a tree behind a fence,mscoco,1149,0.0,0.058823529411764705,94330
4921,A white toilet sitting next to a large window.,mscoco,1503,0.6,1.0,697674
4922,Two giraffes standing in front of a group of trees. ,mscoco,571,0.7,1.0,267438
4923,A hotel room has double beds with white and gold bedspreads.,mscoco,1081,0.3,0.16666666666666666,53743
4924,Two zebras and a giraffe in grassy area next to trees.,mscoco,2828,0.1,0.14285714285714285,384282
4925,A man wearing glasses slicing an onion on a cutting board,mscoco,2827,0.2,1.0,663544
4926,A pizza is topped with many different ingredients.,mscoco,361,0.4,1.0,724899
4927,A white cat with two different color eyes is resting in a sink.,mscoco,935,0.2,1.0,722280
4928,A baseball player at bat in a game,mscoco,4754,0.5,1.0,127683
4929,a bunch of fruit on a market stand,mscoco,2634,1.0,1.0,701013
4930,A herd of sheep grazing on snow covered ground.,mscoco,1034,0.7,1.0,162205
4931,A zebra grazes in a grassy field in front of some shrubs. ,mscoco,3345,0.2,0.3333333333333333,155710
4932,Person with wet suit holding onto handles of parachute. ,mscoco,4121,0.0,0.03225806451612903,296019
4933,A red traffic sign with a metal pole attached to it.,mscoco,4264,0.0,0.0007668711656441718,413171
4934,A fried piece of food with a tomato on it is in front of two people in the background.,mscoco,2133,0.0,0.09090909090909091,675715
4935,a herd of zebras walking in a large field of dry grass ,mscoco,4461,0.6,0.5,764487
4936,Two people standing in a living room holding remotes.,mscoco,3988,0.3,0.2,754232
4937,The intersection of Floyd Avenue and North Linden Street.,mscoco,2642,0.0,0.004,535862
4938,A yellow cup of liquid sits next to a keyboard.,mscoco,830,0.2,0.3333333333333333,237504
4939,"Stop sign near brick building and fenced area on treed street where someone has vandalized the sign to say ""stop, hammer time"" after MC Hammer's past music hit.",mscoco,5979,0.0,0.05555555555555555,525844
4940,A vintage motorcycle on display with others of the same era.,mscoco,4856,0.4,0.3333333333333333,47107
4941,Adult elephant with two riders walking down street near onlookers.,mscoco,5339,0.0,0.05263157894736842,280019
4942,a desk with picture frames pens and a laptop with a mouse,mscoco,3610,0.1,0.16666666666666666,625530
4943,The baby elephant stays close to an adult with tusks.,mscoco,2134,0.1,0.5,112727
4944,A zebra standing behind a cut log in an enclosure.,mscoco,910,0.2,1.0,531462
4945,Wine and desserts are served on a table.,mscoco,3597,0.0,0.045454545454545456,800689
4946,A close up view of a cat with a dead bird in its mouth.,mscoco,5344,0.1,1.0,620580
4947,A bunch of unripe bananas hanging from a tree.,mscoco,4204,0.6,1.0,489432
4948,A wide shot of a street with cars and power lines.,mscoco,3861,0.1,1.0,190700
4949,An old photograph of refrigerators for sale in an appliance store. ,mscoco,4936,0.3,1.0,496651
4950,A group of people on motorcycles with helmets on.,mscoco,2069,0.7,1.0,788743
4951,BROWN BULL WITH LARGE HORNS LAYING ON A BEACH,mscoco,4445,0.2,0.3333333333333333,255642
4952,A tan bathroom with black curtains and towel,mscoco,3424,0.1,0.25,820952
4953,A bowl of croissants sits on a table with white dishes.,mscoco,5312,0.1,0.14285714285714285,117186
4954,A man and a woman cutting slices of a multiple colored cake.,mscoco,1005,0.3,0.5,240903
4955,Snow covers a fire hydrant near a road.,mscoco,5664,0.6,1.0,750755
4956,A wedding cake decorated with a tree design.,mscoco,4427,0.3,1.0,196268
4957,Polar bear in zoo enclosure playing with plastic toys.,mscoco,5714,0.3,0.3333333333333333,485564
4958,A woman sitting next to another woman who is holding a cup and looking at her cellphone.,mscoco,352,0.2,0.3333333333333333,286412
4959,"A grouping of broccoli, cabbage, sweet potato, apples, peach, orange, bananas potatoes and baby carrots.",mscoco,3443,0.1,1.0,304090
4960,A vase holding various pink and red flowers.,mscoco,3373,0.1,0.5,744287
4961,Small boats float near a lock for a dam.,mscoco,1350,0.1,1.0,368053
4962,Two cows in a pen eat hay on a farm.,mscoco,3427,0.1,0.3333333333333333,821757
4963,A glass container with red rubber lid is open to display green bean casserole and sits in front of a microwave. ,mscoco,724,0.1,1.0,652373
4964,A man with a dog plays a game on his Wii.,mscoco,5393,0.1,0.25,96605
4965,A skier jumps a snow ramp adjacent to a ski lift.,mscoco,3780,0.1,0.3333333333333333,493465
4966,A baseball player is standing on the field while another is stretching as people in the background watch.,mscoco,3716,0.0,0.05263157894736842,466404
4967,A brown cow lies on hay in a barn.,mscoco,1633,0.4,1.0,138041
4968,Young people stand in front of a hill where many others are flying kites.,mscoco,5169,0.0,0.0013123359580052493,440832
4969,A small white kitchen with a meal preparation in progress.,mscoco,698,0.1,0.3333333333333333,672455
4970,A giraffe standing behind a wooden fence near a group of people.,mscoco,3126,0.1,0.14285714285714285,573074
4971,A man throwing a Frisbee in a park.,mscoco,1185,0.8,1.0,263276
4972,a black and white photo of people sitting on a bench ,mscoco,136,0.4,0.5,105651
4973,The sandwich in the paper boat is overflowing with ingredients.,mscoco,5447,0.0,0.007518796992481203,230815
4974,A man standing next to a white surfboard.,mscoco,396,0.7,1.0,439630
4975,A plate of food including mashed potatoes and broccoli. ,mscoco,5755,0.2,0.2,441067
4976,A room with a bed and two glass sliding doors.,mscoco,1092,0.3,0.3333333333333333,661238
4977,Old photograph depicting group of adults outdoors and some luggage.,mscoco,3653,0.1,1.0,708238
4978,A woman in a blue outfit holding a tennis racquet.,mscoco,5641,0.6,1.0,254724
4979,The red and white sign has a person on a bicycle.,mscoco,635,0.1,0.5,132804
4980,Skateboarder with red shirt on jumping on his board. ,mscoco,3317,0.2,0.3333333333333333,311947
4981,A white laptop sitting on top of a bed.,mscoco,513,0.6,0.5,122012
4982,A black and white image of a train going down the tracks.,mscoco,1340,0.6,1.0,169274
4983,A silver truck on street next to other vehicles.,mscoco,5660,0.1,0.25,310035
4984,Military jet parked on tarmac at airfield with pedestrian traffic nearby.,mscoco,958,0.1,0.1111111111111111,579811
4985,Three Starwars action figures playing in a blender.,mscoco,5615,0.1,1.0,326564
4986,This bird is looking at a toy photographer.,mscoco,3890,0.1,0.5,312968
4987,Baseball player preparing to swing during the game.,mscoco,2652,0.1,0.1,669246
4988,A person in an orange jacket skiing down a trail.,mscoco,5594,0.3,0.5,749602
4989,A stainless steel refrigerator in a home kitchen.,mscoco,1615,0.9,1.0,176588
4990,Adult male baseball player at bat during a baseball game. ,mscoco,2255,0.2,0.14285714285714285,341890
4991,A pack of skiers are lined up to start a race.,mscoco,1021,0.1,1.0,264387
4992,A girl is smiling with a woman while a plate of french toast and eggs is on a table.,mscoco,2905,0.1,0.5,701270
4993,A professional baseball player taking a swing at a ball.,mscoco,1594,0.2,1.0,388306
4994,A smiling man stands holding a tennis racket.,mscoco,3939,0.4,1.0,459949
4995,"A bathroom with sink, toilet, and tub ",mscoco,5651,0.9,1.0,703175
4996,A blue Orbit bus is parked in front of some buildings.,mscoco,2052,0.0,0.006666666666666667,36140
4997,A young boy in a shirt smiles while wearing a tie and fake mustache.,mscoco,3130,0.1,0.5,722800
4998,A bathroom has been vandalized and has bullet holes. ,mscoco,5007,0.1,1.0,680282
4999,The table has three large plates of food and two smaller ones. ,mscoco,2210,0.0,0.011363636363636364,733923
5000,A girl wears a life jacket while white water rafting with paddles,mscoco,5078,0.2,1.0,35132
5001,Zebras and other animals are on a large brown field.,mscoco,3624,0.1,0.2,157111
5002,a sign showing stop on the street besides buildings,mscoco,3858,0.0,0.03333333333333333,492078
5003,A man that is riding on a motorcycle with a dog.,mscoco,597,0.8,1.0,471476
5004,a child swinging a baseball bat in a baseball field,mscoco,984,0.6,1.0,497390
5005,A large group of people on the street with some bikes.,mscoco,2975,0.5,1.0,337911
5006,a close up of an open box of doughnuts ,mscoco,2887,0.7,0.5,780613
5007,Various muffins and pastries on trays inside plastic cabinets,mscoco,5157,0.1,0.5,796117
5008,Two children are sitting at a table eating a sandwich.,mscoco,1675,0.2,0.5,270402
5009,The brown and white cat is on the kitchen shelf next to the dishes.,mscoco,678,0.1,0.25,166429
5010,A black bear sitting on a rock in the sun.,mscoco,4742,0.1,1.0,143705
5011,Men in uniforms playing soccer on a field.,mscoco,991,0.6,0.25,769996
5012,A man sitting on a bench surrounded by birds,mscoco,5566,0.6,1.0,805124
5013,A Rest Avenue street sign in front of a cemetary.,mscoco,2682,0.1,0.3333333333333333,658210
5014,A group of chefs preparing food inside of a kitchen.,mscoco,4166,0.8,1.0,264196
5015,"a plate of food, consisting of carrots, asparagus, cheese, crackers, berries and more",mscoco,5870,0.1,1.0,409619
5016,A double decker bus on a road in the United Kingdom. ,mscoco,3513,0.5,0.5,101724
5017,A table full of white vases with flower toppers.,mscoco,2003,0.1,1.0,623062
5018,Sheep are walking along a grassy field. ,mscoco,739,0.2,0.5,321401
5019,A young elephant that is walking near other elephants.,mscoco,3695,0.7,1.0,512380
5020,Two women are standing under a pink umbrella.  ,mscoco,21,0.2,1.0,820631
5021,A tray has a cup and a plate with fries and a hotdog on it.  ,mscoco,2059,0.2,1.0,668157
5022,A large building with a clock tower surrounded by trees.,mscoco,1690,0.5,0.5,63433
5023,"A device consisting of a circular canopy of cloth on a folding metal frame supported by a central rod, used as protection against rain or sometimes sun.",drawbench,79,0.0,0.010416666666666666,79
5024,A child's room is brightly decorated with blue walls.,mscoco,2640,0.1,1.0,174540
5025,A group of young people skateboarding on hockey ring.,mscoco,1712,0.1,0.3333333333333333,52986
5026,A man riding a skateboard through a set of cones while people stand behind him watching and talking.,mscoco,2077,0.3,0.16666666666666666,283953
5027,Young baseball player prepares to make a catch while tagging the base,mscoco,3049,0.1,0.5,353454
5028,"A backpack, a zebra colored suitcase and other baggage sits on the floor and on a table near a door.",mscoco,5406,0.0,0.0625,234618
5029,A bicycle is parked near a pole on a cobblestone street.,mscoco,649,0.4,1.0,649788
5030,A young girl and boy playing with a soccer ball in a field.,mscoco,205,0.4,1.0,593666
5031,A construction worker installing and performing maintenance on a traffic light.,mscoco,4667,0.7,1.0,675366
5032,A man with beard in blue shirt using a laptop at a table.,mscoco,1698,0.1,0.3333333333333333,403640
5033,A zebra in dirt area next to a wooden fence.,mscoco,3496,0.1,0.1111111111111111,389265
5034,Man in an orange and white baseball uniform throwing a ball. ,mscoco,5045,0.5,0.3333333333333333,696424
5035,some peple eating hot dogs during an eating contest,mscoco,2333,0.2,1.0,715579
5036,a black and white dog and a gray cat laying on a bed,mscoco,2976,0.1,0.25,84475
5037,a grey and white cat looking at a cup on the table ,mscoco,4698,0.2,1.0,790960
5038,A dog sitting in the back of a truck under a blue umbrella.,mscoco,1949,0.1,1.0,95568
5039,Man playing tennis on a court in front of a crowd.,mscoco,1291,0.3,0.5,763478
5040,Large sized truck with a medium sized black dog in the passenger seat.,mscoco,1368,0.1,0.14285714285714285,693398
5041,OLD BLACK AND WHITE PHOTO OF AN ALL BOYS SCHOOL,mscoco,664,0.6,1.0,275517
5042,Man in sunglasses and leather jacket with a plate of donuts.,mscoco,4854,0.1,1.0,237957
5043,a female tennis player in a white dress playing tennis,mscoco,2797,0.5,1.0,582516
5044,a tennis player on a court with a racket,mscoco,653,0.4,0.5,406135
5045,Several people are flying kites on the beach.,mscoco,3444,1.0,1.0,777684
5046,A very tall clock tower over a busy city street.,mscoco,2889,0.1,1.0,522637
5047,An airplane descending onto an airstrip inside a city.,mscoco,4017,0.1,0.1111111111111111,424114
5048,a lamb standing next to a couple of sheep,mscoco,3348,0.0,0.02040816326530612,766891
5049,a flock of sheep in a green pasture,mscoco,2234,0.9,1.0,561519
5050,A refrigerator is in a kitchen next to a stool.,mscoco,4458,0.1,0.5,384458
5051,A woman tennis player prepares to hit the ball.,mscoco,2211,0.4,0.25,598832
5052,Very large balloon depicting whale on display at beach.,mscoco,2456,0.1,1.0,692689
5053,group of people walking a beach carrying surf boards,mscoco,1748,0.8,1.0,744383
5054,A man in white shirt doing a trick on a surfboard.,mscoco,2580,0.0,0.047619047619047616,602171
5055,Adults enjoying fun time aboard sailboat on sunny day.,mscoco,4895,0.1,0.25,683898
5056,White and black goats standing and sitting in a grassy field.,mscoco,1754,0.1,0.5,438689
5057,a grilled sandwich and a coffee drink on a table,mscoco,172,0.4,0.5,135814
5058,Man walking on field with cotton candy in hand at outdoor event.,mscoco,4398,0.0,0.07692307692307693,743646
5059,People standing and walking by a food truck parked on the street.,mscoco,5173,0.6,0.5,256532
5060,a couple of people are skiing down a snowy hill,mscoco,2265,0.9,1.0,611467
5061,Several skiers trace a path along a snowy slope.,mscoco,1077,0.3,0.25,461272
5062,A room with a wooden floor and blue walls.,mscoco,237,0.4,1.0,748617
5063,Three men in business suits sitting at a table. ,mscoco,3594,0.1,0.3333333333333333,48976
5064,A man plays an instrument on a bench. ,mscoco,4912,0.2,1.0,413673
5065,A cat is peaking out of a yellow and black backpack.,mscoco,4139,0.1,1.0,117718
5066,An old fashioned picture has a smiling baby with a teddy bear.,mscoco,1268,0.2,1.0,26060
5067,A couple of people standing in the ocean under a kite.,mscoco,1118,0.1,1.0,567875
5068,An umbrella obscures a person sitting outside a store. ,mscoco,4143,0.1,0.3333333333333333,566920
5069,A stop sign is standing on a street corner.,mscoco,1110,0.7,1.0,211348
5070,A calf stands next to a cow that is laying down.,mscoco,3026,0.0,0.07692307692307693,343569
5071,a person walks near water and there is a bus driving through it,mscoco,4510,0.1,1.0,475676
5072,San Francisco Giants pitcher standing on the mound looking at a runner on base and an umpire,mscoco,3714,0.1,0.14285714285714285,142775
5073,A lone zebra is walking through a grassy plain,mscoco,1428,0.3,0.2,666888
5074,a small bathroom with a toilet sink and mirror,mscoco,244,0.6,1.0,386501
5075,A bird standing alone on a cloudy beach,mscoco,3543,0.1,1.0,64318
5076,There is a bathtub and a toilet in an unused bathroom.,mscoco,515,0.1,0.125,555021
5077,A group of teddy bears sitting on a decorative red bed.,mscoco,4920,0.2,0.5,819109
5078,A very big pretty train in the station.,mscoco,5791,0.1,0.2,526282
5079,A man standing in front of a mirror holding a cell phone.,mscoco,4925,0.0,0.027777777777777776,401881
5080,"A cellphone, keys, a pen, datebook and cigarettes.",mscoco,2014,0.0,0.03125,458526
5081,A white stove top oven next to two shelfs.,mscoco,2916,0.2,0.125,283276
5082,Horse drawn carriage on cobblestone road in urban area.,mscoco,1983,0.9,1.0,416383
5083,Two young men are playing Frisbee on a field.,mscoco,3834,0.8,1.0,617828
5084,A baseball player awaits his turn at bat. ,mscoco,1806,0.3,0.16666666666666666,83214
5085,A small orange vase is on a table with a small branch in it.,mscoco,360,0.1,0.1111111111111111,800617
5086,View of a bathroom with a towel warmer at the end by the toilet.,mscoco,560,0.0,0.02857142857142857,226624
5087,A baseball player with a number five jersey is up to bat.,mscoco,3438,0.0,0.017241379310344827,736325
5088,a bathroom with a blue sink and shower a toilet and window,mscoco,3009,0.2,0.2,320817
5089,a green street sign over a stop sign,mscoco,3545,0.6,1.0,790855
5090,Two small cows that are standing on some grass.,mscoco,2673,0.7,1.0,822582
5091,A side view of two traffic signals on a pole.,mscoco,722,0.0,0.06666666666666667,546957
5092,A girl hitting a soccer ball with her head ,mscoco,1196,0.1,1.0,630899
5093,a living room with a bright red couch next to a yellow wall ,mscoco,5365,0.3,1.0,697530
5094,a dog standing next to a sheep in some dry grass ,mscoco,5190,0.0,0.037037037037037035,498606
5095,A young baseball player throws the ball as others watch.,mscoco,3778,0.1,0.25,46036
5096,A wooden bench is positioned in front of a building.,mscoco,838,0.5,1.0,787917
5097,A pair of birds fly along the shore.,mscoco,2438,0.3,1.0,369344
5098,A large room with three beds in it,mscoco,1582,0.1,0.16666666666666666,661069
5099,A young person jumping a snowboard off a snow ramp on a hillside.,mscoco,7,0.2,0.5,785782
5100,a bathroom with a glass sink base with a bowl on top,mscoco,4281,0.3,1.0,695374
5101,A woman wearing a blue dress shirt and brown necktie that has a design on it.,mscoco,5783,0.1,0.5,473199
5102,Two horses are grazing in the grass near a fence.,mscoco,134,0.5,1.0,287668
5103,"A bathroom has a disassembled toilet, brown and white tile.",mscoco,5794,0.1,0.5,233232
5104,A man playing a video game on the Nintendo Wii.,mscoco,4625,0.8,1.0,29415
5105,A white bird with a spoon bill on a branch.,mscoco,3662,0.1,0.3333333333333333,718585
5106,A man sitting on a moped looking at a cell phone.,mscoco,2054,0.1,0.5,199723
5107,A man with glasses talking on a cell phone while walking. ,mscoco,3765,0.1,0.2,681476
5108,A cat sits on top of a sleeping dog. ,mscoco,3307,0.1,0.1111111111111111,585928
5109,A herd of cow grazing in an open field ,mscoco,1843,0.7,1.0,126620
5110,A cat walking next to a bicycle outside.,mscoco,1495,0.2,1.0,311430
5111,A cat with its paws on a laptop.,mscoco,262,0.8,1.0,539204
5112,A person made out of pumpkins while standing on pumpkins. ,mscoco,1371,0.1,1.0,700140
5113,Surfer riding breaking wave with man on wave runner nearby.,mscoco,4453,0.0,0.003125,814480
5114,Pizza coming out of the oven ith much cheese and crust.,mscoco,5891,0.1,0.16666666666666666,765236
5115,An office table holding a monitor and keyboard in a room.,mscoco,2144,0.2,0.2,647651
5116,A bathroom with bathroom furniture and other bathroom items. ,mscoco,300,0.2,1.0,505238
5117,An overhead shot of a a pitcher throwing a baseball.,mscoco,1210,0.5,0.5,606060
5118,an image of several elephants herding in the pasture,mscoco,1568,0.9,1.0,259049
5119,A red and blue painted airplane flying past trees.,mscoco,4660,0.1,1.0,565732
5120,A baseball player for the San Francisco Giants stands at home plate. ,mscoco,4210,0.1,1.0,760639
5121,a close up of a person wearing a shirt and tie,mscoco,5592,0.7,0.5,393380
5122,A man riding a bike while talking on a phone.,mscoco,145,0.7,1.0,548569
5123,A photograph of the bathroom inside a house.,mscoco,3800,0.6,0.5,272283
5124,Wooden bench on hillside near grassy sloped area.,mscoco,5023,0.3,1.0,636870
5125,A person surfing on a board in the blue ocean,mscoco,4990,0.3,1.0,101589
5126,A bird with a red top on its head next to an orange in a tree.,mscoco,3981,0.1,0.3333333333333333,463694
5127,A man poses while wearing a light up tie. ,mscoco,3922,0.1,1.0,796066
5128,A man holds a tennis racquet while bending his legs.,mscoco,1243,0.2,0.2,77199
5129,"A bathroom area with sink, toilet and bathtub.",mscoco,3694,0.4,0.5,403603
5130,A photographer's reflection can be seen in an alarm clock bell. ,mscoco,3654,0.1,1.0,170333
5131,A boat is docked in a marina during dusk.,mscoco,2248,0.4,1.0,482547
5132,A person is riding a horse around a track,mscoco,1708,0.0,0.05,434240
5133,A man watches a giraffe eating from a tree. ,mscoco,1678,0.1,1.0,116475
5134,a large clock tower with sculptures around the clock,mscoco,2866,0.7,1.0,589183
5135,traffic lights and parked cars along the street,mscoco,4896,0.3,0.5,781436
5136,A baby holding a toothbrush in a living room.,mscoco,3394,0.2,1.0,632720
5137,A large body of water filled with lots of boats near tall buildings.,mscoco,2195,0.1,1.0,462764
5138,a woman walks behind of a man with a tree in the back ground ,mscoco,1653,0.0,0.0038910505836575876,320952
5139,Daughters frosting a cake in their dining room while Moms get water,mscoco,4025,0.0,0.058823529411764705,538658
5140,A young boy swings a baseball bat at a ball in the park.,mscoco,2408,0.5,0.5,100681
5141,A microwave and a coffee maker on a counter.,mscoco,1505,0.1,1.0,677428
5142,A dark blue semi truck cab with people sitting on the bumper.,mscoco,2348,0.1,0.2,488721
5143,Road intersection with traffic cones and signs for construction.,mscoco,2928,0.0,0.017543859649122806,243920
5144,A view of a coffee shop from someone that is sitting down at a table with  their laptop. ,mscoco,3319,0.1,1.0,485049
5145,A plate of chicken and fresh salad is being served.,mscoco,413,0.2,0.3333333333333333,119398
5146,A young boy in a red shirt tries to catch a baseball. ,mscoco,565,0.2,0.5,660502
5147,A snowboarder performs a trick on a box.,mscoco,1140,0.1,0.125,543111
5148,A table full of yellow bananas at a market.,mscoco,1596,0.9,1.0,625765
5149,A cat asleep with its paw on a computer keyboard ,mscoco,5026,0.1,0.3333333333333333,704163
5150,A yellow lab dog sits panting in a car.,mscoco,1672,0.3,1.0,65344
5151,Giraffe stands tall in grassy field near trees in zoo enclosure.,mscoco,3535,0.0,0.02127659574468085,641739
5152,Two passengers planes are show with ANA on their tails.,mscoco,5633,0.1,0.5,483088
5153,A man is preparing to throw a Frisbee as he stands in a park. ,mscoco,2990,0.9,0.5,188945
5154,some people standing on a tennis court holding tennis racketts,mscoco,5923,0.6,1.0,671961
5155,A skateboarder doing a trick over a set of stairs.,mscoco,1605,0.8,1.0,120677
5156,A stainless steel stove with a digital display and several dials.,mscoco,4122,0.1,0.16666666666666666,250590
5157,A red book and a yellow vase.,drawbench,24,0.0,0.0,24
5158,"The room has a bed, a dresser, and a table with a chair.",mscoco,96,0.0,0.022222222222222223,560486
5159,Small kitchen with white cabinets and a small window in the center. ,mscoco,4231,0.2,0.1111111111111111,168468
5160,A red passenger carriage attached to a train.,mscoco,4658,0.0,0.024390243902439025,709522
5161,White and brown dog catching a frisbee in a field.,mscoco,4392,0.6,1.0,197095
5162,A man is standing at an open refrigerator door.,mscoco,1929,0.4,1.0,31249
5163,Men's doubles tennis players shaking hands on the court,mscoco,4719,0.1,0.5,360529
5164,Many skiers in a line on the snow near a mountain range.,mscoco,1622,0.2,0.2,584305
5165,A baby elephant stands in the water with an adult elephant.,mscoco,4900,0.2,1.0,390499
5166,Pedestrians walk along a narrow street with their umbrellas.,mscoco,373,0.3,0.5,717375
5167,A plate of noodles and broccoli is shown.,mscoco,2446,0.0,0.015384615384615385,676352
5168,A giraffe eating grass in a fenced enclosure.,mscoco,2147,0.4,1.0,258238
5169,A baseball player pitching a ball on a field.,mscoco,2346,0.7,0.25,307502
5170,a woman and young boy playing a video game,mscoco,3334,0.4,0.3333333333333333,93600
5171,"A large plane is parked on the runway at the airport
",mscoco,3433,0.3,0.3333333333333333,703806
5172,Single wooden bench in corridor with artwork displayed above.,mscoco,5657,0.1,1.0,264210
5173,A young man is flying a kite while holding a child on the beach.,mscoco,4350,0.0,0.05263157894736842,384464
5174,A white mouse and keyboard sit together on a desk.,mscoco,2050,0.7,0.25,769522
5175,a professional baseball player swinging his bat at a game ,mscoco,3186,0.2,1.0,533812
5176,"A sandwich wrapped in a bag, a to-go coffee cup and a drink sits on top of a white table.",mscoco,1221,0.1,0.3333333333333333,110740
5177,A man pitching a baseball while wearing a catchers mitt.,mscoco,1871,0.4,1.0,722017
5178,Herd of zebras with an elephant and rhino in dry grass. ,mscoco,3333,0.0,0.013888888888888888,507867
5179,Two double decker busses passing under an overpass.,mscoco,5325,0.1,0.125,744462
5180,A woman with glasses eating a plate of food.,mscoco,2431,0.0,0.07142857142857142,310666
5181,A man with glasses has a black suit and tie.,mscoco,1902,0.7,1.0,358717
5182,A large fountain structure has a clock at the top.,mscoco,539,0.1,1.0,511290
5183,The young baseball pitcher is wearing a yellow jersey. ,mscoco,4665,0.1,1.0,749238
5184,A man in white shirt and blue shorts playing a game of tennis.,mscoco,2223,0.0,0.02857142857142857,311358
5185,Mouse connected to a laptop with a game of computer pool on the screen,mscoco,3156,0.0,0.02,308057
5186,A skier in red pants traveling down a snowy slope.,mscoco,5741,0.1,0.5,673618
5187,A man checks his reflection in a bathroom mirror.,mscoco,4898,0.2,0.3333333333333333,73232
5188,Three wooden benches lined up at a park. ,mscoco,66,0.1,0.1,587271
5189,tennis player throwing ball up in air to serve,mscoco,2727,0.6,1.0,379839
5190,A giraffe inspects a pumpkin sitting on top of the fence of its enclosure.,mscoco,3252,0.1,1.0,460451
5191,a male skateboarder in a blue shirt doing a trick,mscoco,2559,0.0,0.01818181818181818,370283
5192,Some men and women are sitting at a long table of food.,mscoco,598,0.7,1.0,677817
5193,a close up photo of a pair of bears,mscoco,4111,0.7,1.0,766144
5194,A microwave that has been placed on top of a box of bananas. ,mscoco,1303,0.0,0.06666666666666667,319153
5195,A sheep to the right of a wine glass.,drawbench,132,0.0,0.0,132
5196,Female tennis player in unusual position as crowd looks on,mscoco,4472,0.6,1.0,130232
5197,A moving truck with a ramp for loading household items.,mscoco,4831,0.2,1.0,117716
5198,A man in a blue shirt and white shorts is swinging at a tennis ball.,mscoco,3293,0.1,0.16666666666666666,5197
5199,A blue and white motorcycle parked on the street.,mscoco,1847,0.4,1.0,118359
5200,"Several baseball players in an altercation with one head locking the other,",mscoco,4612,0.1,1.0,244582
5201,A bowl filled with lots of oranges on top of a wooden table.,mscoco,34,0.8,1.0,441055
5202,A tennis player hits the ball with a backhand swing.,mscoco,767,0.1,0.1111111111111111,530999
5203,A bear wandering through some tall grass by a paved trail.,mscoco,2089,0.3,1.0,794024
5204,Horses lay and graze in a field in front of telephone wires and mountains.,mscoco,5507,0.1,0.5,49649
5205,A fedex plane parked on the tarmac with people standing by.,mscoco,5374,0.4,0.5,102755
5206,A suitcase which is kept open and is packed with red dress.,mscoco,5635,0.1,1.0,384567
5207,A red park bench with a blue Hotel sign behind it.,mscoco,5772,0.1,0.5,798171
5208,Man standing next to goats and a dog in a park. ,mscoco,2483,0.1,1.0,212392
5209,Two people wearing water gear kite board with colorful kites,mscoco,2387,0.0,0.011627906976744186,414950
5210,A propeller plan has orange wings and a checkered design.,mscoco,4883,0.1,1.0,251039
5211,Cars are driving through a tunnel on a highway.,mscoco,5804,0.0,0.015625,603201
5212,a living room with a large rug and couches,mscoco,3006,0.3,0.2,535199
5213,Two pizzas sitting next to each other on a stove top.,mscoco,4613,0.4,0.5,13129
5214,"Meat, broccoli and mashed potatoes on a white plate.",mscoco,4151,0.7,1.0,733495
5215,A man taking a swing at a tennis ball,mscoco,1305,0.4,1.0,503705
5216,"A plate with Chicken, broccoli, potatoes and carrots.",mscoco,3068,0.2,0.125,620047
5217,Baked pizza on pan being cut in home kitchen setting.,mscoco,5373,0.4,1.0,707718
5218,this is a big blue bird with red eyes inside an enclosure,mscoco,2000,0.1,0.25,677808
5219,Small tourist train on roadway at crossing  on sunny day.,mscoco,884,0.1,1.0,777144
5220,There is a bird sitting on a picnic table,mscoco,1164,0.2,1.0,159773
5221,a red train car that is parked on the road,mscoco,3132,0.1,0.16666666666666666,589211
5222,"A kitchen with a table, dishwasher, sink and microwave.",mscoco,2482,0.1,0.5,699050
5223,a black bear walking through some tall plants ,mscoco,2586,0.1,0.14285714285714285,630823
5224,A red fire hydrant sitting next to a blue pot of plants.,mscoco,3213,0.1,1.0,733463
5225,The children are enjoying the public video game.,mscoco,2136,0.1,1.0,735729
5226,A well-used stuffed animal bunny sitting on a bed.,mscoco,303,0.2,1.0,43719
5227,A large brown cow standing next to a baby brown cow.,mscoco,2688,0.3,1.0,620995
5228,"A small table with a wine gglass, pumpkin shaped flower pot, orange spoon and a wicker basket.",mscoco,1063,0.1,1.0,271490
5229,A baseball player swinging a bat towards a ball.,mscoco,4784,0.4,1.0,557376
5230,"Agriculture machine driving into dusk, oroducing crops by bundles",mscoco,5709,0.1,1.0,772364
5231,A horse that is actively running through a field of grass.,mscoco,4514,0.3,0.5,483513
5232,a man plays with a frisbee in a park,mscoco,3686,0.7,1.0,190146
5233,A group of people riding on the backs of elephants.,mscoco,1211,0.9,1.0,741958
5234,Person in a safari hat in a small canoe on a body of water.,mscoco,1246,0.0,0.05263157894736842,204331
5235,a small white and black bird is standing on a branch,mscoco,5058,0.7,1.0,563778
5236,A group of zebras is walking by a forest.,mscoco,4822,0.9,1.0,490155
5237,Man in blue shirt and white shorts playing tennis.,mscoco,2966,0.0,0.045454545454545456,197189
5238,A corner view of a kitchen with white appliances and dark wood cabinets.,mscoco,723,0.3,1.0,156197
5239,a collage showing the different ways to present decorative vases,mscoco,5750,0.0,0.07692307692307693,621179
5240,An Air Canada plane flying in for a landing.,mscoco,858,0.1,0.25,516760
5241,A slice of pizza with chicken and spinach.,mscoco,5137,0.0,0.041666666666666664,72732
5242,A snowboarder is riding up a side of a half pipe.,mscoco,138,0.4,0.3333333333333333,639789
5243,A kitchen table in a sunny corner of a room ,mscoco,1759,0.0,0.05263157894736842,683368
5244,A bathroom is white and has a brown and white floor.,mscoco,896,0.0,0.05,67748
5245,Shot of a bathroom with toilet and bath in far corner.,mscoco,2789,0.5,1.0,765126
5246,a baseball pitcher winding up for a pitch.,mscoco,1389,0.5,0.5,171655
5247,A baseball player with a bat in his hand during a game. ,mscoco,902,0.3,1.0,707138
5248,A white polar bear plays with toys in the water.,mscoco,5052,0.5,1.0,686120
5249,The giraffe is walking near a tall slanted tree.,mscoco,4728,0.1,0.16666666666666666,459876
5250,A rainbow lorikeet parrot eats sun flower seeds.,mscoco,3843,0.1,1.0,804075
5251,A dog rests his head on the side of a boat. ,mscoco,288,0.1,0.3333333333333333,112558
5252,A dog is wearing a Santa hat for a portrait.,mscoco,5224,0.5,0.25,224120
5253,A giraffe is walking in a field of tall grass.,mscoco,4553,0.2,1.0,236829
5254,A person skiing down a snowy mountain slope.,mscoco,1733,0.7,0.5,825754
5255,A picture of man with a suit on and his finger pointing up. ,mscoco,158,0.2,1.0,724362
5256,A small white bathroom with a toilet and a shelf.,mscoco,1637,0.1,0.5,112201
5257,"A woman seated at booth restaurant table, smiling and holding seasoning shaker over plate with slice of pizza, with a pan of pizza, another plate of pizza, and sodas in glasses on table.",mscoco,4262,0.1,0.14285714285714285,670509
5258,A team mascot that represents a lightning bolt with boxing gloves.,mscoco,5904,0.1,1.0,302460
5259,A man skateboarding with other skateboarders behind him.,mscoco,5970,0.3,0.3333333333333333,365926
5260,Several bunches of bananas hanging in a kitchen.,mscoco,5663,0.1,1.0,12163
5261,A small dog wears a red hat while leaning on a couch.,mscoco,2373,0.1,1.0,714356
5262,A kitchen is mostly white with a blue rack. ,mscoco,5622,0.0,0.025,244399
5263,a man standing in the park with a kite on the ground,mscoco,3727,0.1,0.3333333333333333,290163
5264,A red train with a yellow front is on the tracks.,mscoco,2541,0.1,0.5,134331
5265,Donuts being processed through a machine that adds their glazed topping.,mscoco,5291,0.3,1.0,598458
5266,a picture of a hotel room with two beds,mscoco,2738,1.0,1.0,2662
5267,a bird flying over a beach towards the ocean,mscoco,4352,0.5,1.0,786704
5268,A small train on display at a museum.,mscoco,1131,0.1,0.3333333333333333,767927
5269,Three giraffes are standing outdoors near a fence.,mscoco,1419,0.5,1.0,564115
5270,A couple of zebra standing in the tall grass.,mscoco,222,0.5,1.0,543808
5271,Panoramic view of a bedroom that has a desk in it ,mscoco,1148,0.2,1.0,457806
5272,A green and white bus is driving down a street.,mscoco,190,0.8,0.5,801410
5273,Several vases sit together on pedestals in a shop.,mscoco,3972,0.6,1.0,115536
5274,spectators watching a person on a snowboard at a sporting event,mscoco,5191,0.4,0.5,476568
5275,A dog running in the snow with a Frisbee in its mouth.,mscoco,2784,0.7,1.0,153101
5276,A person flies a kite in a large park.,mscoco,4330,0.6,1.0,560073
5277,Adults standing near motorcycles and sign in rural outdoor area.,mscoco,1082,0.0,0.022727272727272728,449579
5278,Woman wearing headscarf and trench coat using cell phone.,mscoco,2019,0.1,1.0,582061
5279,A set of traffic lights showing green next to a sign that says 'no turn on red',mscoco,5013,0.1,0.14285714285714285,740327
5280,A toothbrush and toothpaste are on bathroom counter.,mscoco,4981,0.1,0.2,587172
5281,A parking lot full of cars and birds in a blue sky.,mscoco,2129,0.0,0.02631578947368421,175418
5282,A worn brick building has a clock and crucifix hung on the side of it.,mscoco,4361,0.0,0.008928571428571428,184326
5283,"A dirty toilet with yellow water, rusty vase and a bag",mscoco,5002,0.0,0.03333333333333333,411807
5284,A kitchen is shown in front of an empty living room.,mscoco,2023,0.0,0.037037037037037035,47078
5285,A wooden cutting board topped with slices of pizza.,mscoco,5,0.5,1.0,586484
5286,A PERSON STANDING WITH HIS SNOWBOARD NEAR A HOUSE.,mscoco,143,0.0,0.047619047619047616,125614
5287,A motor scooter on display in a store.,mscoco,2290,0.3,1.0,245081
5288,Several hot dogs in trays on a table.,mscoco,152,0.3,1.0,325908
5289,White plane with a blue tail being pulled on a runway. ,mscoco,3072,0.0,0.08333333333333333,203927
5290,A flock of brown and white sheep in a fenced area.,mscoco,2213,0.1,0.3333333333333333,169710
5291,A woman on a cell phone sitting at a table.,mscoco,3620,0.4,1.0,307136
5292,A man in red shirt on skateboard next to a river.,mscoco,4097,0.1,1.0,361514
5293,"Toddler playing with frisbee in grass, who is black.",mscoco,4338,0.1,0.125,768370
5294,A group of mostly brown and white cows.,mscoco,5797,0.8,1.0,58885
5295,A large bird stands on a tree branch.,mscoco,4106,0.5,1.0,809396
5296,A white plate with a serving of rice and beans and broccoli,mscoco,1706,0.1,1.0,89466
5297,Several people exiting a plane on a walkway.,mscoco,3045,0.7,0.5,483282
5298,A woman sits at a table in front of two laptops.,mscoco,2954,0.1,1.0,286314
5299,Some soccer players going for the ball during a soccer game.,mscoco,3299,0.6,1.0,797473
5300,A group of people with umbrellas walking on walkway.,mscoco,126,1.0,1.0,204259
5301,A teddy bear drinking from a pink cup.,mscoco,1080,0.1,1.0,818512
5302,A stainless steel fridge with an ice maker on it.,mscoco,3100,0.4,1.0,436522
5303,A baseball player in uniform holding a bat.,mscoco,4460,0.8,1.0,169380
5304,A close up picture of a dog with long hair.,mscoco,5305,0.1,1.0,145626
5305,People standing in a field flying a kite,mscoco,1358,0.5,0.5,44438
5306,A man posing for the camera on his skis ,mscoco,1439,0.6,1.0,57861
5307,A woman in a white jacket standing on slope with skis.,mscoco,3145,0.1,0.125,202077
5308,a yellow stuffed animal a black purse and a one dollar bill in a suitcase,mscoco,687,0.1,1.0,124599
5309,Cows grazing in a field on a sunny day ,mscoco,5424,0.5,0.5,681321
5310,Man driving a cart pulled by draught horses at a fair,mscoco,5202,0.1,0.14285714285714285,208714
5311,A boy swinging a tennis racquet at a ball.,mscoco,3479,0.8,1.0,463528
5312,A small yellow car parked between two moving trucks.,mscoco,2848,0.1,1.0,522538
5313,An outdoor market with fruit and vegetables. ,mscoco,4677,0.5,0.5,72812
5314,a man standing by an old car with the surfboard on the hood ,mscoco,2291,0.1,1.0,491641
5315,Three youths skateboard on a pedestrian bridge. ,mscoco,602,0.1,0.25,42925
5316,Two giraffes are standing in a white fence enclosure.,mscoco,1935,0.0,0.011235955056179775,511455
5317,A wooden park bench next to a colorful wooden fence,mscoco,3642,0.1,1.0,24959
5318,"A tabby cat is examining a half of a bagel.
",mscoco,333,0.1,1.0,242138
5319,two people walking to the water to surf,mscoco,3644,0.7,0.5,687664
5320,The green and purple umbrellas are upside down in the water next to the canoes.,mscoco,4757,0.1,1.0,142114
5321,A herd of cattle standing on a lush green hillside.,mscoco,114,0.3,1.0,691032
5322,A young boy riding a skateboard on top of a ramp.,mscoco,3796,0.2,0.25,333215
5323,A sandwich with bites and French fries are on a plate. ,mscoco,3960,0.1,0.125,285194
5324,A trio of ducks flying over the water of a creek.,mscoco,5917,0.1,1.0,485678
5325,A very tall building with a red top next to other buildings.,mscoco,1609,0.0,0.07142857142857142,475268
5326,A thick crust pizza being eaten by someone.,mscoco,4011,0.2,0.5,684768
5327,Man walking in front of a blue sign and red hydrant.,mscoco,4408,0.1,1.0,243082
5328,Men holding red and blue flags ride in a red and blue car.,mscoco,2581,0.1,1.0,328991
5329,Amateur tennis player prepared to hit incoming ball.,mscoco,4806,0.0,0.03333333333333333,634207
5330,A lone zebra standing next to a tree in front of a fence,mscoco,63,0.4,1.0,681300
5331,Two people under an umbrella on a wet sidewalk with stars.,mscoco,2796,0.1,0.1111111111111111,574971
5332,A man goes through oranges in crates at an outdoor market.,mscoco,1456,0.1,0.16666666666666666,507352
5333,A man riding a snowboard down a snow covered slope.,mscoco,480,0.3,0.25,261049
5334,A baseball player at bat with the catcher and umpire behind him.,mscoco,855,0.5,0.25,344799
5335,People at he beach with a girl entering the water while holding a surfboard.,mscoco,5627,0.0,0.02564102564102564,149897
5336,Three people posing for a picture with a street sign and a fire hydrant.,mscoco,4185,0.1,1.0,541733
5337,Two birds perched on branches in a fruit tree,mscoco,263,0.1,1.0,167649
5338,University of Iowa pitcher throwing a two seam fast ball.,mscoco,5673,0.0,0.02040816326530612,77899
5339,A bus stops on a street corner as pedestrians walk down the street.,mscoco,2188,0.2,1.0,158233
5340,Two giraffes in an enclosure standing under a tree.,mscoco,2557,0.4,0.5,186109
5341,Wall menu and food display at fast food restaurant.,mscoco,5302,0.2,1.0,629840
5342,Children and adults standing to food items on red covered table.,mscoco,3462,0.1,0.5,260067
5343,A small black cat sitting on the window of a car.,mscoco,2164,0.0,0.05555555555555555,380630
5344,a blue and pink food truck parked on brick walkway,mscoco,5490,0.1,0.25,735641
5345,A pick-up truck with a bed covering in front of a garage.,mscoco,1500,0.1,0.3333333333333333,45018
5346,A child feeds a carrot to a goat at the petting zoo.,mscoco,5878,0.1,1.0,326529
5347,Large crowd observing computer monitors with walls and floor,mscoco,3171,0.2,0.3333333333333333,461728
5348,A pasture with three sheep with a house in the background.,mscoco,4145,0.2,1.0,36918
5349,a group of jet airlplanes sitting on a runway,mscoco,4404,0.6,1.0,578315
5350,"A demolished bathroom with a sink, toilet and tub.",mscoco,4672,0.2,0.5,822273
5351,Large sandwich sits on table with two beverages.,mscoco,2198,0.2,1.0,189274
5352,A woman brushing her teeth in front of a bathroom mirror.,mscoco,4849,0.8,1.0,592173
5353,A cross-section view of a brain.,drawbench,73,0.0,0.0,73
5354,A rusted fire hydrant sitting on the side of a road.,mscoco,4899,0.4,1.0,734436
5355,Two men in military uniforms sitting on a motor bike.,mscoco,1827,0.1,1.0,491986
5356,A blue parking sign stands between two parking meters.,mscoco,1290,0.1,1.0,230913
5357,Man on beach standing beneath large kite at sunset.,mscoco,3547,0.1,0.3333333333333333,447340
5358,We are looking at an old photo of a rundown street.,mscoco,2720,0.3,1.0,586725
5359,"An instrument used for cutting cloth, paper, and other thin material, consisting of two blades laid one on top of the other and fastened in the middle so as to allow them to be opened and closed by a thumb and finger inserted through rings on the end of their handles.",drawbench,83,0.0,0.014492753623188406,83
5360,Tennis star Martina Navratilova holding a racket and wearing her hat backwards,mscoco,5062,0.0,0.03571428571428571,30296
5361,A young boy flies a kite in the sky. ,mscoco,1718,0.9,1.0,575379
5362,Many colorful kite surfers over an ocean cove,mscoco,1775,0.3,0.3333333333333333,130705
5363,Several giraffes standing around together in the grass.,mscoco,2190,0.7,1.0,199260
5364,A bed is covered with a plaid blanket and topped with a fish pillow.,mscoco,1563,0.1,0.25,542053
5365,"A keyboard, a remote control, and two circuit boards with wires, all on top of a map.",mscoco,3480,0.1,1.0,617770
5366,A grey and black cat laying on black suitcase.,mscoco,3199,0.3,1.0,403596
5367,A group of little boys sitting and eating pizza.,mscoco,356,0.2,0.3333333333333333,263366
5368,View of a city intersection from inside a car.,mscoco,2116,0.2,0.3333333333333333,100378
5369,A dog in a car is viewed from the car's side  mirror.,mscoco,2902,1.0,1.0,215887
5370,The street sign for Ronald Reagan Allee in Berlin,mscoco,2469,0.1,1.0,580601
5371,Two people in orange jackets smile as they ski up a road.,mscoco,5776,0.1,0.3333333333333333,551574
5372,A young kid standing by the street holding a skateboard. ,mscoco,2508,0.3,1.0,421570
5373,An umpire watches over a baseball game played by children.,mscoco,4578,0.1,0.3333333333333333,760781
5374,A baseball game is being played with the batter up.,mscoco,4003,0.3,1.0,38758
5375,a young kid with a bat is in a batting stance ,mscoco,470,0.8,1.0,471297
5376,Bunches of bananas are on the ground near a wall.,mscoco,2273,0.2,1.0,252490
5377,A woman playing tennis is about to serve the ball.,mscoco,2350,0.5,0.5,742108
5378,"Sink with soap pump, toothbrush holder, empty toilet paper roll, soap",mscoco,4694,0.0,0.037037037037037035,577763
5379,Young girl dressed in blue and pink skiing down a hill.,mscoco,4177,0.2,1.0,419835
5380,A gold clock sitting on top of an animal figure.,mscoco,691,0.3,1.0,771921
5381,two yellow vases with some paint on them ,mscoco,2523,0.1,0.3333333333333333,554337
5382,Pitcher pitching a ball during a baseball game.,mscoco,4362,0.4,0.5,5181
5383,"A round blue cake decorated with a sign that reads ""Central Park"".",mscoco,3146,0.1,0.5,676582
5384,A woman with red hair wearing a uniform eats a hot dog.,mscoco,3018,0.1,0.5,713842
5385,A four poster white bed is in a white room.,mscoco,2992,0.1,1.0,331019
5386,"View from inside of an apartment wit ha TV and a chair, the door to the outside is open.",mscoco,4776,0.2,0.5,347248
5387,A sidewalk with a large grouping of people.,mscoco,1923,0.4,0.2,158606
5388,A surfer rides a wave beneath the pylons of a dock.,mscoco,3913,0.3,1.0,369113
5389,A black cat sits at a table and looks through a picture glass window.,mscoco,5087,0.2,1.0,103503
5390,Two female tennis players walk around the court. ,mscoco,4676,0.5,1.0,828532
5391,An orange train crosses a landscape with mountains in the distance.,mscoco,1313,0.2,0.3333333333333333,215994
5392,A skateboarder doing tricks on an indoor ramp.,mscoco,3157,0.3,0.5,699527
5393,"A bathroom with a sink, toilet, and medicine cabinet.",mscoco,3632,0.5,1.0,323000
5394,A man laying down on a bench by a wall.,mscoco,211,0.2,0.25,373135
5395,A group of people standing in the snow with snowboards.,mscoco,681,0.5,1.0,736900
5396,A hitter swings the bat at the ball while playing baseball.,mscoco,2004,0.0,0.0625,648194
5397,A young boy standing in front of a child's refrigerator freezer.,mscoco,710,0.1,0.3333333333333333,581655
5398,Two people standing beside a plane in  a field,mscoco,5425,0.3,1.0,613493
5399,Two pictures of a dog that is wearing a hat.,mscoco,4494,0.2,1.0,689810
5400,A man and a woman are riding on an elephant.,mscoco,3010,0.8,1.0,599901
5401,A white dog is looking out of an open window.,mscoco,1107,0.1,0.125,535747
5402,Large variety of fruits and vegetables on display at a market. ,mscoco,5328,1.0,1.0,91439
5403,"""Sink eye view"" of man brushing his teeth.",mscoco,4743,0.0,0.02564102564102564,633827
5404,some cattle are grazing in a field with trees,mscoco,1430,0.6,1.0,42385
5405,A man is riding his bicycle down a street.,mscoco,2417,0.6,1.0,211825
5406,A man stands in a tennis court holding a tennis racket.,mscoco,2607,0.6,0.5,16455
5407,The doorway and antique mirror is in the room with blue sky and cloud painted walls.,mscoco,5514,0.1,0.5,414463
5408,A woman cutting cake while another woman is holding a plate. ,mscoco,603,0.1,0.2,404441
5409,A male tennis player finishing a follow-through after a shot.,mscoco,5744,0.0,0.047619047619047616,815133
5410,a person is parasailing  in the water with a helmet on,mscoco,4480,0.1,0.125,431782
5411,Black man sitting on a bench behind a personal bicycle. ,mscoco,3313,0.1,1.0,8278
5412,A man throws a model airplane into the air.,mscoco,4994,0.2,1.0,757396
5413,A chocolate filled doughnut with sugar sprinkles on the outside.,mscoco,3124,0.1,0.1111111111111111,793419
5414,"An empty kitchen with a microwave, a sink, and wood cabinetry.",mscoco,2589,0.0,0.05555555555555555,783974
5415,a tree that has a park bench under it,mscoco,5411,0.8,1.0,682358
5416,A jet airplane sitting at the gate with the ground crew under the plane.,mscoco,5611,0.2,0.125,698229
5417,Several people fly kites above a paved outdoor area.,mscoco,1244,0.0,0.025,622580
5418,A close up view of a cooked pizza.,mscoco,1394,0.5,1.0,577308
5419,A black and white photo of a small plane flying.,mscoco,3510,0.7,1.0,179259
5420,Men compete in a cross country ski race,mscoco,3195,0.4,0.5,93730
5421,A couple relaxes on a bench in a landscaped park..,mscoco,1878,0.6,0.5,829091
5422,Several people flying colorful kites on a beach.,mscoco,969,0.3,1.0,644107
5423,A man in red shirt holding a baseball bat.,mscoco,3355,0.4,0.5,340279
5424,A tennis player is reaching up to hit the ball.,mscoco,1639,0.4,0.2,443628
5425,Kite surfing is a sport for many ocean goers.,mscoco,2623,0.2,0.25,763490
5426,A woman talking on the phone inside of a store,mscoco,742,0.0,0.07692307692307693,128306
5427,A cow standing in the water on a field.,mscoco,4796,0.5,0.3333333333333333,529129
5428,A close up of a pizza with tomatoes and cheese.,mscoco,3959,0.5,0.2,567017
5429,A white truck parked next to a parking meter.,mscoco,3691,0.3,1.0,671935
5430,A red and silver passenger train at a platform.,mscoco,5401,0.3,0.5,648091
5431,A man waiving will riding an elephant outdoors.,mscoco,4821,0.5,0.25,390513
5432,Two giraffes in an area of tall grasses and trees.,mscoco,4464,0.7,0.5,621324
5433,Bananas in a saucepan cooking in simmering caramel.,mscoco,2437,0.5,1.0,679558
5434,This is an image of a living room with large windows.,mscoco,4562,0.2,0.5,79230
5435,A red and green fire hydrant in front of an empty building.,mscoco,1328,0.1,0.5,170308
5436,a woman and man sit in front of white laptop,mscoco,359,0.2,0.3333333333333333,717023
5437,A toy turtle sits next to a pizza. ,mscoco,267,0.1,1.0,453854
5438,A parked red motorcycle sitting in front of a building.,mscoco,1699,0.2,1.0,321612
5439,two giraffes in a large field with a sky in the background,mscoco,2238,0.4,0.5,105357
5440,A very long large train going down a track.,mscoco,1703,0.2,0.25,274143
5441,"Looking down at a table covered with fresh eggs, vegetables and fruits",mscoco,1841,0.8,1.0,487579
5442,A group of people riding kiteboards in the ocean.,mscoco,623,0.5,0.3333333333333333,460839
5443,A green double decker bus parked outside a garage,mscoco,3396,0.1,0.125,165122
5444,A player runs towards home plate during a game.,mscoco,4340,0.1,0.14285714285714285,698270
5445,A group of elephants on grassy area next to rock and trees.,mscoco,3365,0.1,0.125,373960
5446,"A Pizza with red peppers, zucchini and cheese.",mscoco,2155,0.1,0.3333333333333333,152298
5447,A vase filled with white and purple flowers.,mscoco,3497,0.5,0.3333333333333333,479118
5448,a table with a plate of food and some eye glasses,mscoco,4713,0.0,0.013513513513513514,220284
5449,Small computer desk with electronic equipment in residential home.,mscoco,924,0.4,1.0,760054
5450,A plane engine next to a luggage cart with some people by it.,mscoco,3722,0.0,0.011764705882352941,516965
5451,A player for the Detroit Tigers taking batting practice.,mscoco,1948,0.2,0.25,601980
5452,A group of men on bikes hitching a ride on the back of a bus.,mscoco,1520,0.1,0.16666666666666666,221605
5453,A women who is sitting at a computer desk.,mscoco,2122,0.5,1.0,748769
5454,A small toilet is surrounded by antique pictures on the wall. ,mscoco,3788,0.1,1.0,67350
5455,A grey cat looks out a car window.,mscoco,3287,0.3,0.5,794211
5456,An African elephant with tusks in a green wooded area.,mscoco,893,0.4,1.0,305236
5457,"Interior bedroom scene of yellow walls, white curtains and a mattress.",mscoco,977,0.2,1.0,762193
5458,A herd of sheep walking on road next to a grassy area.,mscoco,766,0.8,1.0,259028
5459,A large herd of sheep is on a craggy hillside with grass.,mscoco,476,0.6,1.0,430523
5460,A BUS PARKED AT A STREET IN THE EVENING.,mscoco,3772,0.0,0.04,88505
5461,A black poodle sits in the basket of a bicycle. ,mscoco,1284,0.1,1.0,156552
5462,"An interior room with a white door, wooden shelf and window.",mscoco,2310,0.1,0.3333333333333333,137887
5463,Two giraffes and three zebras standing in an enclosure.,mscoco,2008,0.0,0.07142857142857142,823494
5464,A small truck is stopped next to a sidewalk.,mscoco,2281,0.1,0.1,721222
5465,A stop sign and street sign located at the corner of a street.,mscoco,1258,0.8,1.0,279580
5466,A black and white photo of a skateboarder skating with people watching.,mscoco,658,0.1,0.25,79065
5467,"A street with traffic signs, busses and cars.",mscoco,1556,0.1,1.0,384519
5468,A surfer rides the waves on his surfboard.,mscoco,1725,0.6,1.0,689388
5469,A toilet with a full roll of paper and plunger. ,mscoco,3555,0.1,1.0,365818
5470,Black and white photograph of a woman in an old kitchen,mscoco,269,0.3,1.0,659971
5471,A street corner has several signs giving directions.,mscoco,2095,0.2,1.0,743858
5472,a photo of a dirty bathroom with a toilet and a stool,mscoco,5055,0.1,1.0,588478
5473,Competitive cross country skier standing in front of sign.,mscoco,3257,0.1,0.5,554698
5474,A zebra is standing in an enclosure while grazing on the grass.,mscoco,564,0.3,0.2,266064
5475,a boy wearing a helmet riding a skateboard,mscoco,3657,0.1,0.5,537049
5476,A mother elephant and her young calf stand by a pool at the zoo. ,mscoco,1482,0.4,1.0,416293
5477,The jumbo jet is landing on a runway.,mscoco,5887,0.1,1.0,112798
5478,Two cows stand in a field with tall grass and weeds. ,mscoco,5353,0.3,1.0,547098
5479,A custom motorcycle on display at a motorcycle show.,mscoco,985,0.8,1.0,613439
5480,Man and young boy posing for photo with brick wall in background.,mscoco,2956,0.1,1.0,743720
5481,A tennis player smiles while holding a bottle of water.,mscoco,5119,0.2,1.0,161528
5482,A double Decker green bus on a street,mscoco,4526,0.7,1.0,524927
5483,Two men standing next to a table full of phones,mscoco,4098,0.1,1.0,73982
5484,A burger and a salad are being displayed on a plate. ,mscoco,3246,0.1,0.25,195237
5485,A man riding a surfboard on a wave in the ocean.,mscoco,1142,0.8,1.0,485578
5486,A giraffe towers above the grass and shrubs in its environment,mscoco,5704,0.7,1.0,186793
5487,A red electric car parked into a street side charger.,mscoco,92,0.1,1.0,262572
5488,A zebra grazes on grass inside a fence.,mscoco,5336,0.3,0.25,713179
5489,A boat docked at a port unloading passengers.,mscoco,3366,0.0,0.022727272727272728,267189
5490,"A man in air catching a Frisbee, and man and a woman in running towards him on a grass playing field with fence and wood telephone pole.",mscoco,4960,0.0,0.08333333333333333,518688
5491,A woman and man sitting beside each other and their dog on a bench. ,mscoco,3672,0.1,0.5,455110
5492,Four People riding two elephants across the water.,mscoco,331,0.0,0.07692307692307693,124826
5493,A woman wearing an apron is standing in a field between two cows.,mscoco,1547,0.1,1.0,624940
5494,Skillet with vegetables during cooking process on grill.,mscoco,1826,0.4,1.0,709432
5495,Two men in black and white uniforms playing soccer. ,mscoco,5445,0.2,0.2,201175
5496,Cars sit parked in front of a street sign. ,mscoco,1832,0.0,0.05555555555555555,159148
5497,A stop sign in front of a traffic intersection in a neighborhood.,mscoco,3472,0.5,1.0,683911
5498,An open umbrella sitting on the floor in a living room.,mscoco,3452,0.0,0.07692307692307693,70979
5499,A female tennis player is trying to hit the ball. ,mscoco,2845,0.3,0.25,678477
5500,A large group of birds sitting on metal pipes in the water.,mscoco,2987,0.3,1.0,827424
5501,A picture shows the backs of appliances in a whit walled room and a microwave next to a green bottle.,mscoco,4636,0.0,0.000946969696969697,312916
5502,A young couple sitting together sharing an umbrella.,mscoco,5956,0.4,1.0,41480
5503,A large wheel kite flying by a body of water,mscoco,4518,0.1,0.2,440847
5504,"A hotel room with a bed, chair, desk and an end table.",mscoco,909,0.4,1.0,599564
5505,Two large giraffes standing together in an enclosure,mscoco,1443,0.8,0.5,421022
5506,a red bowl with an orange inside with a dark background,mscoco,5261,0.2,1.0,47017
5507,A pile of luggage and boxes inside a room.,mscoco,4456,0.1,0.5,328414
5508,A sink and mirror are in a bathroom.,mscoco,3838,1.0,1.0,102286
5509,Two large buses are parked in a lot.,mscoco,3966,0.7,1.0,453988
5510,A cat lying on a mat with shoes ,mscoco,322,0.5,1.0,523441
5511,A man makes a face as he eats a hot dog.,mscoco,1901,0.8,0.5,143115
5512,A woman sitting on a couch with an open laptop.,mscoco,3670,1.0,1.0,29697
5513,A bathroom that has a toilet and a shower head.,mscoco,808,0.4,1.0,217831
5514,Man standing in a family room with a game controller in his hand.,mscoco,3061,0.7,1.0,229028
5515,A glass flower vase with a bouquet of different flowers.,mscoco,1070,0.6,0.3333333333333333,578877
5516,A chef smiles while putting a pie into the oven.,mscoco,1714,0.1,1.0,203540
5517,A man in a pink tie is holding hands with another man.,mscoco,3013,0.1,1.0,231354
5518,A large cat is sitting in a wooden chair.,mscoco,354,0.4,0.5,184524
5519,A young man playing Wii in a living room.,mscoco,1536,1.0,1.0,815873
5520,A clock tower with very ornate brick work,mscoco,346,0.4,1.0,42438
5521,"Black and white photo of park benches, with people in the background.",mscoco,1182,0.1,0.1111111111111111,250376
5522,A young girl is petting a dog on the couch with a lady looking on.,mscoco,3651,0.1,1.0,453428
5523,Elephants standing behind a wooden fence outside around trees.,mscoco,2460,0.0,0.03225806451612903,731221
5524,A young boy holding a Wii game controller.,mscoco,995,0.9,0.5,595121
5525,A woman holding open a cell phone in front of her face.,mscoco,2939,0.4,1.0,268666
5526,A close-up of a snowy tree with red-orange fruit still attached.,mscoco,1999,0.2,1.0,88918
5527,Some animals are hiding behind some tall green grass. ,mscoco,3111,0.2,0.16666666666666666,237754
5528,A projector sitting on a desk next to a laptop. ,mscoco,1206,0.1,0.5,227773
5529,A park bench in a shaded area of a park.,mscoco,3592,0.3,0.3333333333333333,299507
5530,A giraffe is among the trees standing in the grass.,mscoco,5574,0.6,1.0,422933
5531,A Coca-Cola bus on display at an event indoors.,mscoco,5170,0.1,0.3333333333333333,5606
5532,A young man sitting on a bench using a cell phone.,mscoco,867,0.2,1.0,324724
5533,A baseball player is at bat waiting for the pitch.,mscoco,3769,0.3,0.3333333333333333,640410
5534,Two people are sitting on the floor beside a notebook playing on their cell phones. ,mscoco,2759,0.1,0.5,640754
5535,Baseball pitcher throws ball from mound during game in evening.,mscoco,4194,0.2,0.25,748781
5536,Man standing next to truck watching dog walking in water at beach.,mscoco,3789,0.1,0.5,456195
5537,A clock hangs from the side of a building.,mscoco,2835,0.7,1.0,591105
5538,a clock next to a bull skull attached to a wall,mscoco,5352,0.1,1.0,61610
5539,A man with curly red hair looks away from the camera on a train.,mscoco,2502,0.1,1.0,136176
5540,The cattle farm with animals crowded in pens is visited by several people.,mscoco,4110,0.1,0.25,109241
5541,"Two elephants playing in water in grassy fenced in area.
",mscoco,5497,0.2,1.0,826079
5542,The photo shows a close-up of a young man is eating pizza.,mscoco,2332,0.5,1.0,763301
5543,A man is running with a frisbee in his hand down a grassy field.,mscoco,5893,0.3,0.3333333333333333,577926
5544,An adult giraffe and two young giraffes standing together.,mscoco,447,0.0,0.006535947712418301,739114
5545,Man with flying disc playing with child in grassy area.,mscoco,1765,0.1,1.0,581730
5546,"Corner view of a home restroom with toilet, mirror, sink, and bathroom products.",mscoco,801,0.1,0.1111111111111111,540078
5547,A man holding a while frisbee while standing on a field.,mscoco,3599,0.8,1.0,817533
5548,Two men and two women walking in the rain while on of the men has an umbrella over himself.,mscoco,2222,0.0,0.07142857142857142,559265
5549,A baseball player is mid-swing at home plate.,mscoco,1889,0.2,0.5,163874
5550,A brick building with a large clock on the tower.,mscoco,3941,0.3,0.5,616581
5551,A baseball player taking a swing at a ball.,mscoco,549,0.1,0.14285714285714285,31248
5552,Two skateboarders doing tricks next to a coffee house.,mscoco,2681,0.1,0.3333333333333333,94040
5553,Woman in a sun dress holding up an umbrella. ,mscoco,1422,0.2,1.0,498365
5554,A pigeon stands on a bar on a window.,mscoco,1069,0.1,1.0,597306
5555,A wrapped sandwich and a soda in a glass bottle on a table.,mscoco,1237,0.0,0.02702702702702703,278032
5556,A young child holding up a white frisbee on a field.,mscoco,1532,0.2,1.0,488798
5557,A covered canal is filled with small row boats.,mscoco,3697,0.1,1.0,361560
5558,Three zebras grazing in a natural grassy field.,mscoco,2257,0.5,1.0,155447
5559,People fly kites and relax at a crowded sunlit beach.,mscoco,5111,0.7,1.0,68740
5560,A yellow and white birtd is in flight.,mscoco,4629,0.0,0.017857142857142856,28064
5561,Several boats docked at a small boat dock.,mscoco,3294,0.8,0.5,310998
5562,a person cutting a cake on a tray with frosting,mscoco,4517,0.5,0.5,292927
5563,Man in a suit and tan jacket holding a game fish.,mscoco,5036,0.1,1.0,372331
5564,A small shelf with flowers near a mirror,mscoco,5688,0.3,1.0,300149
5565,Baseball players are holding bats in a baseball field.,mscoco,4071,0.4,1.0,763791
5566,"A surfer is riding a big wave on a white, red and gray surfboard.",mscoco,4,0.0,0.05,590752
5567,A chicken sandwich and sweet potato fries on a plate.,mscoco,3774,0.1,0.14285714285714285,141453
5568,Three elephants wading in a water hole across from a wooded area.,mscoco,5350,0.0,0.043478260869565216,791405
5569,"Dog in dramatic catch of frisbee at a competition, with onlooking player and crowd.",mscoco,3868,0.2,1.0,311196
5570,Blurry color photo of people enjoying a ski resort area,mscoco,4249,0.0,0.058823529411764705,186390
5571,A little boy stands at a counter watching pizza be made.,mscoco,1410,0.1,0.25,266240
5572,A large selection of bananas and other fruits.,mscoco,4039,0.7,1.0,437364
5573,a small bed with blue comforter and sheets,mscoco,5193,0.1,0.125,556679
5574,A view if a pleasant downtown sidewalk with an old fashioned clock and street lights,mscoco,1201,0.4,1.0,60443
5575,A red and white bus near the curb on a city street.,mscoco,367,0.0,0.09090909090909091,488559
5576,A refrigerator covered in pictures and stickers in a kitchen.,mscoco,2705,0.9,1.0,64552
5577,A couple of young men playing a game of frisbee.,mscoco,5874,0.5,0.25,383866
5578,A surfer in a wetsuit riding his board on a wave.,mscoco,2453,0.4,0.3333333333333333,796035
5579,A big black dog laying down near a disc.,mscoco,3088,0.3,0.5,332734
5580,Two baseball players in the middle of a game.,mscoco,4299,0.3,0.5,777611
5581,Black bear walking through yard of human development during daytime.,mscoco,589,0.4,0.3333333333333333,517416
5582,A kitchen is undergoing renovations with a stainless steel refrigerator and white stove.,mscoco,3711,0.1,1.0,708177
5583,a male tennis player in a white shirt is playing tennis,mscoco,1936,0.4,1.0,205151
5584,Several people are standing at a yellow food truck.,mscoco,3207,0.1,1.0,742365
5585,A cat that is sitting by a reflective ball.,mscoco,650,0.1,1.0,799976
5586,a green bus is sitting by a curb,mscoco,956,0.1,0.5,701026
5587,A kitchen counter with plates of beans and hot dogs.,mscoco,5010,0.2,0.5,41045
5588,A group of horses in a field with a train passing by in the background.=,mscoco,5733,0.1,1.0,234143
5589,An old photo of four men in a boat with a bicycle ,mscoco,1666,0.1,1.0,703901
5590,A male tennis player in yellow hits the ball.,mscoco,1460,0.2,1.0,535744
5591,Two people playing Wii games in a living room.,mscoco,533,0.4,1.0,746757
5592,a bathroom with two sinks and a tile wall ,mscoco,1575,0.2,0.5,335570
5593,A herd of sheep walking along the shore of a sandy beach.,mscoco,3990,0.3,1.0,35479
5594,A baseball player swings at the ball while the catcher is posed behind him.,mscoco,1039,0.1,0.1,37935
5595,A cat peeks it's head out from behind a screen.,mscoco,1089,0.2,0.25,701085
5596,a street sign sits on a corner next to parked cars,mscoco,271,0.0,0.02564102564102564,328473
5597,Two elephants with intertwined trunks standing in an enclosure.,mscoco,5953,0.4,0.5,808808
5598,"A market with a variety of fruits including water melons, green and yellow bananas.",mscoco,5112,0.2,0.5,231818
5599,A brown and white cow lays in a hay covered stall.,mscoco,5021,0.3,1.0,536173
5600,Closeup of various fruits that include bananas and apples.,mscoco,797,0.5,1.0,190197
5601,A man in a blue shirt surfing in the ocean.,mscoco,2807,0.1,0.5,179938
5602,a small white toilet in a white tiled bathroom,mscoco,5587,0.1,0.25,762718
5603,The little asian baby is eating a small carrot.,mscoco,1407,0.1,1.0,788349
5604,Several containers of vegetables are displayed in a market.,mscoco,4688,0.6,0.5,807982
5605,A plane sitting on the runway at sunset.,mscoco,3553,0.4,1.0,753185
5606,A woman is milking a cow in the animal stable. ,mscoco,4746,0.2,0.14285714285714285,363448
5607,A cat laying on its back next to a pair of shoes.,mscoco,5113,0.1,0.2,121414
5608,A police motorcyclist in motion on the road.,mscoco,4593,0.8,1.0,458716
5609,A group of sheep standing on the rocky shores of a beach.,mscoco,227,0.1,1.0,269693
5610,A large bathroom has a tiny window and a tub and toilet and sink and mirror.,mscoco,1963,0.0,0.003389830508474576,316793
5611,"35mm macro shot a kitten licking a baby duck, studio lighting.",drawbench,153,0.0,0.0,153
5612,The birthday cake is decorated with icing and sticks. ,mscoco,605,0.3,0.3333333333333333,727226
5613,Competitor returning volley during tennis match on grass court.,mscoco,2306,0.0,0.008928571428571428,642495
5614,An airplane on display in a park near a street.,mscoco,3974,0.5,1.0,288448
5615,A family of three sit under two umbrellas at a beach.,mscoco,1030,0.1,1.0,723805
5616,A Frisbee lies on the pavement by a man in shorts at night,mscoco,3830,0.1,0.125,233371
5617,A toilet with a wooden seat sitting next to a white tub.,mscoco,5247,0.2,1.0,318224
5618,An image of the back trunk of a truck.  ,mscoco,1477,0.2,0.125,597767
5619,Two men standing by a car on a hill top.,mscoco,1260,0.1,0.2,187072
5620,A small commuter train pulling into the train station,mscoco,2285,0.0,0.008064516129032258,94181
5621,A COW IS WALKING WITH ITS OWNER AT A FAIR,mscoco,1736,0.0,0.023809523809523808,100313
5622,an unmade bed with striped pillows and a metal head board on a wooden floor.,mscoco,439,0.0,0.09090909090909091,247488
5623,"A green street sign that reads "" Pike "" hanging from a pole.",mscoco,2466,0.0,0.0625,690445
5624,A young child sits in a chair eating food.,mscoco,3310,0.6,1.0,814881
5625,A bathroom that is heavily decorated with wood.,mscoco,1413,0.4,1.0,505147
5626,A narrow gap between two buildings with a clock tower in the middle,mscoco,3150,0.1,0.14285714285714285,534534
5627,A small bowl of oranges on a table.,mscoco,3503,1.0,1.0,113549
5628,a young woman is playing with a red umbrella,mscoco,1438,0.0,0.034482758620689655,712560
5629,A man holding a kite in a park ,mscoco,5180,0.7,0.5,588310
5630,Three men sit at a conference discussing a topic,mscoco,5294,0.1,0.3333333333333333,310927
5631,Boy preparing throw a frisbee at night on red sand,mscoco,5740,0.1,1.0,568761
5632,A baseball player running towards base while the baseman is waiting to catch the baseball. ,mscoco,964,0.1,0.2,355500
5633,The large electronic toilet has a label on the back of the seat.,mscoco,897,0.6,1.0,455542
5634,A toilet in a small tiled bathroom with white walls.,mscoco,4462,0.4,1.0,751297
5635,Motorcycle parked perpendicular on side of city street at night.,mscoco,5467,0.2,0.5,657154
5636,A prepared meal is sitting on a table.,mscoco,1205,0.0,0.025,803686
5637,Two Siamese cats rest on a pink blanket.,mscoco,4959,0.1,1.0,683960
5638,Renovations being performed on the interior of a house. ,mscoco,3029,0.2,1.0,501553
5639,Arrangement of small white flowers and conifer branches in a vase.,mscoco,1773,0.0,0.07692307692307693,555151
5640,A small bathroom with a cabinet over the toilet,mscoco,1457,0.4,1.0,688645
5641,A woman in white shirt looking at a piece of cake on white plate.,mscoco,4813,0.2,1.0,357216
5642,"A display of white and red teddy bears that say ""I love you"".",mscoco,2017,0.1,1.0,40295
5643,An elephant lifts a chained metal can with its trunk.,mscoco,5647,0.1,1.0,697213
5644,A plate of broccoli and carrots on a table.,mscoco,1436,0.4,1.0,431632
5645,Child at bat in Little League baseball while teammate watches from first base.,mscoco,4572,0.0,0.05263157894736842,131929
5646,A group of giraffe standing next to a wooden fence.,mscoco,730,0.5,1.0,583583
5647,a white vase with some yellow and white flowers,mscoco,2278,0.3,1.0,546688
5648,"If you need a toilet, there are a couple on the curb.",mscoco,5968,0.2,0.5,603658
5649,A gray haired man is wearing a blue shirt and has a tie draped around his neck.,mscoco,316,0.1,0.1,496526
5650,A corner of street with a building showing a bowling pin.,mscoco,3570,0.0,0.08333333333333333,372830
5651,A doughnut that is in pieces on a plate.,mscoco,305,0.3,1.0,517939
5652,A baseball player holding a bat on a field.,mscoco,4209,0.9,1.0,217326
5653,Wet elephants shake water onto people bathing them.,mscoco,2560,0.4,1.0,17132
5654,Computer equipment sits on shelves of a desk. ,mscoco,5636,0.5,0.5,103684
5655,Small multicolored airplane sitting on a landing strip.,mscoco,3165,0.2,1.0,325255
5656,An electric commuter train coming in to the station,mscoco,1322,0.3,0.5,332186
5657,A woman holding a video game controller and grinning.,mscoco,2872,0.7,1.0,286515
5658,A man and dog in a frisbee competition.,mscoco,2959,0.8,1.0,734557
5659,An adult and a juvenile zebra graze in a green field.,mscoco,2661,0.2,1.0,417621
5660,"Closeup of a small pizza with mushrooms, broccoli and cheese.",mscoco,2779,0.0,0.04,257129
5661,A woman smiles while holding a beverage near various donuts.,mscoco,733,0.1,1.0,343239
5662,The stop sign is posted beside a busy city street.,mscoco,4699,0.2,0.5,555427
5663,Group of giraffes standing on grassy field in open enclosure. ,mscoco,982,0.4,0.3333333333333333,814250
5664,A pizza sitting on top of a white plate.,mscoco,5746,0.8,1.0,766828
5665,A heard of dairy cows photographed in black and white.,mscoco,3064,0.4,1.0,312983
5666,Two kids on a tennis court playing tennis,mscoco,406,0.5,1.0,132621
5667,Four mini pizzas on a plate by a wine glass.,mscoco,3019,0.1,0.5,153635
5668,Several police officers on motorcycles parked on the street.,mscoco,2386,0.0,0.03225806451612903,443734
5669,The four men are performing in costumes. ,mscoco,1738,0.1,0.3333333333333333,385848
5670,Two men walking with surfboards under their arms.,mscoco,3197,0.7,1.0,302740
5671,Woman with cell phone posing on city street at night.,mscoco,2293,0.1,0.14285714285714285,554976
5672,A man and woman posing for a photo with a cake.,mscoco,2002,0.6,1.0,513237
5673,A bathroom that has a large window in it.,mscoco,1620,0.3,0.25,350548
5674,A man in a red baseball cap and sunglasses eating a slice of cheese pizza on a plate. ,mscoco,4605,0.1,1.0,486544
5675,Two brown and white cows graze in a pasture,mscoco,4327,0.1,0.2,304036
5676,A blue sake pitcher sits by two cups,mscoco,591,0.1,1.0,19704
5677,A dark blue vase with clear handles holds green foliage.,mscoco,1169,0.1,1.0,758079
5678,A person on a surfboard in the water.,mscoco,613,0.1,1.0,449068
5679,A fire hydrant that has been painted white and orange.,mscoco,4983,0.2,0.5,788729
5680,Cut up pictures of plants from magazines and a pair of scissors.,mscoco,2646,0.1,1.0,713373
5681,A woman is playing Frisbee with a dog.,mscoco,2952,0.6,1.0,452049
5682,Old dark painted locomotive near yellow painted boxcar on next track.,mscoco,5059,0.0,0.009259259259259259,232695
5683,Young snowboarder on shallow slope with snow and others,mscoco,4945,0.1,0.5,782964
5684,A boy smiles while eating pizza at a table with his friend.,mscoco,2605,0.3,1.0,22498
5685,A woman playing tennis on a clay court.,mscoco,2372,0.3,0.2,15389
5686,A group of people riding skis down a snow covered slope.,mscoco,3011,0.4,1.0,803489
5687,A red motorcycle parked in a parking lot.,mscoco,764,0.7,1.0,254408
5688,A toilet that has the seat up in a bathroom.,mscoco,3595,0.5,0.2,749110
5689,Lettuce and dried fruit sit in bowls on a table.,mscoco,3279,0.1,0.14285714285714285,724599
5690,a man that is skiing across some snow field,mscoco,5382,0.1,1.0,650595
5691,A close up of an Apple keyboard and wireless mouse.,mscoco,2542,0.3,1.0,163215
5692,Tampa Rays baseball player high fives his teammate.,mscoco,5081,0.0,0.004329004329004329,7602
5693,A skateboarder jumps off the end of a high ramp on his board.,mscoco,4286,0.3,0.5,679328
5694,a man standing in his kitchen in the middle of reading a magazine,mscoco,215,0.2,1.0,512860
5695,A busy city street with traffic passing a warning sign.,mscoco,1323,0.0,0.022727272727272728,310021
5696,The view of a kitchen that has an island with a bowl of fruit.,mscoco,4926,0.1,0.3333333333333333,203766
5697,"A pair of scissors, measuring tape, ruler and hole punch on a table.",mscoco,3853,0.2,1.0,804130
5698,A skateboarder in mid air performing a trick.,mscoco,3477,0.2,1.0,38602
5699,Several shopping bags are sitting on a blue bench.,mscoco,1746,0.1,1.0,606270
5700,An assortment of doughnuts are arranged in a box.,mscoco,528,0.9,1.0,690387
5701,"A bike that has ""Bike And Destroy"" written on it's side.",mscoco,4682,0.1,1.0,495562
5702,An elephant under the sea.,drawbench,32,0.0,0.0,32
5703,A tennis player hits the ball while the crowd watches,mscoco,3680,0.2,0.25,674940
5704,A poodle and a another hairy dog are playing with each other.,mscoco,5370,0.3,1.0,639222
5705,A three wheel motor bike parked next to a motorcycle on a side walk. ,mscoco,4542,0.0,0.022222222222222223,478364
5706,A skier in red leaving a starting area at The Olympics.,mscoco,5879,0.1,0.3333333333333333,39439
5707,Two blue and black parking meters sitting on a sidewalk.,mscoco,2484,0.1,1.0,83152
5708,A snowy city street with a french stop sign.,mscoco,3835,0.1,1.0,732095
5709,A girl flying a yellow kite on a field. ,mscoco,22,0.0,0.06666666666666667,27533
5710,View of a bathroom vanity and mirror with a closed box sitting on top.,mscoco,4778,0.1,1.0,485567
5711,A group of people sit at tables to eat a Christmas meal.,mscoco,5470,0.1,0.1111111111111111,137544
5712,A table with red and blue table cloth and yellow tulips,mscoco,1730,0.2,1.0,333855
5713,A green bus that is parked in front of other buses.,mscoco,5405,0.6,1.0,415470
5714,A man in a suit posing for a picture.,mscoco,1018,0.7,1.0,18458
5715,A man on a bicycle with a dog sitting in the back of the bike.,mscoco,2645,0.4,0.5,331173
5716,A deep dish pizza on a table with two plates and drinking glasses,mscoco,394,0.0,0.07692307692307693,772866
5717,"Bunches of carrots, beets, radishes, and multiple lettuces displayed on a table.",mscoco,5972,0.2,0.25,455264
5718,Outdoor table with electronic scale next to phone near food items.,mscoco,5767,0.1,1.0,777190
5719,A display of teddy bears are on an outdoor blanket.,mscoco,1085,0.0,0.023809523809523808,403908
5720,two people standing near a table cutting a cake ,mscoco,5981,0.9,1.0,781417
5721,A cat examines a bag while standing on a suitcase.,mscoco,79,0.1,0.5,490280
5722,A man is standing looking at a cell phone near a cell phone advertisement.,mscoco,3775,0.0,0.038461538461538464,304256
5723,A box of doughnuts next to a coffee cup and sports drink.,mscoco,543,0.1,0.5,461425
5724,A red double decker bus driving down a street.,mscoco,1283,0.9,1.0,622697
5725,"A long marble like bath room vanity with a stool, two sink basins with mirrors and lights over them",mscoco,4136,0.0,0.008849557522123894,5795
5726,A tennis player with a cap holding a racket,mscoco,1739,0.1,0.16666666666666666,667388
5727,This is an empty kitchen with white cabinets and an oven.,mscoco,4038,0.1,0.125,107909
5728,Foreign bathroom shows that toilet is simply a hole in a box,mscoco,5019,0.0,0.004424778761061947,356935
5729,A white bird flying over a large body of water.,mscoco,5614,0.7,1.0,566924
5730,Three people on skis and snowboards pose near a snowy mountain.,mscoco,3286,0.5,1.0,258868
5731,A young man is in the air on a skateboard.,mscoco,4227,0.5,1.0,114145
5732,A group of people walking outside of a building with a clock tower in the background.,mscoco,369,0.1,1.0,189932
5733,A blueberry pie containing natural ingredients and baked crust.,mscoco,3079,0.1,0.25,6139
5734,A dog sitting on the floor near two wooden chairs sitting at a wooden desk.,mscoco,400,0.1,0.1,310783
5735,A display of different vegetables is seen in a store.,mscoco,3169,1.0,1.0,714197
5736,A view of a city street through the windshield of a vehicle.,mscoco,1508,0.5,1.0,313837
5737,A black bear is eating red berries by some grass.,mscoco,3066,0.2,0.3333333333333333,384339
5738,A woman with a pink umbrella walks past a storefront.,mscoco,5415,0.2,0.14285714285714285,579791
5739,One teammate grabs a bat while waiting with other teammates.,mscoco,4250,0.1,0.1111111111111111,483005
5740,A man in a brown shirt is playing a video game. ,mscoco,4798,0.2,0.3333333333333333,466531
5741,A baseball player swinging a bat over home plate.,mscoco,1968,0.5,0.3333333333333333,453929
5742,A child eating a snack at a table,mscoco,3297,0.7,0.5,366
5743,a bouquet of flowers on a church pulpit,mscoco,3205,0.1,0.5,293550
5744,A toddler playing with a red digital camera.,mscoco,3736,0.1,1.0,377409
5745,A big sandwich sits on a plate with some french fries.,mscoco,310,0.6,0.5,82743
5746,A formation of fighter jets flying through a blue sky.,mscoco,5533,0.8,1.0,712478
5747,two decorated doughnuts sitting on wrappers next to a cup of coffee,mscoco,5278,0.2,1.0,695152
5748,A person is skiing down a snowy slope.,mscoco,3851,0.6,1.0,786185
5749,Three horses ridden by jockeys in a close race.,mscoco,5761,0.6,1.0,299543
5750,A bird perched on top of a tree branch.,mscoco,4683,1.0,1.0,721687
5751,Two cows are walking along a rocky landscape.,mscoco,1129,0.1,0.25,260039
5752,A girl with a happy look holding a teddy bear on a trampoline.,mscoco,3795,0.1,1.0,452570
5753,An empty bottle sitting on a picnic table.,mscoco,5685,0.1,0.5,532846
5754,A woman and a man play a game on the Wii console as friends look on.,mscoco,2540,0.0,0.03225806451612903,164110
5755,some people on a street and two policemen on horses,mscoco,4600,0.3,0.25,403106
5756,A man and a woman take a horse and carriage ride down the street.,mscoco,835,0.2,0.2,649750
5757,Several bicycles parked by the side of a road.,mscoco,291,0.9,1.0,70484
5758,Two giraffes in a fenced enclosure with tall trees.,mscoco,1384,0.6,1.0,53656
5759,"A brown, white and black bird in grassy area next to rocks.",mscoco,2973,0.4,1.0,409381
5760,A blue bowl with bananas and oatmeal and milk.,mscoco,2076,0.3,1.0,107178
5761,Two zebras standing in the shade in an enclosure.,mscoco,2577,0.0,0.05263157894736842,47756
5762,A round white plate has healthy food and a side of nuts.,mscoco,4241,0.0,0.04,82417
5763,A chili dog is sitting on a table.,mscoco,5342,0.1,0.25,131977
5764,A black motorcycle is parked on a street corner.,mscoco,917,0.1,1.0,475323
5765,a tall clock tower with buildings near by,mscoco,4240,0.3,0.2,262059
5766,A man standing next to a woman on a tennis court.,mscoco,5696,0.9,1.0,732951
5767,A dessert is displayed on a plate on a table.,mscoco,1374,0.5,1.0,760367
5768,A living room with a fire place and brown couch and tv,mscoco,5515,0.2,1.0,669898
5769,Woman at kitchen counter cutting up a fish.,mscoco,4727,0.1,0.1,499415
5770,a snowy hill surrounded by some clouds ,mscoco,719,0.1,0.14285714285714285,790196
5771,A kitchen with a wooden floor and white cabinets.,mscoco,4381,0.5,1.0,219050
5772,A woman sitting on a bus while holding a brown dog.,mscoco,3311,0.1,0.5,509481
5773,Skateboarder at ninety degree angle at skate park. ,mscoco,4047,0.3,1.0,742479
5774,Two giraffes next to palm tree in outdoor field.,mscoco,2545,0.1,0.16666666666666666,230955
5775,a person is holding a gray and white cat next to a plate of food,mscoco,2856,0.2,1.0,123329
5776,A tabby cat is laying in a very decorative case with handle.,mscoco,819,0.1,0.5,528744
5777,Family room with various furniture and lit fireplace.,mscoco,3608,0.2,0.25,10849
5778,Three horses covered in blankets are walking through a field.,mscoco,4950,0.1,1.0,635394
5779,A police officer patrolling on a motorcycle driving down the street.,mscoco,4536,0.8,1.0,14448
5780,A plane is flying in the evening sky.,mscoco,1263,0.2,0.2,659470
5781,A living room is pictured with a variety of chairs and sliding doors. ,mscoco,1351,0.0,0.0056179775280898875,280209
5782,A man with a surfboard wading into the ocean while a woman sits on the beach watching.,mscoco,4910,0.1,0.1,245680
5783,a red clock hanging on the side of a building,mscoco,4918,0.3,0.5,716436
5784,A giraffe walks by a fallen tree beside a lake.,mscoco,4985,0.1,1.0,682115
5785,A fenced hilly green pasture with sheep grazing on it.,mscoco,3247,0.3,1.0,654117
5786,a person wearing a suit and tie holding a shoe,mscoco,765,0.1,1.0,604352
5787,Close up view of a large sandwich and pickle on a plate.,mscoco,319,0.2,1.0,264567
5788,A clock is outside near a flag and a building.,mscoco,1251,0.3,1.0,739719
5789,A man does a back flip as a skateboarder rides underneath him.,mscoco,3032,0.0,0.02631578947368421,676960
5790,Engine car of train traveling in industrial rail yard.,mscoco,4598,0.1,1.0,659077
5791,a horse eating grass in a field behind a fence,mscoco,56,0.4,1.0,115826
5792,A glass vase filled with and assortment of of flowers,mscoco,5504,0.3,0.5,660912
5793,Motorcyclist displaying skills in front of large crowd at outdoor event.,mscoco,3855,0.1,0.3333333333333333,360103
5794,Man holding son at zoo pointing to a cow close by.,mscoco,3322,0.1,1.0,113144
5795,A traffic sign on dirt area next to curving road.,mscoco,2327,0.4,0.5,377456
5796,Two trains sitting next to a train platform.,mscoco,5599,0.7,1.0,354851
5797,Two women in tennis outfits are on a tennis court while one of the women holds out a racket as a ball is in the air.,mscoco,2470,0.0,0.04,115883
5798,A group of teddy bears are on display at the store.,mscoco,586,0.8,0.5,794864
5799,a fire hydrant with a hose by a short tree ,mscoco,4921,0.0,0.041666666666666664,608645
5800,A big pretty commercial plane on the runway.,mscoco,3404,0.3,0.25,571438
5801,A pitcher partly covers another baseball player during a game sponsored by Comcast.,mscoco,4584,0.0,0.030303030303030304,336040
5802,A little chihuahua puppy laying with his stuffed bear,mscoco,1880,0.1,1.0,57495
5803,Man eating a large slice of pizza off of paper plates.,mscoco,4800,0.6,0.5,411635
5804,A black cat hides behind a person's legs with red knee socks and brown shoes.,mscoco,5118,0.1,1.0,488413
5805,Empty wooden bench with piles of twigs in front of some parked cars.,mscoco,5819,0.1,0.5,303742
5806,A black colored car.,drawbench,1,0.0,0.0002994908655286014,1
5807,A clock tower with the clock lit up at dusk.,mscoco,5760,0.4,0.5,711239
5808,THIS IS A PHOTO OF SEVERAL CHILDREN PLAYING A GAME OF BASKETBALL,mscoco,2056,0.5,0.5,765247
5809,The couch with throw pillows and a quilt is against the wood paneled wall.,mscoco,1623,0.1,1.0,70558
5810,Three women are holding wine glasses and smiling.,mscoco,3776,0.2,1.0,511198
5811,a large giraffe is standing near a tree,mscoco,832,0.3,0.16666666666666666,791543
5812,A rainbow birthday cake sitting on a decorative table cloth. ,mscoco,5033,0.1,0.25,508073
5813,A person flying through the air while riding a snowboard.,mscoco,3906,0.6,0.5,262985
5814,two giraffes walking on the field besides big rocks,mscoco,5298,0.5,1.0,492550
5815,two giraffes walking in a field near many bushes ,mscoco,1555,0.4,0.5,817793
5816,A person cuts a pizza with a pizza cutter. ,mscoco,4088,0.7,1.0,555676
5817,A light plane sits on a sandy beach in front of ocean.,mscoco,4235,0.2,1.0,571513
5818,stop sign at an intersection of silver and richmond,mscoco,1779,0.1,0.2,747180
5819,A child smiles in front of a container of carrots with a stuffed rabbit.,mscoco,5440,0.1,1.0,658155
5820,A black and white dog sitting next to a yellow fire hydrant.,mscoco,2283,0.1,1.0,589180
5821,Various sizes and colors of tagged and bundled luggage.,mscoco,3524,0.1,0.25,10642
5822,Tennis player in white prepares to hit the ball. ,mscoco,2368,0.3,0.5,78318
5823,A man in a full wetsuit surfing along a wave.,mscoco,332,0.7,1.0,815986
5824,There is a picture hanging over the toilet.,mscoco,5621,0.8,1.0,786005
5825,A basket of large carrots next to a box of bell peppers.,mscoco,1985,0.1,1.0,462177
5826,A red fire hydrant beside a a small construction barrier.,mscoco,404,0.1,1.0,514440
5827,A man in yellow shirt playing a game with Nintendo Wii controller.,mscoco,2315,0.2,0.5,406408
5828,A child eating a slice of pizza at a table.,mscoco,4455,0.9,1.0,46856
5829,Many spoons are inside of a clear jar.,mscoco,1319,0.1,1.0,504625
5830,Two brown bears meet while swimming in muddy water.,mscoco,4905,0.2,0.25,616216
5831,A young girl is riding on a skateboard.,mscoco,4356,0.7,1.0,92962
5832,An assortment of doughnuts are laid out on display.,mscoco,2997,0.9,1.0,736933
5833,A long dark wood dining table and matching chairs is the focal point of a sunlight dining room. ,mscoco,5287,0.2,1.0,534576
5834,A small boy holding a stuffed animal in his arm.,mscoco,3857,0.6,0.5,70718
5835,A group of people sitting in living are next to an entertainment unit.,mscoco,716,0.1,1.0,280794
5836,A man is riding a 4-wheeled skateboard in a road. ,mscoco,5511,0.5,0.3333333333333333,626701
5837,A yellow hanging stop light surrounded by buildings.,mscoco,2404,0.0,0.0625,351918
5838,A child on a skateboard is performing a trick on a slab.,mscoco,1760,0.0,0.015151515151515152,450244
5839,"A batter, catcher and umpire during a baseball game.",mscoco,251,0.4,0.5,308143
5840,a female playing tennis on a clay court.,mscoco,5995,0.1,0.1111111111111111,51091
5841,two young children sitting in a chair by a big teddy bear,mscoco,4471,0.2,0.3333333333333333,371327
5842,"A cheeseburger sits on a white plate, next to a drink in a Dunkin Donuts cup.",mscoco,5800,0.1,0.1111111111111111,59259
5843,The woman smiles as she digs into a salad with a knife and fork.,mscoco,5814,0.1,1.0,462625
5844,A red double decker bus on a busy street.,mscoco,669,0.8,1.0,292443
5845,A bus and cars wait at a city intersection.,mscoco,5801,0.3,0.3333333333333333,381031
5846,A park bench sits empty in a grassy field and mountain with wild animals in the background.,mscoco,1722,0.3,1.0,591347
5847,"An orange, red and white bus with chrome rims.",mscoco,4775,0.1,1.0,532370
5848,a small airplane sitting in the middle of an airstrip in a field,mscoco,15,0.0,0.07142857142857142,321774
5849,A man in a party hat sits at a table talking on a cell phone.,mscoco,1235,0.1,1.0,709485
5850,"A double decker bus painted whit, purple and red",mscoco,5267,0.3,1.0,166057
5851,A glossy black refrigerator is inside a wooden cabinet.,mscoco,2200,0.4,0.5,179244
5852,A herd of sheep grazing on a lush green field.,mscoco,3759,0.7,1.0,456625
5853,The cupcake is decorated with a red and white bow.,mscoco,5869,0.1,1.0,790946
5854,a man and woman smile while both holding a bag.,mscoco,3785,0.1,0.5,320713
5855,A remote and a cell phone laying on a table.,mscoco,1789,0.1,0.14285714285714285,105733
5856,a large blue umbrella and chair on a beach,mscoco,2873,0.5,1.0,135579
5857,A cat perched on a toilet seat looking down at the floor,mscoco,3689,0.0,0.021739130434782608,357066
5858,The small train is stopped at the station.,mscoco,738,0.0,0.07692307692307693,629957
5859,An empty street intersection on a foggy day.,mscoco,1186,0.1,0.16666666666666666,217854
5860,A building has a row of windows and a clock tower behind it.,mscoco,5082,0.2,1.0,190834
5861,people walking on the sand of a beach shoreline beneath flying kites.,mscoco,3746,0.7,1.0,249067
5862,A large clock tower with a concrete design.,mscoco,2066,0.0,0.045454545454545456,819525
5863,A large open bathroom with tile floors and shower,mscoco,3627,0.0,0.012658227848101266,409649
5864,A person is on snow skis on a mountain top.,mscoco,882,0.7,1.0,536118
5865,a tennis player with a racket on the court,mscoco,2376,0.8,0.5,569694
5866,Two young men preparing food in a kitchen.,mscoco,3712,0.2,0.16666666666666666,419975
5867,Two giraffes grazing on leaves out of trees.,mscoco,646,0.3,0.3333333333333333,159156
5868,The airplane with two large engines is parked on the beach. ,mscoco,1345,0.0,0.0030581039755351682,749845
5869,a close up of a person riding skis on a body of water ,mscoco,204,0.3,1.0,609627
5870,View of a baseball game from behind the catcher during a pitch.,mscoco,1310,0.0,0.09090909090909091,549
5871,An overhead view shows busses parked in a parking lot.,mscoco,4655,0.5,1.0,72805
5872,A group of people riding down a river in a boat.,mscoco,1050,0.8,0.3333333333333333,199572
5873,Two sheep walking across a dirt road near a green field.,mscoco,4027,0.3,1.0,338747
5874,A man in blue shirt and white shorts playing tennis.,mscoco,4438,0.1,0.1,302782
5875,BUSINESS LOOKING PERSON HOLDING A CELL PHONE TO HIS EAR,mscoco,4031,0.3,1.0,278327
5876,Man sitting at an outside table with a plate of food and bottle of soda.,mscoco,4841,0.2,1.0,282332
5877,A dusk view of the city center focused on the statue of a man on a horse. ,mscoco,3710,0.1,1.0,345268
5878,"a brightly lit kitchen with the stove, cabinets, and kitchen table",mscoco,3421,0.0,0.05263157894736842,591226
5879,A large clock sitting above a red Samuel Cooper sign.,mscoco,3920,0.1,1.0,600618
5880,The kitchen is clean with shiny floors and appliances.,mscoco,519,0.0,0.045454545454545456,414380
5881,Michael Jackson hat and glove to celebrate a birthday.,mscoco,5279,0.1,1.0,356958
5882,Many differently colored pots are displayed for sale.,mscoco,3673,0.1,0.14285714285714285,416576
5883,A close up image of a cat looking outside.,mscoco,4379,0.5,1.0,444852
5884,A clear glass bowl with an orange and an apple in it.,mscoco,4080,0.1,1.0,797244
5885,A black and white cow nudging heads with a black cow.,mscoco,2314,0.0,0.07142857142857142,88477
5886,Several people are sitting at a beach with a large red flag in the middle.,mscoco,177,0.1,1.0,634898
5887,Two skiers are skiing down the snowy mountain.,mscoco,2411,0.6,0.5,131020
5888,Man on motorcycle near car in old photograph.,mscoco,3418,0.0,0.09090909090909091,744017
5889,A red fire hydrant on a sidewalk with a plant growing underneath.,mscoco,313,0.1,0.1111111111111111,718115
5890,A man throwing a red frisbee while standing in a park.,mscoco,3713,0.0,0.05263157894736842,97313
5891,A white double layered cake is on a striped tablecloth.,mscoco,2174,0.1,0.14285714285714285,54588
5892,A street scene with people walking and a man on a moped.,mscoco,3059,0.0,0.023255813953488372,340357
5893,Cell phone held up to strange contraption which reads Linda.,mscoco,4946,0.1,0.14285714285714285,735134
5894,A small boy and girl sit on a bench. ,mscoco,566,0.2,1.0,270577
5895,A man running to the net during a tennis game ,mscoco,5422,0.0,0.07142857142857142,466828
5896,A young girl is brushing her teeth in the mirror.,mscoco,4703,0.1,0.5,176512
5897,A large handicapped toilet area with several assistive devices.,mscoco,2719,0.2,1.0,297454
5898,"An outdoor table with an umbrella, covered in plastic.",mscoco,3271,0.1,0.3333333333333333,564520
5899,Single pink rose displayed in glass bowl  next to wall.,mscoco,5475,0.3,0.3333333333333333,582148
5900,Motor boats parked near a dock in a marina.,mscoco,2286,0.2,0.2,415426
5901,A group of kids playing soccer in a field.,mscoco,1822,1.0,1.0,527643
5902,Many stuffed bears wearing scarves and hats on a shelf.,mscoco,4817,0.3,1.0,648161
5903,"Shelves in a dorm room, with knickknacks such as a photograph, a lamp, and a lucky cat figurine.",mscoco,5867,0.1,1.0,144019
5904,a room showing a kitchen with a microwave and a cooker,mscoco,2126,0.6,1.0,551159
5905,A man rides the top of the bowl at an indoor skate park,mscoco,2820,0.0,0.08333333333333333,623466
5906,Two suitcases that are sitting on a floor.,mscoco,2357,0.3,0.5,611202
5907,A baseball game is in action as a batter swings.,mscoco,4224,0.2,0.5,372174
5908,Group of sailboats during race on open waterway.,mscoco,4871,0.3,1.0,748277
5909,A room is a combination living room and kitchen.,mscoco,4927,0.6,1.0,426232
5910,A man holding a kite while a girl tries to fly it.,mscoco,93,0.0,0.023809523809523808,61643
5911,A glass display case contains wooden boxes and trinkets like flasks and pocket knives. ,mscoco,5550,0.1,1.0,78735
5912,Older motorcycle displayed on grass along with several old cars.,mscoco,1586,0.2,1.0,664541
5913,Horse pulling carriage with two men followed by mounted guard in uniform.,mscoco,5669,0.2,1.0,645326
5914,"A sign on the side of a building reads ""Butternut""",mscoco,4730,0.1,1.0,444764
5915,A red and white train on tracks next to city at night.,mscoco,1113,0.0,0.05,587927
5916,Flower gardens with sheep in center of circular display.,mscoco,241,0.1,1.0,766107
5917,A kitchen area of a home that has been cleaned.,mscoco,3693,0.0,0.07692307692307693,761580
5918,a man wearing a hat while riding a surfboard ,mscoco,5827,0.3,1.0,490980
5919,A wooden table topped with three glass vases.,mscoco,1860,0.1,1.0,218837
5920,A giraffe standing on top of a lush green field.,mscoco,3603,0.6,1.0,677048
5921,A baseball player currently in mid swing during a game.,mscoco,1545,0.1,0.3333333333333333,24410
5922,There is a toilet and a bath tub that us in the room,mscoco,5813,0.4,1.0,607855
5923,Two small birds sitting on a piece of wood,mscoco,3108,0.4,1.0,33737
5924,A black cat laying next to a brown dog on  a bed.,mscoco,1776,0.1,0.3333333333333333,721714
5925,A sea foam green vase with flowers in it,mscoco,2871,0.6,0.3333333333333333,466931
5926,a woman sitting at a wooden dining table eating french fries.,mscoco,4772,0.0,0.038461538461538464,248202
5927,A soccer player prepares to kick the ball.,mscoco,595,0.8,1.0,678388
5928,a cake in the shape of a train with a number two candle,mscoco,3267,0.1,0.16666666666666666,2590
5929,A open laptop sits on a desk in an office.,mscoco,5097,0.0,0.045454545454545456,412878
5930,"A white, blue and red jet airliner on runway next to grass.",mscoco,3133,0.1,0.125,346615
5931,The contemporary living room has clean lines and furnishings.,mscoco,3794,0.0,0.047619047619047616,734359
5932,A street lamp is lit near a tall clock tower.,mscoco,4245,0.1,0.1111111111111111,433059
5933,A man in a yellow jacket is shopping along a busy street in an Asian neighborhood. ,mscoco,5064,0.1,0.3333333333333333,278130
5934,A pink colored car.,drawbench,2,0.0,0.0056179775280898875,2
5935,A water area with a small boat in the water and a red and colored sky.,mscoco,2413,0.1,0.1111111111111111,398091
5936,A toilet with a speedometer on top of it,mscoco,4169,0.1,1.0,289063
5937,A group of people are sitting together at a table.,mscoco,2070,0.8,1.0,469808
5938,A large bathroom has white walls and cabinets and blue wall tiles and countertops.,mscoco,3429,0.1,1.0,515584
5939,"Colorful patches, scissors, yarn, paper, and glue sitting on a table. ",mscoco,5031,0.1,0.1111111111111111,246516
5940,A person on a blue bench wearing patterned socks.,mscoco,36,0.1,1.0,204488
5941,A woman on a court with a tennis racket.,mscoco,2722,0.8,0.5,385410
5942,Two people are walking on a beach with a large kite.,mscoco,3490,0.1,0.3333333333333333,828861
5943,two donuts with sprinkles one is pink and one is purple,mscoco,4394,0.1,1.0,190303
5944,a cat laying on a back pack in a bed room,mscoco,2205,0.2,0.5,697878
5945,A white refrigerator with two doors and a basket sitting on top of it.,mscoco,4351,0.1,0.3333333333333333,758876
5946,A crowd is walking in the outdoor plaza.,mscoco,2926,0.1,0.1111111111111111,782341
5947,Assortment of small boats anchored in water way.,mscoco,5198,0.3,1.0,726018
5948,A woman in pink shirt and white skirt playing tennis.,mscoco,3494,0.0,0.07692307692307693,382402
5949,A giraffe stands on a path on the grass.,mscoco,206,0.2,0.16666666666666666,442696
5950,"a computer work station with a printer, computer monitor, mouse, keyboard, and various books and materials",mscoco,4827,0.5,1.0,513106
5951,Urban commuter bus at bus stop on city road.,mscoco,2579,0.0,0.004545454545454545,642186
5952,College students use their phones and laptops during a graduation ceremony.,mscoco,4859,0.2,0.25,41730
5953,A red fire hydrant in grassy area next to street.,mscoco,1043,0.6,0.5,433514
5954,A bed with a headboard and footboard and a red bedspread.,mscoco,4675,0.1,0.5,734622
5955,Asian man in glasses holding two colorful mobile phone cases,mscoco,5419,0.2,1.0,535610
5956,Several men talking to each other over a dinner table.,mscoco,3499,0.3,0.5,178221
5957,An Amtrak train  is parked beneath a walkway.,mscoco,155,0.2,0.2,22986
5958,A young man wearing a headband is on his skateboard.,mscoco,4016,0.1,1.0,69762
5959,A batter in a baseball game is swinging at the ball.,mscoco,2010,0.4,1.0,748744
5960,Man leaning with hot dog on plate on beach,mscoco,2816,0.1,1.0,377319
5961,A cat standing on a table in front of a TV.,mscoco,1570,0.4,0.25,70327
5962,A dog at the beach with seagulls flying in the background.,mscoco,577,0.1,0.14285714285714285,574964
5963,Several cows graze in a grassy area near a mountain.,mscoco,5788,0.8,1.0,757605
5964,"Cat lounging next to a window, eyeing photographer.",mscoco,1403,0.0,0.05263157894736842,522124
5965,The woman is riding a horse around a ring.,mscoco,866,0.1,0.16666666666666666,398648
5966,"A person dressed in an all white snow outfit on skis and holding ski poles, while standing on a snow covered ground.",mscoco,5512,0.2,1.0,703920
5967,"Scissors, material, thread and hoop to do a needlepoint project.",mscoco,3878,0.1,0.5,262257
5968,A white stove top oven sitting next to a  refrigerator freezer.,mscoco,4892,0.6,1.0,548476
5969,A clock on tower on top of a train station.,mscoco,3505,0.1,0.1,337602
5970,Large building with a large clock and bell on the very top. ,mscoco,5530,0.0,0.07142857142857142,267522
5971,A pitcher in big league baseball game has just thrown a pitch to the batter. ,mscoco,4219,0.3,0.3333333333333333,649608
5972,Two horses with chain mail hats pulling a carriage. ,mscoco,2744,0.1,0.3333333333333333,512180
5973, A bus terminal with four buses parked outside.,mscoco,4447,0.1,0.3333333333333333,133529
5974,"A steak with sauce, brocolli and mashed potatoes on a plate.",mscoco,1867,0.0,0.05,442046
5975,"A team playing ultimate frisbee in a field
",mscoco,516,0.4,0.5,650517
5976,A photo of a bedroom with a computer set up.,mscoco,3263,0.6,1.0,77901
5977,Four people stand near a pool table while playing the Wii.,mscoco,5584,0.1,1.0,390716
5978,An antique black train near a train platform.,mscoco,3053,0.2,0.125,721805
5979,a tennis player swinging his racket to hit the ball,mscoco,1825,0.4,0.14285714285714285,550188
5980,A small dog is standing under an umbrella on the grass.,mscoco,5943,0.1,1.0,300556
5981,A motorcycle and several cars are stopped at an intersection.,mscoco,3947,0.4,1.0,623640
5982,Three zebras standing on a dirt road among trees.,mscoco,1100,0.1,0.14285714285714285,271185
5983,A young man skates on his skateboard along the concrete walls of a fountain.,mscoco,1785,0.0,0.07142857142857142,492854
5984,A person doing skate tricks in a skate park,mscoco,1083,0.4,0.25,112685
5985,Classic red car with leather suitcase attached to rack.,mscoco,3634,0.1,1.0,646141
5986,A batter is hitting from homeplate at a basball game.,mscoco,5048,0.1,0.14285714285714285,104798
5987,A park with many trees and benches at night. ,mscoco,5590,0.1,1.0,510001
5988,People in a blue motor boat traveling in the water.,mscoco,4707,0.3,0.5,200520
5989,A woman taking a picture of herself in a mirror.,mscoco,5812,0.9,1.0,745959
5990,Snowboarder flying off a ramp at a ski resort,mscoco,5448,0.1,1.0,101289
5991,A fire hydrant that is silver with a red top and sides. ,mscoco,5168,0.2,0.5,773600
5992,Oranges for sale are piled high in the box.,mscoco,2041,0.7,0.5,196878
5993,Two black and white cows grazing in the grass.,mscoco,5094,0.1,1.0,121901
5994,A snowboarder is in mid air against a bright blue sky.,mscoco,3384,0.8,1.0,18678
5995,A cat sits on a cafe chair with a handbag,mscoco,4419,0.1,0.16666666666666666,185840
5996,A abandoned refrigerator in an old abandoned building.,mscoco,1588,0.7,1.0,97422
5997,A white van next to docked airplane on lot.,mscoco,3285,0.3,1.0,10943
5998,Shot of a bed with orange pillows and lamps on both sides of the bed.,mscoco,3902,0.1,1.0,159276
5999,A man flying through the air on a snowboard.,mscoco,820,0.7,1.0,267134
6000,A man riding a skateboard down a street.,mscoco,4490,0.7,1.0,355336
6001,Two donuts rest alongside an ice tea on a picnic table.,mscoco,4049,0.2,1.0,140100
6002,Black truck parked beside a ship in the snow by itself. ,mscoco,3687,0.1,1.0,801443
6003,A man and a woman riding horses on a sandy beach.,mscoco,5920,0.5,1.0,123631
6004,A plate of cheese covered french fries and a sandwich on a white tablecloth.,mscoco,1955,0.1,1.0,633469
6005,A gray cat is laying inside of a box.,mscoco,375,0.4,1.0,210341
6006,A boy practicing his skateboard skills on a public road area.,mscoco,5459,0.3,1.0,418468
6007,man in blue shirt sitting on couch with black cat,mscoco,3473,0.1,1.0,794258
6008,Close up of a giraffe eating leaves from a tree top,mscoco,2536,0.3,1.0,625052
6009,A woman with tennis racket and ball wearing all white. ,mscoco,4108,0.0,0.06666666666666667,44128
6010,"Two pictures, one featuring ingredients and the other is a milkshake.",mscoco,4961,0.1,0.5,132883
6011,People in a field lowering a plane onto a truck by crane. ,mscoco,4483,0.1,1.0,228994
6012,A group of people in a boat in a river ,mscoco,3953,0.7,1.0,602605
6013,A man wearing a helmet on top of a motorcycle.,mscoco,2020,0.6,0.5,751513
6014,large black and yellow passenger bus parked and travelers nearby,mscoco,2187,0.1,0.3333333333333333,257548
6015,A person riding a horse over a jump.,mscoco,257,0.8,1.0,688837
6016,A desk with various electronics and a computer with a screensaver,mscoco,485,0.0,0.00625,582895
6017,"A ""no right turn"" sign in a European city. ",mscoco,1680,0.2,1.0,739061
6018,A stop sign painted on a wood pole.,mscoco,2226,0.0,0.010752688172043012,735328
6019,A person leaping and reaching to return volley in tennis game.,mscoco,4430,0.4,0.3333333333333333,396768
6020,The baseball player leans down to catch the ball.,mscoco,3593,0.5,1.0,821272
6021,a man in a wetsuit riding a wave with a surfboard,mscoco,604,0.3,1.0,133908
6022,Several people with umbrellas waiting to cross the street.,mscoco,1465,0.1,0.3333333333333333,665018
6023,A white bus with red lettering is seen driving on the street,mscoco,4426,0.1,1.0,145439
6024,A NYPD security sign is next to a crosswalk.,mscoco,2109,0.1,0.1111111111111111,445113
6025, A young lady with a helmet poses with a skateboard.,mscoco,323,0.1,1.0,530467
6026,A baby elephant walking with two adult elephants.,mscoco,2573,0.2,0.16666666666666666,765777
6027,A sign points the direction that cars should travel. ,mscoco,1301,0.2,1.0,126847
6028,A bathroom in the process of being remodeled,mscoco,4735,0.4,0.2,384755
6029,A cooked pizza on a tray has onion and mushroom topping.,mscoco,1705,0.0,0.017857142857142856,448743
6030,A tennis game with the player looking up .,mscoco,5455,0.1,0.5,339158
6031,A Canadian North Airplane with a fuel truck beside it.,mscoco,3000,0.1,0.125,708380
6032,some goats standing around by a fence ,mscoco,2829,0.2,0.25,753000
6033,Large adult elephant standing in the bushes eating. ,mscoco,587,0.0,0.017543859649122806,414657
6034,A polar bear standing next to large rocks.,mscoco,3129,0.8,1.0,655711
6035,a cheese pizza sitting on a table with a red and white tablecloth,mscoco,1601,0.1,0.1111111111111111,755515
6036,A baseball player prepares to swing at a ball during a game. ,mscoco,5011,0.2,0.1111111111111111,183919
6037,the birds are flying next to the boat ,mscoco,2078,0.3,1.0,637488
6038,Adult elephant with large carrier walking on roadway in native land.,mscoco,2093,0.0,0.023809523809523808,557664
6039,A baseball player takes a swing at a ball.,mscoco,1930,0.3,1.0,738944
6040,"A storefront sign that says, ""Mystic Blue Signs.""",mscoco,4423,0.1,1.0,393514
6041,Elephants stand together near a log in an enclosure. ,mscoco,3964,0.4,0.3333333333333333,113229
6042,A baby girl holding a brown teddy bear.,mscoco,4353,0.3,0.5,572369
6043,Bathroom with Green Tiled shower and Red patterned Shower curtain.,mscoco,2034,0.1,1.0,103250
6044,Baseball player in an orange shirt holding a baseball bat.,mscoco,1835,0.0,0.07142857142857142,559379
6045,a group of people wearing ski equipment on a snowy field,mscoco,218,0.3,0.25,821410
6046,Zebra and giraffe in close proximity surrounded by scrub trees.,mscoco,5109,0.6,0.5,481311
6047,A person is catching a Frisbee in a park near a city.,mscoco,27,0.1,0.2,723110
6048,A blue and red train sitting on a railroad track,mscoco,5307,0.1,0.1111111111111111,110965
6049,Skiers standing on a ski slope in the snow. ,mscoco,777,0.5,1.0,102069
6050,Oranges being cooked in a pot of boiling water.,mscoco,3231,0.1,1.0,4009
6051,Two cats and two dogs sitting on the grass.,drawbench,49,0.0,0.0,49
6052,Cars drive through green traffic lights in a snowy area. ,mscoco,5110,0.3,1.0,404879
6053,"a group of elephants near a stream of water
",mscoco,5368,0.8,0.5,88629
6054,three people on bicycles lined up behind one another along a road.,mscoco,3451,0.1,1.0,64236
6055,A room contains three computer screens and many colorful posters.,mscoco,3245,0.0,0.0034482758620689655,473744
6056,A black cat laying inside a bathroom sink.,mscoco,5069,0.5,0.5,310498
6057,A group of people sitting at a very long table with food.,mscoco,5444,0.7,1.0,565034
6058,A snack food delivery truck is parked on a city street.,mscoco,1743,0.6,1.0,66702
6059,Adult cat lying on ornate cloth design piece of furniture.,mscoco,579,0.5,1.0,392047
6060,A baseball player is getting ready to hit a ball,mscoco,231,0.2,0.125,295961
6061,A calico cat staring outside through a window.,mscoco,1768,0.3,0.5,11108
6062,A baseball player prepares to swing the bat to hit the ball. ,mscoco,2149,0.4,0.5,280907
6063,A street sign that is displaying two street names.,mscoco,1656,0.5,1.0,470308
6064,A man swings at a moving baseball during a baseball game.,mscoco,4566,0.3,1.0,739181
6065,Large personal sized pizza with Canadian bacon and pineapple. ,mscoco,5632,0.1,0.5,690476
6066,Two people in black wetsuits surfing on surfboards.,mscoco,260,0.2,1.0,190196
6067,A man standing on the train with a suitcase next to him.,mscoco,4087,0.0,0.0625,618394
6068,A cat lays on the floor playing with a toy.,mscoco,2539,0.8,1.0,736398
6069,A person performing a skateboarding trick on steps near a public building.,mscoco,471,0.2,1.0,175378
6070,A banana in a bowl has writing on it.,mscoco,5145,0.3,1.0,175948
6071,A side mirror of a vehicle showing a street sign.,mscoco,5786,0.3,1.0,563579
6072,The kitchen has beige walls and floor and oak woodwork.,mscoco,1232,0.0,0.025,365533
6073,"A street vendor sells magazines, water, bananas etc.",mscoco,5770,0.1,0.2,593962
6074,A bunch of white flowers sit in a vase.,mscoco,4842,0.9,1.0,365049
6075,A white speed boat on a lake next to a shore.,mscoco,3833,0.2,1.0,180451
6076,A view of a downtown restaurant front with signs advertising food. ,mscoco,2454,0.0,0.009433962264150943,486730
6077,A person poses while skiing in a field with hills in the background.,mscoco,1292,0.3,1.0,620095
6078,A crowd of people skiing across a snow covered hill.,mscoco,5464,1.0,1.0,84961
6079,A large orange urn on the beach with a city in the background.,mscoco,2667,0.1,1.0,700358
