,prompt,source,index,caption_id,precision,reciprocal_rank
0,A large slice of cheese pizza on a paper plate.,mscoco,4123,449128,0.3,0.75
1,Group of people eating food at an outdoor table.,mscoco,1333,177780,0.55,1.0
2,"A couple of plates of sausages, broccoli and purple food.",mscoco,4489,429269,0.1,1.0
3,A street scene with a railroad crossing and traffic lights.,mscoco,4014,402185,0.35,0.3214285714285714
4,Two brown and white cows in field with hazy sky.,mscoco,5071,342845,0.2,0.3333333333333333
5,A pasture with sheep inside a fence ,mscoco,3618,605307,0.5,0.6666666666666666
6,The kitchen has a small sink and a miniature stove.,mscoco,2659,300290,0.05,0.2596153846153846
7,A man watches a young boy play with his phone.,mscoco,2568,584262,0.05,0.06623134328358204
8,A refrigerator and a stove in a kitchen,mscoco,2090,338604,0.6000000000000001,0.6666666666666666
9,A person is holding a hot dog in their hand.,mscoco,972,287995,0.8,0.75
10,A bacon cheeseburger with a donut as the bun.,mscoco,688,93052,0.35,0.75
11,An empty hospital room is seen in this image.,mscoco,1314,757680,0.55,1.0
12,"A bathroom with a shower stall, sink and tub.",mscoco,1991,427767,0.0,0.00152886643655015
13,A living room with a christmas tree near the fireplace,mscoco,1592,129976,0.35,0.75
14,A red fire hydrant in a park near a tree. ,mscoco,3188,687233,0.3,0.625
15,A woman with glasses biting into a doughnut.,mscoco,5230,700242,0.4,0.41666666666666663
16,huge round bath tub with large mirror and window,mscoco,472,377574,0.1,0.35
17,two birds sitting on branches of a tree,mscoco,4429,105707,0.75,1.0
18,Close up of a cluster of white flowers with yellow stamen,mscoco,4684,139530,0.1,1.0
19,A baseball player holding his arm up with a ball in his hand.,mscoco,5254,532903,0.2,0.20833333333333331
20,A pizza in a pizza box with lots of toppings.,mscoco,2178,72160,0.8,0.75
21,A cat sitting next to a fish figurine on a window sill.,mscoco,2700,605034,0.1,0.1547619047619047
22,two red suitcases are in a room and a chair desk and a bed,mscoco,2533,123142,0.1,0.75
23,The inside of a bicycle store with numerous related items on display,mscoco,339,293384,0.5,1.0
24,A man walking down a dirt road holding an umbrella.,mscoco,4367,640873,0.25,1.0
25,The living area is open and brightly lit by the tall window.,mscoco,3623,470672,0.15,0.1477272727272727
26,"A cut of meat is served with rice, broccoli and other vegetables.",mscoco,3998,22845,0.05,0.11020408163265305
27,Orange tree with ripe oranges and green leaves.,mscoco,4550,66993,0.9,1.0
28,"A blurry night-time street scene shows a higher and lower roadway with overpasses and lots of traffic  going the same way, while to the left an area of red glare with an arrow and number, suggests a caution area. ",mscoco,1962,776388,0.05,0.2578125
29,A living room with couches and recliner chairs with a kitchen behind it.,mscoco,1834,726967,0.0,0.01781798245614035
30,A woman flying a kite on a beach while several people play.,mscoco,2449,84236,0.1,0.53125
31,A giraffe about to eat leaves from a tree,mscoco,3259,739040,0.55,0.625
32,A man who is performing a trick on a skateboard.,mscoco,1019,524938,0.2,0.3
33,"A bedroom with tv, computer, and bookshelves in it.",mscoco,2737,631973,0.05,0.13166666666666665
34,The kitchen counter is covered with various cooking ingredients.,mscoco,5751,367377,0.5,0.41666666666666663
35,Pizza and spinach on a plate on the table.,mscoco,2679,555854,0.6,0.75
36,A small bedroom with a desk and computer in it.,mscoco,2316,769046,0.55,1.0
37,A man lunging down to catch a frisbee on a field.,mscoco,4326,503305,0.05,0.27777777777777773
38,this living room has a brown couch  and a white glass coffee table,mscoco,1892,454234,0.0,0.036274509803921495
39,A view of a sink and commode in a bathroom.,mscoco,5721,502993,0.44999999999999996,0.75
40,A snowboarder rides a bench set up in the snow,mscoco,5897,488281,0.1,0.6
41,A blurry photo shows men sitting in car seats playing Wii at a party.,mscoco,3149,386166,0.0,0.011564223798266299
42,People interact during a soccer match with a large crowd.,mscoco,4787,313355,0.1,0.19298245614035087
43, a man playing with a wii mote ,mscoco,3256,613627,0.8,0.75
44,The healthy food is prepared on the plate ready to be eaten. ,mscoco,5427,525850,0.1,0.5185185185185185
45,A red train traveling over a bridge over a forest.,mscoco,2728,719695,0.25,1.0
46,The skateboarder does an aerial stunt of the stairs in the City.,mscoco,5662,148982,0.3,0.5357142857142857
47,A large elephant walks with a small elephant behind it.,mscoco,1522,433547,0.1,0.506578947368421
48,A group of people are skiing while dressed in costumes.,mscoco,1296,208609,0.2,0.75
49,a blue truck with bicycles tied down in the back,mscoco,2683,138178,0.1,0.6666666666666666
50,A bunch of ducks swimming around in a pond ,mscoco,5258,687581,0.8,1.0
51,An electric train on a bridge crossing a river.,mscoco,4190,231269,0.8,1.0
52,"A bento box with chopsticks containing strawberries, carrots, sandwiches, broccoli, lettuce, and some other foods.",mscoco,5012,56265,0.05,0.52
53,two people cutting a cake on a table,mscoco,5619,58710,0.85,0.75
54,Young man wearing shorts throws a frisbee among trees.,mscoco,5043,770666,0.1,0.1875
55,A red commuter train traveling down train tracks.,mscoco,292,271251,0.15,0.5454545454545454
56,A close-up of a dog in a boat wearing clothing.,mscoco,3453,120797,0.1,0.5833333333333333
57,A white and red train at a train station.,mscoco,3567,310112,0.15000000000000002,0.15555555555555556
58,Hovering cow abducting aliens.,drawbench,29,29,0.0,0.0
59,Colorado Rockies' pitcher about to release ball from mound.,mscoco,5978,81023,0.05,0.5045045045045045
60,People stand on the beach underneath a green kite.,mscoco,1158,603271,0.05,0.5080645161290323
61,A large stack of Fedex boxes on a carpeted floor.,mscoco,2528,653992,0.1,1.0
62,"The girl, a Kuwaiti kite flyer, is very happy ",mscoco,5250,352189,0.05,0.05847457627118641
63,Six different types of doughnuts are arranged in a box.,mscoco,5377,33725,0.4,0.6666666666666666
64,Two yellow and white trains are riding the tracks into a station.,mscoco,2810,211066,0.0,0.0545454545454545
65,A person holding a silver cell phone in their hand.,mscoco,3423,758554,0.05,0.5277777777777778
66,a building with a pole and some street signs,mscoco,2994,667368,0.39999999999999997,0.5555555555555556
67,Two balconies are shown with a stop sign next to them. ,mscoco,599,476889,0.1,0.41666666666666663
68,a person standing in a living room playing nintendo wii,mscoco,5027,485965,0.5,1.0
69,"A tidy corner features a black book shelf, a desk with two computers and a black chair.",mscoco,467,303688,0.0,0.02117953730856955
70,A city bus is stopped at a light on a sunny day.,mscoco,4648,746776,0.0,0.027243589743589702
71,A man is eating a doughnut hanging from a string.,mscoco,4953,220483,0.3,1.0
72,Young adults playing on grassy field with flying disc during match play.,mscoco,1564,482592,0.0,0.027972027972027948
73,"A sitting area with a television, in a hotel room.",mscoco,365,742208,0.45,1.0
74,A black fire hydrant sits between two silver poles on the sidewalk near a building.,mscoco,3540,189238,0.1,0.55
75,A tennis player is preparing to play a game of tennis.,mscoco,2671,667033,0.15,0.265625
76,A man with an orange ribbon clutched in his teeth tucks his ski poles as he races down a slope.,mscoco,529,7952,0.05,0.06339445438282645
77,A woman playing tennis on the tennis court,mscoco,3362,723198,0.6499999999999999,0.75
78,A large kitchen with a metallic refrigerator freezer and a center island.,mscoco,524,676318,0.0,0.01887428378833835
79,A white cat sits below a boot filled shoe rack.,mscoco,95,279593,0.1,1.0
80,Various shots of a woman smiling and messing with a keyboard.,mscoco,5558,201148,0.1,1.0
81,Trash cans are on a sidewalk next to a fire hydrant and fence.,mscoco,4026,721462,0.1,0.5714285714285714
82,An Apple instruction book with a mouse and keyboard next to it.,mscoco,1411,601722,0.25,1.0
83,A cat sticking its head in a toilet.,mscoco,2941,779360,0.6499999999999999,0.75
84,A man stands in a library wearing glasses and a bow tie.,mscoco,425,706312,0.1,1.0
85,A boat filled with people observing a large elephant on land ,mscoco,246,64107,0.1,0.6
86,A man on a boat in the ocean. ,mscoco,655,340415,0.15000000000000002,0.5555555555555556
87,two women standing around and playing a wii game,mscoco,811,694391,0.65,0.75
88,Vehicle and pedestrian traffic at night on a city street.,mscoco,1845,633921,0.0,0.057795698924731145
89,Three giraffes standing around in a zoo enclosure,mscoco,3241,829698,0.3,0.625
90,"Street sign, with name and abbreviation, in front of very old building.",mscoco,1550,815958,0.0,0.0386710239651416
91,Three people with umbrellas walking over a wooden bridge.,mscoco,568,403279,0.2,1.0
92,Animation of a person riding on a motorcycle.,mscoco,1796,805120,0.05,0.2121212121212121
93,"LUNCH TRAY WITH EGG SANDWICH, HASH BROWNS, FRUIT AND CONDIMENTS",mscoco,966,90999,0.2,1.0
94,Woman playing with soccer while children watch intently,mscoco,3141,174001,0.05,0.16854636591478694
95,A yellow and black fire hydrant next to a  red truck.,mscoco,2053,200400,0.1,0.23809523809523805
96,A surfboard on top of a beaten car near the ocean,mscoco,3431,69294,0.1,1.0
97,Several cows grazing in a field under a tree.,mscoco,2892,262148,0.45,0.5833333333333333
98,A tusked elephant eating grass in a zoo enclosure,mscoco,2740,580526,0.1,0.20833333333333331
99,Fresh baked pizza on metal pans being sliced for service.,mscoco,4646,405412,0.05,0.11136363636363636
100,A orange and red train parked at the station.,mscoco,1298,754787,0.0,0.02015250544662305
101,A person preparing sandwiches at a food stand.,mscoco,5192,97157,0.15000000000000002,0.3214285714285714
102,A bird standing on the sand at the beach. ,mscoco,4744,769371,0.75,1.0
103,A horse leans over the fence to talk to a dog.,mscoco,2824,119875,0.1,0.1547619047619047
104,A giraffe standing on grass inside a fenced area.,mscoco,5942,643103,0.39999999999999997,1.0
105,A man in shorts has his foot on a soccer ball.,mscoco,1078,241139,0.1,1.0
106,Adult on skis in snow covered alpine area with tents.,mscoco,4736,651694,0.05,0.5172413793103448
107,A woman in blue shirt holding two cellphones with cars in background.,mscoco,3773,298444,0.0,0.07177033492822965
108,A large herd of sheep are grazing in a field.,mscoco,1367,342804,0.8,0.75
109,A long cargo train is on railroad tracks. ,mscoco,275,4444,0.05,0.5454545454545454
110,A baseball player swings at a low pitch.,mscoco,789,740438,0.0,0.071078431372549
111,a bench sits alone on a field in front of trees. ,mscoco,4801,619414,0.45,1.0
112,A yellow fire hydrant next to a street.,mscoco,666,736234,0.75,1.0
113,A clock is displayed on a white painted tower.,mscoco,4709,624208,0.1,0.23809523809523805
114,A baseball player begins to run while holding the bat.,mscoco,4525,615814,0.15,0.2553763440860215
115,A baseball player getting ready to swing at a baseball game in a stadium packed with people.,mscoco,1528,118938,0.30000000000000004,0.375
116,A person on a snowboard performs a jump while two people watch.,mscoco,5186,742754,0.05,0.26
117,A toilet without a tank is in a bathroom next to a bathtub. ,mscoco,2687,193407,0.0,0.04366987179487175
118,A white toilet sitting under a toilet seat protector.,mscoco,3327,705128,0.1,0.3333333333333333
119,A man wearing glasses while holding a banana.,mscoco,508,672106,0.45,1.0
120,A giraffe standing in a grassy open field.,mscoco,5561,455083,0.45,0.625
121,a group of people walk on a beach with surf boards,mscoco,234,758431,0.7,1.0
122,Two women sitting at a table taking pictures of food.,mscoco,1471,69863,0.1,0.2222222222222222
123,a woman and young child pose on steps with  teddy bear statue,mscoco,3349,92204,0.1,1.0
124,"A plate with a grilled cheese sandwich, french fries, tomatoes, and pickles. ",mscoco,5004,160250,0.25,1.0
125,a woman looking at the banana tree in the garden,mscoco,2874,723140,0.05,0.53125
126,A woman with a swimsuit on sitting with a dog.,mscoco,3989,743715,0.2,0.6
127,Two people are eating breakfast at a restaurant.,mscoco,1944,406288,0.05,0.5078125
128,A young man tossing a white frisbee across a field.,mscoco,2965,801906,0.2,0.1547619047619047
129,Adults hugging in open large field with suitcases.,mscoco,3212,588181,0.05,0.2587719298245614
130,"A fruit stand with apples, bananas, oranges, pineapples, watermelon and grapes. ",mscoco,2339,550503,0.1,0.23809523809523805
131,A green and white traffic sign stands on the corner.,mscoco,2447,787091,0.15,0.10226244343891401
132,Two zebras stand next to each other in a black and white photo. ,mscoco,5889,668886,0.35,0.53125
133,A woman is skiing down a snowy hill.,mscoco,558,130716,0.55,0.75
134,Large brown dog standing next to a person on red scooter. ,mscoco,163,384013,0.25,1.0
135,A man and woman standing in front of a man leaning on a parking meter.,mscoco,2366,65547,0.1,0.3333333333333333
136,Bunches of bananas are being displayed in a decorative bowl.,mscoco,2006,43050,0.2,1.0
137,Herds of okapi and other animals on the African Savannah. ,mscoco,5399,675185,0.0,0.01220238095238095
138,Two people standing up with wii wired controllers.  ,mscoco,2326,251947,0.15000000000000002,0.75
139,A skiier is skiing down a bunny hill slope.,mscoco,4010,51640,0.25,1.0
140,A white refrigerator freezer next to a washer.,mscoco,2370,478762,0.1,0.3214285714285714
141,A small kitchen with glass and wooden cabinets.,mscoco,1493,223293,0.15000000000000002,0.26666666666666666
142,A chocolate donut on a red plate near a beverage cup.,mscoco,182,137150,0.1,1.0
143,A kid eats a sandwich on a picnic bench.,mscoco,2021,529665,0.05,0.13970588235294115
144,A bride and groom cutting a wedding cake.,mscoco,2342,265091,0.9,1.0
145,Two horses are standing together near a fence.,mscoco,3340,737656,0.15,0.2833333333333333
146,Two animated woman and a man standing in a yard.,mscoco,276,328020,0.05,0.5051020408163265
147,An elephant eating hay as a person disperses it out.,mscoco,1812,709933,0.0,0.01264633000085445
148,A Jets transport vehicle near a group of people.,mscoco,2908,654231,0.0,0.0375525210084033
149,Altered photograph of a toddler in a baseball cap on a wooden bench,mscoco,1236,622215,0.05,0.5238095238095238
150,Pizza is sitting on a plate which is sitting on table.,mscoco,4569,529835,0.2,0.75
151,Several people sitting at a large table with papers on it.,mscoco,2214,564927,0.05,0.19999999999999996
152,Riders on horseback travel along the seashore under the pier.,mscoco,4928,805331,0.1,0.75
153,People are riding bicycles and walking across an intersection.,mscoco,1597,618834,0.3,0.6
154,A black dog is tied to a chair arm and looks at the camera.,mscoco,5883,448718,0.05,0.07175925925925924
155,"A bathroom features white, bowl sinks and a bathtub.",mscoco,1409,120390,0.2,0.29166666666666663
156,A boy in a tie poses for a picture. ,mscoco,1223,113021,0.6499999999999999,0.75
157,A living room has modern white furniture and red walls.,mscoco,2341,212759,0.1,0.3125
158,Two giraffes standing in front of the door to a house. ,mscoco,4112,413478,0.3,0.75
159,A dog standing on an opened window ,mscoco,113,537157,0.55,0.75
160,Two women on a tennis court shaking hands ,mscoco,1257,500386,0.4,1.0
161,a bowl of vegetable soup on a table,mscoco,3236,692527,0.30000000000000004,0.6666666666666666
162,two people in the distance carry a surfboard on a beach,mscoco,5388,400448,0.55,0.75
163,A small cow is walking down a path with an adult cow while a man in a red shirt watches.,mscoco,490,676606,0.0,0.008826464041753
164,A large clock is displayed on a building.,mscoco,4305,636831,0.35,1.0
165,"A blue, green, black and white shuttle bus and cars on road",mscoco,2027,314141,0.05,0.2512254901960784
166,A city street with a no parking sign on a post,mscoco,4987,421429,0.25,0.5178571428571428
167,A train locomotive sitting on the tracks at a station.,mscoco,852,203503,0.1,0.15000000000000002
168,A black cat with its head in a blue cup.,mscoco,386,265627,0.15000000000000002,0.5
169,A baseball game with the pitcher in throwing motion and a base runner leading off of first base.,mscoco,1732,727134,0.15000000000000002,0.15555555555555556
170,Three giraffes and three zebras wander around in a field with trees.,mscoco,942,640752,0.05,0.25194552529182873
171,Vase with roses displayed on table alongside electronic computer equipment.,mscoco,2629,482413,0.15000000000000002,0.5714285714285714
172,a close up of a plate of fruit with apples,mscoco,2119,426207,0.1,0.20833333333333331
173,The black and white photo shows an old clock tower.,mscoco,5330,91315,0.3,0.75
174,An emergency response person is on a motorcycle.,mscoco,5544,29816,0.0,0.05050505050505045
175,A man in a black hat standing next to a parking meter.,mscoco,5547,589181,0.25,0.5833333333333333
176,A woman reading a book on a park bench. ,mscoco,1194,586150,0.4,1.0
177,A spinach and cheese pizza with tomato sauce on a plate. ,mscoco,272,557245,0.25,0.6
178,An airplane ascends through a cloud into a blue sky.,mscoco,2440,605609,0.3,0.5555555555555556
179,A white refrigerator freezer sitting inside of a kitchen.,mscoco,5029,701790,0.1,0.41666666666666663
180,"American Airlines' 707 Astrojet was  the first to be commercially successful in the 1960s, cutting travel time   from coast to coast.",mscoco,5977,436029,0.1,0.75
181,"Preparing a pizza topped with grated cheese, tomato sauce and vegetables for baking.",mscoco,2138,107988,0.05,0.0802005012531328
182,Three people are walking in the rain carrying umbrellas. ,mscoco,2548,689122,0.25,0.6666666666666666
183,A green vase with red roses sitting on a table.,mscoco,718,783492,0.1,0.41666666666666663
184,A doughnut covered in nuts sitting in a blue bowl. ,mscoco,4915,475729,0.05,0.2121212121212121
185,Two men posing for pictures with their skis on a mountain.,mscoco,2202,66445,0.55,1.0
186,a snow skier in a yellow jacket is doing a jump,mscoco,3970,581328,0.1,0.1964285714285714
187,Protesters carrying pink parasols and signs in front of a wrought-iron gate.,mscoco,3991,662644,0.05,0.27941176470588236
188,A man walking in the kitchen near a chair. ,mscoco,4590,343746,0.0,0.03625
189,Kitchen cabinets above refrigerator with magnets and notes.,mscoco,4213,679922,0.1,0.21666666666666667
190,A picture of a several individuals walking on a sidewalk in between buildings.,mscoco,4124,91487,0.2,0.1666666666666666
191,Some elephants stand in a zoo exhibit with a small pond.,mscoco,4375,257667,0.35,0.6666666666666666
192,This is an aerial view of people gathered with umbrellas on a rainy street.,mscoco,178,502027,0.44999999999999996,1.0
193,A young girl in a green shirt holds out a tennis racket as an over sized tennis ball hovers over it.,mscoco,1580,300701,0.1,0.29166666666666663
194,"A bathroom area with toilet, toilet paper dispenser and trash can.",mscoco,1990,324060,0.0,0.0526315789473684
195,A man in a red coat skiing down a snow covered hill.,mscoco,4695,431673,0.6,1.0
196,"A fluffy baby sloth with a knitted hat trying to figure out a laptop, close up, highly detailed, studio lighting, screen reflecting in its eyes.",drawbench,146,146,0.0,0.0
197,Men serve themselves pizza out of boxes laid out on a table.,mscoco,1865,27609,0.0,0.03769841269841265
198,There is a bed bunk above some seats on a train.,mscoco,4218,535872,0.05,0.10795454545454544
199,View of residential street at traffic light with orange and white gates and cones in street.,mscoco,4911,543782,0.15,0.5192307692307692
200,An elephant with tusks standing on a path.,mscoco,4963,111876,0.45,1.0
201,A green car and a bus travel down a street. ,mscoco,3331,509377,0.1,0.1741293532338308
202,A woman holds a Wii remote with both hands.,mscoco,3549,258463,0.0,0.01541241496598635
203,some people on a street with umbrellas and some buildings,mscoco,5610,543300,0.5,0.35
204,a person jumping a skate board in the air ,mscoco,1397,760980,0.15000000000000002,0.75
205,A red and orange fire hydrant sits on a snowy street while people are walking by.,mscoco,2196,499588,0.05,0.14545454545454545
206,Dirt bike racing demands regular maintenance prior to a race.,mscoco,5306,749867,0.1,0.55
207,Black cat laying on a green blanket staring at the camera.,mscoco,4276,213511,0.2,0.375
208,A group of motorcyclists are parked in a parking lot.,mscoco,5483,733717,0.05,0.5294117647058824
209,"Two yellow dishes of food, one with rice and the other containing broccoli and an orange and a container of activia next to it.",mscoco,2894,784918,0.1,0.75
210,"Little League baseball players, including a pitcher, a hitter, and two umpires.",mscoco,3895,411373,0.25,0.5625
211,A boy playing a game with a remote controller.,mscoco,1478,708533,0.7,1.0
212,A fire hydrant with a mans face painted on it. ,mscoco,3196,686519,0.1,1.0
213,A small charter plane sitting on a runway.,mscoco,4205,318840,0.5,1.0
214,Several baseball players wearing white sitting on a bench in the dugout next to baseball bats. ,mscoco,5005,308547,0.15000000000000002,0.1666666666666666
215,Various glasses of juices and breakfast foods on a table.,mscoco,4230,118753,0.2,0.55
216,A woman wearing white rides her surfboard on a wave.,mscoco,2340,262950,0.05,0.10694444444444441
217,The personal pizza is next to a plate of french fries.,mscoco,3982,241838,0.25,0.625
218,Two people are on a tennis court playing tennis.,mscoco,2776,490397,0.55,1.0
219,An elephant standing near rocks in front of a building.,mscoco,5600,760635,0.15000000000000002,1.0
220,The child in the black helmet is swinging at a tee ball stand.,mscoco,1978,658772,0.1,0.75
221,A Grizzly bear sits in a field near a river.,mscoco,4618,29736,0.3,0.6666666666666666
222,A street scene with people walking and street signs.,mscoco,248,703953,0.2,0.41666666666666663
223,The black cat is sitting on the unmade bed.,mscoco,2416,626228,0.1,0.6666666666666666
224,A horse grazes on beach grass with a lighthouse in the background.,mscoco,3572,506401,0.2,1.0
225,A large group of people walk under highway signs.,mscoco,1271,107376,0.25,1.0
226,A toast and tomato breakfast with orange juice.,mscoco,1781,541586,0.05,0.2763157894736842
227,A street scene with focus on a gray and red fire hydrant.,mscoco,3320,153116,0.0,0.0088583428789614
228,A large group of motorcycle riders travel on the highway.,mscoco,3269,352889,0.25,0.75
229,A man standing in a room with an aquarium ,mscoco,2656,525106,0.1,0.1845238095238095
230,A home computer and coffee mug on a desk.,mscoco,3760,288986,0.1,1.0
231,"A steep incline of snow, a strip of sky and what looks like a large red strut sticking out of the snow make a setting for a helmeted skier in otherwise regular clothes in a twisted posture the points of his or her skis ascending the slope. ",mscoco,4641,775911,0.0,0.00465838509316765
232,An empty playground with three small wood benches and money bars. ,mscoco,2961,331827,0.1,0.35
233,People with horse drawn carriage on side of city street.,mscoco,2406,767064,0.65,0.6666666666666666
234,Zebras racing each other in their zoo enclosure,mscoco,5123,94562,0.15,0.5416666666666666
235,A cross-country skier in the snow under a tree.,mscoco,4777,129752,0.3,0.5
236,"A woman is standing on a surfboard, riding a wave.",mscoco,2968,700643,0.7,0.75
237,"A sjmall domesticated carnivorious mammnal with sof fuh,y a sthort sout, and retracwtablbe flaws. It iw widexly kept as a pet or for catchitng mic, ad many breeds zhlyde beefn develvoked.",drawbench,110,110,0.1,0.24999999999999994
238,An orange cat sitting at corner of desk next to a keyboard.,mscoco,1643,343178,0.05,0.53125
239,A woman talking on a cell phone with a smile.,mscoco,5982,201302,0.85,1.0
240,A close up of a man wearing glasses eating a hot dog.,mscoco,2114,187145,0.3,1.0
241,A large display of stuffed animals are on a pink cloth.,mscoco,5521,211157,0.05,0.53125
242,"A tiger in a lab coat with a 1980s Miami vibe, turning a well oiled science content machine, digital art.",drawbench,147,147,0.0,0.0
243,Players and officials standing around on an indoor tennis court.,mscoco,5999,733632,0.2,1.0
244,a white and black parked motorcycle and some other parked bikes,mscoco,5742,458942,0.05,0.27
245,People are on the beach with chairs and colorful umbrellas.,mscoco,5290,381982,0.8,1.0
246,Many large jets are parked at the airport loading area.,mscoco,3125,391939,0.05,0.0736111111111111
247,people standing around a table set up with many boxes of pizza ,mscoco,848,289639,0.5,0.6666666666666666
248,a shelf with some flowers a vase a clock and a television,mscoco,4298,444238,0.1,0.6
249,A steak and several hotdogs cook on a grill.,mscoco,5929,50904,0.15000000000000002,0.41666666666666663
250,A group of sheep are shown under a tree.,mscoco,2896,33471,0.8500000000000001,1.0
251,A large bowl of bananas and oranges in a room.,mscoco,4962,323555,0.1,0.5555555555555556
252,A large box filled with assorted fruits and vegetables.,mscoco,692,240091,0.45,0.75
253,Several glazed doughnuts in a white box container.,mscoco,5665,254209,0.65,0.75
254,The man is standing in front of a television near a bed. ,mscoco,5862,737369,0.1,0.5625
255,A cell phone sits on a desk next to a green box.,mscoco,5479,111471,0.1,0.75
256,A row of chairs and umbrellas on a beach.,mscoco,391,792769,0.65,1.0
257,A young boy in a baseball uniform is swinging a baseball bat.,mscoco,1879,593558,0.6,0.75
258,Old photograph depicting major league baseball player at stadium.,mscoco,1406,707547,0.35,1.0
259,Elephants and riders standing in grassy area in old photograph.,mscoco,3074,626150,0.1,0.26666666666666666
260,A bird sitting on some plants in the water.,mscoco,3720,731878,0.1,0.29166666666666663
261,New York Skyline with 'Text to Image' written with fireworks on the sky.,drawbench,195,195,0.0,0.0
262,A wrong way sign is posted on a two-way street.,mscoco,2762,58886,0.1,0.41666666666666663
263,a man and a woman looking at a tablet in a kitchen,mscoco,4061,118819,0.1,1.0
264,An old fashioned passenger train is travelling on the tracks through the countryside.,mscoco,412,619674,0.55,1.0
265,"An elephant with a lighter color neck and ears, standing in an enclosure.",mscoco,3163,615262,0.0,0.0343468468468468
266,A skateboarder performing a trick at a skateboard park.,mscoco,2592,668215,0.44999999999999996,0.35
267,Little boy with baseball glove waiting for a incoming ball,mscoco,2930,168300,0.5,0.6
268,"A BATTER, CATCHER, AND UMPIRE NEAR HOME PLATE ",mscoco,5640,56123,0.3,0.35
269,A baseball field that has players standing on it.,mscoco,3655,754711,0.5,1.0
270,Two women who are walking by a fire hydrant.,mscoco,3635,744871,0.05,0.09353741496598635
271,A small bathroom features a toilet and small window.,mscoco,3179,634039,0.05,0.12179487179487175
272,A bedroom with large windows and the bed in the corner,mscoco,907,611253,0.05,0.0692307692307692
273,The rows of bananas on the shelf have a price sign nearby.,mscoco,5257,455208,0.55,1.0
274,a small white boat is at the beach,mscoco,2203,601402,0.35,1.0
275,Man and woman standing up while playing wii.,mscoco,3344,120083,0.55,0.75
276,A Monarch brand airplane taking off from the runway.,mscoco,920,403805,0.05,0.0786749482401656
277,Zebra grazing on grass in outdoor enclosed area.,mscoco,239,552408,0.05,0.09774436090225559
278,Dirty open toilet surrounded by a green metal cabinet and exposed metal pipes.,mscoco,4869,413127,0.0,0.06346153846153846
279,"Black and white of a wet city sidewalk with pedestrians, mostly from the back, carrying open umbrellas, and on umbrella lying on the sidewalk near a booth and a parked SUV, with buildings.",mscoco,4853,765426,0.05,0.5019305019305019
280,A bathroom with white counters and a sink under a large mirror.,mscoco,5274,215692,0.15000000000000002,1.0
281,a large giraffe near many bushes in a field ,mscoco,3865,732561,0.15000000000000002,0.5833333333333333
282,a group of people riding motorcycles on a highway,mscoco,1147,128036,0.5,0.5
283,Young man does a trick in a skate park on his skateboard.,mscoco,5469,411745,0.35,0.41666666666666663
284,A man cutting a piece of cake on top of  a table.,mscoco,4188,632430,0.44999999999999996,0.6
285,Female tennis player in the motion of hitting a ball. ,mscoco,4358,28593,0.3,0.25
286,A woman and man playing video games in  a room.,mscoco,2207,47841,0.5,0.41666666666666663
287,a sheep stands next to a baby sheep on some grass,mscoco,2347,517679,0.8,1.0
288,A white table sitting below a window in a room.,mscoco,3476,588773,0.05,0.5056179775280899
289,A dark wood table in a kitchen with white appliances.,mscoco,1024,211077,0.05,0.5010309278350515
290,A traffic light with a pedestrian crossing signal.,mscoco,677,213868,0.1,0.10795454545454544
291,A woman takes a picture of herself in a public bathroom mirror.,mscoco,5432,603977,0.6,0.75
292,Three computer monitors which are displaying several landscape scenes. ,mscoco,5208,297484,0.1,0.375
293,A boy is practicing a jump on a skateboard.,mscoco,5777,560234,0.15,0.16346153846153844
294,People having a donut eating contest at a picnic,mscoco,4028,387971,0.1,0.625
295,A picture of a pitcher in a baseball game.,mscoco,5832,147132,0.35,0.1547619047619047
296,A modern open concept kitchen and dining room.,mscoco,4579,792143,0.45,1.0
297,A baseball player up at bat with the catcher behind him.,mscoco,4089,385456,0.15000000000000002,0.20833333333333331
298,A large red and yellow double decker bus driving down a street.,mscoco,2630,98367,0.25,0.5714285714285714
299,An old kitchen exhibit in a museum depicting a stove and work area.,mscoco,1342,715201,0.1,0.5833333333333333
300,A UNRAVELED BED WITH A BLUE AND WHITE BED SPREAD,mscoco,3274,643630,0.1,1.0
301,a number of people riding bicycles on a street ,mscoco,1060,662785,0.8500000000000001,1.0
302,Two birds are standing together on a pole near wire.,mscoco,340,738070,0.15000000000000002,0.13888888888888884
303,a room with an electric rotating fan near furniture,mscoco,2991,34756,0.1,0.5625
304,A large truck is parked in front of a cafe,mscoco,1502,390714,0.0,0.05408653846153845
305,A handicapped bathroom with toilet and wall sink.,mscoco,3435,374390,0.15000000000000002,0.75
306,A skateboarder hitting a trick in a black and white photo.,mscoco,5545,696097,0.44999999999999996,0.75
307,A man in a plaid shirt is by himself with a solemn expression.,mscoco,1076,663793,0.0,0.051315789473684204
308,A brown and white cow in grassy area next to a tree.,mscoco,108,373915,0.44999999999999996,0.6666666666666666
309,"Ovens in a historic bakery, similar to pizza ovens.",mscoco,4195,283322,0.05,0.09126984126984125
310,Several people gathered around a horse in a field.,mscoco,2632,258640,0.15,0.2121212121212121
311,An older style black locomotive numbered 473 pullin passenger cabins.,mscoco,3244,267387,0.0,0.04015151515151515
312,A hotdog with mayonnaise and mustard is on a plate.,mscoco,2362,256747,0.05,0.2708333333333333
313,Two zebras are grazing in a fenced enclosure.,mscoco,1691,67928,0.5,1.0
314,One cat and three dogs sitting on the grass.,drawbench,47,47,0.0,0.0
315,"Painting of the orange cat Otto von Garfield, Count of Bismarck-Schönhausen, Duke of Lauenburg, Minister-President of Prussia. Depicted wearing a Prussian Pickelhaube and eating his favorite meal - lasagna.",drawbench,142,142,0.0,0.0
316,Several boats are docked under a tall mountain.,mscoco,456,699589,0.2,0.1714285714285714
317,a couple of people on bikes are talking on a platform,mscoco,460,485418,0.1,0.1111111111111111
318,A pizza is topped with ham and onions.,mscoco,2215,264708,0.05,0.5116279069767441
319,A man is riding a brown horse along with a black horse.,mscoco,1802,219915,0.0,0.045851370851370796
320,A man leaning up against a brick wall while talking on a phone.,mscoco,58,779905,0.1,0.5102040816326531
321,A woolly sheep stands in the grass looking at the camera. ,mscoco,2294,107903,0.5,1.0
322,A group of people sitting on a couch playing a game on the Nintendo Wii.,mscoco,5991,170905,0.55,0.6666666666666666
323,a person feeding a cat with a small bottle,mscoco,3997,88358,0.44999999999999996,1.0
324,A tall woman in a pink dress plays tennis.,mscoco,5501,597028,0.35,0.6666666666666666
325,Train with bright striped rear with attendants and onlookers on platform.,mscoco,5355,704054,0.1,0.5106382978723404
326,A clock with red hands is mounted on a large sign.,mscoco,4402,511485,0.1,0.11274509803921565
327,A living room scene with a table and a television.,mscoco,2123,385688,0.2,1.0
328,A black locomotive  on display at a museum,mscoco,1331,163094,0.5,1.0
329,Several animals with large horns eat while a zebra drinks from a pond near a tree.,mscoco,4802,316732,0.05,0.52
330,A cat on the left of a dog.,drawbench,127,127,0.0,0.0
331,Boats docked at a dock on the water ,mscoco,4147,401662,0.7,1.0
332,A male tennis player about to hit the ball,mscoco,5386,399441,0.44999999999999996,0.6666666666666666
333,A person with a helmet on a blue motorcycle.,mscoco,1729,795808,0.25,0.6
334,A bird with its mouth open stands on the beach.,mscoco,1472,61428,0.1,0.6666666666666666
335,A large bed in a bedroom with two windows.,mscoco,3707,27014,0.1,0.14166666666666666
336,Black and white photograph of people walking on a sidewalk.,mscoco,70,41402,0.25,0.2
337,Two women eating hot dogs in a eating contest.,mscoco,638,448488,0.1,1.0
338,A banana peel lies next to a beer bottle.,mscoco,4726,673233,0.2,1.0
339,A shade umbrella is anchored in a planter on a deck.,mscoco,5905,813375,0.1,0.75
340,A white building shows through a glass window.,mscoco,2963,618926,0.05,0.17628205128205127
341,Modern electronic commode displayed in white tiled bathroom.,mscoco,4554,432366,0.25,0.5625
342,A giraffe standing alone in a large field.,mscoco,368,221837,0.75,1.0
343,A beach patrol jeep drives along the sand as people wade and fly kites down the beach.,mscoco,4773,614928,0.15000000000000002,1.0
344,A black dog standing by a frisbee in a field.,mscoco,5154,221062,0.05,0.5166666666666666
345,Two chili dogs on a food tray with a drink.,mscoco,4439,511132,0.15000000000000002,1.0
346,Several oranges rest in a bowl and on a table.,mscoco,1254,164101,0.7,1.0
347,A white and black cat is in a refrigerator.,mscoco,1993,213431,0.4,1.0
348,A small whit dog sitting outside a restaurant.,mscoco,2161,457858,0.1,1.0
349,A pair of scissors and books with a picture on a shelf.,mscoco,3204,819153,0.1,1.0
350,A woman with a knit hat is holding a cell phone.,mscoco,1385,380297,0.05,0.20512820512820512
351,A security officer talks on the phone at an outdoor event.,mscoco,600,689351,0.1,0.41666666666666663
352,The electronic and personal contents of a persons backpack,mscoco,4107,17898,0.25,0.41666666666666663
353,A red fire hydrant situated in a landscaped garden. ,mscoco,1782,468391,0.7,1.0
354,A kitchen sink with a toaster sitting next to it on the counter.,mscoco,1941,732837,0.05,0.5131578947368421
355,"a kitchen view of a refridgerator, counter top and stove",mscoco,4548,639087,0.15000000000000002,0.5625
356,Pair of skiers with woman posing for photo near lodge.,mscoco,5092,296000,0.05,0.11612903225806451
357,golden retriever gazing at sheep in field from behind gate,mscoco,2946,361019,0.1,1.0
358,a yellow scooter parked in front of a store,mscoco,1226,789592,0.05,0.14583333333333331
359,a black and white photo of a parking meter ,mscoco,2345,447451,0.55,0.75
360,A blue snowboard sitting on top of a snow covered slope.,mscoco,4552,548173,0.25,0.6666666666666666
361,A black and white photo of a coned-off road with a road closed sign.,mscoco,1694,47190,0.15000000000000002,0.5
362,A black and white train engine next to a building.,mscoco,2964,387929,0.05,0.5357142857142857
363,A man wearing sunglasses and smiling in front of a building.,mscoco,847,820713,0.1,0.18939393939393936
364,A dog with glasses on sitting in a bicycle basket.,mscoco,3094,355522,0.1,0.625
365,A vertical view of of a tower reveals a clock and a flag.,mscoco,1450,214775,0.25,0.75
366,A white plate with two sandwiches and fries.,mscoco,1198,640136,0.45,1.0
367,A tall giraffe peers out from a forest.,mscoco,1267,23341,0.65,0.75
368,A man helps a small child ride on a skateboard. ,mscoco,2185,553160,0.55,1.0
369,A person on a beach flying a kite in the sand.,mscoco,1874,135032,0.6499999999999999,0.75
370,A bench on a concrete slab overlooking a lake.,mscoco,2065,233049,0.15000000000000002,0.29166666666666663
371,Many people on the beach with large colorful kites flying in the air.,mscoco,1808,744246,0.6,1.0
372,Two duplicate images show a tennis player swinging at a ball.,mscoco,4154,176700,0.35,1.0
373,A group of people are skiing down a snow covered hill.,mscoco,5629,462088,0.55,0.75
374,"A room with two beds, television, fireplace and walkout doors.",mscoco,4260,298013,0.05,0.5277777777777778
375,A large brown dog laying on top of a bed.,mscoco,2986,351448,0.7,0.75
376,two cats laying on a couch with books,mscoco,5481,394147,0.15000000000000002,0.625
377,A bathroom with blue tiles and wooden vanity,mscoco,2073,162443,0.05,0.08305647840531555
378,"Police standing on a rode with bicycles, motorcycle and a golf cart",mscoco,5522,349670,0.1,0.1833333333333333
379,A modern living room has large bright windows.,mscoco,1587,276422,0.65,1.0
380,A black and white dog jumps to catch a Frisbee.,mscoco,3809,112284,0.8,1.0
381,Several boats docked in a marina at night.,mscoco,3020,768741,0.5,0.75
382,a wooden table with silverware glasses and some food,mscoco,5754,594212,0.30000000000000004,0.6
383,A woman on the beach is jumping in the air under a kite.,mscoco,734,768763,0.15,0.28846153846153844
384,A bicycle sits next to an empty park bench.,mscoco,2426,248503,0.25,0.75
385,a baseball player takes a swing at the ball,mscoco,576,718482,0.15000000000000002,0.25
386,A group of young men eating plates of food.,mscoco,559,181750,0.2,0.625
387,A television mounted on a wall of a commercial kitchen.,mscoco,3518,66498,0.1,1.0
388,A blue and white airplane is sitting on the concrete.,mscoco,817,212990,0.15,0.5178571428571428
389,A man stands next to food cooking on the stove.,mscoco,2012,345190,0.25,0.3333333333333333
390,A group of protestors display various anti-Obama propaganda.,mscoco,4355,672813,0.1,0.6666666666666666
391,A fluffy cat with a long tail standing near a bike,mscoco,3483,494469,0.75,1.0
392,A green suitcase sitting on a wooden floor.,mscoco,2612,555648,0.1,0.75
393,A group of elephants stands on a grassy area.,mscoco,4835,738463,0.6,1.0
394,A yellow and blue fire hydrant outside on the grass.,mscoco,527,636982,0.45,0.625
395,A dog is running alongside a horse in a corral.,mscoco,957,263843,0.15000000000000002,0.6
396,A group of elephants marches down the city street in front of a large building.,mscoco,5974,655413,0.6499999999999999,0.75
397,a train on a track near a platform ,mscoco,4951,608785,0.15000000000000002,0.6666666666666666
398,Two people on a grassy field flying kites.,mscoco,2172,151980,0.35,0.6666666666666666
399,A tray of doughnuts is sitting next to a fryer.,mscoco,1218,740458,0.0,0.07291666666666666
400,a stainless steel oven in a white tiled kitchen,mscoco,1361,407209,0.2,0.3214285714285714
401,The front of a building with columns and a clock.,mscoco,5292,229731,0.15000000000000002,0.6
402,A stop sign that has been tagged with graffiti.,mscoco,1099,335555,0.9,0.6666666666666666
403,A bird on a tree limb with mountains in the background,mscoco,3748,410873,0.1,0.5
404,A wooden bench sitting on a hillside next to a road.,mscoco,5283,402554,0.35,0.41666666666666663
405,Closeup of a mature elephant in a shady park enclosure.,mscoco,5766,357412,0.0,0.0645833333333333
406,A tall giraffe is standing by piles of rocks.,mscoco,2537,384113,0.5,1.0
407,A fire hydrant between two red poles sits next to a wall.,mscoco,865,258815,0.0,0.0267595307917888
408,A dessert plate that has fruit and cake.,mscoco,4477,289468,0.55,1.0
409,a group of people playing a game of frisbe ,mscoco,1567,644106,0.45,0.375
410,a train sits parked at a train depot ,mscoco,3221,741358,0.2,0.3333333333333333
411,Laptop sitting on a small table in front of a bed. ,mscoco,1426,753659,0.2,0.3333333333333333
412,A hand holding a remote control pointed at a television.,mscoco,5637,759500,0.75,1.0
413,A bathroom is shown with a bag on the counter.,mscoco,2690,375256,0.0,0.0140432098765432
414,Several trays of pastries sit on a table.,mscoco,3308,808811,0.1,0.1547619047619047
415,A skate board rider flying off a ramp in a skate park,mscoco,5462,213680,0.1,0.10416666666666666
416,A shirtless smiling man skates down a street with his skateboard.,mscoco,1674,538438,0.2,1.0
417,Athlete on red clay court preparing to return ball.,mscoco,5863,358575,0.15000000000000002,0.75
418,man in yellow suit looks out window of train,mscoco,1848,128900,0.1,1.0
419,A variety of boats are docked in a harbour. ,mscoco,366,393016,0.75,1.0
420,Surfer wearing wet suit riding large wave in urban river with onlooker nearby.,mscoco,823,599641,0.05,0.13055555555555554
421,Two boys sitting on a bed playing a video game.,mscoco,5729,414414,0.1,0.5263157894736842
422,A very well constructed Mario cake with cupcakes. ,mscoco,3705,80028,0.1,1.0
423,A white bowl filled with mixed vegetables and a spoon.,mscoco,4357,495172,0.2,0.5
424,A young woman is peeling an orange at the table.,mscoco,2015,784326,0.1,0.625
425,a woman looks over an infant in a high chair reaching for a birthday cake,mscoco,5861,630455,0.15000000000000002,0.6666666666666666
426,Male tennis player with arms ready to return the ball.,mscoco,350,659927,0.15000000000000002,0.15000000000000002
427,A blonde little girl eating a cookie sandwich.,mscoco,3379,354010,0.1,0.5714285714285714
428,Young men riding their skate boards in a public skate park.,mscoco,4930,7364,0.05,0.2635135135135135
429,A variety of foods are displayed on plates on tables.,mscoco,1906,437012,0.35,0.29166666666666663
430,Two pictures of a toddler playing baseball outside.,mscoco,1154,279982,0.1,0.6666666666666666
431,Food displayed partially eaten on a table for little ones ,mscoco,285,783040,0.0,0.0010350004711848501
432,A group of people flying kites at a crowded park,mscoco,1115,437693,0.7,1.0
433,A man skateboarding in a bowl at a skate park. ,mscoco,4006,512953,0.15000000000000002,0.20833333333333331
434,A large clock tower next to a large building.,mscoco,4663,786327,0.25,1.0
435,A person skiing down a snow covered ski jump.,mscoco,355,371981,0.25,0.6666666666666666
436,A giraffe sticking its head over the top of a barrier.,mscoco,1172,198687,0.1,0.1666666666666666
437,A vase with flowers sitting in front of a window.,mscoco,4018,636781,0.8500000000000001,1.0
438,Two grown zebras eating grass in an enclosure.,mscoco,1347,743173,0.2,1.0
439,A toilet sitting on a cement pad outside.,mscoco,3430,816105,0.0,0.06439393939393935
440,Two small horses standing in a field covered with grass.,mscoco,223,75858,0.1,0.0919540229885057
441,A woman stands over a cake with a knife.,mscoco,1579,813628,0.75,0.75
442,Several people in military uniforms cutting a cake.,mscoco,1688,139391,0.95,1.0
443,Custom motorcycle has a wooden barrel as a sidecar.,mscoco,2639,328752,0.05,0.5014970059880239
444,A woman holding an inverted black umbrella in her hands.,mscoco,487,567831,0.05,0.1805555555555555
445,A large green truck on a paved road.,mscoco,4465,829458,0.15000000000000002,1.0
446,A dish features meat in gravy and broccoli. ,mscoco,3836,235311,0.05,0.19999999999999996
447,Crude airplane from the early days of flying.,mscoco,5129,725465,0.15000000000000002,0.15555555555555556
448,A row of five travel bags lined up all different colors.,mscoco,1899,550437,0.05,0.2857142857142857
449,Three adult elephants standing around a wooded area.,mscoco,626,543076,0.25,0.3333333333333333
450,A woman talking on a cell phone while standing in a park.,mscoco,4824,95139,0.05,0.20512820512820512
451,A chair and a table with a computer and other items on it,mscoco,1420,733163,0.5,1.0
452,A mounted police officer is riding a horse,mscoco,2771,411536,0.8,1.0
453,The sun shines brightly behind a stop sign.,mscoco,2428,407758,0.2,1.0
454,A group of kids sitting on top of and in between two train cars.,mscoco,74,303766,0.1,0.18055555555555555
455,"A plate of food including rice, broccoli, protein and a sauce in a bowl.  ",mscoco,35,799788,0.0,0.01359961633324195
456,Kites being flow in the blue sky near a beach,mscoco,5815,714083,0.55,1.0
457,A person riding skis down a snow covered slope.,mscoco,5088,589437,0.5,0.75
458,"A kitchen area with stoves, coffee maker and cutting board.",mscoco,3364,365696,0.0,0.00777123120682645
459,"Cucumbers, tomatoes, string beans, broccoli and eggplant on a table.",mscoco,2935,662859,0.1,0.6666666666666666
460,"Many people, with one lady looking at the camera, are at the table eating. ",mscoco,5124,437990,0.0,0.0047384785756878
461,A very interesting looking piece of pottery thats sitting in some tall grass.,mscoco,4705,443217,0.1,0.6666666666666666
462,A large bus is sitting in traffic near many parked cars. ,mscoco,1877,158186,0.1,0.12272727272727271
463,A person with skis and ski poles is trekking up a mountain.,mscoco,4689,683181,0.15,0.29166666666666663
464,A white passenger train with an orange stripe riding down tracks. ,mscoco,4050,643279,0.2,0.6
465,A herd of elephants in a grassy area with sky in the background.,mscoco,3954,347693,0.9,1.0
466,A passenger train speeds along a bridge next to a street. ,mscoco,4449,32043,0.05,0.5138888888888888
467,a man on a screen behind a beer bottle ,mscoco,494,245163,0.1,0.6666666666666666
468,A person on a snowboard in the snow.,mscoco,2699,448996,0.55,1.0
469,A girl rides her horse on a track with her helmet.,mscoco,5849,40129,0.15,0.20512820512820512
470,A snowboarder is performing a stunt from the very high ledge of a building.,mscoco,5784,460669,0.15000000000000002,0.3333333333333333
471,A person standing alone on skis on a hill.,mscoco,774,659458,0.2,0.5208333333333333
472,A boy plays a game on the Wii near a fireplace. ,mscoco,1065,477908,0.2,0.75
473,Two women posing for a picture with a man at a dance.,mscoco,2051,75178,0.3,1.0
474,A car is parked in front of a donut shop with a person standing by the building.,mscoco,3112,59659,0.05,0.5031446540880503
475,"A plate of meat, potatoes, carrots, and peas.",mscoco,5583,20778,0.2,0.75
476,A covered pizza cooking in a hot oven.,mscoco,2967,118254,0.0,0.01340468909276245
477,Two giraffes standing next to one another with trees and bushes near them.,mscoco,5259,181589,0.35,0.5833333333333333
478,A clock is posted on top of a brick tower.,mscoco,1458,291638,0.25,0.375
479,Several people stand in a field flying a kite.,mscoco,854,729219,0.35,0.75
480,a family is waiting with their luggage on a curb.,mscoco,40,469713,0.05,0.1071428571428571
481,A red car is parked along a city sidewalk.,mscoco,4032,468371,0.30000000000000004,1.0
482,Guy poses for school picture wearing glasses and a tie,mscoco,1761,599410,0.1,0.375
483,A woman in blue shirt and white skirt playing a game of tennis.,mscoco,385,296808,0.05,0.25427350427350426
484,A person walks on a bridge with a kite.,mscoco,815,367761,0.1,0.75
485,A man standing next to his guitar case talking on his cell phone.,mscoco,1096,408398,0.1,0.5047169811320754
486,Two zebras stand side by side with their noses to grass.,mscoco,2798,328791,0.0,0.0833333333333333
487,A corner desk with a computer by a bright window.,mscoco,3138,419531,0.3,0.625
488,White keyboard and mouse sitting in front of a laptop. ,mscoco,4484,555321,0.15000000000000002,0.18055555555555555
489,A child's toy bear is laying on a bed with a blue and orange pillow. ,mscoco,3075,158024,0.05,0.0714285714285714
490,A man on a snowboard performing a trick.,mscoco,5126,818818,0.5,1.0
491,Old style steam train with the name Colin McAndrew & Co.,mscoco,4966,8169,0.1,1.0
492,A blue airplane with a propeller is sitting on a runway.,mscoco,2910,200330,0.1,0.5555555555555556
493,Several small rectangular pieces of pizza on a plate.,mscoco,2489,258773,0.25,0.225
494,Two men holding tennis racquets on the court,mscoco,3692,494933,0.7,0.5
495,A man and a young child in the ocean on a surf board.,mscoco,4582,20896,0.2,0.5
496,a male skateboarder with a black shirt and a building,mscoco,5389,427482,0.05,0.0918079096045197
497,A blue plane is at the terminal of an airport.,mscoco,1307,247692,0.25,0.55
498,Black and white photo of two people riding horses,mscoco,1442,252850,0.30000000000000004,0.75
499,Two black and white cats romp on a bed.,mscoco,1661,129561,0.25,0.6666666666666666
500,A red double decker bus driving past a building.,mscoco,532,471852,0.5,1.0
501,A group of people holding Nintendo wii game controllers.,mscoco,442,498498,0.5,0.35
502,A skateboarder performs a jump in the halfpipe.,mscoco,3969,399910,0.15000000000000002,0.6666666666666666
503,A CLOCK IS ON THE DESK WITH A VASE AND USA FLAG,mscoco,4366,196126,0.1,0.75
504,A man with a goatee and glasses takes a selfie with his cell phone in a mirror. ,mscoco,1499,278445,0.1,0.3333333333333333
505,A person walking down a sidewalk holding an umbrella and handbag.,mscoco,1356,684326,0.15000000000000002,0.24999999999999994
506,A person with a flying kite on a beach.,mscoco,1961,372657,0.6499999999999999,0.6666666666666666
507,A small piece of pizza is shaped like a house on a plate with a red pepper.,mscoco,5886,611276,0.1,0.5113636363636364
508,Some people playing with a disc in a big grassy field.,mscoco,5677,561836,0.44999999999999996,0.75
509,Young adults playing with a Nintendo Wii in room,mscoco,2186,785645,0.35,1.0
510,river in forested area with large hills in background,mscoco,3484,717687,0.2,1.0
511,A family sits at a dinner table and eats food.,mscoco,4251,439888,0.75,1.0
512,Roadway intersection with traffic in city on foggy day.,mscoco,5895,483003,0.05,0.14015151515151514
513,Commercial passenger plane flying overhear on clear sunny day.,mscoco,5139,707255,0.0,0.046491228070175396
514,A boat traveling across a body of blue water under a snow covered mountain.,mscoco,4099,632515,0.4,0.6666666666666666
515,A bathroom scene with the sink and a washer.,mscoco,2465,117433,0.1,0.07539682539682535
516,a large elephant that has a kid on top,mscoco,3916,700926,0.0,0.0070053181734824
517,A stop sign is at the corner of the street.,mscoco,997,661486,0.6499999999999999,1.0
518,An adult black bear with a cub walking through green grass.,mscoco,4956,603530,0.25,0.75
519,A stop sign sits at the end of a small street.,mscoco,1727,279741,0.05,0.11688311688311684
520,"One little girl, who is wearing green socks, is crouching and holding a blue umbrella while another little girl in a green shirt is looking up outside the umbrella and has a big smile.",mscoco,5830,581315,0.1,0.5625
521,A sequential shot of a little league player hitting a ball.,mscoco,3824,399703,0.0,0.014354066985645899
522,An intersection in a small city has a street sign.,mscoco,5948,730953,0.2,0.3125
523,An unlit traffic light system in a European country,mscoco,3965,300078,0.05,0.10096153846153845
524,Some young people with skate boards near a busy city street.,mscoco,3924,297398,0.25,0.3333333333333333
525,A group of people standing around a wine cellar.,mscoco,1106,671503,0.35,0.41666666666666663
526,Black and white photo of a street with a sign on a pole.,mscoco,4532,578281,0.15000000000000002,0.12698412698412695
527,A statue of an elephant painted like a panda bear,mscoco,3201,420621,0.1,0.5714285714285714
528,A man wearing a hat talking on a cellphone holding his arm up.,mscoco,5805,193844,0.1,0.6
529,Two men playing with a frisbee on the beach. ,mscoco,1136,276788,0.4,0.5
530,A few trains situated next to each other on parallel rail road tracks.,mscoco,4181,274430,0.25,1.0
531,Four young people are sitting on a bench in front of a display of lip photos.,mscoco,180,752969,0.05,0.5035971223021583
532,The large city bus is painted dark green.,mscoco,1451,301394,0.35,0.75
533,A bathroom vanity and suit and door open to show two beds in bedroom.,mscoco,3933,291909,0.0,0.008314307458143
534,Bar scene with man talking on cell phone and girl drinking from a bottle.,mscoco,1842,429713,0.1,1.0
535,A young boy sitting on a chair and hugging a teddy bear.,mscoco,4075,709502,0.30000000000000004,0.75
536,Black and white image of a van being lifted onto a tow truck.,mscoco,3118,696295,0.1,0.75
537,A man running and reaching to catch a frisbee on the beach.,mscoco,2587,516726,0.9,1.0
538,"Police on foot, horseback, and bicycle engage in crowd control on city street.",mscoco,5964,232418,0.1,0.6
539,a bathroom with a double sink and a large mirror,mscoco,5881,132428,0.30000000000000004,0.5
540,A group of people on a sunny day at the beach.,mscoco,3522,542191,0.30000000000000004,0.5
541,A huge and sleek train pulls up to the station.,mscoco,3172,431722,0.1,0.1
542,A blue and yellow bus stopped at a curb.,mscoco,4587,579310,0.1,0.41666666666666663
543,A woman in a red dress wearing sun glasses.,mscoco,534,741441,0.05,0.5416666666666666
544,Two ladies holding drinks pose in front of a rock wall.,mscoco,5197,111478,0.1,0.75
545,A large pizza with various types of cheese.,mscoco,1952,494921,0.44999999999999996,0.625
546,A view of a city through a building corridor. . ,mscoco,521,131182,0.1,1.0
547,an image of a person sitting holding a snow board,mscoco,1491,110633,0.5,0.5
548,Nordic skier posing for a picture on a lightly traveled path.,mscoco,2633,812600,0.0,0.0563186813186813
549,Two black and white horse standing next to each other with gears.,mscoco,2826,682144,0.05,0.12499999999999994
550,A tall clock tower under a cloudy sky.,mscoco,2026,227767,0.5,1.0
551,A black bear is sitting on a ledge.,mscoco,46,701219,0.25,0.12698412698412695
552,Is this possibly a bathroom on a ship?,mscoco,3573,709641,0.2,0.75
553,two people in a kitchen area preparing food on a stove,mscoco,142,331293,0.30000000000000004,0.5555555555555556
554,Kitchen staff preparing meals in large commercial setting.,mscoco,4937,405373,0.15000000000000002,0.26666666666666666
555,Peristeronic.,drawbench,137,137,0.0,0.00159621784120075
556,"A plate of food that includes ribs, corn and salad.",mscoco,2132,302724,0.15000000000000002,0.6666666666666666
557,"many large balloons in the shape of different animals, flowers and shapes floating in the air and being filled to fly in the air",mscoco,4345,591131,0.15000000000000002,0.5
558,A bathroom showing a sink and shower stall.,mscoco,2981,22373,0.3,0.6
559,Two women walk along a sidewalk underneath an umbrella. ,mscoco,945,786993,0.4,0.5
560,"A donkey and an octopus are playing a game. The donkey is holding a rope on one end, the octopus is holding onto the other. The donkey holds the rope in its mouth. A cat is jumping over the rope.",drawbench,101,101,0.0,0.0
561,This living room is packed tightly with furniture.,mscoco,4105,823429,0.05,0.0958333333333333
562,Four brown cows standing inside a small enclosure.,mscoco,329,72319,0.0,0.03202639751552795
563,A wilted flower sits in a clear glass jar.,mscoco,1216,175199,0.05,0.20833333333333331
564,A man in a uniform stands next to a train.,mscoco,3085,122741,0.05,0.12179487179487175
565,Two males reaching for disc during on field competition.,mscoco,2696,357153,0.0,0.03860294117647055
566,Several bunches of fresh cut green bananas on ground,mscoco,5589,315888,0.4,1.0
567,A living room with a white circular table in it's center.,mscoco,98,285634,0.0,0.02091503267973855
568,Stir fry chicken and broccoli on a plate on a table.,mscoco,5911,790477,0.1,0.5625
569,A woman and a dog are looking out a window at a cow and flowers.,mscoco,1858,299056,0.1,1.0
570,"A small table is covered in laptops, tablets and other electronics.",mscoco,1051,651467,0.15000000000000002,0.75
571,A clock post with two faces pointing to the same time,mscoco,14,777772,0.05,0.29166666666666663
572,A automated toilet that has the seat up.,mscoco,3459,690929,0.4,1.0
573,A man performing a skateboard trick at a skate park.,mscoco,4086,96570,0.2,0.625
574,A group of different mopeds sitting in the street.,mscoco,220,520331,0.1,0.1845238095238095
575,A large piece of chicken on a plate with broccoli. ,mscoco,511,454097,0.55,0.625
576,A car drives past a street sign with a list of many names.,mscoco,827,596776,0.0,0.03998778998778995
577,A black fire hydrant sits in a dead field.,mscoco,5993,719480,0.1,0.55
578,Two hikers are traveling with two well equipped dogs.,mscoco,4664,128591,0.1,0.6666666666666666
579,Lone skier leaving tracks in large snow covered field.,mscoco,2814,626065,0.05,0.11724137931034481
580,A table filled with bowls of vegetables next to a cut up pizza.,mscoco,2377,76741,0.05,0.0833333333333333
581,A train is passing by at a subway station,mscoco,1883,550418,0.4,1.0
582,Street sign in city saying keep moving use.,mscoco,3946,431999,0.1,1.0
583,A vintage train parked on the rail road tracks.,mscoco,647,363785,0.44999999999999996,1.0
584,"A bathroom with a built in shower, toilet and sink.",mscoco,640,710700,0.3,0.5178571428571428
585,People walk through a city square with umbrellas on a rainy day.,mscoco,1038,756210,0.25,0.2
586,A vegetable side dish with carrots and brussel sprouts.,mscoco,930,552416,0.1,0.41666666666666663
587,The cat is colorful with black and brown  spots on it.,mscoco,3239,622282,0.1,0.75
588,An open area filled with people and kites.,mscoco,4971,665461,0.6499999999999999,0.75
589,A woman is getting ready to hit a ball with a tennis racket.,mscoco,4234,288533,0.15000000000000002,0.225
590,a green and yellow train traveling down a train track,mscoco,2022,374969,0.35,0.3055555555555556
591,Several colorful umbrellas sit on colorful squares in a green field. ,mscoco,82,198416,0.2,1.0
592,An umbrella is attached to a bicycle frame with leather straps.,mscoco,5456,798821,0.35,0.75
593,The interior of an old fashioned bathroom with wood paneling.,mscoco,5580,33453,0.35,1.0
594,Long haired skateboarder performing tricks in skate park near beach.,mscoco,2249,405322,0.05,0.1583333333333333
595,Mountain climber poses in front of huger rocks and ice,mscoco,3675,203006,0.1,0.6666666666666666
596,A car waits at a stop sign on a town street.,mscoco,5156,14779,0.0,0.037224264705882346
597,A sequence of photos showing a boy throwing a Frisbee.,mscoco,2684,781042,0.05,0.10980392156862745
598,A kitchen that is being remodeled with cabinet doors off,mscoco,3134,23185,0.05,0.17147435897435895
599,A view of a beach with closed umbrellas at sunset.,mscoco,1309,291142,0.05,0.5047619047619047
600,A view of a bathroom complete with a green sink.,mscoco,954,357401,0.05,0.07168458781362005
601,An old blue train sitting on the tracks.,mscoco,5263,185806,0.5,1.0
602,Two horses in a grassy lot feeding at a wooden stall..,mscoco,4638,341605,0.1,0.24999999999999994
603,This pizza crust has sauce and spices but no cheese or toppings.,mscoco,1713,287350,0.05,0.5025125628140703
604,A business establishment with motorcycle displays in it.,mscoco,5317,444497,0.05,0.06190476190476191
605,A large green bus with a bike on the front.,mscoco,1152,337839,0.2,1.0
606,A poppy seed bagel sandwich with eggs and meat.,mscoco,1821,21064,0.1,0.75
607,Various supplies and food on a carpet that include water bottles and pens.,mscoco,1293,197271,0.1,1.0
608,Variety of stacked trunks on display in outside area with sign.,mscoco,4720,359899,0.05,0.5208333333333333
609,A duck swimming next to a red frisbee in water.,mscoco,1816,640094,0.2,0.6666666666666666
610,A computer desk is set up with a laptop and speakers. ,mscoco,2627,619997,0.3,0.75
611,A girl is holding a racket while playing tennis.,mscoco,389,187809,0.44999999999999996,0.5833333333333333
612,A group of people and dogs carry their surfboards in hand.,mscoco,5586,93699,0.05,0.13888888888888884
613,A person uses a laptop while lying down.,mscoco,813,648567,0.6,0.75
614,Two birds sitting on the the back of a giraffe. ,mscoco,4988,676190,0.05,0.16786283891547046
615,A person riding a yellow motorcycle on a track.,mscoco,2258,334002,0.4,1.0
616,A street scene looking at a rack of bikes.,mscoco,5408,182178,0.2,0.375
617,A grounded kite that is set on a grass field.,mscoco,4947,150552,0.25,0.75
618,"a man playing tennis on a purple court
",mscoco,5474,65573,0.2,0.55
619,"A small part of a yard shows a fence, grass, and a woman standing cross-legged under a big umbrella with light playing over it, inside what looks like an assemblage of long metal struts going upwards.   ",mscoco,3291,745581,0.1,0.6666666666666666
620,A white sink and toilet in a room.,mscoco,3283,462166,0.2,0.6666666666666666
621,Three skiers are on the slopes with a rock arch in the background.,mscoco,1697,280799,0.35,0.6666666666666666
622,"Harbor scene, city buildings, cloudy sky during sun rise or sun set.",mscoco,5938,127686,0.05,0.29545454545454547
623,A man standing on a mound of snow with several dogs,mscoco,2572,727196,0.3,1.0
624,A blurry photo of a cyclist on a forest path.,mscoco,3383,730869,0.15000000000000002,0.6666666666666666
625,Two people stand on a snowy hill in skis.,mscoco,3874,757720,0.7,0.6666666666666666
626,Two young men are playing the Wii system.,mscoco,610,261161,0.3,0.75
627,Three elephants near a water hole surrounded by grass.,mscoco,3406,199132,0.1,0.6
628,A traffic light on a city street at night.,mscoco,1496,227036,0.5,0.75
629,A cat and a dog laying on a bed.,mscoco,663,252620,0.35,0.75
630,Several stuffed animals sitting in wooden boxes outside.,mscoco,3275,476440,0.0,0.06971153846153845
631,Four people on a ski lift going up a mountain.,mscoco,3718,227108,0.25,0.625
632,A brown flower pot surrounded by green plants.,mscoco,2297,378522,0.2,0.75
633,A young boy holding a baseball bat during a game.,mscoco,3043,201099,0.7,0.625
634,A clock tower in a tow square on a stormy day.,mscoco,283,376852,0.05,0.0875
635,An elephant mounting another elephant in a dry field next to a water source.,mscoco,1951,430114,0.0,0.07045454545454545
636,A clock tower with a set windows and a weather indicator on top.,mscoco,3376,824128,0.05,0.1805555555555555
637,A kitchen filled with dishes and appliances with a sink.,mscoco,5260,28488,0.15,0.2685185185185185
638,A sub sandwich sits on white paper next to some root beer.,mscoco,5056,243355,0.15000000000000002,0.6666666666666666
639,A child is shown eating a scoop of yogurt.,mscoco,787,682998,0.05,0.0918079096045197
640,A woman seals up a glass of wine on her table. ,mscoco,3725,527107,0.0,0.02089864158829675
641,Bathroom scene of a sink and decorations surrounded by pink walls.,mscoco,3919,380832,0.5,0.6666666666666666
642,A bathroom sink with a tile design on the vanity.,mscoco,1139,168138,0.05,0.12777777777777777
643,Foot view of a young man in yellow sneakers as he rides down the road on his skateboard. ,mscoco,5707,445721,0.1,0.75
644,An oven with the door open beside a microwave in a kitchen,mscoco,4315,614305,0.0,0.0513392857142857
645,The small street is crowded with small shops.,mscoco,4344,717938,0.05,0.2857142857142857
646,"NASA men making first, ceremonial pitch at a baseball game.",mscoco,5654,294146,0.05,0.5277777777777778
647,An airshow with people looking at an airplane ,mscoco,4384,525125,0.2,0.2763157894736842
648,An orange cat laying on the ground in front of a bench.,mscoco,2295,267785,0.15000000000000002,0.6
649,A small train travels on tracks through the outskirts of town.,mscoco,4755,119591,0.35,0.6666666666666666
650,A man stands at a refrigerator near a packing box.,mscoco,1162,377929,0.1,0.6
651,Inside of a bathroom with a sink and toilet.,mscoco,4397,790503,0.25,0.6
652,A woman holding a kite outside of a building.,mscoco,3799,177398,0.1,0.3055555555555556
653,A mp3 player and cell phone on a laptop.,mscoco,4137,24010,0.1,0.13269230769230764
654,A close up of a piece of pizza with bacon on a plate.,mscoco,686,707689,0.2,0.275
655,Two giraffes are standing on opposite sides of a elevated walkway staring at the people above.,mscoco,5951,228703,0.05,0.10088809946714031
656,Player preparing to return volley during match on red clay court.,mscoco,3506,636803,0.1,0.1583333333333333
657,"A small living room with windows, sofas and a coffee table.",mscoco,2851,633627,0.15000000000000002,0.26666666666666666
658,A large commercial air plane flying through a cloudy sky.,mscoco,1343,276617,0.55,1.0
659,A large passenger jet flying through a blue sky.,mscoco,5735,118858,0.7,1.0
660,a closeup of a person's hands as it plays with a Wii controller in front of booklet with Mario and Luigi characters,mscoco,5151,681292,0.1,0.6666666666666666
661,Three urinals mounted to a wall with white little dividers.,mscoco,1747,120754,0.1,0.5625
662,A girl has a spoon in her mouth in front of her lunch at school.,mscoco,3587,657827,0.1,0.41666666666666663
663,A bench surrounded by a lush garden of trees and flowers.,mscoco,3846,447053,0.9,0.75
664,A Lufthansa jumbo-jet at some airport during the day.,mscoco,5602,253097,0.25,0.75
665,Baseball players playing a game of baseball in front of fans.,mscoco,2481,7687,0.15000000000000002,0.11805555555555555
666,A little blue arrangement of flowers is soaking in a vase of red liquid.,mscoco,708,157843,0.1,0.5555555555555556
667,Young calf being bottle fed above red bucket.,mscoco,4607,552213,0.1,0.6
668,An infant sits next to a stuffed teddy bear toy. ,mscoco,2371,13061,0.85,1.0
669,Produce on white table cloth including potatoes and strawberries.,mscoco,880,85140,0.1,0.55
670,A hand holds a hot dog covered with condiments. ,mscoco,5579,792979,0.6000000000000001,0.6
671,A man flies a kite in the sky above a stone retaining wall.,mscoco,1007,232891,0.1,0.3055555555555556
672,A zebra standing in the grass near a fence.,mscoco,1617,741704,0.1,0.12698412698412695
673,Two planes sitting on runway with engines running.,mscoco,4081,512614,0.44999999999999996,1.0
674,Several young men playing frisbee on a field.,mscoco,1719,329655,0.65,0.75
675,a girl holding onto a homemade kite at the park,mscoco,5096,767166,0.0,0.0295209176788124
676,A man is riding a bike while using a cell phone.,mscoco,3380,372653,0.65,1.0
677,"Front view of person holding animal spotted print umbrella up so head unseen with a ""SALE"" bag in crook of arm, and purse over shoulder of opposite arm, standing outside on sidewalk by low wall, in wet city street setting, with lamp post base behind.",mscoco,1261,800312,0.0,0.01292048929663605
678,A cake with a cartoon character on it and lit sparkler.,mscoco,758,336030,0.1,0.75
679,A traffic light hanging over a street surrounded by forest.,mscoco,3325,533312,0.05,0.19791666666666666
680,a child in an orange coat playing with a wood sander,mscoco,4485,612322,0.1,0.6666666666666666
681,Baseball game showing a pitcher and batter in motion.,mscoco,5099,430066,0.15000000000000002,0.24999999999999994
682,Two kites flying in a cloudy sky above a field of people,mscoco,895,269952,0.05,0.05624903683156105
683,A young man performs a trick on a skateboard.,mscoco,1228,487418,0.2,0.3055555555555556
684,Two baseball players standing at first base in a professional baseball game.,mscoco,629,768019,0.35,1.0
685,A man holding a tennis ball and raquet in front of a crowd.,mscoco,717,176740,0.0,0.061583577712609944
686,An old photo of a building with a clock tower.,mscoco,3929,234741,0.6,1.0
687,An arrangement of yellow flowers with one white flower.,mscoco,3312,158042,0.1,0.225
688,A single piece of pizza is seen on a plate.,mscoco,254,739499,0.55,0.35
689,A zebra stands between several small trees in tall grass.,mscoco,3284,313015,0.05,0.5059523809523809
690,Clock tower and dock in front of river paddle boat.,mscoco,5358,79877,0.15000000000000002,0.18055555555555555
691,Italian blood oranges for sale in a market,mscoco,5394,163390,0.05,0.14583333333333331
692,"A sandwich is covered in cheese, meat, and greens. ",mscoco,2030,152832,0.1,0.375
693,A red double-decker bus moving along a residential street.,mscoco,1631,629567,0.8,1.0
694,A parking lot with cars and people in front on a row of tents and a building with Public Market sign by water.,mscoco,5020,492396,0.1,1.0
695,A toilet with the seat down in a tiled room. ,mscoco,732,675590,0.44999999999999996,0.6
696,A grey fighter plane with propeller on display in museum.,mscoco,3465,213156,0.5,0.75
697,A homemade cake is decorated with a smiley face. ,mscoco,1645,232940,0.1,1.0
698,A horse is adorned with a head decor piece.,mscoco,786,636340,0.55,1.0
699,A yellow and black motorcycle parked on the street,mscoco,474,500277,0.25,0.6666666666666666
700,Multiple highway signs point to different directions for vehicles. ,mscoco,5473,165901,0.35,0.75
701,Two giraffes standing side by side in a wooded field.,mscoco,60,817201,0.0,0.03265845070422535
702,A cat lying down with a packaged toothbrush on its head.,mscoco,25,274474,0.15000000000000002,1.0
703,A person riding a surfboard in the water.,mscoco,3109,793607,0.30000000000000004,0.6
704,A group of people standing together in a room.,mscoco,3347,207759,0.3,0.3
705,A man doing a trick on a skateboard at a skate park. ,mscoco,5525,534652,0.4,0.6666666666666666
706,"Two servicemembers cut a large, brightly decorated cake which says ""Navy"".",mscoco,5691,140817,0.25,0.6666666666666666
707,A cat sits in a bowl on the table. ,mscoco,3116,159296,0.8500000000000001,1.0
708,A fast food sign sits on top of a pole on the street.,mscoco,5649,450118,0.1,0.75
709,Line of bikers going down a road in a town.,mscoco,5634,790385,0.15000000000000002,0.6666666666666666
710,"Several suitcases, a pair of shoes and a hand bag in a hallway.",mscoco,5428,791334,0.05,0.2727272727272727
711,A baseball player swinging a bat near home plate.,mscoco,5799,676926,0.1,0.11111111111111105
712,Town road with pickup truck and hanging yellow stop lights with parked cars and short buildings.,mscoco,4997,505453,0.1,0.2222222222222222
713,A snowboarder in mid air from a jump ,mscoco,2495,550907,0.6499999999999999,0.75
714,A group of baseball players playing a game of baseball.,mscoco,1045,124116,0.05,0.14545454545454545
715,Commercial plane flying overhead on day with clear blue sky.,mscoco,3934,449280,0.6,0.6666666666666666
716,An old boat is parked on a gravel beach.,mscoco,4173,146280,0.4,0.5
717,A large display of many different types of doughnuts.,mscoco,1242,580456,1.0,1.0
718,A small herd of three zebras behind a fence.,mscoco,4054,703037,0.1,0.22916666666666666
719,A coo coo clock ornament hanging in a Christmas Tree.,mscoco,2996,808203,0.1,1.0
720,Altered photograph of a snow boarder in flight ,mscoco,3932,229453,0.1,0.35
721,A large number of different kites in the air.,mscoco,2037,102710,0.7,1.0
722,there is a elephant standing by a fence next to a large white ball,mscoco,151,459097,0.05,0.53125
723,Two people are skiing on a snowy hill.,mscoco,2552,366122,0.75,0.75
724,Red and white commuter train arriving at station.,mscoco,4634,391062,0.1,0.41666666666666663
725,A man water skiing using a single ski.,mscoco,2084,91915,0.4,0.6
726,A laptop sitting on a computer desk in a home office.,mscoco,4008,25466,0.35,0.75
727,a camera and cords sitting on a bed with a green folder ,mscoco,949,269725,0.1,0.75
728,A green and white EVA Air Cargo jet taking off.,mscoco,4894,518420,0.15000000000000002,0.375
729,The two sheep are walking across the sand near the water.,mscoco,3153,180474,0.1,1.0
730,A man on a skateboard performs a jump off a ledge.,mscoco,253,633557,0.0,0.069047619047619
731,A plate topped with chicken and broccoli covered in sauce.,mscoco,492,717520,0.2,1.0
732,A person on a longboard rides with a dog.,mscoco,2731,436071,0.05,0.13125
733,A girl is standing next to an older woman while holding a cake with a candle on it.,mscoco,1174,728042,0.05,0.515625
734,A toy train with a black engine and red cars on tracks.,mscoco,1031,258250,0.05,0.29166666666666663
735,A white jet airliner flying in a blue sky.,mscoco,3086,298595,0.5,1.0
736,An elephant with large tusks and his trunk in the air.,mscoco,2112,79101,0.05,0.2121212121212121
737,A wooden bench sits by the fence and some trees.,mscoco,2305,349401,0.05,0.0783730158730158
738,A tennis player in a white shirt playing tennis on a court.,mscoco,1053,717407,0.1,0.625
739,A skateboarder skates under a sculpture in front of boats.  ,mscoco,5282,252417,0.1,1.0
740,Yellow fire hydrant with an old abandoned blue shopping cart curb side,mscoco,2888,829563,0.05,0.5138888888888888
741,A man flying a large kite in the desert.,mscoco,147,398281,0.1,1.0
742,A dog lays on a couch next to a book.,mscoco,3900,132470,0.2,1.0
743,Farm field for grazing featured near snow covered mountains.,mscoco,5809,675597,0.25,0.29166666666666663
744,A man and woman are standing together playing Wii.,mscoco,1780,206898,0.7,0.75
745,A woman in a bikini top riding a bicycle while using a cell phone.,mscoco,2922,245875,0.1,1.0
746,A woman wading through water holding a surfboard.,mscoco,4233,696255,0.3,0.52
747,Fire truck in heavy traffic on a bridge crossing another highway.,mscoco,3702,347995,0.1,0.41666666666666663
748,An adult elephant and a baby elephant by a lake.,mscoco,13,516278,0.15,0.5227272727272727
749,There are two kites that are flying over the water at a beach,mscoco,1253,298492,0.15000000000000002,0.26666666666666666
750,a child standing on a skateboard and wearing a helmet.,mscoco,121,248362,0.8,0.75
751,A close up view of a man's hands as he operates a smart phone.,mscoco,4964,515915,0.15000000000000002,0.1964285714285714
752,A man in brown holding a wii remote,mscoco,429,53612,0.1,0.25
753,A photo of a roast beef sandwich with lettuce and spinach.,mscoco,3700,472347,0.1,0.3125
754,An Asiana Airlines plane taxiing at an airport.,mscoco,3844,308970,0.1,0.5054347826086957
755,Woman standing next to her bicycle near a children's park.,mscoco,4214,166696,0.1,0.3333333333333333
756,A living room painted with a dark color and has lots of furniture.,mscoco,1864,547430,0.2,0.3333333333333333
757,Several planes are admired in an airplane museum.,mscoco,2358,245544,0.8500000000000001,1.0
758,an image of the Big Ben clock tower in London,mscoco,5837,171826,0.5,0.75
759,a red white and black bus and some cars,mscoco,5443,548027,0.1,0.10819672131147541
760,A young boy and a teenage girl play with a blue Frisbee.,mscoco,5404,316186,0.05,0.20512820512820512
761,A group of people play tennis on a tennis court.,mscoco,228,274049,0.75,1.0
762,A tall building looms in the background of a courtyard where people are walking around.,mscoco,466,73257,0.05,0.25112107623318386
763,Two people flying a red kite in front of a crowd.,mscoco,5000,591573,0.1,0.5357142857142857
764,A pizza shop display showing ready-made pizzas for sale.,mscoco,2655,414235,0.6,1.0
765,A power boat on a body of water with a large water spray behind.,mscoco,2569,741562,0.05,0.13662790697674415
766,"A head-on shot of a stone building labelled ""Scalextric Palau"" ",mscoco,5348,164163,0.05,0.5004873294346979
767,A bowl of food with gravy and a ladle sits on a table.,mscoco,4406,36146,0.0,0.0284525416104363
768,A clock tower that is near an ocean.,mscoco,3810,764722,0.1,0.53125
769,Several zebra stand in a group eating grass.,mscoco,3226,419946,0.44999999999999996,1.0
770,an image of a man doing tricks on a skateboard,mscoco,3928,241803,0.1,0.1333333333333333
771,A large jet flying over an airport near a mountain.,mscoco,2335,495082,0.0,0.028665028665028652
772,Two pizzas are sitting on plates on a table.,mscoco,5738,145957,0.4,0.375
773,Child swinging bat playing baseball with adult watching and fence,mscoco,5591,473848,0.0,0.0458333333333333
774,Two females riding an elephant with a two elephant handlers,mscoco,5958,516064,0.2,0.25
775,Several different kinds of donuts on a tray.,mscoco,3090,708890,0.8,1.0
776,Several sheep and a cow grazing on grass near water.,mscoco,4158,794424,0.0,0.0021894847428489
777,a big umbrella sitting on the beach ,mscoco,5989,588185,0.55,1.0
778,A woman being towed by a dog while riding a skateboard.,mscoco,1772,816080,0.15000000000000002,1.0
779,a big elephant standing near a small tree and grass,mscoco,4700,416752,0.05,0.16666666666666666
780,A pair of scissors are sitting on a table with needle and thread. ,mscoco,1815,654917,0.05,0.14166666666666666
781,Man poses sideways wearing a plaid shirt and a tie. ,mscoco,1589,52132,0.0,0.019087612139721297
782,"A view of a street corner, with a mattress on it.",mscoco,2876,816497,0.15000000000000002,0.5555555555555556
783,"A living area with chairs, sofa and a television.",mscoco,3783,361788,0.1,0.08658008658008655
784,A toilet has graffiti drawn on the lid.,mscoco,3034,414331,0.35,0.625
785,A person lies down in a boat with their feet over the edge.,mscoco,2906,235880,0.25,0.625
786,many people on a beach with a large tent,mscoco,3818,347728,0.05,0.5037037037037037
787,Small child holding an electric toothbrush in  their mouth.,mscoco,3324,573029,0.05,0.10568181818181815
788,A suitcase packed with clothes and various items. ,mscoco,1095,219304,0.6,0.41666666666666663
789,a blurry photo of a person holding a kite,mscoco,5040,114187,0.0,0.037179487179487096
790,A TRAIN STATION WITH SEVERAL TRAINS IN THE STATION ,mscoco,3447,100311,0.3,0.5714285714285714
791,A daredevil attempts to ski off the roof of a house.,mscoco,4058,69044,0.1,0.625
792,A mother and baby elephant walking in the grasslands. ,mscoco,3219,789008,0.8,1.0
793,A sub sandwich with lunch meat and lettuce.,mscoco,3815,323996,0.0,0.0606060606060606
794,A home office area with a desk and two computer monitors.,mscoco,2752,312417,0.4,0.6
795,Two kids are flying a kite on a beach with a man.,mscoco,3884,269646,0.15,0.2121212121212121
796,A city street crowded with people riding motorcycles,mscoco,1818,119104,0.7,1.0
797,a surf board on the sandy beach ,mscoco,700,722819,0.75,1.0
798,A horned cow with head in basin of apples.,mscoco,5825,426134,0.05,0.5217391304347826
799,a kitchen with a map on the wall ,mscoco,497,720907,0.1,0.09374999999999994
800,A desktop computer and two laptop computers on a corner desk.,mscoco,1509,789474,0.0,0.0322689075630252
801,A passenger train runs along a train track away from a city center.,mscoco,1828,630765,0.2,0.26666666666666666
802,A man performs a kick flip on his skate board,mscoco,45,784388,0.05,0.0958333333333333
803,A cat sits on a chair at the dinner table.,mscoco,3389,86021,0.35,0.75
804,An old man in a leather jacket on a motorcycle,mscoco,1163,806521,0.1,0.15625
805,Many directional road signs in a foreign language.,mscoco,2754,3194,0.4,0.5
806,A truck wrapped in beer advertisements parked in a parking lot.,mscoco,1660,767929,0.1,0.6
807,a small plane on a field with trees in the background,mscoco,1922,486364,0.55,0.5
808,"A close up of stir fried noodles, broccoli and tomatoes.",mscoco,5940,165474,0.0,0.054093567251461944
809,an image of a tray of donuts being handed out,mscoco,3744,293348,0.1,0.6
810,A pair of giraffes walk around a fenced enclosure. ,mscoco,1927,305465,0.7,1.0
811,"A black and white,  round-cornered shot  shows a cloudy sky and a high parking lot with a concrete border over which trees are visible, a car and a leaping skateboarder, his shirt concealing his head, suspended over a concrete island and up-ramp.",mscoco,5992,780064,0.05,0.5035971223021583
812,A man on a skateboard in the air during a trick.,mscoco,32,170616,0.5,1.0
813,A man riding a motorcycle with a woman on the back.,mscoco,5689,76006,0.35,0.5454545454545454
814,A herd of sheep near a barn near a mountain.,mscoco,1304,369936,0.1,0.3
815,an image of a bathroom with a toilet and sink,mscoco,1740,260564,0.3,0.6666666666666666
816,A bunch of white bananas grow on a tree.,mscoco,5795,637427,1.0,1.0
817,A box that is filled with a variety of doughnuts.,mscoco,5950,769254,0.8500000000000001,1.0
818,Man running a skateboard over a deep curved area.,mscoco,3604,664129,0.0,0.0042601338055883
819,Bathroom with shower and toilet on far side.,mscoco,1215,736433,0.55,0.75
820,Surf n' Turf with broccoli and carrots really looks good on a white plate.,mscoco,1133,625414,0.1,0.6
821,Group of giraffes in rock enclosure of urban zoo.,mscoco,3741,707960,0.5,0.6
822,Several signs written in Arabic under a cloudy sky.,mscoco,4867,109919,0.05,0.5166666666666666
823,a man takes a picture of a little girl standing in front of a mirror ,mscoco,5074,775964,0.1,1.0
824,A woman serves out a sauce for her dinner party.,mscoco,3808,471405,0.05,0.1033333333333333
825,A retro style living room with wood floor and large windows.,mscoco,675,771747,0.05,0.1037037037037037
826,The adult zebra eats grass from the side of the road.,mscoco,5687,560598,0.05,0.5121951219512195
827,A group of athletes engage in an organized game of ultimate frisbee. ,mscoco,3728,506556,0.55,1.0
828,A catcher waits on his knees at home plate while a batter approaches.,mscoco,4690,575266,0.25,0.75
829,A white toilet sitting next to a bathroom sink.,mscoco,4002,575058,0.2,0.5
830,A large lake filled with sailboats and motor boats on a sunny day.,mscoco,2402,524910,0.05,0.5108695652173914
831,An orange cat lays his head on a pair of shoes.,mscoco,901,400643,0.8500000000000001,1.0
832,A woman is posing with a tennis racket for an advertisement.,mscoco,3415,804431,0.0,0.013196267133274951
833,A large bed with pillows in a room.,mscoco,2472,421581,0.6000000000000001,0.5
834,Two people enjoying large personal pizzas at a restaurant.,mscoco,2625,751111,0.15000000000000002,0.6666666666666666
835,A skateboarder jumps into a foam pit at a skate park,mscoco,3979,583503,0.25,0.75
836,"A living area with a couch, two photographs of a candle holder.",mscoco,41,662449,0.0,0.029048029910842647
837,A person holds a surfboard while riding a bus. ,mscoco,5442,110732,0.2,0.75
838,A large wooden bed with a green blanket on top of it.,mscoco,3139,785513,0.15,0.5192307692307692
839,Giraffes in a green field with large trees ,mscoco,364,230493,0.25,0.5
840,"Three people are riding on top of a elephant, two woman have there arms out.",mscoco,5320,77488,0.05,0.265625
841,A large long train on a steel track.,mscoco,4160,305984,0.15000000000000002,0.3
842,A clock above an entrance to an historical structure.,mscoco,5452,76180,0.1,0.3333333333333333
843,a large elephants is outside in a field ,mscoco,1974,538483,0.55,1.0
844,A black and white boat anchored at a boat dock.,mscoco,1668,156138,0.1,0.14583333333333331
845,A child looks at her birthday cake with lit candles.,mscoco,5200,42993,0.3,0.5
846,A bedroom has a very antique look to it.,mscoco,621,67596,0.30000000000000004,0.75
847,"A home desk has a computer, lamp, and knick-knacks.",mscoco,3701,157388,0.0,0.057189542483660094
848,Two men and a woman sitting on a couch playing a Wii game. ,mscoco,51,225431,0.15,0.16346153846153844
849,A group of boats traveling down the river ,mscoco,2983,147965,0.44999999999999996,0.5833333333333333
850,a small dog is holding a brush in its mouth,mscoco,1981,801438,0.2,1.0
851,A seagull swims toward a rocky shore in a lake.,mscoco,87,755856,0.15000000000000002,0.3
852,A two story business building housing several small businesses.,mscoco,5148,759393,0.0,0.04513888888888885
853,Doughnuts sit ready for cooking on a floured tray.,mscoco,5076,425618,0.1,1.0
854,A group of people posing in front of a table of food. ,mscoco,1447,66846,0.35,1.0
855,A man sitting on the floor of a room with boxes near him.,mscoco,2180,741390,0.05,0.2833333333333333
856,A large herd of brown cows in a field.,mscoco,1628,29858,0.45,0.75
857,Two women play a boxing video game in a living room.,mscoco,1950,664987,0.5,1.0
858,A man is sitting at a table with pizza and beer.,mscoco,2063,177535,0.15000000000000002,0.2
859,A man pedals a stationary bike indoors as a group of people look on.,mscoco,2227,715950,0.05,0.1267421602787456
860,A herd of cows with calves standing in a river.,mscoco,84,667218,0.35,0.375
861,Two people riding an elephant in the middle of a forest.,mscoco,1989,316110,0.9,1.0
862,People are riding on an elephant in the forest.,mscoco,1359,216301,0.8,1.0
863,A white toilet attached to a wall with silver surroundings.,mscoco,932,805963,0.0,0.0409698996655518
864,Two women are walking around on a sailboat.,mscoco,3688,14276,0.1,0.625
865,A partially cut pizza in a box on a bed with person sitting next to it.,mscoco,5184,311568,0.15000000000000002,0.5833333333333333
866,A man on a  red phone while in a car,mscoco,376,379063,0.1,0.625
867,A narrow city street packed with vehicles and business signs.,mscoco,531,255717,0.2,0.6
868,two kites flying in the air on a beach,mscoco,5371,98578,0.15000000000000002,0.5555555555555556
869,a woman is wearing a red dress and playing tennis,mscoco,2859,110070,0.4,0.6666666666666666
870,This is a dish of buttered asparagus with dressing.,mscoco,960,284066,0.2,0.75
871,"Pizza, pasta and salad on shiny metal plates sit on orange tiled counter.",mscoco,3397,120144,0.0,0.0497280497280497
872,A view of a parking meter with a bridge and river behind it.,mscoco,3248,665847,0.2,1.0
873,A dim lit desk with an open laptop sits near a window.,mscoco,5855,92248,0.15000000000000002,0.1714285714285714
874,A tall wooden snow board next to a woman at a table.,mscoco,55,35663,0.2,1.0
875,A tennis player getting ready to serve the ball.,mscoco,372,538829,0.05,0.29166666666666663
876,A woman is walking with a blue umbrella.,mscoco,2549,166780,0.4,1.0
877,A group of people standing on a snow covered ski slope.,mscoco,5461,189944,0.5,0.375
878,A black clock tower on grassy area next to water and mountains.,mscoco,5971,356276,0.1,0.75
879,A white and green bus parked on the side of the road. ,mscoco,990,601782,0.25,0.3333333333333333
880,A sign for Water Lane by the side of a building.,mscoco,740,777918,0.1,1.0
881,a number of people with luggage near a train,mscoco,3556,759411,0.6000000000000001,1.0
882,A baseball player is sliding to one or the bases. ,mscoco,2962,431442,0.7,1.0
883,A view of a street sign with a building and bridge in the background.,mscoco,4083,277138,0.05,0.07444061962134245
884,A woman holding a Nintendo Wii game controller.,mscoco,4497,573776,0.45,0.75
885,Meat and broccoli in a sauce on a plate.,mscoco,198,263518,0.35,0.6666666666666666
886,Two skate boarders performing stunts at night on sidewalk and steps,mscoco,5551,663908,0.0,0.00875966139124025
887,Two people playing a WII game at an event,mscoco,5229,332090,0.1,0.19298245614035087
888,A large group of people sitting around a table posing for a photo.,mscoco,9,310536,0.25,0.5
889,"A bunch of different fruits and vegetables such as garlic, tomotates, red peppers, and bannanas ",mscoco,5834,83620,0.05,0.1742424242424242
890,The thin pizza is topped with various ingredients.,mscoco,2555,614646,0.25,0.225
891, A baseball player preparing to throw a ball. ,mscoco,289,721698,0.25,0.5833333333333333
892,A woman eating a mean of fries and a sandwich outdoors.,mscoco,345,261245,0.0,0.023214285714285653
893,a guy making a face holding an umbrella and a bike,mscoco,2176,762621,0.0,0.00689287238583005
894,A large boat is in the water with a string attached.,mscoco,1942,80628,0.05,0.5023364485981308
895,a black kitty laying on a bench licking its paw,mscoco,5288,756636,0.1,0.10555555555555556
896,A building with a snow topped roof and clock tower.,mscoco,3798,267053,0.15000000000000002,1.0
897,A red meter on a street corner in front of a bridge. ,mscoco,125,656440,0.05,0.0839670468948035
898,"A ldarge keybord msical instroument lwith a woden case enmclosig a qsouvnkboajrd and mfgtal strivgf, which are strucrk b hammrs when the nels are depresdsmed.f lhe strsingsj' vibration ie stopped by damperds when the keys re released and can bce regulavewdd for lengh and vnolume y two or three pedalvs.",drawbench,113,113,0.0,0.00038477798198745
899,Sheep graze in a meadow under a pale orange sky.,mscoco,1829,319395,0.05,0.1166666666666666
900,A giraffe is shown in a close-up outdoor image.,mscoco,5054,622636,0.4,0.75
901,A blue and white passenger jet is sitting on the runway.,mscoco,5141,788682,0.5,0.75
902,A white table holding a plate of food that includes small bananas and fried balls.,mscoco,3600,689876,0.1,0.75
903,View of a mans legs with tattoos on a bed in front of a television.,mscoco,1373,187803,0.1,0.5714285714285714
904,A monorail train is pulling into a station.,mscoco,2614,411938,0.15000000000000002,0.23809523809523805
905,Four competitive skiers skiing down a mountain slope.,mscoco,5652,111855,0.05,0.20512820512820512
906,"yachts in clear, shallow water near a rocky outcropping",mscoco,5898,214059,0.05,0.5051546391752577
907,A brown horse standing in a lush green field.,mscoco,1749,208030,0.55,0.6666666666666666
908,Dininrg tablez.,drawbench,107,107,0.0,0.07291666666666666
909,Five people are running and playing soccer on an open field.,mscoco,2498,825005,0.0,0.01793168880455405
910,A black cell phone sitting on a silver holder on a table. ,mscoco,5896,812454,0.05,0.5227272727272727
911,a decorated lite up stop sign at the corner,mscoco,1529,346120,0.1,1.0
912,A steeple with a clock with a bell tower.,mscoco,3921,17553,0.30000000000000004,0.75
913,A black bear stands in the foliage beside a tree branch. ,mscoco,2241,629490,0.1,0.28846153846153844
914,A group of young people playing a game of frisbee.,mscoco,670,641609,0.30000000000000004,0.41666666666666663
915,Four people are standing in the snow with ski equipment.  ,mscoco,662,616583,0.05,0.25555555555555554
916,Photo of a cat singing in a barbershop quartet.,drawbench,158,158,0.0,0.0012620895585048
917,Two people pose for a picture as they are surrounded by elephants.,mscoco,4685,497297,0.3,0.6
918,A double decker bus is parked on the side of a street.,mscoco,4347,816926,0.4,0.75
919,a couple of stop signs that are next to some people,mscoco,5730,782042,0.05,0.10143266475644695
920,a dining space with a table and some benches,mscoco,3577,459855,0.05,0.19298245614035087
921,A large number of cattle confined in a small area.,mscoco,5648,260607,0.2,0.3214285714285714
922,Baked carrots in glass pan on counter with green napkin,mscoco,4467,372198,0.1,0.6666666666666666
923,a male in a red shirt and some brown cows ,mscoco,1801,402690,0.1,0.6
924,A large passenger jet taking off from an airport runway.,mscoco,1600,105315,0.65,1.0
925,a number of motorcycles parked near one another ,mscoco,2808,783711,0.65,1.0
926,Young soccer player sitting on the ground with soccer ball.,mscoco,4834,343106,0.2,0.5555555555555556
927,A large bed and a computer screen in a room.,mscoco,1219,644757,0.0,0.05213903743315505
928,a couple of zebras stand next to a antelope ,mscoco,3426,616591,0.05,0.10227272727272725
929,There is a woman in a white dress riding a bike.,mscoco,2349,773860,0.1,0.5714285714285714
930,Man in a maroon shirt holding up a yellow baseball bat. ,mscoco,2067,422213,0.1,0.5625
931,Motorcycle racer leaning low coming out of a turn.,mscoco,4774,93073,0.39999999999999997,0.5833333333333333
932,"Some boys playing soccer, the goalie has the ball in his hands.",mscoco,4551,193058,0.0,0.023881239242685
933,A teddy bear with a tag on one ear sitting in a chair.,mscoco,1925,687515,0.05,0.26388888888888884
934,a man and a woman play a wii game,mscoco,2328,4081,0.6000000000000001,0.41666666666666663
935,a bathroom with a toilet and tiled floor,mscoco,1010,671959,0.35,0.25
936,"A white and orange cat and a black, orange and white cat sleeping in front of each other. ",mscoco,4866,548235,0.1,0.1666666666666666
937,Player taking a fall at base during game.,mscoco,3542,621029,0.15000000000000002,0.1714285714285714
938,A group of sheep are near a wire fence.,mscoco,596,749172,0.45,0.55
939,Person reading a magazine on the couch while dog sleeps next to it.,mscoco,5531,302786,0.05,0.13125
940,a baseball player hits the ball on homebase.,mscoco,2157,44185,0.15,0.2121212121212121
941,A man in blue shorts carrying a white surfboard.,mscoco,4118,259733,0.05,0.058146229130685054
942,A woman is standing with a horse in front of a mountain.,mscoco,2098,467824,0.05,0.5454545454545454
943,Four young men in suits pose for the camera. ,mscoco,3454,477162,0.15000000000000002,0.15555555555555556
944,A double parking meter is decorated with a picture of a girl with wings on her feet.,mscoco,890,660808,0.1,1.0
945,A view of a building from the other side of a street intersection.,mscoco,904,537885,0.25,0.6666666666666666
946,A red train pulls alongside a train platform beneath a metal bridge.,mscoco,3339,634429,0.1,0.26515151515151514
947,A group of people standing on top of a beach flying kites.,mscoco,4337,350934,0.5,0.75
948,Man sitting under red and white striped umbrella near woman sitting on beach,mscoco,3901,515956,0.05,0.5041322314049587
949,A woman sitting at a table that has flowers and plates of food on it.,mscoco,4443,250108,0.15000000000000002,0.5714285714285714
950,a mountain with green grass and an animal,mscoco,1534,736016,0.1,0.2222222222222222
951,A batter swinging at a pitch in a baseball game.,mscoco,4403,54929,0.25,0.20833333333333331
952,A group of motor cycles and people on horses on a grassy field by a mountain.,mscoco,2858,755024,0.1,0.625
953,A group of people standing side by side holding skis.,mscoco,582,589214,0.75,1.0
954,A double decker bus features an ad for a Superman film.,mscoco,4520,772851,0.1,0.6666666666666666
955,a table filled with a huge variety of cakes,mscoco,4826,282797,0.65,0.75
956,Two men who are in the water with surfboards.,mscoco,3663,691264,0.9,1.0
957,Boxes of glazed doughnuts sit open on a table.,mscoco,2243,425871,0.7,1.0
958,A dessert with chocolate and banana slices sits on a plate.,mscoco,721,432950,0.25,0.5714285714285714
959,A train traveling past a traffic light next to tracks.,mscoco,625,518381,0.4,0.3055555555555556
960,A CAT IS LYING DOWN LOOKING AT AN ELECTRONIC MOUSE,mscoco,80,498032,0.1,0.5454545454545454
961,Two elephants are standing by the concrete barrier. ,mscoco,3381,233364,0.05,0.1333333333333333
962,A woman sitting cross legged by a river using a cell phone,mscoco,1265,186397,0.1,1.0
963,Two donuts sitting on a brown paper wrapper.,mscoco,841,45005,0.3,0.625
964,computer desk with various  papers  and a computer,mscoco,4986,744208,0.3,0.20833333333333331
965,Five ties in different colors lying on blankets with sheets,mscoco,5560,473800,0.1,0.75
966,A flower arrangement in a glass vase on a table.,mscoco,2430,146099,0.30000000000000004,0.5833333333333333
967,Five women smile as they pose near a large cake.,mscoco,3784,241231,0.1,1.0
968,A phone displaying a game sits in front of a box of donuts.,mscoco,156,49630,0.1,1.0
969,Several giraffes that are standing together on a path.,mscoco,4035,822952,0.5,1.0
970,Two adult and one baby elephant walking in the forest.,mscoco,5661,469171,0.05,0.11923076923076921
971,Closeup of a green bowl holding pieces of broccoli.,mscoco,993,804800,0.25,0.75
972,Modern semi trailer truck with cargo container on a road,mscoco,5264,81442,0.05,0.11020408163265305
973,An overhead shot shows people dining outside. ,mscoco,4064,539349,0.5,0.6666666666666666
974,A red and white fire hydrant by a street,mscoco,1315,297221,0.15,0.5357142857142857
975,The back of a van is packed full of luggage and bags,mscoco,3450,618963,0.25,0.29166666666666663
976,Black and white of windsurfers on a lake.,mscoco,0,319365,0.1,1.0
977,A gray bird perched on towel eating from a tin,mscoco,3704,332586,0.1,1.0
978,Little oriental girl in a pink top and white bottom stands next to TV.,mscoco,2182,403731,0.1,1.0
979,The skier is posing near a lot of other skiers.,mscoco,4130,657536,0.05,0.1488095238095238
980,People using laptop computers in an undisclosed public location.,mscoco,4078,294594,0.1,0.21666666666666667
981,An assortment of dessert foods arranged in a small table.,mscoco,1651,222903,0.25,0.75
982,three glass vases one with red flowers ,mscoco,562,673351,0.05,0.18939393939393936
983,"A counter containing many food dishes, including carrots, macaroni and cheese, cranberry sauce and more",mscoco,4492,318999,0.15000000000000002,0.6666666666666666
984,a round bundt cake on a plate with white frosting ,mscoco,1414,779890,0.35,0.6
985,An intersection in a city with stop lights and street signs.,mscoco,2494,815696,0.0,0.0027789374804299497
986,Ad showing picks for top six at Australian open.,mscoco,5380,747675,0.1,1.0
987,The motorcycle riders visit the site with several flags.,mscoco,2547,270487,0.1,1.0
988,A man flying through the air while riding a skateboard.,mscoco,341,335524,0.0,0.032196969696969654
989,A person that is standing on a skateboard.,mscoco,2664,768180,0.4,0.75
990,A man and a woman standing next to a motor cycle.,mscoco,295,28635,0.05,0.5416666666666666
991,A tennis player is holding his racket and waiting for the ball.,mscoco,1336,445587,0.15000000000000002,0.13888888888888884
992,A propeller airplane sitting on top of an airport tarmac.,mscoco,696,154213,0.2,0.5833333333333333
993,a bicycle leaning against a stop and a yellow car,mscoco,2895,386528,0.1,0.23809523809523805
994,A rodeo rider on horseback attempting to lasso a cow.,mscoco,3102,482574,0.25,0.2222222222222222
995,A blue and white bus is parked in front of a brick red building.,mscoco,947,248207,0.1,0.5555555555555556
996,A zebra rests its head on the back of another zebra.,mscoco,3136,673429,0.15000000000000002,0.75
997,A refrigerator is shown with food inside of it.,mscoco,1329,145559,0.7,0.6666666666666666
998,"A machine next to a parking space in a street, into which the driver puts money so as to be authorized to park the vehicle for a particular length of time.",drawbench,78,78,0.0,0.01169217687074825
999,Big trucks are needed to haul construction equipment to the work site.,mscoco,5009,627311,0.2,0.515625
1000,A person is chopping carrots with a knife.,mscoco,2694,586636,0.5,1.0
1001,An ocean view including a man being pulled along by a water skiing parachute.,mscoco,252,88952,0.0,0.0174682395644283
1002,A woman swinging a tennis racket on a court.,mscoco,913,530784,0.5,0.75
1003,A group of people walking across the street in front of a city bus.,mscoco,4100,138220,0.4,1.0
1004,An intersection street sign with one sign reading Brad St.,mscoco,1572,727151,0.1,0.75
1005,Young boy wearing a baseball glove looking down a ball. ,mscoco,2850,439793,0.2,0.19444444444444442
1006,A young boy cutting a piece of construction paper. ,mscoco,1396,808584,0.75,1.0
1007,A very small bathroom with only a toilet and sink.,mscoco,573,474865,0.05,0.06055555555555555
1008,A baseball player is holding a baseball bat at a game.,mscoco,3633,759157,0.6,0.375
1009,A train is on the tracks in front of a building that sits on a hill.,mscoco,5503,661472,0.0,0.0134535566051238
1010,Two children eat doughnuts at a restaurant table.,mscoco,4407,757755,0.3,1.0
1011,an image of a man on his snow board sitting at the bottom of the mountain,mscoco,1475,126692,0.3,0.55
1012,A man adjusts his tie with a sticker on his shirt.,mscoco,545,220925,0.0,0.04242424242424235
1013,view of tall city buildings with cars and people walking by,mscoco,5845,691875,0.45,0.41666666666666663
1014,An outdoor patio has tables with yellow and green umbrellas.,mscoco,4779,409827,0.6000000000000001,1.0
1015,A storefront with 'Google Brain Toronto' written on it.,drawbench,184,184,0.0,0.0
1016,Two women are snacking and drinking beers at a pub.,mscoco,3805,422510,0.25,0.75
1017,"A laptop, cellphone, headphones and speaker on a table.",mscoco,971,573881,0.1,0.3333333333333333
1018,A small bathroom with a square shaped sink.,mscoco,1642,101782,0.0,0.0467171717171717
1019,"Two blue and white street signs that read ""sync signal"" and ""western av.""",mscoco,3923,309394,0.1,1.0
1020,A lone horse is grazing on grass next to a group of horses.,mscoco,4253,320212,0.0,0.0205284552845528
1021,A man in a brown shirt throwing a frisbee.,mscoco,2111,361742,0.0,0.029982363315696602
1022,A man in black shirt playing a game with a Nintendo Wii controller.,mscoco,1571,343213,0.15000000000000002,1.0
1023,two big red double decker buses on the road,mscoco,5015,277848,0.35,1.0
1024,Some children are standing on a tennis court.,mscoco,2979,629398,0.75,1.0
1025,A living room decorated with a Christmas tree and stockings.,mscoco,3682,230807,0.2,0.5833333333333333
1026,Man and older woman smiling with champagne and cake,mscoco,4891,370760,0.1,0.5714285714285714
1027,"A cluttered shelf with a stereo, book and a teddy bear.",mscoco,940,797257,0.1,0.6666666666666666
1028,A little girl flying a kite on a big field with buildings in the background.,mscoco,296,145034,0.2,1.0
1029,A tennis player is juggling the ball as the crowd watches.,mscoco,889,261513,0.0,0.00682570699668885
1030,The baseball player reaches out to catch a ball.,mscoco,357,605227,0.35,0.75
1031,Several people in a park playing a game of frisbee.,mscoco,5606,288026,0.65,1.0
1032,A large roast beef sandwich sitting in a paper basket on a glass tabletop.,mscoco,5595,415253,0.05,0.5277777777777778
1033,Woman in yellow skirt holding an umbrella buying something out of a vending machine.,mscoco,1390,19735,0.1,1.0
1034,"A pineapple, orange, and bananas sit on a plate in a kitchen.",mscoco,2259,822255,0.1,0.6666666666666666
1035,A surfer in a wetsuit rides on a wave.,mscoco,48,97280,0.25,0.3055555555555556
1036,a school bus driving on a road with a mountain in the background,mscoco,2914,115551,0.05,0.16666666666666666
1037,A kid practices skateboard moves at a green park. ,mscoco,2510,160038,0.15000000000000002,0.55
1038,A plane descending to land in a airport,mscoco,5541,46841,0.2,0.5
1039,Two female snow skiers racing down a course.,mscoco,2491,783420,0.2,1.0
1040,little girl standing in kitchen between stove and sink,mscoco,4718,76625,0.1,0.15000000000000002
1041,toilet in small space with blue and white tile,mscoco,1011,724174,0.15000000000000002,0.375
1042,The stop sign is posted at the intersection of the street.,mscoco,2501,655624,0.5,0.625
1043,Small black cat laying among several different used shoes.,mscoco,1225,474879,0.1,1.0
1044,"This dinner platter has roast beef and mashed potatoes with gravy, vegetables, greens, and bread.",mscoco,5108,193625,0.2,0.35
1045,A dog looks out an open door at the snowy ground.,mscoco,5963,714924,0.1,0.41666666666666663
1046,A fisheye lens photograph of a residential bathroom,mscoco,4349,394491,0.3,0.6666666666666666
1047,Several people with helmets gathered to fly kites,mscoco,5116,554293,0.0,0.002264816038775
1048,A stop sign warning that pedestrians are crossing.,mscoco,5395,57184,0.05,0.5454545454545454
1049,A yellow bird sitting on a branch in a green tree,mscoco,2292,300478,0.7,1.0
1050,A skier standing at the stop of a mountain slope.,mscoco,4769,7970,0.2,0.26388888888888884
1051,A large horse in an enclosed field eating grass,mscoco,3812,163891,0.2,0.5833333333333333
1052,A woman in a blue dress is on a tennis court.,mscoco,3875,450506,0.1,0.625
1053,A home office features a large desk and other items.,mscoco,3848,634060,0.45,0.625
1054,"There is a smile face on a plate made out of vitamins, banana and butter.",mscoco,137,759937,0.1,0.5
1055,Man carrying skis in high altitude mountainous area.,mscoco,2392,626149,0.25,0.5714285714285714
1056,A polka dot patterned coffee mug sits in front of a clock.,mscoco,4724,133080,0.1,1.0
1057,woman studies a map while standing on street,mscoco,2390,533395,0.0,0.022435897435897398
1058,A black and white cow standing on top of a grass covered field.,mscoco,1191,710471,0.25,0.6666666666666666
1059,A large group of skiers gathered around a ski slope.,mscoco,1996,609031,0.55,0.5625
1060,A man looking at the graffiti on the side of a train,mscoco,57,82354,0.1,0.5625
1061,People flying kites in a large green park by the ocean,mscoco,226,658998,0.0,0.03304093567251455
1062,Three young guys are playing the Wii together. ,mscoco,3073,368069,0.15000000000000002,0.3055555555555556
1063,A woman standing in front of a bathroom mirror next to a sink.,mscoco,846,220780,0.2,0.25
1064,A reflection of a yellow vehicle in a mirror,mscoco,2504,332594,0.7,1.0
1065,"A desk with many items, including a keyboard, monitor, and books.",mscoco,2769,823171,0.4,0.6
1066,A black and white bird standing on a wooden board.,mscoco,1598,242085,0.1,0.24999999999999994
1067,A young man is trying to pull off a skateboarding trick. ,mscoco,1814,376754,0.2,0.24999999999999994
1068,Brown cow lying in field with standing black cow in background.,mscoco,2419,110910,0.05,0.11309523809523805
1069,A stop sign that is at an intersection instead of stop lights.,mscoco,1032,683891,0.1,0.20512820512820512
1070,"Near the surf, a man sits hunched over on his board.",mscoco,3038,313922,0.0,0.07499999999999996
1071,three different trains one is green and silver and the other two are orange and silver,mscoco,5716,594297,0.05,0.5263157894736842
1072,A man walking down a street while holding an umbrella.,mscoco,4377,668107,0.75,0.75
1073,The birthday cake is a train carrying candy on it.,mscoco,5303,788194,0.15000000000000002,0.3125
1074,A boat is docked in the water with a mountain in the background.,mscoco,588,617964,0.30000000000000004,0.41666666666666663
1075,Illustration of a mouse using a mushroom as an umbrella.,drawbench,176,176,0.0,0.0
1076,A group of people laughing over bunches of bananas.,mscoco,183,643769,0.1,0.3
1077,There are many cars and buses on the busy highway.,mscoco,2599,627506,0.2,0.5238095238095238
1078,Three zebras are standing in a grassy field.,mscoco,1023,381235,0.5,0.5833333333333333
1079,A kid in green shoes on a skateboard,mscoco,3392,247455,0.05,0.10084033613445374
1080,Shower and toilet in compact toiler at a lodge.,mscoco,3457,442122,0.0,0.01161674347158215
1081,A man who is wearing a multicolored shirt and a tie.,mscoco,2893,627234,0.1,0.5833333333333333
1082,A blue cup and a green cell phone.,drawbench,23,23,0.0,0.0
1083,"A pizza with mushrooms, cheese and onions sitting on a table.",mscoco,2837,336933,0.1,0.5714285714285714
1084,There is a nice living room set up with nice furnitures.,mscoco,1723,598033,0.2,0.6666666666666666
1085,A man is holding a drink and posing for a picture wearing a long tie.,mscoco,4626,413285,0.0,0.04848484848484845
1086,"A living room has a couch, a cluttered table, and a bicycle sitting in front of a glass door.",mscoco,1636,59778,0.1,1.0
1087,a green fire hydrant standing in the grass close to the street ,mscoco,1057,203634,0.25,0.5714285714285714
1088,Commuter bus on roadway in large city with traffic.,mscoco,2436,796754,0.15000000000000002,0.21666666666666667
1089,A plate of salad with other fruits and vegetables and a notebook.,mscoco,344,260086,0.05,0.13443396226415089
1090,some oranges hanging from some branches of an orange tree,mscoco,3277,307528,0.6499999999999999,0.6666666666666666
1091,A woman sits at a table eating with her children on either side of her.,mscoco,731,667948,0.15000000000000002,0.6666666666666666
1092,Gourmet pizzas are now very popular in restaurants.,mscoco,3401,628144,0.0,0.00610269360269355
1093,A computer with a suspended monitor and keyboard on a desk.,mscoco,667,365526,0.0,0.039724576271186404
1094,A photocopy of a photograph of a painting of a sculpture of a giraffe.,drawbench,169,169,0.0,0.0
1095,A truck carries a load of police motorcycles.,mscoco,898,664738,0.1,0.75
1096,A single clock is sitting on a table.,drawbench,61,61,0.0,0.0017956585465490498
1097,A dog sleeps in bed with a person.,mscoco,2337,203093,0.4,0.6666666666666666
1098,Two zebra standing next to each other in a dry grass field.,mscoco,338,222112,0.1,0.11190476190476191
1099,A group of businessmen pose in a lobby.,mscoco,1744,97167,0.05,0.5104166666666666
1100,White painted fire hydrant on sidewalk near small brush.,mscoco,3685,726016,0.15000000000000002,0.5714285714285714
1101,A woman carries a bright orange umbrella in a city.,mscoco,150,742947,0.15,0.18589743589743585
1102,Two men are sitting on a couch in the background and a Wii controller is in the foreground.,mscoco,10,649868,0.05,0.0708333333333333
1103,Black and white photograph of a skate boarder climbing his board,mscoco,4715,395616,0.1,0.3055555555555556
1104,A young girl in pink holding a set of skis.,mscoco,3425,674067,0.05,0.0733695652173913
1105,A close up of a frying pan with pieces of broccoli.,mscoco,3849,379782,0.8,0.75
1106,Tortilla cooking over hot coals with meat onion and pepper filling.,mscoco,4603,656794,0.05,0.09374999999999994
1107,An airplane is seen flying over several trees.,mscoco,2464,572503,0.8500000000000001,1.0
1108,The tower of the building has a clock displayed on it. ,mscoco,202,417179,0.25,0.75
1109,Sheep laying and eating hay in an enclosure.,mscoco,2602,261547,0.05,0.5294117647058824
1110,The flower arrangement has red berries and green leaves.,mscoco,756,295956,0.05,0.2661290322580645
1111,two females wearing blue pants playing tennis in a tennis court,mscoco,2544,448968,0.0,0.05096153846153845
1112,A person riding a surfboard on the waves.,mscoco,393,213117,0.25,1.0
1113,A person takes a selfie in a school bus mirror.,mscoco,5884,729300,0.3,0.75
1114,A person is surfing on small waves in the ocean.,mscoco,755,724906,0.4,0.75
1115,A man riding a brown horse wearing a blue shirt. ,mscoco,1681,663906,0.05,0.1357142857142857
1116,A man uses a cell phone while sitting on a curb.,mscoco,3343,739336,0.15000000000000002,1.0
1117,Two people standing near the beach with their bikes,mscoco,2468,384965,0.30000000000000004,0.5714285714285714
1118,A girl is sitting at a table playing with her phone.,mscoco,793,323294,0.2,0.3
1119,Two people standing next to each other and holding snowboards.,mscoco,133,737839,0.4,1.0
1120,A man in a suit smiles and looks at the camera. ,mscoco,3611,706805,0.5,0.5
1121,A young man is skateboarding on a ramp.,mscoco,1953,391608,0.4,0.5
1122,Player swinging at ball with catcher holding glove out,mscoco,5680,569476,0.05,0.2587719298245614
1123,A couple of young men sitting in a living room with plates of food.,mscoco,1474,462523,0.1,0.375
1124,A home office with a glass desktop and picture window.,mscoco,3735,94444,0.05,0.0756578947368421
1125,A black and white photo of a small room .,mscoco,3114,235406,0.44999999999999996,0.75
1126,A vase of wilting roses sits by a window with white polka dot curtains.,mscoco,5779,426885,0.1,0.625
1127,A horse walks beside an old building near a cliff,mscoco,983,753290,0.1,1.0
1128,Two photos of a man hitting a ball with a tennis racket. ,mscoco,1810,81005,0.6,1.0
1129,A man sits on a stool in a kitchen.,mscoco,3478,756908,0.1,0.75
1130,A man flying through the air while riding a snowboard.,mscoco,1375,692556,0.6,0.6666666666666666
1131,A dollhouse kitchen is decorated with bright colors. ,mscoco,185,619251,0.35,1.0
1132,A man holds a young baby in a blanket while playing Wii.,mscoco,1857,266534,0.15000000000000002,0.5625
1133,Two young children standing in a tennis court holding tennis gear.,mscoco,2982,116232,0.3,0.6666666666666666
1134,A brown teddy bear with a maroon shirt on.,mscoco,1531,309923,0.05,0.1333333333333333
1135,A baseball player batting a ball with a catcher and umpire standing behind him.,mscoco,3888,252990,0.2,0.5714285714285714
1136,A restaurant table is lined with various breakfast plates of food.,mscoco,507,126700,0.30000000000000004,0.6666666666666666
1137,This black and white photo shows several people walking down the sidewalk with luggage.,mscoco,358,651052,0.25,0.6666666666666666
1138,Old orange and yellow bus parked on grass near wood shed.,mscoco,2266,358302,0.1,1.0
1139,A woman in shorts and heels waiting on a train platform,mscoco,5555,105536,0.1,0.5
1140,A man in a suit holding his hat.,mscoco,4491,143124,0.1,0.1135135135135135
1141,An office desk holding multiple computers and various supplies.,mscoco,1084,28894,0.35,0.5
1142,A picture of a train pulling into a station.,mscoco,112,272213,0.25,0.6666666666666666
1143,A man plays Frisbee with some other people in a gymnasium. ,mscoco,4763,476902,0.3,0.55
1144,A tennis player hitting the ball from a high point.,mscoco,1663,711782,0.25,0.24999999999999994
1145,Five cars on the street.,drawbench,39,39,0.0,0.06107954545454545
1146,A baseball player is swinging a bat at a ball.,mscoco,2496,817840,0.55,0.5
1147,A black and white cat is standing on the window. ,mscoco,4279,270432,0.55,0.75
1148,People flying kites on the beach with others walking along the beach.,mscoco,5075,54708,0.8500000000000001,1.0
1149,The large yellow flowers are inside a clear glass vase.,mscoco,5372,104266,0.5,0.6666666666666666
1150,"Legs of man with tattoos, standing on towel with cat, in bathroom. ",mscoco,2822,123270,0.1,1.0
1151,Two bears play fight while swimming in a stream.,mscoco,2838,209896,0.6499999999999999,0.75
1152,A yellow and black motor bike on a dirt path. ,mscoco,1770,509199,0.2,0.6
1153,A cat that is sitting next to a backpack.,mscoco,1002,799020,0.45,0.625
1154,Old personal window frame in the side of a personal kitchen.,mscoco,4380,664779,0.05,0.5039370078740157
1155,A glove is tied to a stop sign on a street corner. ,mscoco,1916,127072,0.1,0.625
1156,A green and yellow truck is driving on the road.,mscoco,2199,34215,0.1,0.5217391304347826
1157,The tennis player is poised to serve a ball.,mscoco,3925,460612,0.1,0.10507246376811591
1158,An ornate outdoor clock with streetlamps above and below it.,mscoco,5718,664989,0.05,0.1111111111111111
1159,Angry cat on top of clothing packed in luggage case.,mscoco,5182,317234,0.05,0.1805555555555555
1160,These three people are dressed up in costumes. ,mscoco,1445,355662,0.2,0.625
1161,A white and black dog is wearing a winter hat.,mscoco,3148,702276,0.2,0.6
1162,a plate with a flower made of tangerines,mscoco,1492,354828,0.1,0.6666666666666666
1163,A child stands on skis in a snowy area.,mscoco,2229,751778,0.44999999999999996,0.5833333333333333
1164,Darkly lit living room with large picture window with a view of sunshine and large clouds.,mscoco,1766,535668,0.1,1.0
1165,Bowl of pastas with vegetables displayed for consumption.,mscoco,2079,703752,0.8,1.0
1166,Several layered cakes are displayed on a finishing table at a bakery.,mscoco,3120,129471,0.05,0.0860957642725598
1167,Black and white photograph of a cat in a window.,mscoco,802,388091,0.4,0.29166666666666663
1168,Girl waving sword in front of boat with cooler ,mscoco,3971,377313,0.1,0.6666666666666666
1169,A kitchen area with a dining table and counter.,mscoco,5155,209714,0.25,0.1339285714285714
1170,a sandwich on wheat bread sits on a plate,mscoco,3899,714862,0.0,0.02072116169032465
1171,A man swinging a tennis racquet on a court.,mscoco,1721,461894,0.4,0.375
1172,An apple mouse sitting by a book and keyboard.,mscoco,3107,603090,0.35,0.1833333333333333
1173,Three people look around the living room of a house. ,mscoco,5356,510713,0.0,0.0264945652173913
1174,Two men playing a game of frisbee on the beach.,mscoco,3827,808130,0.44999999999999996,0.75
1175,SEVERAL PEOPLE STANDING NEAR A PARKING METER ON THE SIDEWALK,mscoco,1652,512414,0.30000000000000004,0.75
1176,A man with a black wet suit rides a white surfboard.,mscoco,1728,193244,0.35,0.3214285714285714
1177,Many giraffes stand next to a large tree. ,mscoco,4982,657388,0.15000000000000002,0.75
1178,The young man is throwing the baseball during a game.,mscoco,5072,601708,0.05,0.061627906976744154
1179,a sandwich with chips on top in a box next to a soft drink,mscoco,213,573772,0.0,0.0297413793103448
1180,A group of people flying several kites close to the water.,mscoco,3870,678991,0.6000000000000001,0.6
1181,Duck leaning forward towards a body of water from a concrete footing. ,mscoco,5065,84589,0.1,0.375
1182,A man in a hat and glasses taking a bite from a hot dog.,mscoco,4767,307829,0.4,0.75
1183,A living room is shown with couches and a table.,mscoco,2239,369692,0.3,0.3
1184,"a bird sitting on a tree stump in a forest
",mscoco,2189,387981,0.05,0.0888157894736842
1185,Various photographs of food that include a sausage and deep fried bread.,mscoco,1446,199409,0.05,0.5005192107995846
1186,some white plates with many different food items and a person,mscoco,4422,306651,0.05,0.5040322580645161
1187,A clock tower in space next to street corner.,mscoco,3047,324998,0.2,0.28125
1188,"A plate of food with tomatoes, broccoli and strawberries on it. ",mscoco,4339,362181,0.15000000000000002,0.75
1189,A person with a backpack standing on skis on a mountain trail.,mscoco,812,325884,0.1,0.0955284552845528
1190,A person skiing down a slope while others ride the lift in the background.,mscoco,2047,246637,0.2,0.15555555555555556
1191,Bearded man on a skateboard riding down a street.,mscoco,498,242688,0.1,0.26162790697674415
1192,A black and white dog wearing a red bow tie.,mscoco,1339,215442,0.1,1.0
1193,A small brown crocheted stuffed animal on display.,mscoco,3889,33507,0.1,1.0
1194,"A bathroom with sink, and toilet are shown in the image.",mscoco,1569,729265,0.30000000000000004,0.35
1195,Tennis player in  a white shirt holding a racket,mscoco,4296,492009,0.2,0.29545454545454547
1196,Nuts and dried fruits in a canister; carrots and celery in another; red grapefruit in yet another.,mscoco,5782,323886,0.1,0.3
1197,A laptop with a colorful screen is sitting on a glass top desk.,mscoco,2353,126969,0.1,0.6
1198,A wooden desk with a laptop sitting on it.,mscoco,5068,785815,0.5,0.5
1199,A view of a street out in an open area ,mscoco,3552,570649,0.0,0.04346153846153845
1200,"a plate filled with cheese slices, bacon, donuts, and beef patties ",mscoco,2621,437251,0.1,1.0
1201,"A person in motorcycle apparel from the back, standing in front of a person in motorcycle apparel on a motorcycle from the side, on pave surface by water.",mscoco,2882,661668,0.1,1.0
1202,Someone prepares salads as part of a healthy meal.,mscoco,5281,349534,0.1,0.55
1203,a bathroom that has a toilet and a bathtub,mscoco,1763,782631,0.55,1.0
1204,A delicious meatball sandwich topped with marinara sauce and Parmesan cheese.,mscoco,1156,27585,0.1,0.625
1205,A shirtless man riding a wave on a surfboard,mscoco,1441,487508,0.25,0.29166666666666663
1206,A street lined with buildings and red double deck buses.,mscoco,430,286358,0.4,0.6
1207,two zebras walking  next to each other across a field ,mscoco,1318,499161,0.3,0.6666666666666666
1208,An elephant being led down a sidewalk as cattle graze near a large castle.,mscoco,2423,751531,0.05,0.2556818181818182
1209,Small bird standing on a tree limb next to an apple.,mscoco,996,626965,0.9,1.0
1210,Orange and white cat sitting on a stair looking at black shoes. ,mscoco,5617,555566,0.1,1.0
1211,A man with glasses is wearing three ties while holding a camera.,mscoco,5498,479998,0.05,0.0875
1212,A dog is sitting on a table at a grooming parlor. ,mscoco,1302,508784,0.1,1.0
1213,female tennis player running to intercept the ball,mscoco,4995,199446,0.1,0.5166666666666666
1214,Many stuffed bears are on display in the window. ,mscoco,5519,737969,0.9,1.0
1215,A group of men on skis in a race.,mscoco,3183,286570,0.35,0.75
1216,A plate of doughnuts sitting on a table. ,mscoco,3184,785395,0.6499999999999999,1.0
1217,A black and white dog wearing a hat in a field.,mscoco,2795,193958,0.1,1.0
1218,Several people ride surfboards in the ocean waves.,mscoco,4454,658349,0.3,1.0
1219,People riding on elephants that are walking through a river. ,mscoco,5266,227157,0.9,1.0
1220,A city street with construction signs and barriers.,mscoco,4574,333987,0.0,0.0203663793103448
1221,A person laying on a couch with a cat on their abdomen.,mscoco,1184,543193,0.1,0.2635135135135135
1222,A woman walks down an alley with an umbrella.  ,mscoco,1519,162301,0.6499999999999999,1.0
1223,A wet sand area with three people in wet suits and a aqua surfboard with a white horizontal stripe.,mscoco,3536,515820,0.0,0.02501202501202495
1224,A boy is sitting at a table eating doughnuts.,mscoco,4585,379963,0.2,1.0
1225,A street sign and restaurant sign and several people standing on a corner.,mscoco,4254,163842,0.0,0.02185714285714285
1226,A man standing behind a large pizza that has a variety of toppings on it.,mscoco,5775,294626,0.45,0.5833333333333333
1227,A woman and man talk in front of a train.,mscoco,1062,11592,0.0,0.026971097468441698
1228,young man skateboarding on a railing at dark,mscoco,2791,795592,0.15000000000000002,0.6
1229,Two round sinks are in a wooden counter top next to a large mirror.,mscoco,2381,261525,0.05,0.5102040816326531
1230,A large jet plane that is flying in the air.,mscoco,4301,364338,0.2,0.625
1231,a young child on a beach with a kite flying in the sky,mscoco,1833,327858,0.5,1.0
1232,a tennis player about to hit a tennis ball.,mscoco,3306,250253,0.35,0.3333333333333333
1233,A microwave sitting in a small kitchen area.,mscoco,452,481267,0.05,0.11274509803921565
1234,A lone skier is skiing down a path.,mscoco,5808,145688,0.2,0.26666666666666666
1235,A train sits at an empty station in the daylight.,mscoco,4753,50405,0.2,0.625
1236,A train engine carrying a small cart of people.,mscoco,1591,688206,0.05,0.07638888888888885
1237,A young woman sits in bed combing her hair.,mscoco,28,760207,0.2,0.75
1238,Street signs at the corner of Kalakaua and Paoakalani avenue.,mscoco,4850,19586,0.1,1.0
1239,"Two men standing with signpost with words ""Tewodros St.""",mscoco,5086,371313,0.1,1.0
1240,The dual image shows a woman stretching to hit a tennis ball.,mscoco,5363,409625,0.75,1.0
1241,a small kid wearing a uniform playing soccer.,mscoco,4387,476274,0.15000000000000002,0.75
1242,A bathroom wall with a vanity mirror and sink.,mscoco,5908,71640,0.4,0.6
1243,A baby in a highchair with a slice of cake and a spoon.,mscoco,2584,561707,0.1,0.55
1244,A wooden bowl of cooked broccoli and cauliflower.,mscoco,2598,204548,0.1,1.0
1245,A man poses with a small child and a surfboard on a beach.,mscoco,2710,806173,0.1,0.5833333333333333
1246,A booth at an event displays stacks of vintage suitcases and a trunk.,mscoco,5272,739419,0.05,0.15441176470588236
1247,Black and white image of thin cows near a waterway.,mscoco,970,340488,0.25,0.75
1248,A small bathroom has yellow wallpaper and tile.,mscoco,5175,587067,0.30000000000000004,0.26666666666666666
1249,A plate has several small decorative donuts. ,mscoco,1861,411443,0.44999999999999996,1.0
1250,A bowl of food that includes vegetables and fried foods.,mscoco,1177,202521,0.05,0.5081967213114754
1251,A close up view of a man riding the waves on his board.,mscoco,2165,366184,0.25,0.3
1252,A white vase holds a bouquet of red roses.,mscoco,3002,746840,0.15000000000000002,0.5833333333333333
1253,Many double decked buses are lined on a bridge and three of them are red and one is blue.,mscoco,5618,409068,0.05,0.10795454545454544
1254,"Toothpaste, toothbrushes, deodorant, shampoo, nutrition bars and lotion.",mscoco,5050,603596,0.1,0.75
1255,A picture of a young man doing stunts on a skateboard. ,mscoco,2765,637162,0.15000000000000002,0.12698412698412695
1256,Modern kitchenette with stainless steel appliances and black cabinets.,mscoco,422,726687,0.5,0.3214285714285714
1257,Woman standing under umbrella in the rain near railroad tracks.,mscoco,2455,641692,0.15000000000000002,1.0
1258,A rib sandwich in a box with french fries on the side,mscoco,3097,31558,0.1,1.0
1259,A train wreck with cars submerged in water. ,mscoco,3305,13369,0.05,0.5116279069767441
1260,A bus is parked near a bus stop on a street. ,mscoco,1308,477054,0.44999999999999996,0.35
1261,Grilled chicken breast served with broccoli on a red plate.,mscoco,1984,400223,0.05,0.2763157894736842
1262,A teddy bear wearing overalls sitting on a railing pole,mscoco,1470,75124,0.1,0.22916666666666666
1263,A man standing in a dark field while holding a Frisbee.,mscoco,4732,13186,0.2,0.6666666666666666
1264,a group of people standing in the snow on snow boards next to the woods,mscoco,481,672648,0.0,0.0373333333333333
1265,A view from a plane window near a large snowy peak.,mscoco,728,294858,0.8500000000000001,0.75
1266,A green double decker tour bus advertises a hamburger tour.,mscoco,5034,197149,0.0,0.07499999999999996
1267,Bananas connected to forks attached to wood in an electrical experiment.,mscoco,2998,240407,0.3,1.0
1268,A black and a white horse are grazing in a green pasture.,mscoco,1896,667340,0.05,0.19298245614035087
1269,Adults gathered in living room playing video games.,mscoco,4823,691983,0.44999999999999996,0.5
1270,A brown and white sheep is standing in the grass.,mscoco,3586,773521,0.0,0.0404761904761904
1271,Man playing a guitar while in a store.,mscoco,2237,448561,0.1,1.0
1272,A city passenger bus on a street that has construction cones on the lanes on the street.,mscoco,3492,599941,0.05,0.5333333333333333
1273,Two busses on street next to cars with buildings in the background.,mscoco,3504,329837,0.05,0.5263157894736842
1274,Female tennis player during mid swing on court.,mscoco,3039,737055,0.25,0.5555555555555556
1275,A white plate holds an ear of corn and a pasta salad with vegetables and eggs. ,mscoco,2836,163333,0.1,0.375
1276,A woman smiles as she holds a lemon over a plate of fish.,mscoco,2062,492037,0.0,0.0231055900621118
1277,A man that is standing next to a table with bread.,mscoco,2151,472314,0.0,0.02020408163265305
1278,large group of people standing next to very old style air plane,mscoco,3174,744305,0.25,0.5
1279,A commercial jet with its wheels down in a blue sky,mscoco,1562,548964,0.45,0.5555555555555556
1280,Side by side image of same photo of tennis player aiming for ball.,mscoco,5164,80087,0.65,0.75
1281,A young man dressed in blue jeans and a hat standing on a sidewalk.,mscoco,1905,633484,0.1,0.5714285714285714
1282,a black and white photo with a double decker bus in color,mscoco,3574,791057,0.2,0.225
1283,A man with glasses smiles as he holds a cell phone.,mscoco,1366,107391,0.4,0.75
1284,A man with long hair using a laptop computer.,mscoco,2960,112757,0.1,0.5
1285,black and white image of a motorcycle rider going down the freeway,mscoco,1362,716834,0.1,1.0
1286,A squirrel eating seeds on a platform in a garden,mscoco,337,300574,0.1,0.75
1287,A group of people are standing in the snow on skis.,mscoco,2080,697775,0.5,0.375
1288,People on elephant with umbrella in jungle area,mscoco,550,378523,0.05,0.16346153846153844
1289,Panoramic photograph of a living room in December,mscoco,5753,146830,0.2,0.3
1290,Black and white picture of a motorcycle racing.,mscoco,2396,463052,0.1,0.1339285714285714
1291,A building with a clock tower and a bird statue on top ,mscoco,3589,465845,0.2,0.41666666666666663
1292,A woman standing on a tennis court with a tennis racket in her hand. ,mscoco,3270,707624,0.4,1.0
1293,A skateboarder performing tricks at a park while a man watches.,mscoco,1240,260445,0.0,0.00500162801635245
1294,a stop sign altered to say 'stop hammertime',mscoco,2971,507839,0.65,1.0
1295,A wide street with parked cars and brick buildings. ,mscoco,1959,711106,0.39999999999999997,0.41666666666666663
1296,Food items are sitting on a tray with a clock sitting in front.,mscoco,2194,162640,0.1,0.75
1297,A woman with a black polka dot umbrella walking down a street.,mscoco,3069,414481,0.15000000000000002,0.6
1298,A street with a building that has a black iron gate that is closed and signs on and next to it.,mscoco,5471,203244,0.0,0.028125
1299,Some of the salad in the container is placed in a bowl.,mscoco,5181,377655,0.05,0.5294117647058824
1300,a living room with a a desk and a monitor ,mscoco,601,660956,0.1,0.3214285714285714
1301,A kid riding a toy horse in a day care.,mscoco,4917,110050,0.1,1.0
1302,An engine with a propeller blade attached in a large open building.,mscoco,2254,629051,0.05,0.5151515151515151
1303,A blue motorcycle parked in a parking space.,mscoco,1824,816527,0.55,0.5833333333333333
1304,A woman holds a rainbow kite while standing in the middle of a field.,mscoco,3033,48320,0.25,1.0
1305,Horse mounted police lined up on street at night.,mscoco,5822,432415,0.25,0.75
1306,close up of a black bird in the grass,mscoco,4274,649677,0.35,1.0
1307,A person on white surfboard next to group in an ocean.,mscoco,1614,266627,0.05,0.0646459227467811
1308,A horse figure is on a snowy track,mscoco,941,562057,0.45,1.0
1309,Skateboarder with different color socks holding up his board. ,mscoco,1800,764505,0.0,0.0311111111111111
1310,A white car is shown on a computer monitor.,mscoco,194,654070,0.1,0.625
1311,The view out the window of a passenger train.,mscoco,1190,86833,0.25,0.41666666666666663
1312,A cat stretches its arm to play with a computer mouse.,mscoco,4852,106237,0.05,0.09848484848484845
1313,"A very formally styled wedding cake, decorated in white icing and adorned with green ribbons and pink flowers. ",mscoco,2230,90657,0.15000000000000002,1.0
1314,Two people flying a kite on the beach.,mscoco,809,96558,0.6,1.0
1315,a military event with a group of people cutting a cake,mscoco,2163,80723,0.9,1.0
1316,THIS IS A CLOSE UP PHOTO OF A PERSON HOLDING A WII REMOTE,mscoco,4365,743371,0.75,1.0
1317,A blue and yellow train traveling across a rail bridge.,mscoco,1986,589453,0.05,0.1217391304347826
1318,a man standing on one foot while playing a game of tennis ,mscoco,3526,417634,0.0,0.027330650570087153
1319,Two people standing on snowboards in the snow.,mscoco,1558,798615,0.5,1.0
1320,A group of people standing around a pile of luggage.,mscoco,4731,231315,0.25,1.0
1321,A purple commuter train at a train station.,mscoco,1462,57507,0.1,0.6666666666666666
1322,Two women walking down the street holding umbrellas.,mscoco,1720,357331,0.35,0.35
1323,A man that is standing on a skateboard.,mscoco,2660,580500,0.35,0.3333333333333333
1324,A woman lying in a bed looking at a laptop.,mscoco,5630,709327,0.55,1.0
1325,A single passenger train car sits on a track.,mscoco,1137,10517,0.25,1.0
1326,People walking along a beach with rough surf and parasailers.,mscoco,780,812468,0.05,0.0629084967320261
1327,A man in a yellow jacket making a sandwich.,mscoco,1404,254734,0.05,0.5416666666666666
1328,Rugby player prepares to make a move to avoid other team. ,mscoco,5477,50605,0.05,0.506578947368421
1329,three cows standing in large a field of tall grass,mscoco,2647,33460,0.1,0.10096153846153845
1330,"A spread of fruit includes apples, watermelon, bananas, pineapple, and more.",mscoco,4810,226223,0.2,0.1666666666666666
1331,Seven cows are lined up while being milked.,mscoco,3304,201768,0.1,0.1513157894736842
1332,A person reaching towards a Frisbee that is near a window. ,mscoco,3793,767101,0.05,0.5138888888888888
1333,The dinner setup includes a glass of wine and a small pizza.,mscoco,2103,790402,0.15000000000000002,0.35
1334,Small dog wearing sweater holding disc in mouth while being petted.,mscoco,4586,422888,0.2,1.0
1335,Two women playing a video game with hand held controllers.,mscoco,4556,101750,0.75,1.0
1336,An old pickup truck is parked in front of a parking meter.,mscoco,286,304202,0.15000000000000002,0.375
1337,A cat sitting in a bowl on top of a table.,mscoco,4183,538855,0.8,1.0
1338,A man walks with his surfboard along the beach.,mscoco,1208,65614,0.8500000000000001,1.0
1339,Two young people taking a picture of a pizza in a box.,mscoco,4294,532326,0.1,0.5227272727272727
1340,A shirtless man skateboards in a parking lot with parked cars.,mscoco,3464,764436,0.1,0.75
1341,a cat that is standing up on a chair,mscoco,3035,700891,0.45,0.75
1342,A bidet and a toilet in a bathroom.,mscoco,170,138145,0.35,0.6666666666666666
1343,a tennis player hitting a serve on the court,mscoco,2770,405011,0.4,0.24999999999999994
1344,a fedex truck driving away from a building with a bench and bikes,mscoco,1915,697694,0.1,0.625
1345,"Black and white photo of ocean side with horses walking out of water, boats under cloudy sky, processing imperfections on left and right side of photo.",mscoco,2262,127736,0.1,0.75
1346,A train is making its way through the town on the tracks.,mscoco,2597,507237,0.25,1.0
1347,two zebras walking around their pen at the zoo,mscoco,3956,254317,0.44999999999999996,0.1833333333333333
1348,A skate park with several children playing on skateboards,mscoco,1429,308263,0.4,1.0
1349,A giraffe is standing inside a wet enclosure.,mscoco,486,702140,0.1,0.1722846441947565
1350,Many donuts are on the cooking grill of a fryer.,mscoco,5712,298884,0.35,0.625
1351,A plane is displayed on the top of a building.,mscoco,5762,734308,0.0,0.0211363636363636
1352,"A living room with two large couches, a coffee table, a television and an animal crate.",mscoco,377,280379,0.0,0.0046202956989247
1353,Four giraffes are standing together inside a fenced-in area. ,mscoco,1272,824293,0.2,0.3333333333333333
1354,A flat screen tv in a living room with several windows.,mscoco,5268,334254,0.2,0.5714285714285714
1355,A pack of elephants are walking through the terrain.,mscoco,3690,57203,0.75,1.0
1356,"A brick building with yellow doors and shutters leads to a courtyard area with a person bent over one of two pallets with pink pillows, a sitting dog, and a number of long-legged birds.    ",mscoco,5423,776206,0.05,0.0886699507389162
1357,A dog jumping to catch a flying frisbee in a yard.,mscoco,824,674353,0.8,0.5
1358,A bottle of fresh milk sits beside a container of chocolate cookies and 3 tangerines on a table. ,mscoco,50,323600,0.1,1.0
1359,A commercial stove top with many pots being used.,mscoco,574,250547,0.05,0.1677237491190979
1360,A little girl sitting at a table eating a donut. ,mscoco,593,535126,0.5,1.0
1361,A person takes photos of sheep laying down. ,mscoco,4486,529946,0.1,0.75
1362,A brown and tan bird on a white plate with a persons hand holding a fork.,mscoco,3606,338949,0.1,1.0
1363,A man performing a stunt on a skateboard on a sidewalk.,mscoco,886,56729,0.2,0.2727272727272727
1364,A man in brown sitting on a motorcycle,mscoco,4161,666316,0.1,0.1214285714285714
1365,A maintenance worker is utilizing a stair cart to clean the windshield of an aircraft.,mscoco,3356,79408,0.1,1.0
1366,A stop sign along a road is vandalized with graffiti.,mscoco,4441,823582,0.9,1.0
1367,two people having fun in a storage room with boxes,mscoco,5900,279292,0.05,0.5384615384615384
1368,Professional baseball players giving each other a high five by the dugout,mscoco,5295,622259,0.30000000000000004,0.23809523809523805
1369,A white boat on water with seagulls and umbrella in the foreground.,mscoco,4134,229781,0.05,0.2628205128205128
1370,A living area with a table and chairs and various art.,mscoco,2668,293128,0.05,0.061363636363636356
1371,Many people are walking along a crowded market place.,mscoco,1247,175673,0.2,0.1833333333333333
1372,A sandwich with egg and ham and spinach,mscoco,5534,315416,0.15000000000000002,0.625
1373,A zebra is standing in tall grass near a tree.,mscoco,4127,82700,0.25,0.23809523809523805
1374,a zebra laying on a hill with grass ,mscoco,2695,592070,0.1,0.75
1375,Glass vase with floral arrangement and large ribbon on table.,mscoco,2433,633991,0.05,0.5454545454545454
1376,A collage of white squares with pictures of different meals.,mscoco,1755,744985,0.1,0.5625
1377,A young girl in a helmet riding a skateboard.,mscoco,3738,22666,0.55,0.5833333333333333
1378,A herd of three cattle walking together in a grassy area.,mscoco,3135,776937,0.1,0.55
1379,Woman in green shirt and black pants talking on cellphone. ,mscoco,3579,213480,0.0,0.05459057071960295
1380,A baseball game in progress with the batter up to plate.,mscoco,3732,247802,0.05,0.15625
1381,A beige bathroom with a phone beside the toilet.,mscoco,3564,321205,0.1,0.5151515151515151
1382,A woman that is holding a racquet hitting a ball.,mscoco,4539,422516,0.4,0.625
1383,A man in a grass field catching a frisbee.,mscoco,2800,183336,0.6499999999999999,0.75
1384,A young skateboarder attempts a rick on a concrete block.,mscoco,5625,22778,0.0,0.00354580393370055
1385,A man doing a kick flip on a skateboard.,mscoco,1489,329383,0.15000000000000002,0.55
1386,a brown and white horse and three brown black and white cows,mscoco,4056,204733,0.1,0.5714285714285714
1387,A clock is posted on the front of a building.,mscoco,2382,291530,0.3,0.35
1388,"A domesticated carnivvorous mzammal that typicbally hfaas a lons sfnout, an acxujte sense off osmell, noneetractaaln crlaws, anid xbarkring,y howlingu, or whining rvoiche.",drawbench,112,112,0.1,0.14583333333333331
1389,This is an image of tow urinals in black and white.,mscoco,2104,92328,0.2,1.0
1390,Small couch sitting in the living room with green carpeting. ,mscoco,4062,772952,0.0,0.022206959706959652
1391,A laptop and computer monitor sit adjacent to one another on a desk top.,mscoco,3576,107812,0.6000000000000001,0.75
1392,Three zebras standing next to each other with heads together.,mscoco,2942,45053,0.05,0.5042016806722689
1393,A plate of food that includes broccoli and white dough balls.,mscoco,3065,333932,0.1,0.6
1394,a yellow bird that is on a branch,mscoco,851,784689,1.0,1.0
1395,Four people on horseback stand at the shore on a beach.,mscoco,5568,164060,0.1,0.75
1396,Water floods an area with trees and street signs.,mscoco,5807,573622,0.44999999999999996,0.6666666666666666
1397,A fork and paper plate of chocolate cake on a desk.,mscoco,5454,296981,0.1,1.0
1398,A large empty kitchen is shown with white cabinetry.,mscoco,2525,290589,0.3,0.5384615384615384
1399,"Office desk with a laptop, computer monitor, and other electronic utilities. ",mscoco,5482,108352,0.25,0.1714285714285714
1400,SEVERAL CLEAR VASES ARE ON THE TABLE WITH TULIPS IN EACH ONE,mscoco,1175,715007,0.1,1.0
1401,Black and white Toyota truck with two dogs on back.,mscoco,4864,363930,0.1,0.75
1402,A man wearing a hard hat talks on a phone.,mscoco,4523,811893,0.1,0.3055555555555556
1403,A professional baseball player holding a bat on the baseball field. ,mscoco,2925,776097,0.3,0.1714285714285714
1404,A skateboarder rides the rim at a skate park.,mscoco,5089,139211,0.1,0.17045454545454544
1405,Two people standing near a red and white food truck. ,mscoco,2702,816831,0.05,0.12589605734767026
1406,A man wearing a helmet is riding a motorcycle.,mscoco,1621,682473,0.6,0.625
1407,Side by side photos of a woman playing tennis. ,mscoco,4923,110293,0.7,0.6666666666666666
1408,A group of people playing Wii games. ,mscoco,1241,624329,0.7,0.75
1409,An apple is growing and near ripe for eating,mscoco,5966,81926,0.30000000000000004,1.0
1410,A man riding on a snowboard jumping over a hill.,mscoco,4030,238039,0.44999999999999996,0.1833333333333333
1411,A banana tree filled with lots of unripe bananas.,mscoco,3265,218811,0.9,1.0
1412,A group of men sitting on a snow slope while attached to snowboard.,mscoco,3131,226038,0.65,0.75
1413,a white couch tan pillows coffee table and a television set,mscoco,3070,546244,0.05,0.504
1414,a player is swinging a baseball bat during a game,mscoco,1074,234177,0.35,0.26666666666666666
1415,A young man going down a ramp on his skateboard at a skateboard park.,mscoco,3161,444843,0.15000000000000002,0.375
1416,A woman sitting at a table with a pizza in a box ,mscoco,4144,553884,0.3,0.75
1417,Small single engine airplane on a small runway. ,mscoco,3516,80571,0.7,1.0
1418,A man sitting in front of a laptop computer.,mscoco,4815,718937,0.75,1.0
1419,Broccoli and other vegetables displayed in a market.,mscoco,1355,744995,0.55,1.0
1420,A large purple flower is in a green vase.,mscoco,2774,294701,0.2,0.5714285714285714
1421,The large industrial kitchen is very organized and clean.,mscoco,2786,661966,0.1,0.25
1422,A kitchen with a white trash can and cleaning supplies,mscoco,455,589029,0.0,0.04160688665710185
1423,A group of people gather in a kitchen with wine.,mscoco,3158,197359,0.1,0.09316770186335399
1424,a woman is standing in front of a horse,mscoco,4530,810903,0.44999999999999996,0.5
1425,A bride and groom cut their wedding cake.,mscoco,5623,829606,1.0,1.0
1426,Airplane with vintage bus in front of air plane hangar,mscoco,4975,372218,0.1,0.6
1427,A pile of apples lying underneath a tree on the ground.,mscoco,2505,514413,0.1,0.41666666666666663
1428,A platter of sliced fruit including oranges and apples.,mscoco,5667,209161,0.30000000000000004,0.35
1429,Close up of a hand writing on a tablet computer with a pen,mscoco,3242,149919,0.05,0.2508928571428571
1430,A cross-country skier sprints to the finish line.,mscoco,5091,234343,0.05,0.5185185185185185
1431,A box filled with various types of donuts.,mscoco,783,582697,0.8,1.0
1432,A group of teenagers dressed as zombies mill about.,mscoco,363,597069,0.35,0.5
1433,A dog with his teeth showing and semis and a car in the background. ,mscoco,2457,451523,0.1,0.5555555555555556
1434,A young man is enjoying a day of water skiing. ,mscoco,2900,454260,0.15000000000000002,0.6
1435,several children are playing soccer on a field.,mscoco,49,39306,0.6,0.75
1436,The skateboarder makes a jump in the bright sunlight.,mscoco,5262,583481,0.1,0.5113636363636364
1437,A person standing by a cone on a street.,mscoco,5241,528971,0.05,0.065359477124183
1438,Two people in hats sit on a park bench.,mscoco,1370,83034,0.15000000000000002,0.6
1439,Black and white photograph of a person doing a trick on a skateboard.,mscoco,3436,373967,0.35,0.24999999999999994
1440,Man wearing a helmet and knee pad skateboarding down a hill.,mscoco,3719,244716,0.0,0.0714285714285714
1441,"The preparation of salmon, asparagus and lemons. ",mscoco,5847,6108,0.1,1.0
1442,a man in an orange shirt and a man i a stripped shirt petting an elephant ,mscoco,2075,398321,0.1,1.0
1443,A doughnut bag with a sprinkle doughnut next to it,mscoco,1542,91169,0.2,0.6666666666666666
1444,A man smiling while holding a Frisbee in his hands.,mscoco,2591,797894,0.3,1.0
1445,A set of luggage on a hotel room bed.,mscoco,5899,27724,0.30000000000000004,1.0
1446,Two people lick fruit with costumes and hats on.,mscoco,255,159621,0.1,1.0
1447,A red four wheel drive pickup truck with dual rear wheel.s,mscoco,3821,789125,0.05,0.2625
1448,A group of people in grassy area flying kites.,mscoco,1881,277446,0.7,1.0
1449,"A red traffic light has a ""sad face"" drawn on it.",mscoco,2121,272911,0.2,0.75
1450,A large broccoli plant has grows a big piece of broccoli.,mscoco,1348,107974,0.9,1.0
1451,A woman is taking a photo of her male companion's funnel cake.,mscoco,1606,25832,0.1,0.5714285714285714
1452,A man and woman riding a bike in the street.,mscoco,284,638096,0.15000000000000002,0.1833333333333333
1453,Four giraffes all walking and looking same direction and all same height in rocky field lined by short trees behind.,mscoco,5747,615728,0.15000000000000002,0.1875
1454,a man with a helmet snowboarding down a track,mscoco,782,106588,0.1,0.41666666666666663
1455,A woman that is standing on ski's in the snow.,mscoco,2585,747432,0.55,0.75
1456,"A teenager sitting in front of a store window talking on a cell phone.,",mscoco,4765,659779,0.1,0.75
1457,A stalk of ripe bananas on a white background,mscoco,3532,344792,0.1,0.75
1458,A skateboarder is on top of a cement ramp.,mscoco,4843,497904,0.05,0.20238095238095236
1459,Three giraffes eat from a post with their food attached to the top.,mscoco,3631,379563,0.15,0.5454545454545454
1460,People playing a game on a television screen during an event. ,mscoco,2927,592548,0.05,0.1071428571428571
1461,A stop sign on a pole in a residential neighborhood.,mscoco,2947,202705,0.15000000000000002,0.3214285714285714
1462,A red colored dog.,drawbench,4,4,0.0,6.165378348109938e-05
1463,Man in blue tennis uniform swinging his racket back. ,mscoco,5996,132119,0.1,0.1547619047619047
1464,A black and white view of a sculpture in an urban environment.,mscoco,906,358106,0.1,1.0
1465,A green double decker bus drives down a street.,mscoco,5763,34052,0.7,1.0
1466,Adult riding horse next to skiers on snow covered area.,mscoco,3230,432450,0.1,0.41666666666666663
1467,A short white horse looking over a fence.,mscoco,4610,731270,0.30000000000000004,0.6666666666666666
1468,A man talking on a cell phone while wearing a yellow shirt.,mscoco,2932,586509,0.1,1.0
1469,Little girl with blonde hair sitting at a table while smiling.,mscoco,1324,755804,0.2,0.6666666666666666
1470,an image of a professional baseball game being played,mscoco,965,278988,0.25,0.75
1471,Elephant enjoying bath in deep pool in heavily fenced enclosure.,mscoco,3823,292613,0.05,0.506578947368421
1472,A black bear walking through a field by a road.,mscoco,2551,537902,0.8500000000000001,1.0
1473,An adult and baby elephant standing together in a zoo pin.,mscoco,5513,325771,0.45,0.5833333333333333
1474,A man performing a grind on his skateboard.,mscoco,4316,250563,0.05,0.502145922746781
1475,Skateboarder in mid air in an indoor facility.,mscoco,5749,634089,0.05,0.14166666666666666
1476,A boat travels through the water near a pier with a red lighthouse. ,mscoco,4005,278275,0.4,0.75
1477,A train passing under a bridge in the middle of a field.,mscoco,5932,539515,0.1,0.26666666666666666
1478,a person standing over a squat down toilet ,mscoco,592,662069,0.05,0.10507246376811591
1479,Large passenger electric train passing through open field. ,mscoco,2100,41788,0.35,0.625
1480,a stop sign a light post a street sign and some white flowers,mscoco,1616,39603,0.1,0.6
1481,A stop light is in the foreground of a city photo.,mscoco,1919,51836,0.45,0.75
1482,"A dinner plate is arranged with meat, broccoli and carrots.",mscoco,661,225456,0.2,0.35
1483,a boy is on a skateboard jumping over a rock,mscoco,109,141026,0.05,0.11688311688311684
1484,A half eaten piece of pie sits on a plate with a silver fork.,mscoco,5628,422901,0.15000000000000002,0.18055555555555555
1485,BUS THAT LOOKS LIKE ITS FROM THE FUTURE JUST SITTING STILL,mscoco,4237,398127,0.0,0.0099206349206349
1486,A man flying a kite in an open field.,mscoco,230,223508,0.5,1.0
1487,Man in blue and gray uniform throwing a baseball. ,mscoco,4434,424936,0.1,0.1435185185185185
1488,A black and white picture of someone holding an umbrella. ,mscoco,3191,489670,0.75,1.0
1489,A laptop computer sits open on a wall mounted shelf above a tabletop.,mscoco,4567,643807,0.1,0.75
1490,"A sign advertising a festival on H Street, NE, Washington D.C.",mscoco,5838,322200,0.05,0.12631578947368421
1491,Two giraffes are standing inside a fenced area in a zoo.,mscoco,2068,242152,0.5,0.6666666666666666
1492,"A bagel, cream cheese and lox is served with fresh cucumber and tomato slices. ",mscoco,557,750243,0.1,0.75
1493,A woman holds a basket with a hot dog while she is surrounded by two other people.,mscoco,2775,349684,0.05,0.5020242914979757
1494,Three people sitting on a couch with coffee looking at a centerpiece on the coffee table.,mscoco,1554,612241,0.1,1.0
1495,"A potato, carrots, cabbage, and piece of meat sitting on a plate.",mscoco,3176,676339,0.1,1.0
1496,A baseball bat leaning agains a wall beside a yellow box.,mscoco,4095,533930,0.05,0.5384615384615384
1497,"A man wearing a red hat, eating a hotdog.",mscoco,5376,506570,0.2,0.18749999999999994
1498,Large brown cow tied up to a wooden post in a building. ,mscoco,5532,556246,0.0,0.05213903743315505
1499,a small dog is standing in a large kitchen,mscoco,16,738530,0.15000000000000002,0.6666666666666666
1500,Train with orange engine is pulling a long line of cars.,mscoco,934,517006,0.15000000000000002,0.1339285714285714
1501,A large square pizza being cut up by a person.,mscoco,1220,11140,0.05,0.2727272727272727
1502,New York Skyline with 'Google Brain Toronto' written with fireworks on the sky.,drawbench,198,198,0.0,0.0
1503,An old truck and memorabilia are featured in an exhibit. ,mscoco,1332,671210,0.1,1.0
1504,A woman holds food in front of a food truck. ,mscoco,489,258278,0.05,0.5263157894736842
1505,A photo of a control box for the intersection.,mscoco,1913,375878,0.1,0.29166666666666663
1506,A person cutting into a cake with a knife.,mscoco,2951,824718,0.6,1.0
1507,A double decker bus on a street in England,mscoco,4837,614287,0.3,0.5
1508,A view from above of clock tower in a plaza next to a beach at sunset.  ,mscoco,831,623486,0.3,1.0
1509,a black and white photo with a person on a skateboard,mscoco,707,723128,0.2,0.3214285714285714
1510,A teddy bear with a bow tie next to a bunny rabbit stuffed animal.,mscoco,3755,708181,0.1,0.75
1511,A man sitting in front of a pizza at a table.,mscoco,217,781724,0.5,1.0
1512,A man taking a big bite of a hot dog.,mscoco,1574,446230,0.6,1.0
1513,A boy and his mother feed a giraffe at the zoo,mscoco,3578,210176,0.15000000000000002,0.6666666666666666
1514,A woman sitting on a bench while talking on a cell phone.,mscoco,1504,186230,0.25,0.5833333333333333
1515,Several young soccer players on the field during a game.,mscoco,3360,531472,0.8500000000000001,1.0
1516,A toilet and sink are seen in this dirty bathroom.,mscoco,5793,629696,0.45,0.6666666666666666
1517,A traffic sign with writing on it at an intersection. ,mscoco,1233,570624,0.0,0.0473790322580645
1518,A fried and breaded sandwich is topped with preserves.,mscoco,3903,356880,0.05,0.0692307692307692
1519,A dog standing on the floor with a mesh cone on its head ,mscoco,2197,589132,0.05,0.5384615384615384
1520,Baseball player delivering hit of the ball about to run.,mscoco,771,734675,0.25,0.15000000000000002
1521,A woman sitting on a bench reading a book,mscoco,3351,421289,0.55,0.625
1522,A white stove stop oven in a kitchen.,mscoco,5840,167465,0.65,0.5833333333333333
1523,A man in black jacket flying a kite on a beach.,mscoco,4766,277681,0.3,0.375
1524,An ornate antique bed is scene in a museum display.,mscoco,3958,113031,0.3,1.0
1525,The orange and white cat is sitting in a toilet bowl. ,mscoco,1467,773557,0.2,1.0
1526,A man riding a wave on his surf board.,mscoco,2354,546809,0.5,1.0
1527,A black dog is sitting under a man that sits cross-legged on a wall.,mscoco,2725,384311,0.05,0.2121212121212121
1528,A cat standing up against a window in a living room.,mscoco,3511,565718,0.6,0.75
1529,A crowd of people standing around a food truck.,mscoco,4128,121829,0.5,0.75
1530,"A living room contains a couch, chair, tables and a rug.",mscoco,4691,588352,0.2,0.625
1531,A group of people with snowboards in the snow.,mscoco,5842,440868,0.55,1.0
1532,A man is smiling as he enjoys a dessert at a restaurant.,mscoco,266,804755,0.15000000000000002,0.29166666666666663
1533,A small and cluttered bathroom is decorated in shades of brown and white.,mscoco,5195,633325,0.2,0.3214285714285714
1534,A man sharing a smile with a child at a dinner table.,mscoco,105,608262,0.15000000000000002,0.24999999999999994
1535,a person sitting on a bench using a cell phone ,mscoco,3040,817733,0.25,0.6666666666666666
1536,a boy is flying a kite in a field,mscoco,2678,645310,0.8,1.0
1537,A man in a tie standing next to some people.,mscoco,1353,326711,0.25,0.625
1538,An adult elephant and a baby elephant are eating a bush.,mscoco,3629,726357,0.1,0.17391304347826086
1539,a table full of different kinds of yellow fruit.,mscoco,1875,313157,0.05,0.16346153846153844
1540,Two white sheep graze in a grassy field.,mscoco,4818,468252,0.05,0.1071428571428571
1541,A young man riding a skateboard at a skate park.,mscoco,1894,71197,0.4,0.75
1542,A giraffe stands in front of two others near a fence.,mscoco,2515,46867,0.15000000000000002,0.625
1543,A mattress that has a tag on the end of it.,mscoco,2854,799047,0.1,0.75
1544,Two little boys playing a game on a bed.,mscoco,4571,50110,0.1,0.28846153846153844
1545,Black and white photograph of a flock of birds in flight,mscoco,2434,111511,0.3,1.0
1546,A toilet sits outside on slanted cement near a doorway.,mscoco,5269,392948,0.1,0.15555555555555556
1547,A woman drinks from a mug while a man prepares food.,mscoco,5500,280662,0.05,0.5108695652173914
1548,A plate of chicken and broccoli and a pair of chop sticks.,mscoco,4369,275247,0.1,0.1333333333333333
1549,Three giraffes can be seen in zoo enclosures.,mscoco,1692,683170,0.44999999999999996,0.41666666666666663
1550,A male professional tennis player serving the ball.,mscoco,315,508797,0.30000000000000004,0.23809523809523805
1551,A man helps a woman to prepare a toothbrush outdoors.,mscoco,4498,809088,0.05,0.5040983606557377
1552,A few people are walking on the beach carrying surfboards.,mscoco,4222,565319,0.75,0.41666666666666663
1553,A batter holding a bat with a catcher and umpire behind.,mscoco,4716,311600,0.2,0.5454545454545454
1554,A giraffe turns its neck to preen its body.,mscoco,3441,460112,0.0,0.00274732013638475
1555,A man wearing a suit and tie with his hands on his head.,mscoco,616,416178,0.15,0.5098039215686274
1556,A crowd of people walking on a brick street.,mscoco,939,267786,0.15000000000000002,0.6666666666666666
1557,A bathroom with wooden cabinets and tile flooring,mscoco,43,388792,0.0,0.05625
1558,An open refrigerator with several bottles of water,mscoco,5659,477110,0.25,0.5714285714285714
1559,A pizza is served on a plate with water.,mscoco,4308,45812,0.0,0.01185971077172585
1560,A boy and a girl sitting on a couch while the boy is holding a cat. ,mscoco,3044,677416,0.1,1.0
1561,A large clock in the front of a building.,mscoco,1033,148437,0.8500000000000001,1.0
1562,A box full of several powdered white doughnuts.,mscoco,2884,431620,0.1,1.0
1563,A group of kids sitting at a table with some food.,mscoco,1483,528670,0.8,1.0
1564,A white Apple mouse next to a white keyboard.,mscoco,5748,827310,0.5,0.75
1565,A man in a white outfit preparing to hit a tennis ball.,mscoco,2159,195975,0.2,0.5555555555555556
1566,A stack of shutters and skis are in storage.,mscoco,5954,755226,0.1,1.0
1567,A cake mostly eaten made with blue icing,mscoco,4198,398872,0.25,1.0
1568,A fire hydrant and tv are shown next to a wall.,mscoco,3581,33295,0.05,0.5416666666666666
1569,Two women and a baby are sitting on a wooden bench.,mscoco,883,195579,0.15000000000000002,1.0
1570,A woman in black taking a picture of herself in a mirror.,mscoco,5357,483410,0.4,0.5
1571,Two large brown dogs sleeping on a bed.  ,mscoco,3413,560224,0.15000000000000002,0.625
1572,A small kitten figurine on top of a cellphone screen.,mscoco,2637,177533,0.1,0.5833333333333333
1573,A man in white shirt jumping on a  skateboard with fence in background.,mscoco,127,357791,0.1,0.0952380952380952
1574,A stoplight controlling traffic in an urban intersection,mscoco,4862,629903,0.1,0.5454545454545454
1575,A male tennis player playing on a grass court.,mscoco,3262,12603,0.3,0.6
1576,A number of people fly kites on the beach.,mscoco,88,760465,0.6,1.0
1577,A man sitting by the window with a pizza,mscoco,743,756506,0.3,0.41666666666666663
1578,A group of skiers pose on top  of the mountain for a picture.,mscoco,2425,341630,0.8,1.0
1579,A man and a woman sitting on a bench with laptops.,mscoco,4385,271362,0.05,0.515625
1580,A Dell laptop sitting on a desk with other gadgets,mscoco,1055,269463,0.05,0.17009132420091322
1581,"Home plate in a professional baseball game, just after batter has hit the ball.",mscoco,5343,635509,0.0,0.0280026990553306
1582,A young skier is skiing downhill in a competition.,mscoco,3233,615411,0.30000000000000004,0.1964285714285714
1583,A woman brushing her teeth with a green toothbrush.,mscoco,2604,640056,0.4,0.6666666666666666
1584,Two cows standing in a grassy field next to a fence.,mscoco,3455,642762,0.15000000000000002,0.5625
1585,A group of zebras standing next to a body of water. ,mscoco,1245,57714,0.3,0.6
1586,A watercolor painting of a clear vase holding flowers. ,mscoco,5150,161009,0.1,0.75
1587,The interior of a small home with wooden floors.,mscoco,4527,146100,0.3,0.6666666666666666
1588,An older man helps a young girl fly a kite.,mscoco,2463,161313,0.05,0.1071428571428571
1589,Hitter in a baseball game trying to execute a bunt,mscoco,2622,683030,0.0,0.02248243559718965
1590,The herd of sheep stand close to a wooden fence.,mscoco,5697,157558,0.2,1.0
1591,A young person rides a snow board down the ski slopes. ,mscoco,2444,637899,0.15000000000000002,0.75
1592,A red train next to the loading area of a station.,mscoco,627,204698,0.45,0.75
1593,A white plate topped with broccoli and chicken.,mscoco,42,207007,0.1,0.1875
1594,Three people in uniform looking at a cell phone.,mscoco,869,133753,0.1,0.3333333333333333
1595,Tourists taking photos of a half-horse half-zebra playing,mscoco,5564,208658,0.05,0.13970588235294115
1596,A skier in mid-jump on a down hill course. ,mscoco,2435,392818,0.25,0.5172413793103448
1597,Remote controls that work for the home theater system.,mscoco,4929,52866,0.05,0.07720588235294115
1598,This is a busy city street with many bright signs at dusk.,mscoco,4207,468022,0.2,1.0
1599,A cat laying next to a white toilet in a bathroom.,mscoco,290,426333,0.0,0.06477732793522264
1600,A woman in a sun hat poses on a white wood bench.,mscoco,4007,95500,0.1,0.625
1601,Black and white cat on cream sofa in pink room.,mscoco,4838,93044,0.1,0.6666666666666666
1602,A person skis across flat snowy ground on a bright day.,mscoco,3726,479558,0.05,0.5035460992907801
1603,A view of a couple on a motorcycle from the seat of a car.,mscoco,644,192115,0.15000000000000002,0.625
1604,A woman drinking from a glass while wearing glasses.,mscoco,1075,720684,0.2,1.0
1605,A orange striped cat sleeping in a child's bed.,mscoco,5285,580865,0.15000000000000002,0.75
1606,A batter up to bat during a baseball game.,mscoco,4749,6891,0.05,0.2857142857142857
1607,Many sheep roam around an open grassy field.,mscoco,585,71701,0.6499999999999999,1.0
1608,Very cute little boy with baseball bat and Yankees hat,mscoco,4669,542757,0.15000000000000002,1.0
1609,A microwave oven sitting on a table with pots on top.,mscoco,1041,793676,0.1,0.625
1610,A small half bathroom with sink and toilet.,mscoco,3742,577485,0.1,0.175
1611,A stop sign that is located on the street.,mscoco,556,492504,0.4,0.6
1612,A double image of a male tennis player attempting to hit a tennis ball.,mscoco,645,238860,0.55,0.625
1613,A polar bear is climbing down an enclosure.,mscoco,1072,71386,0.05,0.17666666666666667
1614,The three men are skiing and racing one another.,mscoco,1553,601848,0.1,0.5208333333333333
1615,A passenger bus that is driving down the street.,mscoco,2393,772843,0.35,0.625
1616,A train traveling over a bridge next to a brick wall.,mscoco,23,708132,0.05,0.14015151515151514
1617,Man and woman cutting a purple wedding cake.,mscoco,1934,243125,0.1,0.10555555555555556
1618,A black and white image of a man biting a donut. ,mscoco,3243,453584,0.1,0.1214285714285714
1619,A woman with glasses leaning on her desk,mscoco,3666,663023,0.1,0.375
1620,A man in a wet suit carrying a surfboard away from the ocean.,mscoco,1784,699036,0.44999999999999996,1.0
1621,A woman and two men sitting on a bench in front of a store.,mscoco,3224,272322,0.1,0.75
1622,a park bench on a hill overlooking other hills,mscoco,4614,367143,0.25,0.35
1623,Several bikes on display on a circular platform inside a store. ,mscoco,1490,812768,0.30000000000000004,1.0
1624,Two horses standing in mud in a pasture ,mscoco,5006,725125,0.2,1.0
1625,A brown and orange tray with five compartments of food.,mscoco,1638,415716,0.05,0.5045871559633027
1626,A baby elephant is walking in the grass near larger elephants.,mscoco,5860,740773,0.1,0.29166666666666663
1627,a clock on top of a small tower near many buildings ,mscoco,643,800980,0.0,0.0367647058823529
1628,two people riding skate board down a steep road,mscoco,548,128826,0.45,0.75
1629,A black and white photo shows three people near a lamp.,mscoco,679,692534,0.1,1.0
1630,Four cars on the street.,drawbench,38,38,0.0,0.01706349206349205
1631,A skate boarder reaches the edge of a ramp during a skill.,mscoco,2088,106124,0.15000000000000002,0.75
1632,A group of people in a grassy park flying kites.,mscoco,321,552555,0.4,1.0
1633,A cat laying on top of a blue umbrella.,mscoco,5930,731454,0.1,0.175
1634,Man in wetsuit sitting on a beach next to surfboards.,mscoco,1700,132454,0.4,0.6
1635,show horses and organization performing during a parade,mscoco,4924,260014,0.25,0.625
1636,The blue bowl has skinny green vegetables in it.,mscoco,3375,669348,0.0,0.01542466644972335
1637,Three brown cows standing in the snow. ,mscoco,500,687682,0.1,1.0
1638,Laundry hangs on a line in a rustic jungle dwelling.,mscoco,5816,764363,0.1,0.5555555555555556
1639,Traffic light in front of building with small balconies on corner windows,mscoco,2308,349182,0.1,0.75
1640,A series of photographs of a person skiing.,mscoco,4290,272799,0.1,0.5192307692307692
1641,A baseball player winds up to pitch a ball.,mscoco,1931,199549,0.6,0.75
1642,A train with three lights on near a platform. ,mscoco,701,527284,0.15000000000000002,0.21666666666666667
1643,A white plate with a piece of pizza on it and fork and knife.,mscoco,1640,376439,0.2,0.24999999999999994
1644,A man with a surf board is standing on the beach with other people. ,mscoco,3745,43029,0.25,0.26666666666666666
1645,A parking meter is expired while cars are still parked. ,mscoco,5204,159990,0.25,0.41666666666666663
1646,A batter taking a swing at a ball at home plate.,mscoco,3368,809282,0.25,0.5
1647,A table with a bottle of wine and a plate of food including a sweet potato and pineapple salad.,mscoco,1756,480398,0.1,0.1833333333333333
1648,Dairy cows lined up beside a barbed wire fence.,mscoco,5907,106495,0.4,0.5384615384615384
1649,A man in glasses eating a large pizza off of the plate. ,mscoco,5759,679121,0.75,1.0
1650,A cat sitting in front of a tv watching soccer.,mscoco,5639,788542,0.35,0.75
1651,A lone giraffe stands in front of a small tree in a barren area.,mscoco,5888,163111,0.05,0.5178571428571428
1652,a red fire hydrant some yellow flowers and a brown wall,mscoco,5990,631286,0.1,0.5625
1653,A couple of people riding skis down a snow covered slope.,mscoco,4191,705698,0.5,0.75
1654,A girl who is jumping to catch a Frisbee.,mscoco,3235,562377,0.05,0.0628205128205128
1655,a living room with couches chairs and pictures on the wall,mscoco,712,278799,0.4,0.6666666666666666
1656,A boy in blue shorts stands in a dirt area holding a baseball and a bat.,mscoco,2271,83227,0.0,0.0485159817351598
1657,A green and yellow fire hydrant with water spraying out of the side.,mscoco,3314,242136,0.05,0.2572463768115942
1658,A large elephant is standing in a fenced in enclosure.,mscoco,2312,825268,0.65,0.5
1659,a black bench and a green and blue bottle,mscoco,4178,215193,0.05,0.25980392156862747
1660,Several airplanes parked on the tarmac at an airport.,mscoco,2072,480598,0.8,1.0
1661,a blue train sits parked on some train tracks ,mscoco,581,367412,0.45,0.75
1662,Two young men jump in the air trying to catch a Frisbee. ,mscoco,3681,748949,0.4,0.375
1663,Two adults and one baby elephant walking in the woods,mscoco,4791,67226,0.1,0.1111111111111111
1664,A man standing by a dog catching a frisbee on a field.,mscoco,563,482753,0.0,0.025187406296851553
1665,Residential bathroom with decorated shower curtain and tile walls.,mscoco,5672,634796,0.35,0.625
1666,Two zebras that are standing in the road.,mscoco,953,537357,0.35,0.75
1667,Skiers with red coats in large snow covered field.,mscoco,423,482189,0.2,0.6666666666666666
1668,"A bathroom has a large mirror, toilet, and sink.",mscoco,411,696585,0.05,0.16999999999999996
1669,Simulated photo of girl brushing teeth with adults nearby in room.,mscoco,5789,599449,0.0,0.0595238095238095
1670,Pitcher winding his arm back on the mound in the motion of throwing the ball. ,mscoco,5205,116636,0.55,0.41666666666666663
1671,a vice with a pair of vice grips and drill in between,mscoco,5140,569787,0.1,1.0
1672,Two giraffes standing in the grass near trees.,mscoco,3978,568343,0.55,0.6
1673,Several small boats parked along a pier with people.,mscoco,3582,142107,0.2,0.75
1674,"Sheared sheep on roadway taken from vehicle, with green hillside in background.",mscoco,3912,99329,0.15000000000000002,0.3055555555555556
1675,A large church tower next to two tall buildings.,mscoco,1086,88189,0.0,0.048872180451127796
1676,A large white cat sitting on top of a piece of luggage.,mscoco,414,540472,0.2,0.625
1677,Closeup of a pizza with tomatoes on a plate.,mscoco,1817,176112,0.25,0.375
1678,A small elephant standing next to a white bird.,mscoco,3206,260748,0.1,1.0
1679,A woman is sitting outdoors at a table with a sandwich. ,mscoco,2811,657695,0.25,0.6666666666666666
1680,A group of people on horses walk along the beach.,mscoco,5138,154069,0.65,0.6
1681,A group of men playing a game with Nintendo Wii controllers.,mscoco,908,215376,0.44999999999999996,0.6666666666666666
1682,A stop sign with the mountains in the background.,mscoco,4512,825322,0.45,1.0
1683,Commuter rail cars at indoor train depot area.,mscoco,5567,777182,0.15000000000000002,0.625
1684,Red commuter bus at curb with pedestrian walking on large path with trees.,mscoco,5486,665070,0.1,1.0
1685,Group of giraffes in an outdoor exhibit with onlookers.,mscoco,5554,709779,0.2,0.625
1686,A zebra standing in a open field with bushes.,mscoco,1349,271247,0.0,0.0550724637681159
1687,A man is skating on a skate board.,mscoco,583,190405,0.1,0.19791666666666666
1688,A man uses a pizza wheel to prepare his dinner.,mscoco,4885,636977,0.0,0.00554736000983465
1689,A bathroom with a TV near the mirror,mscoco,2677,1670,0.35,1.0
1690,A woman biting into a sandwich at a table.,mscoco,878,793814,0.2,0.5833333333333333
1691,A person cutting into a doughnut in a box.,mscoco,3178,458755,0.15000000000000002,0.625
1692,A large bathroom with a white marble counter top and red rugs.,mscoco,683,66484,0.2,0.41666666666666663
1693,a man on a skate board riding down a ramp,mscoco,5387,737093,0.30000000000000004,0.6666666666666666
1694,Train with lush green forests in the background and water in the foreground.,mscoco,4890,58191,0.2,0.6666666666666666
1695,An elephant walking near a fence in an enclosure.,mscoco,3037,415473,0.6499999999999999,1.0
1696,A group of cross country skiers skiing on a trail,mscoco,946,494589,0.6000000000000001,0.75
1697,A bird with red eyes and claws is perched on a branch. ,mscoco,3027,718490,0.1,0.1625
1698,"A keyboard made of water, the water is made of light, the light is turned off.",drawbench,161,161,0.0,0.0
1699,Two people are preparing a meal in the kitchen.,mscoco,2360,52078,0.55,1.0
1700,"A sign posted on a wooden stake saying ""Stop the Drop 1080.""",mscoco,5133,770019,0.1,0.75
1701,A vegetable sandwich sits on a paper plate.,mscoco,83,102628,0.05,0.061627906976744154
1702,Two pastries and a coffee sit on a table.,mscoco,1124,799142,0.05,0.09242424242424235
1703,a large herd of elephants standing in the water,mscoco,3023,375532,0.8,1.0
1704,A skateboarder is balanced on the lip of a half pipe.,mscoco,2571,420379,0.15,0.12380952380952381
1705,a street sign near a traffic light ,mscoco,3295,783933,0.35,0.5833333333333333
1706,A body of water with a bench on a hill underneath a tree behind it.,mscoco,4348,828349,0.15,0.5416666666666666
1707,A silver American Airlines airplane at an airport. ,mscoco,1227,776216,0.0,0.03743315508021385
1708,A young boy riding a pedal boat at an amusement park.,mscoco,868,83278,0.1,1.0
1709,Two matching skis abut in the snow with mountain and cloudy sky.,mscoco,4272,399193,0.1,0.35
1710,"Muzzled, leashed dog sitting next to a ""Beware of Dog"" sign in a shop ",mscoco,4897,345445,0.1,1.0
1711,A blue umbrella sits open on the ground near steps.,mscoco,104,331018,0.2,0.5714285714285714
1712,A man with a surfboard is walking along the beach.,mscoco,517,651819,0.75,1.0
1713,A couple of giraffes sitting and standing in an enclosure at a zoo.,mscoco,874,716219,0.4,0.625
1714,A male tennis player swings at a served ball.,mscoco,1669,398698,0.30000000000000004,0.41666666666666663
1715,View of a small apartment kitchen and a balcony.,mscoco,5017,75034,0.05,0.5046296296296297
1716,A street sign is standing on the corner of the street.,mscoco,4833,542718,0.1,0.1547619047619047
1717,A display case of teddy bears wearing various clothing.,mscoco,4952,430497,0.75,1.0
1718,Many sheep are roaming in a grassy field.,mscoco,4149,671446,0.75,1.0
1719,Skiers coming down and walking up a slope.,mscoco,746,111222,0.4,0.625
1720,a girl lays on a bed with her dog,mscoco,3211,180908,0.2,0.75
1721,A woman is sitting underneath an colorful umbrella on the beach.,mscoco,1278,228797,0.15000000000000002,1.0
1722,A dog running beside three sheep in a large field.,mscoco,4752,133719,0.30000000000000004,0.75
1723,A computer desk houses both a laptop and a PC computer and monitor.,mscoco,3119,253260,0.4,0.75
1724,A baseball player with a bat at home plate.,mscoco,2736,593482,0.65,0.75
1725,A light airplane flying in a cloudy sky,mscoco,2131,419464,0.4,0.75
1726,Old train car and railway with buildings in the background,mscoco,5739,669195,0.15000000000000002,0.225
1727,A smiling woman is standing in a vegetable garden next to a house.,mscoco,2318,642576,0.1,0.75
1728,A white cow standing on a sandy beach with boats in the background.,mscoco,3099,674450,0.2,1.0
1729,"A colorful, cartoonish hot air balloon at an outdoor event",mscoco,5309,495455,0.1,1.0
1730,Two women dressed in blue outfits with cell phones.,mscoco,4829,178544,0.1,1.0
1731,A tennis player is on the court with his white uniform and tennis racket as a crowd looks on.,mscoco,68,82761,0.05,0.5454545454545454
1732,A black and white dog jumping into the air to catch a red frisbee.,mscoco,1890,123714,0.25,0.15555555555555556
1733,"A bowl of chicken, lo mein noodles and vegetables.",mscoco,199,31418,0.2,1.0
1734,A street scene with several cars and a bus.,mscoco,4609,16182,0.35,0.625
1735,Two stuffed polar bears in a snowy exhibit,mscoco,2391,278082,0.3,0.24999999999999994
1736,A small bunch of bananas holding a photograph.,mscoco,3336,191279,0.1,0.41666666666666663
1737,three baby elephants being playful in the wild ,mscoco,4583,718553,0.0,0.050595238095238054
1738,A World War Plane sitting in an indoor museum.,mscoco,3507,791085,0.6499999999999999,1.0
1739,Several people crossing at a crosswalk holding umbrellas.,mscoco,457,70658,0.6,1.0
1740,A prepared pizza being served at a table.,mscoco,4248,701029,0.2,0.29166666666666663
1741,Three dogs on the street.,drawbench,42,42,0.0,0.0002258852469263
1742,A white bird with black eyes and beak flying over grass.,mscoco,3050,792149,0.2,0.6666666666666666
1743,Two boys in uniforms running towards a soccer ball. ,mscoco,1295,446268,0.35,0.55
1744,Several different fruits and vegetables arranged on a counter.,mscoco,468,25411,0.55,0.75
1745,A small wooden cutting board and knife with a cut apple.,mscoco,1958,573346,0.6,1.0
1746,Baseball player at home plate swinging at a pitch coming over the plate,mscoco,4814,654568,0.2,0.5833333333333333
1747,The men are playing a ball game in the field.,mscoco,1888,761133,0.05,0.5131578947368421
1748,Close up of very young baby giraffe nursing.,mscoco,5573,292975,0.15000000000000002,1.0
1749,A man flying through the air over a skateboard.,mscoco,3374,443800,0.0,0.00308225683890575
1750,An orange motorcycle that is parked in the street.,mscoco,4415,706967,0.25,0.5
1751,a zebra is drinking under a shade tree,mscoco,1655,658051,0.1,0.24999999999999994
1752,a group of small boats parked next to some rocks in the water,mscoco,3961,720789,0.05,0.5416666666666666
1753,Two cars on the street.,drawbench,36,36,0.0,0.0252525252525252
1754,A man jumping in the air to catch a frisbee,mscoco,5206,290187,0.75,0.625
1755,A bus driving down the road near a church and traffic light.,mscoco,4040,584473,0.0,0.04400311526479745
1756,A pair of scissors with a white handle and five blades.,mscoco,2420,593193,0.05,0.5070422535211268
1757,A man and woman at table making game pieces out of a box.,mscoco,2897,285334,0.1,0.41666666666666663
1758,A woman and a child looking at  giraffes as one looks at the camera.,mscoco,1312,427979,0.0,0.017199715707178348
1759,Person and their child cook over the stove while child stands in high stand.,mscoco,2617,734848,0.1,0.5714285714285714
1760,A double decker bus with the top half green and the bottom orange.,mscoco,3203,176338,0.05,0.5138888888888888
1761,A bed with white sheets and pillows with a laptop on it.,mscoco,2624,136216,0.4,0.75
1762,a close up of an elephant with trees in the background,mscoco,3113,288685,0.1,0.5069444444444444
1763,A woman standing in a kitchen preparing food.,mscoco,903,412138,0.3,0.6
1764,Children playing tennis on a clay-court outdoors. ,mscoco,5858,798791,0.25,0.75
1765,A man in a suit and tie with sunglasses riding on a skateboard in an empty parking lot.,mscoco,5934,155809,0.1,1.0
1766,Smiling man wearing a t-shirt with a vibrant tie-dyed neck tie,mscoco,3678,60337,0.1,1.0
1767,an image of a light show in a bedroom,mscoco,2170,229820,0.05,0.16346153846153844
1768,An umbrella provides some shade for two people working at an archeological site. ,mscoco,5859,587189,0.1,0.5625
1769,a fat cat laying on a towel next to a chair,mscoco,3222,73923,0.05,0.07279693486590036
1770,A baseball player swinging at a ball during a game,mscoco,1204,85164,0.25,0.41666666666666663
1771,A stack of suitcases on brown table next to a wall.,mscoco,3786,367471,0.05,0.1731601731601731
1772,A teddy bear in yellow holding a chocolate muffin.,mscoco,117,71402,0.1,1.0
1773,A galley kitchen in a house or apartment ,mscoco,4617,676521,0.25,0.15000000000000002
1774,Men on bikes cross the path of a bus moving through a festival.,mscoco,4848,84995,0.1,0.29166666666666663
1775,A group of baseball players on the field during a game,mscoco,3643,500328,0.45,0.5
1776,A white and black ceramic vase with yellow flowers.,mscoco,4289,416526,0.15000000000000002,0.29166666666666663
1777,A young man sitting in a chair holding a Nintendo Wii controller.,mscoco,5107,97715,0.44999999999999996,0.625
1778,A very small bathroom with red tile flooring.,mscoco,2955,556365,0.05,0.10344827586206895
1779,Two men are riding bikes in front of the school,mscoco,2394,705687,0.05,0.5005181347150259
1780,A skier is walking up a snowy mountain.,mscoco,3659,582077,0.25,0.27941176470588236
1781,This is a red kitchen with an oven and cooking supplies.,mscoco,81,777033,0.05,0.1678685897435897
1782,Several boats are docked next to a bock in a harbor. ,mscoco,2853,82467,0.6000000000000001,1.0
1783,A pitcher in the middle of delivering a pitch.,mscoco,1840,636294,0.5,0.41666666666666663
1784,Two men riding on skateboard down a sidewalk.,mscoco,2018,423683,0.05,0.08846153846153845
1785,Slider burgers with hot dog and fries on plate on table,mscoco,3517,461837,0.05,0.525
1786,Several elephants near a waterfall in a zoo setting.,mscoco,4293,674109,0.2,0.1875
1787,A yard filled with bicycles next to a parking lot.,mscoco,245,295481,0.1,1.0
1788,A baseball player with his bat up in swinging position. ,mscoco,711,787169,0.0,0.06089743589743585
1789,A baseball player swings at a pitch during a game.,mscoco,1266,225585,0.25,0.1964285714285714
1790,a horse race with jockeys running along a beach,mscoco,4176,393351,0.4,1.0
1791,A boat sits at the end of a pier on a sunny day with blue skies.,mscoco,4760,76926,0.05,0.14166666666666666
1792,A man wearing skis on a snowy mountain. ,mscoco,4321,130036,0.30000000000000004,1.0
1793,A baseball player is holding his bat over his head.,mscoco,1379,648815,0.05,0.1253417634996582
1794,a refrigerator a white cabinet a microwave and some blue walls,mscoco,4383,776344,0.05,0.5055555555555555
1795,a large display of bananas and other fruit,mscoco,3909,212158,0.75,0.75
1796,A man in blue and black jacket sitting on toilet holding a beer outdoors.,mscoco,2244,399866,0.1,1.0
1797,The action at home plate in a professional baseball game.,mscoco,3770,642442,0.15,0.16346153846153844
1798,A woman riding in a horse drawn sled pulled by a pony,mscoco,1126,499719,0.2,0.75
1799,a hotel room with a nice tv and sofa setup,mscoco,59,539473,0.0,0.00434448072664485
1800,A man with a beard holding a bin of fruit and vegetables.,mscoco,2603,739192,0.15000000000000002,0.75
1801,A sign in front of a brick wall that says accident prone zone,mscoco,2945,316461,0.1,1.0
1802,A white and green train on tracks with people inside,mscoco,4187,315184,0.0,0.06547619047619045
1803,An corner office has computers and a laptop set up.,mscoco,1116,4782,0.15000000000000002,0.1428571428571428
1804,A street corner with a sign and windows on the building.,mscoco,2590,756623,0.05,0.12594876660341556
1805,An adult and a baby elephant eating in the wild.,mscoco,1540,390641,0.05,0.11688311688311684
1806,Mother and daughter enjoying a sidewalk cafe meal,mscoco,4621,112592,0.1,0.5
1807,A green cake that is shaped to be a train,mscoco,5578,317605,0.2,1.0
1808,Ukraine International plane sitting on a runway at an airport. ,mscoco,5802,281359,0.1,0.5714285714285714
1809,Two young boys sitting on the couch playing Wii games,mscoco,5318,431847,0.3,1.0
1810,A skateboarder skates next to a ledge in a skate park.,mscoco,959,649197,0.0,0.00475444096133745
1811,two men eating sandwich on with a scarf on,mscoco,1321,491644,0.05,0.12499999999999994
1812,Toothbrushes and paste displayed in holder in bathroom.,mscoco,4313,581236,0.4,0.41666666666666663
1813,A man in a pin-striped baseball uniform swinging a bat.,mscoco,5003,189702,0.1,0.15000000000000002
1814,A old black and white photo of a small air plane,mscoco,536,282957,0.5,0.5
1815,A fire hydrant in front of a blossoming tree on the side of the road,mscoco,749,270284,0.05,0.5031847133757962
1816,a dog in a field with many sheep ,mscoco,5928,576642,0.8500000000000001,1.0
1817,a number of colorful decorative cakes on display,mscoco,1091,448319,0.6,1.0
1818,Several boats that are sitting on land outside of a hut.,mscoco,3622,231251,0.1,0.41666666666666663
1819,A giraffe in captivity eating a bale of hay positioned high on a post.,mscoco,2400,296149,0.25,1.0
1820,A stop sign is next to an electronic traffic signal.,mscoco,828,506285,0.2,0.6666666666666666
1821,"Pink, white, and yellow flowers are shown in a vase.",mscoco,5882,59084,0.2,0.625
1822,Batter up as the boy behind the fence watches intently.,mscoco,4331,755998,0.1,0.3214285714285714
1823,a close up of a sink with many items on a counter,mscoco,5924,426188,0.25,0.75
1824,A close up of a sandwich and fries on a table.,mscoco,4511,647650,0.75,1.0
1825,A pack of zebras standing around a dry pasture.,mscoco,1792,385291,0.4,0.6666666666666666
1826,A bathroom area with a sink and toilet.,mscoco,1335,313742,0.4,1.0
1827,Double-decker bus moving down empty street with palm trees,mscoco,4287,579522,0.2,1.0
1828,A group of bikes are on the beach with a boat nearby on the water.,mscoco,5868,287943,0.05,0.5454545454545454
1829,A cat laying on top of a pair of shoes.,mscoco,3845,130326,0.95,0.75
1830,A black and white zebra stands out in the green background.,mscoco,4034,31156,0.44999999999999996,0.3333333333333333
1831,Young skateboarder performing trick in skate park with ramps.,mscoco,1012,575925,0.3,0.3
1832,A tan dog laying its head on a teddy bear,mscoco,514,129287,0.3,0.75
1833,Shirtless male surfer riding a board at the peak of a wave.,mscoco,1898,447465,0.30000000000000004,0.625
1834,A vegetable pizza sitting in an open pizza box.,mscoco,242,56685,0.2,0.41666666666666663
1835,A red and white fire hydrant sitting on the side of a road.,mscoco,5508,642367,0.4,0.5
1836,Two women in white clothes play a game of tennis.,mscoco,5226,408166,0.30000000000000004,0.6666666666666666
1837,The kitchen is clean and ready to use by the tenants. ,mscoco,961,300970,0.05,0.0731382978723404
1838,A photograph of a bathroom undergoing some renovations.,mscoco,212,7996,0.25,0.1833333333333333
1839,a bunch of food and blue plates on a table,mscoco,3915,630232,0.25,0.35
1840,Man with a bag sitting on a bench reading a magazine. ,mscoco,2336,430354,0.15000000000000002,0.26666666666666666
1841,A plate of sup and crab cakes are sitting on a plate.,mscoco,1795,534713,0.0,0.05028735632183905
1842,"A kitchen has wood cabinets, a dishwasher, sink, and refrigerator. ",mscoco,5160,663785,0.1,0.19999999999999996
1843,View of the underside of a large airplane with its landing gear out.,mscoco,388,499442,0.05,0.5277777777777778
1844,A young elephant is walking in the dirt next to a stump.,mscoco,1910,287496,0.05,0.27941176470588236
1845,A large jetliner sitting on top of an airport runway.,mscoco,5701,711503,0.05,0.1333333333333333
1846,Many people are on a beach with the view of the water and a mountain range.,mscoco,888,197397,0.2,0.6666666666666666
1847,Cars going past an intersection with lights at night.,mscoco,2177,761553,0.44999999999999996,0.75
1848,A white horse on grassy area with trees in the background.,mscoco,1673,355771,0.4,1.0
1849,A large brown brick clock tower with a clock on every side.,mscoco,538,38351,0.35,1.0
1850,A bed topped with blankets and sheets next to a door..,mscoco,2321,532305,0.1,0.23809523809523805
1851,living room with architectural prints on the wall ,mscoco,4914,2337,0.0,0.0533333333333333
1852,A car travelling down a road where a herd of cattle are resting on the side of the road.,mscoco,5675,231119,0.25,0.6
1853,Two blue double decker buses are on the road.  ,mscoco,3240,820417,0.25,0.75
1854,A skateboarder practicing his moves on a ramp.,mscoco,2204,113738,0.2,0.375
1855,A plate of pizza topped with shell macaroni and cheese.,mscoco,4747,436238,0.25,0.625
1856,A living room with a sewing machine during a sunny day.,mscoco,4741,332773,0.1,0.5
1857,A clock on a tower on top of a brick building.,mscoco,2459,381272,0.6,0.6666666666666666
1858,A boy eating a chocolate donut with sprinkles.,mscoco,5196,59401,0.45,1.0
1859,a small pizza that is on a brown table,mscoco,4540,783279,0.0,0.026785714285714253
1860,A little boy that is standing in front of a refrigerator.,mscoco,725,473511,0.9,1.0
1861,"A train with red, white and blue colored cars at a station.",mscoco,702,136294,0.2,0.41666666666666663
1862,Adult woman looking into open refrigerator in kitchen.,mscoco,2885,394893,0.55,0.6666666666666666
1863,A plate contains a roasted bird with a side of carrots. ,mscoco,3372,170395,0.1,0.75
1864,A baseball game is played in front of a full crowd.,mscoco,3251,634543,0.6499999999999999,0.75
1865,A red double decker bus is on the street.,mscoco,3264,648568,1.0,1.0
1866,A airplane is flying as an orange sunset disperses into the sky.,mscoco,736,499343,0.9,1.0
1867,A zebra grazing on grass at an open zoo.,mscoco,4973,21779,0.35,0.55
1868,entryway if a home with tile floor and wood doors,mscoco,4459,39040,0.1,0.6666666666666666
1869,A cat sitting on a window sill looking out a window.,mscoco,885,292237,0.45,0.5
1870,A LOT OF PEOPLE WALKING THROUGH A BUSY SQUARE ,mscoco,2246,56050,0.15000000000000002,0.3055555555555556
1871,A black and white picture of bare cobblestone street.,mscoco,91,37166,0.1,0.75
1872,A man on a motorcycle with a dog sitting in front of him ,mscoco,5105,549546,0.4,1.0
1873,Many bird sit on a wooden stand. ,mscoco,4115,575377,0.4,0.6666666666666666
1874,Cluttered but clean shared bathroom vanity counter top.,mscoco,53,45109,0.25,0.25
1875,A person slices a small pizza with a knife.,mscoco,1020,362254,0.3,1.0
1876,A traffic sign is shown next to a lake.,mscoco,3665,127946,0.1,0.5416666666666666
1877,A train is parked on a track in the city. ,mscoco,5409,8870,0.25,1.0
1878,A bed with three pillows and the covers pulled back.,mscoco,2274,613186,0.15000000000000002,0.21666666666666667
1879,A open door displaying a bathroom with a toilet.,mscoco,3911,238252,0.6000000000000001,0.75
1880,The airplane is from the country of Singapore.,mscoco,5927,314867,0.1,0.6666666666666666
1881,A man talking on a cell phone in front a no cell phone sign.,mscoco,3559,368218,0.0,0.01551870748299315
1882,A bird eating a piece of bread on a branch.,mscoco,2422,524993,0.1,0.75
1883,A large pizza on a white plate sitting on a table.,mscoco,2649,38523,0.35,0.75
1884,A soccer player getting ready to kick the ball.,mscoco,4273,491424,0.65,1.0
1885,A PAIR OF ORANGE SCISSORS ARE ON THE CLOTH,mscoco,3386,139864,0.15000000000000002,0.12698412698412695
1886,Two stuffed bears are sitting and holding each other.,mscoco,4805,679146,0.75,1.0
1887,Several people are shown in the water with their surf boards.,mscoco,781,652642,0.75,1.0
1888,"A young girl sitting in her bed with a laptop on her lap, talking on a phone.",mscoco,5631,280263,0.05,0.5277777777777778
1889,Bowls of food and a beer are on a bright tablecloth.,mscoco,715,20843,0.1,1.0
1890,A person riding a bike next to a yellow school bus.,mscoco,2620,677150,0.1,0.3333333333333333
1891,A train on one of multiple parallel tracks passes under a bridge.,mscoco,2609,622134,0.2,0.5185185185185185
1892,"A bowl containing broccoli, noodles, and dumplings in broth.",mscoco,2593,295993,0.1,1.0
1893,A Person with their head in their hands sits on a bench.,mscoco,561,32923,0.05,0.0792410714285714
1894,A small kitchen with a stove and large window,mscoco,2772,657223,0.15,0.09316770186335399
1895,A young person throws a Frisbee in a park.,mscoco,3177,654278,0.55,1.0
1896,A young man is feeding a cow by the edge of the road.,mscoco,3723,365435,0.1,0.75
1897,two elephants on a field of green of green grass,mscoco,1275,84635,0.6000000000000001,0.6666666666666666
1898,A toaster sits on the sidewalk in dim lighting.,mscoco,2380,786263,0.1,1.0
1899,Assortment of beach clothing and surfboard in back of vehicle.,mscoco,4860,777364,0.1,1.0
1900,A homemade pizza is generously topped with chicken and cheese.,mscoco,1851,126374,0.25,0.5833333333333333
1901,A skateboarder is airborne above an indoor ramp.,mscoco,1486,426163,0.4,0.5714285714285714
1902,A surfer walks along the shore with board in tow.,mscoco,4513,157644,0.7,1.0
1903,A brown colored giraffe.,drawbench,14,14,0.0,0.00877992465670185
1904,A baseball player is up to bat dodging a ball.,mscoco,3200,174338,0.0,0.00326951825239905
1905,An orange bicycle stands out in a black and white photograph.,mscoco,5049,186854,0.1,1.0
1906,A woman in a trench coat walks alongside a yellow bicycle.,mscoco,1127,635157,0.1,1.0
1907,a small white toilet in the bathroom with wood flooring,mscoco,1804,527994,0.15,0.20238095238095236
1908,Three people are playing frisbee on a grassy field.,mscoco,2654,84337,0.35,0.20833333333333331
1909,A double decker bus stopped at a bus stop.,mscoco,4451,51428,0.2,0.5
1910,Yellow commuter train at station with passengers on platform.,mscoco,3930,572235,0.6,0.6666666666666666
1911,Two brown cows in the field eating grass.,mscoco,3994,11086,0.6499999999999999,1.0
1912,Equestrian rider on gray horse jumping fence during competition.,mscoco,5890,358999,0.1,0.0933333333333333
1913,A white tow truck parked in front of a metro shop.,mscoco,4060,121931,0.1,1.0
1914,A made bed in a dark room with white curtains.,mscoco,3885,621578,0.0,0.0216450216450216
1915,A bus driving up a road on a rainy day.,mscoco,5811,47683,0.35,0.41666666666666663
1916,A woman sits on a bicycle while talking to several men. ,mscoco,891,206065,0.0,0.0170952659263588
1917,two spotted giraffes eating from a tall tree,mscoco,3585,590027,0.25,0.5833333333333333
1918,A family on the river in a sailboat,mscoco,615,310272,0.1,0.41666666666666663
1919,A train sitting on the tracks near a platform.,mscoco,5703,774735,0.15,0.5294117647058824
1920,A person wearing a white shirt and colorful tie.,mscoco,3636,577996,0.25,0.75
1921,A group of people standing in a living room holding Wii game controllers.,mscoco,2665,584521,0.44999999999999996,1.0
1922,A man in a brown suit and hat stands next to a bike.,mscoco,4972,190006,0.15000000000000002,1.0
1923,Well designed kitchen area with cabinets and tiled floor.,mscoco,792,416478,0.1,0.12499999999999994
1924,A group of people sitting at a table eating food.,mscoco,2714,640473,0.8,1.0
1925,A man riding up the side of a ramp in a skate park.,mscoco,1068,462980,0.55,0.75
1926,A red double decker bus travels through the city.,mscoco,446,482920,0.8500000000000001,0.75
1927,a plane flying away from a runway on a sunny day,mscoco,279,730928,0.15,0.19047619047619047
1928,A woman standing in a kitchen next to a sink.,mscoco,3461,722081,0.2,0.625
1929,dumping water into a toilet which resides in a garden.,mscoco,5969,412391,0.1,0.6666666666666666
1930,Zebra and group of gazelle grazing on plain.,mscoco,1849,657522,0.15000000000000002,0.3214285714285714
1931,A huge heard of sheep are all scattered together. ,mscoco,3852,449536,0.25,0.5294117647058824
1932,A bowl of soup on a table in a cafeteria.,mscoco,440,568909,0.2,1.0
1933,Several giraffes are standing near a tree in their enclosure.,mscoco,1687,772252,0.55,1.0
1934,A young boy riding on top of a skateboard near a street.,mscoco,3276,272632,0.55,0.5714285714285714
1935,A fire hydrant leaving a shadow on a public sidewalk.,mscoco,761,75622,0.35,0.75
1936,Plate on table containing toast with fried egg and some meat with lettuce. ,mscoco,3442,815219,0.1,0.75
1937,A white robe hangs on a wall next to an empty bathtub.,mscoco,4059,819785,0.25,0.5833333333333333
1938,A tall clock with a man on a cherry picker working on it.,mscoco,2938,261522,0.1,0.6666666666666666
1939,A wii remote is aimed at a television screen.,mscoco,5460,673370,0.05,0.5178571428571428
1940,A bathroom being remodeled filled with construction supplies.,mscoco,3101,620442,0.75,0.75
1941,Several cows are in barn while a child is among them.,mscoco,769,196370,0.1,0.5238095238095238
1942,A young boy surfing on a blue surfboard,mscoco,1975,664249,0.25,1.0
1943,A group of men standing around a motorcycle.,mscoco,3341,615667,0.25,0.625
1944,A banana that is sitting in a coffee cup.,mscoco,4159,543422,0.30000000000000004,0.6666666666666666
1945,a large tower with a clock built into the side of it,mscoco,501,721423,0.45,1.0
1946,Pedestrians and people on motor bikes travel down a busy street.,mscoco,790,621292,0.6499999999999999,0.75
1947,a large white clock is on a tower,mscoco,3842,810425,0.55,0.75
1948,A man in glasses talking on a cellphone.,mscoco,1188,216778,0.25,0.55
1949,Several elephants are in a grassy place that is surrounded by thin trees.,mscoco,3731,191965,0.1,0.08809523809523805
1950,Passenger bus parked on street with sunset in background,mscoco,3463,317269,0.15000000000000002,0.6
1951,Longhorn cows stand or recline in a barn.,mscoco,5142,24689,0.1,0.625
1952,The bathroom is decorated with an unusual wall paper.,mscoco,3391,55538,0.2,0.3333333333333333
1953,A person surfs a wave on top of a surfboard. ,mscoco,2980,448345,0.25,0.24999999999999994
1954,A man holding a black umbrella while standing on a bridge.,mscoco,2071,51108,0.1,1.0
1955,A herd of zebra standing next to a lush green tree.,mscoco,173,495252,0.2,0.35
1956,A small kitchen has appliances and houseplants on the window sill.,mscoco,5396,135867,0.15000000000000002,0.1833333333333333
1957,A train crossing a street next to a railroad crossing signal.,mscoco,810,686844,0.3,0.5
1958,a person riding a skate board at a skate park,mscoco,2092,576970,0.25,0.1964285714285714
1959,An orange bench in an urban park area,mscoco,5079,771485,0.1,0.3333333333333333
1960,A chef prepares a meal while diners eat nearby.,mscoco,5702,797550,0.0,0.0307800751879699
1961,Several items from an unboxed cell phone are on a table.,mscoco,1629,634756,0.05,0.5294117647058824
1962,a man in a hat rides a skateboard in a skateboard park,mscoco,2374,236098,0.15,0.19791666666666666
1963,A man standing on the side of a road next to a bus and fire engine.,mscoco,4908,680826,0.1,0.5833333333333333
1964,A man and a young child fly a kite in a park.,mscoco,2013,793823,0.6,1.0
1965,A small child in a gray hoodie eating a doughnut.,mscoco,4133,716399,0.2,1.0
1966,"A stop sign with a sticker reading ""eating animals.""",mscoco,2035,209030,0.1,0.41666666666666663
1967,A cow laying in the middle of a street.,mscoco,1511,688898,0.55,1.0
1968,A close up of an orange in a red serving bowl.,mscoco,132,632571,0.25,1.0
1969,The blooming yellow flowers are in the copper vase.,mscoco,2953,514082,0.1,0.75
1970,Woman carrying bags eating a hotdog on a crowded street.,mscoco,311,372322,0.25,0.6
1971,Young boy doing a jump while riding a skateboard.,mscoco,672,823741,0.45,0.75
1972,"A fire hydrant with an ""OUT OF SERVICE"" sign sits in front of a house.",mscoco,4488,39434,0.05,0.5078125
1973,Several elephants are gathered at the edge of a water hole. ,mscoco,3346,176679,0.8,1.0
1974,a cat lounges on the seat of a red chair,mscoco,2750,209788,0.55,0.75
1975,A red and white bus is next to a truck.,mscoco,3544,326468,0.05,0.0719098033823731
1976,The kittens lays on the pink and white mat in bathroom.,mscoco,4376,140121,0.1,1.0
1977,A bed in a hotel room is made up with white and maroon linens. ,mscoco,5331,468335,0.05,0.06871345029239766
1978,An elephant by a small pool in a zoo.,mscoco,5820,404000,0.5,0.625
1979,A highway sign and a stop sign are on the street beside houses.,mscoco,1476,434879,0.05,0.16875871687587166
1980,A plate with a sandwich cut in half and onion rings.,mscoco,1964,31226,0.15000000000000002,0.41666666666666663
1981,A hitter is at bat in a baseball game.,mscoco,2583,649029,0.2,0.6
1982,A female tennis player on a court with a tennis racket.,mscoco,921,704683,0.35,0.75
1983,Two tennis players are on a team in a match.,mscoco,2405,715802,0.2,0.24999999999999994
1984,A group of people playing soccer on a beach.,mscoco,2711,209283,0.25,1.0
1985,Group of people riding bicycles and skateboards in a plaza.,mscoco,2613,395127,0.05,0.2692307692307692
1986,A yellow fire hydrant is the focal point of this picture.,mscoco,3180,605163,0.8,1.0
1987,a man uses a laptop with a group of people,mscoco,2260,774276,0.1,0.5625
1988,A yellow and red train traveling down train tracks.,mscoco,475,494239,0.05,0.0676020408163265
1989,A white cat sitting in a kitchen sink,mscoco,2385,359679,0.1,0.75
1990,A baby elephant is surrounded by older herd members.,mscoco,4391,717208,0.35,0.5625
1991,A man rides his skateboard at a skate park.,mscoco,5323,624255,0.4,0.6666666666666666
1992,Young male rides a surfboard at an indoor wave pool.,mscoco,2777,7810,0.1,0.625
1993,a number of cows on a field with a mountain in the background,mscoco,328,568993,0.5,0.41666666666666663
1994,Several peeled vegetables are sitting in a baking dish.,mscoco,3398,247600,0.2,0.6666666666666666
1995,A whole cheese pizza sitting on a wood pan on a table. ,mscoco,3167,604134,0.35,0.75
1996,Many clothes are being unpacked from bags on the bed.,mscoco,5130,513957,0.2,0.75
1997,a close up of a hotdog in a paper box,mscoco,5446,311512,0.35,0.75
1998,a black and yellow trains engine pulling its cars,mscoco,2809,581283,0.1,0.23809523809523805
1999,A wooden park bench in heavily wooded area.,mscoco,925,382416,0.35,0.5
2000,A plate of food with chicken and vegetables . ,mscoco,1599,468290,0.6499999999999999,0.75
2001,Close up of tennis ball with a mountain view.,mscoco,5077,253917,0.1,1.0
2002,A young boy holding a kite while running across a field.,mscoco,1940,224517,0.65,1.0
2003,a black and white photo of some horses in a field,mscoco,3500,417051,0.25,0.35
2004,A child in a pink suit  and an adult in a blue jacket downhill skiing.,mscoco,2792,547956,0.1,0.5625
2005,A giraffe stretches its neck to reach leaves high on a tree.,mscoco,4647,673833,0.15000000000000002,0.1833333333333333
2006,A woman prepares to cut a cake with red icing.,mscoco,3361,787740,0.05,0.10084033613445374
2007,An older man sits on a bench while gazing at the water.,mscoco,5433,645608,0.5,1.0
2008,light brown cocker spaniel dog howling in street,mscoco,4559,358112,0.1,1.0
2009,A giraffe that is leaning its head over a fence.,mscoco,4036,749207,0.6,0.6
2010,A side view of a train passing through a mountain trail.,mscoco,5102,485290,0.55,0.6666666666666666
2011,a gray clay dog with a green collar ,mscoco,4070,628779,0.1,0.5555555555555556
2012,A row of five urinals in a bathroom,mscoco,673,411537,0.3,0.75
2013,A woman in white dress playing a game of tennis.,mscoco,2038,416479,0.4,0.5
2014,Two woman in a kitchen with a dog on the floor.,mscoco,3417,173769,0.0,0.0284455128205128
2015,An airplane's luggage door is opened for unloading.,mscoco,3292,720041,0.1,0.6666666666666666
2016,A white vase of flowers sits on a wood shelf.,mscoco,417,34647,0.2,0.5625
2017,View of a hotel room with a bathroom and bedroom. ,mscoco,1398,478071,0.05,0.1108695652173913
2018,A green truck traveling down a road with a wooden flatbed.,mscoco,5644,47977,0.05,0.5454545454545454
2019,A cardboard box containing an electric blender and accessories.,mscoco,4135,751281,0.0,0.0106918885576231
2020,A beach area with people on the sand and various kites flying overhead in the sky.,mscoco,4944,319004,0.35,0.625
2021,a boy wearing a red baseball hat is swinging a bat,mscoco,186,205003,0.1,0.14166666666666666
2022,Two giraffes are in the enclosure surrounded by a group of people.,mscoco,4212,330987,0.05,0.11315789473684211
2023,A dog lying on a couch under a white blanket,mscoco,2717,771788,0.1,0.625
2024,Jentacular.,drawbench,135,135,0.0,0.007783161720169501
2025,A baseball player swings his bat after a hit.,mscoco,5771,41886,0.25,0.14545454545454545
2026,Person in kitchen basting item being cooked in oven.,mscoco,3854,661876,0.3,0.5555555555555556
2027,A group of young children riding skateboards in a building.,mscoco,5044,108762,0.1,0.5833333333333333
2028,"A dinner plate features a fried egg, potatoes and broccoli with sauce.",mscoco,33,73217,0.1,0.75
2029,"Lovely , clean dark set kitchen displayn newly remodeled.",mscoco,5836,49374,0.05,0.2672413793103448
2030,A train passing on bridge over a busy city street.,mscoco,3743,309316,0.1,0.175
2031,"Closeup of two street signs that read ""Airport Pkwy"" and ""Karmill Ave.""",mscoco,5732,209091,0.1,1.0
2032,Two sheep graze in a meadow above a village.,mscoco,2830,690377,0.35,0.5
2033,A black and red double decker bus on street next to a building.,mscoco,735,389242,0.25,0.5625
2034,Two airplanes flying in sky with tree and traffic light in foreground.,mscoco,1234,311048,0.1,0.5
2035,A red fire hydrant in front of a window with large windows.,mscoco,3950,224950,0.25,0.1625
2036,A man and a woman playing a game on the Nintendo Wii.,mscoco,293,380296,0.7,0.6666666666666666
2037,Several people lying on surfboards listening to an instructor on the beach.,mscoco,282,612497,0.1,0.25
2038,A woman is skiing down a hill with flags.,mscoco,1868,183172,0.05,0.11688311688311684
2039,A kitchen counter is cluttered with items around the partially full kitchen sink.,mscoco,2730,643750,0.55,1.0
2040,A multi-colored stuffed animal on a chair with two mini heads,mscoco,5041,166616,0.0,0.0833333333333333
2041,A brown and white dog is holding a yellow Frisbee.,mscoco,353,528758,0.15,0.2121212121212121
2042,a couple of elephants are standing near some people,mscoco,1256,577386,0.05,0.1108695652173913
2043,The batter stands at the plate ready to swing while the catcher and umpire look on.,mscoco,1155,36972,0.3,0.6666666666666666
2044,Two people pose for a photo while holding pizza,mscoco,863,19565,0.30000000000000004,0.75
2045,A large clock mounted to the side of a clock tower.,mscoco,1648,719772,0.4,1.0
2046,A train station with a high speed train on the tracks.,mscoco,1299,575516,0.05,0.13970588235294115
2047,The man wearing a cap jumps high on a skateboard.,mscoco,1593,596155,0.1,0.0929487179487179
2048,A couple hold their cellphones while taking selfies.,mscoco,5846,540893,0.1,0.6666666666666666
2049,Two men in suits are talking in front of a TV.,mscoco,877,808066,0.1,0.375
2050,A children's toy train rides along a set of tracks.,mscoco,3819,360116,0.7,1.0
2051,Lone elephant walking on dirt path near bushy area.,mscoco,2749,684588,0.6000000000000001,1.0
2052,A group of police motorcycles lined up in a row.  ,mscoco,2145,35756,0.25,0.5833333333333333
2053,A large brown cow walking across a sandy beach.,mscoco,4808,696207,0.25,0.75
2054,A large elephant with long tusks in dense vegetation.,mscoco,5505,648967,0.3,0.6666666666666666
2055,A colorful passenger bus stopped with the door open.,mscoco,1557,510199,0.1,0.27941176470588236
2056,a house cat playing with a ripe banana,mscoco,3005,306979,0.35,0.75
2057,two zebras some dirt bushes plants rocks and trees,mscoco,2763,787483,0.0,0.019868496283590602
2058,A yellow and gray train parked at a train station.,mscoco,387,120508,0.05,0.1488095238095238
2059,This is an image of a United airplane at the airport.,mscoco,4179,113005,0.45,0.75
2060,Two zebras standing next to each other in dried grass,mscoco,931,126237,0.3,0.3055555555555556
2061,A Wii controller facing a TV with a video game on the channel.,mscoco,3747,269712,0.2,0.6
2062,A birthday cake with a Thomas the train topping ,mscoco,2039,69376,0.6,0.75
2063,People are surfing in the ocean at a beach.,mscoco,1900,317491,0.5,0.6666666666666666
2064,A variety of people ride on a hill with snow.,mscoco,4325,430224,0.25,0.6666666666666666
2065,A woman holding several frisbees while a dog catches a frisbee in its mouth.,mscoco,5114,205465,0.0,0.0158072039388442
2066,A double decker bus parked on the street.,mscoco,465,533550,0.5,0.41666666666666663
2067,a close up of a cat on a wooden bench,mscoco,1213,98631,0.8,1.0
2068,Black umbrella laying upside down on ground next to water.,mscoco,762,46653,0.1,0.625
2069,Woman with blue hair taking self photo using cell phone.,mscoco,5293,680187,0.15000000000000002,0.625
2070,A baby girl standing in front of a computer keyboard.,mscoco,634,305560,0.25,1.0
2071,A poster advertising a cellphone using a male model.,mscoco,2384,112723,0.05,0.5138888888888888
2072,A double decker bus is shown driving through the street.,mscoco,5725,672894,0.35,1.0
2073,A white horse stands on a grassy hill.,mscoco,1444,756618,0.2,1.0
2074,A black and white cat in the woods looking at the camera.,mscoco,2904,606747,0.1,1.0
2075,Dog wearing large hat in room with bookshelves.,mscoco,3734,360958,0.1,0.6666666666666666
2076,An orange tabby cat is curled on top of a black bag.,mscoco,5683,311830,0.5,1.0
2077,A woman sitting on a beach next to an umbrella.,mscoco,73,585521,0.35,0.5
2078,Giraffes are standing under a feeder in a zoo.   ,mscoco,1914,585089,0.05,0.5263157894736842
2079,A school bus which has been decorated for other use cruising down a country road.,mscoco,4795,581366,0.25,0.625
2080,A professional tennis player hitting a shot on a clay surface court,mscoco,5437,666771,0.30000000000000004,0.375
2081,Roadway intersections in urban area near waterway with bridge.,mscoco,1111,684144,0.05,0.08730158730158726
2082,Motorcycle with American flag motif parked on a brick-paved lot.,mscoco,3175,202618,0.1,0.75
2083,A group of people in police uniforms riding motorcycles.,mscoco,4243,579219,0.4,0.6666666666666666
2084,A woman in a dress and Mary Janes bends down towards a Frisbee in a fenced in yard.,mscoco,5798,367573,0.1,0.75
2085,Stop sign with graffiti on NE Failing St.,mscoco,1463,66950,0.0,0.03777777777777775
2086,A man is riding a bike across the street as three young men walk across.,mscoco,2745,455032,0.05,0.5172413793103448
2087,Two cows in a grassy field with a water trough.,mscoco,4303,116350,0.1,1.0
2088,A young girl eating a piece of chocolate cake.,mscoco,2958,209172,0.30000000000000004,1.0
2089,A very cool fighter style jet flying in the air.,mscoco,4186,434844,0.75,0.75
2090,A bus parked near a gate on a dirt road. ,mscoco,2524,599544,0.05,0.11612903225806451
2091,a jet is flying in a gray sky with some clouds,mscoco,5228,542705,0.65,0.6666666666666666
2092,A man prepares to launch a frisbee in a large field.,mscoco,2886,160651,0.65,1.0
2093,Person comes in smiling using skis in a competition.,mscoco,5220,540489,0.0,0.01417624521072795
2094,A person on a snowboard standing on a mountain top,mscoco,2535,126738,0.4,0.75
2095,Bench near water area such as a lake.,mscoco,4496,93046,0.95,1.0
2096,a young man rides a horse down a paved pedestrian area in a town,mscoco,1803,591358,0.1,0.6666666666666666
2097,A woman in a blue dress petting a small dog.,mscoco,2969,625199,0.0,0.04864253393665155
2098,Woman in glasses eating a piece of pizza.,mscoco,5536,724510,0.35,1.0
2099,A group of skiers stand at the bottom of a slope.,mscoco,2330,574884,0.5,0.75
2100,A small hotel room with a TV and a wooden desk.,mscoco,3531,137278,0.25,0.75
2101,A red fir hydrant in an empty dirt covered area with houses in the background.,mscoco,1320,519481,0.05,0.5003357958361316
2102,Male athlete ready for ball during outdoor tennis game.,mscoco,5449,796819,0.15,0.20512820512820512
2103,A red teddy bear sitting on a stool in a garden.,mscoco,4129,732659,0.15000000000000002,0.6666666666666666
2104,A skateboarder skates at a skate park designed for advanced users.,mscoco,4825,762929,0.15000000000000002,0.1714285714285714
2105,The doorway shows a small bathroom with a toilet and sink. ,mscoco,4654,752619,0.1,0.16666666666666666
2106,A fluffy white cat stands in front of the glass window.,mscoco,5188,522473,0.2,0.6666666666666666
2107,Action shot of a skate boarder jumping at a skate park.,mscoco,2193,247593,0.1,0.175
2108,A baseball player holding a baseball bat during a game.,mscoco,3338,134150,0.6000000000000001,0.75
2109,A man walks down a street next to a blue building,mscoco,4280,61421,0.05,0.25285714285714284
2110,A small bathroom is shown with a violet shower curtain.,mscoco,1552,353796,0.05,0.2833333333333333
2111,Fuzzy cat sitting on the arms of couches in front of window.,mscoco,1487,276891,0.0,0.04960317460317455
2112,"a pizza with red onions, mushrooms and spinach on a plate",mscoco,5523,38858,0.05,0.09545454545454546
2113,Several people are walking and skiing at the top of a mountain.,mscoco,4873,425364,0.3,1.0
2114,The zebra is standing near four brown deer. ,mscoco,2949,794562,0.3,0.5555555555555556
2115,A bathroom with two sinks and two urinals. ,mscoco,611,510408,0.15000000000000002,0.1547619047619047
2116,A man standing in a room holding a drink and a game controller.,mscoco,1098,190307,0.0,0.0051682242990654
2117,A picture of a kitchen with orange decor. ,mscoco,3847,743166,0.2,1.0
2118,Some women in helmets are riding in kayaks.,mscoco,988,463815,0.0,0.04285714285714285
2119,A view of a pizza cooking in an oven.,mscoco,1388,592935,0.7,1.0
2120,a close up of a sandwich on a table ,mscoco,3530,815587,0.25,0.225
2121,some birds are standing by a body of water,mscoco,697,617070,0.6000000000000001,0.6666666666666666
2122,Several baskets of fresh broccoli at a produce market,mscoco,5199,786389,0.6,0.75
2123,A stop sign on the corner of Montview Blvd and Roslyn St.,mscoco,5276,27312,0.05,0.25769230769230766
2124,A city street has several stoplights and cars.,mscoco,1432,330206,0.2,0.29166666666666663
2125,Young man eating a slice of pizza in a darkened restaurant and arcade.,mscoco,2742,360856,0.1,1.0
2126,A open white toilet in a small bathroom.,mscoco,5417,294426,0.25,0.6666666666666666
2127,"A white bathroom with toilet, pedestal sink and bathtub and a window over the sink.",mscoco,4364,481028,0.0,0.0839160839160839
2128,a pastry next to a spoon on a dish  on a table,mscoco,5693,33250,0.15000000000000002,0.21666666666666667
2129,A crate of yellow and green bananas with a screen on top.,mscoco,1022,19282,0.1,1.0
2130,A group of people who are standing on snowboards at the top of a hill.,mscoco,5223,514718,0.05,0.5045871559633027
2131,A bicycle is parked next to a long train.,mscoco,3935,378317,0.6499999999999999,1.0
2132,A large military aircraft at low altitude flight.,mscoco,4558,762421,0.0,0.03128054740957965
2133,A cat laying on a desk with a book and laptop.,mscoco,2421,811943,0.05,0.0820668693009118
2134,Zebras standing near shaded areas inside a corralled habitat.,mscoco,2804,58509,0.05,0.08055555555555555
2135,a kitchen island with a double sink fridge and stove,mscoco,2978,511141,0.05,0.1020833333333333
2136,Two women playing a match of doubles tennis,mscoco,2530,804068,0.5,1.0
2137,A boy is up to bat in a baseball game.,mscoco,5841,420634,0.4,0.41666666666666663
2138,A close up of a pizza with cheese and mushrooms,mscoco,2081,455556,0.2,0.6666666666666666
2139,A herd of cattle crossing a street while a man stands in the middle of the road.,mscoco,1742,469167,0.2,0.5833333333333333
2140,Several people riding some horses in an enclosure. ,mscoco,3466,193440,0.2,0.19607843137254902
2141,Man sitting on a ski bike with another man looking on.,mscoco,4446,618010,0.05,0.2508417508417508
2142,Skateboarders skate on a pedestrian pathway in a park.,mscoco,5014,556966,0.05,0.10277777777777776
2143,A person cross country skiing on a sunny day.,mscoco,2805,286998,0.1,0.375
2144,"Meat, fried potatoes and vegetables on a plate",mscoco,3024,515928,0.05,0.5131578947368421
2145,A glass plate and vases that are on a table.,mscoco,3467,610064,0.05,0.16960784313725485
2146,A man flies a kite high above a beach. ,mscoco,188,362305,0.45,1.0
2147,A pair of scissors sitting on top of a piece of cloth.,mscoco,1484,720102,0.1,0.5714285714285714
2148,The young baseball player wearing blue is swinging at a pitch.,mscoco,894,683518,0.0,0.00668677727501255
2149,A polar bear swimming in the water with a blue ball.,mscoco,2253,145393,0.05,0.1041666666666666
2150,"A small vessel propelled on water by oars, sails, or an engine.",drawbench,76,76,0.0,0.07045454545454545
2151,Several people who are serving food in a kitchen.,mscoco,1516,571977,0.3,0.75
2152,A very gooey cheese and mushroom pizza sits on a plate.,mscoco,1377,352930,0.15000000000000002,0.625
2153,Small black cat laying down on top of a concrete slab. ,mscoco,4940,413045,0.2,0.6666666666666666
2154,A group of white toilets in a room.,mscoco,4411,421719,0.4,1.0
2155,A baseball game with a couple of baseball players.,mscoco,1146,178608,0.25,0.75
2156,a cat in a red shirt is wearing some glasses,mscoco,5299,800037,0.1,1.0
2157,A baby sheep is next to an adult sheep on the grass.,mscoco,750,470567,0.8,1.0
2158,A young man on a skate board in mid air over a rail.,mscoco,4577,294078,0.15,0.5178571428571428
2159,"Plate of food with asparagus, a donut and sausage.",mscoco,2135,244945,0.1,1.0
2160,a green and white train at a station and train tracks,mscoco,3952,98096,0.2,0.625
2161,A photo of donuts frying in oil behind glass.,mscoco,4516,130100,0.1,1.0
2162,Two zebras and a giraffe stand near a tree in an open field.,mscoco,2474,799563,0.0,0.041940789473684195
2163,A red fire hydrant with a yellow top in the grass off of the street.,mscoco,4021,448812,0.05,0.5238095238095238
2164,A black suitcase with pink writing in front of a door.,mscoco,4984,219419,0.1,0.6666666666666666
2165,A woman in a red dress poses in front of a wall.,mscoco,1836,185772,0.1,0.75
2166,Two people pose for a picture while holding up their skis.,mscoco,3028,13472,0.0,0.0208695652173913
2167,Woman in demonstration pose with a microwave oven.,mscoco,4591,579099,0.15000000000000002,0.75
2168,Three office workers wear neckties in their place of employment.,mscoco,5593,635052,0.05,0.5081967213114754
2169,Black and white photograph of a man carrying a surfboard.,mscoco,3210,662019,0.2,0.3333333333333333
2170,Adult cow with horns in a wooded area. ,mscoco,5147,361657,0.1,0.20833333333333331
2171,A person leans forward with ski sticks. ,mscoco,3752,425918,0.05,0.2514880952380952
2172,A passenger train is parked while a person waits to board it.,mscoco,287,703209,0.0,0.0080558063773658
2173,A man poses for a picture with outstretched arms on a ski slope.,mscoco,3749,381077,0.05,0.1813725490196078
2174,A large building with a sign on top of it,mscoco,5100,407693,0.15000000000000002,0.18055555555555555
2175,An orange tabby cat perches near a computer monitor.,mscoco,4067,650145,0.30000000000000004,1.0
2176,A large bus parked on the street in the shade ,mscoco,637,523942,0.05,0.19166666666666665
2177,A person holding a decorated banana with a sheet of paper. ,mscoco,5913,68161,0.1,0.6666666666666666
2178,Two laptops are next to a monitor on a cluttered desk.,mscoco,757,184239,0.05,0.0857142857142857
2179,A yellow train is parked at the station.,mscoco,504,6233,0.55,0.625
2180,A black and white dog is looking out of a window from inside a house.,mscoco,1214,500224,0.35,0.41666666666666663
2181,A Nintendo Wii game controller sitting upright next to a phone.,mscoco,3804,290584,0.1,0.2222222222222222
2182,two people sitting at a table with cup cakes,mscoco,3937,449417,0.05,0.5357142857142857
2183,A man riding a snowboard on the side of a rail.,mscoco,270,547434,0.3,0.5333333333333333
2184,A banana and peanut butter sandwich on a plate.,mscoco,2618,20636,0.30000000000000004,1.0
2185,A pizza on the right of a suitcase.,drawbench,129,129,0.0,0.0
2186,A young man shows a frisbee to a girl who has plans of swimming.,mscoco,153,261313,0.0,0.01470858613715755
2187,A man on a beach where kites are being flown,mscoco,1909,503552,0.35,0.75
2188,Two motorcycles with helmeted riders ride along a highway. ,mscoco,4475,802808,0.3,0.24999999999999994
2189,A man is catching a Frisbee in a grass yard.,mscoco,397,729088,0.6,1.0
2190,An elephant is standing in a grassy area with a baby elephant underneath.,mscoco,3082,649931,0.05,0.0731382978723404
2191,Man on bike towing child passing by ice cream truck.,mscoco,324,791285,0.05,0.53125
2192,Portable toilet in a wooden box area of a field.,mscoco,5728,691229,0.1,1.0
2193,A cow standing in the grass behind a wire fence.,mscoco,3561,673333,0.65,1.0
2194,Picture of a tab tub where the wall is open exposing wood studs and a shop vacuum is in the tub.,mscoco,5354,138811,0.1,0.5555555555555556
2195,A white refrigerator next to a wooden kitchen cabinet,mscoco,3328,380019,0.6499999999999999,1.0
2196,A brown and white cat sitting in a suitcase. ,mscoco,3217,139041,0.25,0.1666666666666666
2197,A living room filled with furniture and a flat screen TV.,mscoco,3828,84692,0.44999999999999996,0.75
2198,A blue wooden bench sitting in the middle of a forest.,mscoco,3806,661357,0.1,0.375
2199,a man on a bicycle in a crowded parking lot,mscoco,2209,223761,0.05,0.0692307692307692
2200,A Delta airplane parked at an airport gate.,mscoco,4535,603224,0.2,0.5714285714285714
2201,A green bicycle with a black seat resting on wood.,mscoco,3721,643057,0.1,0.3125
2202,A man doing a jump over a wave on a surfboard,mscoco,499,804503,0.25,0.5833333333333333
2203,a public transit train on a city street,mscoco,1161,472426,0.05,0.062134502923976605
2204,A person is using a remote control for a television set. ,mscoco,2224,749319,0.85,1.0
2205,A skier glides down a hill in other skier's tracks.,mscoco,3813,813528,0.0,0.00204245649041125
2206,Passenger train traveling on a track with a mountain backdrop.,mscoco,4828,182931,0.6,1.0
2207,Three photos of older people playing tennis on a court.,mscoco,5986,418627,0.1,0.6666666666666666
2208,Five baseball players on the field during a game,mscoco,5458,750072,0.1,0.1111111111111111
2209,A brown dog has a yellow toy in its mouth as it lays on black and white pillows.,mscoco,657,487641,0.1,0.75
2210,"An IT-guy trying to fix hardware of a PC tower is being tangled by the PC cables like Laokoon. Marble, copy after Hellenistic original from ca. 200 BC. Found in the Baths of Trajan, 1506.",drawbench,152,152,0.0,0.0
2211,A man on a skate board wearing a helmet and no shirt.,mscoco,4174,669807,0.2,0.5714285714285714
2212,A person wearing a helmet and ski glasses skis the slopes.,mscoco,1613,296840,0.0,0.04513888888888885
2213,A person in riding gear jumps over an obstacle while riding a horse.,mscoco,384,813502,0.6000000000000001,0.6666666666666666
2214, A red and blue bird is sitting on a branch.,mscoco,4257,796005,0.2,0.5714285714285714
2215,"The large, adult zebra is eating from the short grass. ",mscoco,5060,752427,0.35,1.0
2216,Towels on a towel rack of a bathroom and a towel mat on the floor.,mscoco,5430,297875,0.1,0.26666666666666666
2217,A kitty cat sitting inside a suitcase with purses in it.,mscoco,54,311783,0.05,0.09126984126984125
2218,A herd of sheep and man on horse in desert area.,mscoco,3638,806877,0.15000000000000002,0.5555555555555556
2219,A statue is shown on the side of a wall.,mscoco,2588,153456,0.15000000000000002,0.35
2220,Woman in pink flying kite on top of grassy hill.,mscoco,4228,90781,0.05,0.29166666666666663
2221,A woman with a rainbow umbrella walks a dog in the rain.,mscoco,3523,555251,0.1,0.6666666666666666
2222,PIcture of batter looking back at the catcher as he catches a ball during a baseball game.,mscoco,4710,785104,0.0,0.00459071376166015
2223,A young boy eats pizza from a plate.,mscoco,2467,684434,0.5,1.0
2224,a close up of a few sandwiches wrapped in plastic,mscoco,4502,341861,0.35,0.29166666666666663
2225,A group of people sitting at tables with laptops.,mscoco,1130,438424,0.35,0.3333333333333333
2226,An oven range sits in a small kitchen space with a microwave and cabinets.,mscoco,5472,107454,0.05,0.11309523809523805
2227,a close up of a bed with pillows and sheets,mscoco,3471,502068,0.5,1.0
2228,Small outdated residential kitchen showing sink and refrigerator,mscoco,4271,131877,0.30000000000000004,0.375
2229,A multi-colored cat laying down next to several pieces of luggage that are various colors and sizes.,mscoco,3498,398602,0.05,0.5454545454545454
2230,A photo of a ski resort with people on skis and snowboards.,mscoco,3359,135847,0.1,0.16666666666666666
2231,A red and yellow double decker bus is at the side of a street.,mscoco,4103,547422,0.35,0.6666666666666666
2232,A skate board park with a person riding inside.,mscoco,3985,292482,0.4,0.3125
2233,Two yummy pieces of pie are displayed on two plates.,mscoco,4608,396156,0.1,1.0
2234,A red and blue fire hydrant with a yellow chain.,mscoco,1607,518873,0.05,0.20238095238095236
2235,A traffic sign next to a small fire hydrant on a sidewalk.,mscoco,1393,789769,0.15,0.14583333333333331
2236,A large mirror with vanity lights above a bathroom sink.,mscoco,5297,806205,0.05,0.2553763440860215
2237,"A close shot of a sign that says ""Church Avenue"". ",mscoco,2389,458214,0.1,0.75
2238,A cross country skier makes his way down the trail through the woods.,mscoco,5227,679066,0.5,0.6666666666666666
2239,A male tennis player dressed in white striking a ball.,mscoco,380,169300,0.4,0.6666666666666666
2240,a teddy bear reading a red book with glasses,mscoco,3182,600090,0.1,0.5416666666666666
2241,A piece of cake with red syrup on a white plate.,mscoco,123,190813,0.05,0.2121212121212121
2242,"A living room area features a corner fireplace, a love seat, windows and lamps.",mscoco,2818,265328,0.0,0.0019051005893111
2243,A black and white double decker bus on the road.,mscoco,301,699418,0.2,0.625
2244,Pitcher preparing to throw ball at hitter with crowd watching,mscoco,5174,577799,0.25,0.6666666666666666
2245,Several sheep are grazing in a large green field. ,mscoco,2746,498276,0.95,1.0
2246,Open laptop style device chained to a table.,mscoco,5463,89860,0.1,0.6666666666666666
2247,A stop sign next to a building at a street corner.,mscoco,4643,808056,0.3,0.6666666666666666
2248,A group of vegetables on top of  a dark surface.,mscoco,968,796738,0.44999999999999996,0.6666666666666666
2249,A water main crossing sign warning against boat anchors.,mscoco,2235,813391,0.1,0.2
2250,A man riding a skateboard next to a woman.,mscoco,928,217006,0.1,0.35
2251,A street sign for car garages next to a building.,mscoco,5527,237480,0.1,1.0
2252,a white blue green and  yellow colored bus ,mscoco,4396,52011,0.05,0.5384615384615384
2253,A cow with tagged ears peering over a wooden fence.,mscoco,1683,761972,0.1,0.1547619047619047
2254,A long silver train traveling through a wooded area.,mscoco,1485,699057,0.0,0.02290260366441655
2255,a black and chrome motorcycle made by Harley davidson,mscoco,5949,688363,0.05,0.06954225352112675
2256,"A view of a learning type environment, a classroom or a business meeting.",mscoco,5780,503862,0.05,0.14166666666666666
2257,Zebras are walking around in a field of grass.,mscoco,334,646664,0.5,0.375
2258,A beach with lawn chairs and umbrellas on a blue green ocean.,mscoco,2812,245160,0.4,1.0
2259,a man on a tennis court being watched by a crowd,mscoco,3637,618338,0.4,0.375
2260,A herd of elephants are by the water.,mscoco,1987,328007,1.0,1.0
2261,A close up of a cat's face ,mscoco,1059,702555,0.65,1.0
2262,Several rocks and a pair of scissors sitting on a table.,mscoco,4220,516583,0.1,1.0
2263,A snowboarder jumps from a hill in front of trees.,mscoco,1813,620824,0.55,0.5
2264,A man on a skateboard jumps in the air.,mscoco,554,603280,0.5,0.75
2265,A street sign set alongside a residential street.,mscoco,2303,79240,0.05,0.5357142857142857
2266,"Prepared breakfast sits on a table, with peanut butter and jelly sandwich.",mscoco,4288,229765,0.0,0.0087158469945355
2267,"The train is painted red, orange, blue, and yellow.",mscoco,2252,353626,0.2,0.75
2268,An abundance of green bananas on the ground at a produce market.,mscoco,5242,648734,0.2,1.0
2269,People sitting on benches next to several trees.,mscoco,3520,585383,0.15000000000000002,0.22916666666666666
2270,A variety of vegetables on display at a produce stand.,mscoco,3152,344098,0.75,1.0
2271,"Shoe polish, a toothbrush, a black brush and a cloth lay on a brown wood floor.",mscoco,4314,316004,0.1,1.0
2272,A skateboarder salutes the sky as he jumps his board.,mscoco,2009,121040,0.0,0.0124223602484472
2273,A large group of people on a corner waiting to cross the street.,mscoco,879,13460,0.45,1.0
2274,a plate with a burger and some fruits and vegetables ,mscoco,2064,718825,0.1,0.75
2275,A bird that is standing on a beach.,mscoco,2676,820761,0.95,1.0
2276,A large tan cow laying in a field with three calves. ,mscoco,4993,632858,0.0,0.0300724637681159
2277,A hand holding a piece of food at a table.,mscoco,1911,227593,0.1,0.1477272727272727
2278,A batter hitting a pitch at a baseball game.,mscoco,1969,684983,0.25,0.6
2279,Three doughnuts sitting on a napkin next to three cups .,mscoco,5194,468421,0.0,0.03041666666666665
2280,Many fruit are lined up and displayed at a market. ,mscoco,3927,466149,0.7,0.6666666666666666
2281,A row of umbrellas and chairs in the sand with birds flying over.,mscoco,148,242751,0.2,1.0
2282,Soldier and children reaching in unison towards supplies,mscoco,4189,779374,0.2,0.6666666666666666
2283,a cheese and mushroom pizza sitting on a round pan,mscoco,1337,761615,0.05,0.11688311688311684
2284,An airliner is parked on the tarmac at an airport.,mscoco,1956,655402,0.30000000000000004,0.29166666666666663
2285,A clock above a window near the ceiling containing a light fixture.,mscoco,509,572984,0.2,0.6
2286,A crowded city street with the red umbrellas of a streetside market on the sidewalk,mscoco,3764,480016,0.05,0.5125
2287,A blue bird on a branch in the woods.,mscoco,5828,827356,0.75,1.0
2288,A pile of vegetables on a green crate that is sitting on bed.,mscoco,1259,309303,0.05,0.5064935064935064
2289,A variety of fruits and vegetables on a cutting board.,mscoco,2040,703347,0.45,0.5833333333333333
2290,A coal powered engine blows smoke as it travels down a mountainside track.,mscoco,1657,675603,0.4,0.5
2291,A man hitting a tennis ball with a tennis racquet.,mscoco,911,118163,0.25,0.3333333333333333
2292,A horse with a saddle walking across a bridge.,mscoco,2610,4760,0.1,1.0
2293,A group of people guide a group of horses across a rocky running river.,mscoco,1612,160606,0.1,1.0
2294,A herd of cows walking down a small country road.,mscoco,2924,64411,0.8,1.0
2295,A women tennis player getting ready to hit the ball.,mscoco,2883,524496,0.2,0.2
2296,Racing motorcycle's sitting on racks next to each other.,mscoco,5743,253724,0.1,0.5833333333333333
2297,A bench is nestled in a wooded walkway.,mscoco,4300,101604,0.2,0.75
2298,A group of cows mill about in a grassy dirt field. ,mscoco,4508,385888,0.05,0.13269230769230764
2299,A meal of broccoli and cheese on a plate on a table.,mscoco,744,441142,0.35,0.6666666666666666
2300,a man laying on the ground next to a bicycle while a man walks toward him,mscoco,5416,332677,0.05,0.501736111111111
2301,A very close up image of some broccoli,mscoco,1481,388097,0.75,1.0
2302,A polar bear standing near a pool of water at a zoo.,mscoco,1501,162281,0.4,0.375
2303,A passenger train is parked on the tracks.,mscoco,4192,287295,0.0,0.04799578059071725
2304,A long vehicle with a trailer holding an animal.,mscoco,2840,330975,0.1,0.5454545454545454
2305,Bald man wearing suit and corsage talking to woman in red dress.,mscoco,4670,127948,0.05,0.25704225352112675
2306,A large coffee table is placed in front of a sectional couch.,mscoco,5362,190555,0.2,0.6666666666666666
2307,"A bathroom has a fancy light on the floor, as well as red and white walls ",mscoco,418,829289,0.0,0.0224775224775224
2308,Teddy bear sitting on a wooden shelf in front of books.,mscoco,1967,243305,0.5,1.0
2309,A woman is cutting clusters of grapes for sale.,mscoco,1539,142749,0.1,0.55
2310,A street sign pointing to the direction of 25 North.,mscoco,674,275280,0.0,0.0028493433301463996
2311,Thick coated sheep stand behind trees in a field.,mscoco,3280,98646,0.25,0.2222222222222222
2312,a desk with two monitors and two laptops ,mscoco,1844,734983,0.0,0.00566347878063355
2313,A horse is walking in the sand along the water.,mscoco,849,464353,0.35,1.0
2314,a toilet with an instruction sign on the lid ,mscoco,1960,180366,0.25,1.0
2315,A bus waits next to parked cars in a village.,mscoco,1125,774025,0.15000000000000002,0.5
2316,A young girl is sitting on a horse in this black and white photo. ,mscoco,3640,666972,0.2,0.6
2317,A black and white image where two men are riding in a horse carriage. ,mscoco,4790,413398,0.30000000000000004,1.0
2318,a white train with an orange stripe on the tracks,mscoco,2044,42120,0.15000000000000002,0.29166666666666663
2319,A person petting a cow that is eating hay.,mscoco,5480,119408,0.1,0.0698412698412698
2320,A white bathroom has sun streaming in a window above the sink. ,mscoco,308,278567,0.05,0.106060606060606
2321,Man standing next to kitchen island with orange top.,mscoco,5327,449787,0.1,0.20833333333333331
2322,A skateboarder is riding a rail in a skatepark.,mscoco,1365,718295,0.25,0.6
2323,A cat lies on a person with a hand on the keyboard.  ,mscoco,3363,253625,0.05,0.145
2324,A church with stained glass windows depicting a hamburger and french fries.,drawbench,141,141,0.0,0.0
2325,a red white and black double decker bus and buildings,mscoco,5695,827760,0.6,0.5
2326,A young woman standing underneath a yellow street sign.,mscoco,1061,71142,0.1,0.75
2327,A parking meter sitting on the side of  wet street.,mscoco,3229,597550,0.05,0.17730496453900707
2328,A closed gated area with several stop signs displayed,mscoco,8,319086,0.05,0.5185185185185185
2329,A man and woman looking at eight pizzas atop a table.,mscoco,1239,277273,0.1,0.41666666666666663
2330,A kitchen counter with pots hanging above it and several objects in the corner.,mscoco,2509,319034,0.05,0.052873563218390804
2331,A player in action up to bat in a baseball game.,mscoco,342,512648,0.15000000000000002,0.29166666666666663
2332,Stainless steel fridge and stove in a kitchen,mscoco,1753,210816,0.3,0.6666666666666666
2333,A small dog laying down next to a lap topl,mscoco,1025,667793,0.35,0.5625
2334,A picture of someone topping corn bread muffins.,mscoco,1943,356929,0.05,0.525
2335,Toothpaste and toothbrushes lean on the edge of a sink.,mscoco,1518,68020,0.0,0.03749999999999995
2336,"A table with a glass of water, a croissant on a dish and a coffee cup.",mscoco,2561,172413,0.1,1.0
2337,Person standing in the sand flying a yellow kite.,mscoco,1627,189258,0.05,0.0738095238095238
2338,Children are looking at vegetables displayed at a table.,mscoco,2915,30887,0.15000000000000002,0.625
2339,A blue traffic sign under a cloudy sky.,mscoco,2473,643208,0.05,0.13888888888888884
2340,A professional women's tennis match on a clay court.,mscoco,3052,440927,0.2,0.41666666666666663
2341,The bride and groom begins to cut their red and white wedding cake.,mscoco,4416,827198,0.5,1.0
2342,A living room with iron and wood furniture,mscoco,1717,129909,0.05,0.5008278145695364
2343,Some green street signs above an interstate highway,mscoco,146,562361,0.44999999999999996,1.0
2344,Two giraffes and zebra with tree and grassy field,mscoco,5120,472685,0.1,0.3
2345,A close up shot of an elephant's face and eye.,mscoco,398,426152,0.75,1.0
2346,a sheep can be seen through a bottle,mscoco,5975,600292,0.1,1.0
2347,A piece of blueberry crumble is shown on a plate with a fork.,mscoco,1917,80197,0.2,0.6666666666666666
2348,A toilet and toilet paper holder in a narrow room.,mscoco,2831,337617,0.35,0.41666666666666663
2349,Man with glasses and black shirt eating a sandwich.,mscoco,314,213240,0.30000000000000004,0.75
2350,A man jumping up with is hands raised while playing Wii,mscoco,1624,638351,0.05,0.13970588235294115
2351,skateboarder flying high in front of a park tunnel,mscoco,4312,7936,0.1,0.5070422535211268
2352,Two young boys sit on the carpet playing a video game.,mscoco,4148,181423,0.2,0.375
2353,A man in a cubicle with an Indiana Jones T Shirt talking on a cell phone.,mscoco,3,462578,0.1,1.0
2354,Two women on horseback with two men in front of each horse and a third person taking photos.,mscoco,4745,634072,0.0,0.0246803069053708
2355,A green and white bathroom with a rusty sink and cracked toilet. ,mscoco,1306,238000,0.1,0.5263157894736842
2356,a close up of a slice of pizza on a plate,mscoco,326,35194,0.3,0.5
2357,upward looking picture of clock tower against a blue sky with sun shining on clock face,mscoco,1667,674635,0.4,0.625
2358,A one-eyed dog sits in the back seat of  a car.,mscoco,4389,779438,0.0,0.017071759259259252
2359,Young girl dressed in tennis whites holding tennis racket on grass field.,mscoco,2011,125785,0.3,1.0
2360,A view of a plane and a boarding ramp from an airport window,mscoco,3326,752242,0.25,0.75
2361,a small child brushing her teeth with a green toothbrush,mscoco,5271,95248,0.4,1.0
2362,A boy in green sweater riding on a skateboard.,mscoco,4232,282197,0.0,0.0542328042328042
2363,A motorcyclist racing high speed on a race track.,mscoco,5575,724932,0.5,0.75
2364,Four dogs on the street.,drawbench,43,43,0.0,8.968114781702537e-05
2365,A group of planes flying in sequence through the air.,mscoco,3323,452955,0.7,0.6666666666666666
2366,A grocery store filled with lots of fresh produce.,mscoco,4153,208235,0.3,0.41666666666666663
2367,Several chairs with umbrellas overlook a beach. ,mscoco,1173,426150,0.8,0.6666666666666666
2368,Woman using laptop computer sitting on carpeting in large area.,mscoco,1138,432380,0.05,0.505
2369,A fire hydrant that is painted to look like a Dalmatian wearing a fire helmet. ,mscoco,1287,645008,0.25,1.0
2370,Dock on a calm lake in arid country.,mscoco,4304,346382,0.1,1.0
2371,A small child is enjoying a donut at the table.,mscoco,1285,443185,0.8,1.0
2372,Young boy holding up traffic sign while sitting on ledge.,mscoco,1109,579033,0.1,1.0
2373,A museum exhibit featuring a large stop sign.,mscoco,1264,591421,0.1,0.625
2374,A child asleep in a bed with a railing.,mscoco,2538,245777,0.1,0.2857142857142857
2375,A gray and white cat laying on top of a laptop computer.,mscoco,2117,399707,0.15000000000000002,0.3
2376,"Red tulips are placed in a round, clear glass vase that is almost halfway filled with water.",mscoco,2582,78831,0.1,0.75
2377,"A large outdoor sculpture of a red chair with a horse on the chair, set in a grass yard area.",mscoco,3534,736332,0.75,1.0
2378,a red black and white plane flying in a blue sky,mscoco,5210,595398,0.05,0.0635135135135135
2379,A man playing Tennis is attempting to catch the ball. ,mscoco,839,279261,0.05,0.12631578947368421
2380,A zebra is looking down on the ground at the grass.,mscoco,5756,196530,0.6,0.6666666666666666
2381,"A kitchen area features a silver refrigerator, stove and counters on dark, wood flooring.",mscoco,26,119671,0.0,0.0222779170147591
2382,a small girl in a pink white and blue sweater and motorcycle,mscoco,1437,806974,0.05,0.11388888888888886
2383,A group of men and women having a conversation in front of a building.,mscoco,872,370339,0.05,0.17486338797814205
2384,A child with an umbrella stands under a rain gutter. ,mscoco,5998,294777,0.1,0.17045454545454544
2385,Cartoon kites are being flown in a clear blue sky.,mscoco,3385,139386,0.1,0.6666666666666666
2386,A white toilet bowl with an electronic brown seat.,mscoco,2439,95876,0.1,0.225
2387,A woman and man playing Wii in a room ,mscoco,5643,813837,0.7,0.75
2388,A black and white picture of a man carrying a surfboard,mscoco,5080,383460,0.4,0.5
2389,A table is covered with breakfast foods and coffee.,mscoco,1521,583235,0.3,0.625
2390,yellow bananas and lemons in a bowl on a table.,mscoco,5321,390390,0.05,0.2833333333333333
2391,A child is sleeping next to a teddy bear.,mscoco,594,735549,0.75,1.0
2392,a cheese pizza on a white plate on a wooden table,mscoco,2268,811117,0.2,0.5714285714285714
2393,"A horse up close to the camera, in a black and white photo.",mscoco,3822,772264,0.2,0.625
2394,A crowd of people flying kites in a beautiful blue sky.,mscoco,1418,517137,0.6499999999999999,0.75
2395,People holding umbrellas are crossing a street at night.,mscoco,247,616408,0.15000000000000002,0.225
2396,Sidewalk in city with store fronts and clock.,mscoco,1187,431920,0.3,0.225
2397,Close up of hand adjusting tie with white shirt,mscoco,4371,472243,0.1,0.75
2398,A variety of doughnuts are shown in a box.,mscoco,3850,435833,0.8500000000000001,1.0
2399,A skiver standing at the top of a ski slope,mscoco,3095,743336,0.25,0.5277777777777778
2400,A family of zebras in a zoo exhibition.,mscoco,3103,87814,0.30000000000000004,0.625
2401,Porcelain sink with a white decorated bathroom and blue accents.,mscoco,3860,800218,0.15000000000000002,0.3333333333333333
2402,A cargo train rides over a bridge. ,mscoco,3318,573623,0.05,0.1047619047619047
2403,A man kneeling down beside a dog holding a red frisbee.,mscoco,5668,283417,0.05,0.18666666666666665
2404,A church building with a statue on the outside. ,mscoco,1325,6571,0.05,0.5021739130434782
2405,The car is at the intersection while the sun is setting.,mscoco,2432,9264,0.2,0.5714285714285714
2406,a hose is connected to a red fire hydrant,mscoco,870,362512,0.2,0.5106382978723404
2407,This is a picture of a train coming into the station.,mscoco,349,379447,0.2,0.5833333333333333
2408,A white toilet in a bathroom with white ceramic tile.,mscoco,453,510128,0.2,0.5185185185185185
2409,"A man and a women sitting on a bench, the man is eating a watermelon. ",mscoco,1372,818615,0.0,0.0678733031674208
2410,Man on phone and drink with red hue standing next to a woman,mscoco,1170,317666,0.1,1.0
2411,A green military truck traveling down a street.,mscoco,2753,542166,0.35,0.75
2412,A store front in the early twentieth century.,mscoco,4650,364057,0.0,0.07738095238095236
2413,A pan of chopped broccoli is cooking near a plate of meat.,mscoco,29,507376,0.05,0.13888888888888884
2414,An old photo of a car parked on the beach with a flag flying.,mscoco,796,265349,0.15000000000000002,0.75
2415,A red fire hydrant is deep in the snow.,mscoco,3914,498013,0.95,1.0
2416,A string of kites being flown at the beach.,mscoco,4268,797239,0.1,0.20833333333333331
2417,Two hotdogs that are sitting in sand behind glass.,mscoco,317,518390,0.2,1.0
2418,Blurred image of a person riding a long board on a sidewalk.,mscoco,4543,176676,0.1,0.3333333333333333
2419,Large group of birds in flight and on ground large open area.,mscoco,4901,575655,0.3,0.625
2420,A man on a white bike is biking on the street. ,mscoco,3046,670952,0.05,0.07426948051948044
2421,A young man snow boarding on a fence rail.,mscoco,754,675189,0.15,0.19791666666666666
2422,"A white plate of food with cheese, vegetables and fruit.",mscoco,1180,284679,0.05,0.2552631578947368
2423,A stop sign is shown on the corner of the street.,mscoco,3887,152272,0.65,0.6666666666666666
2424,A woman with a life jacket on holding onto a rope while engaging in a water sport. ,mscoco,2912,576892,0.2,0.3333333333333333
2425,"PLAYER UP TO BAT WAITING ON PITCHER, UMPIRE KNEELING BEHIND",mscoco,4116,111272,0.2,0.5
2426,a couple of people that are standing up playing with a wii,mscoco,1560,584697,0.55,1.0
2427,A group of skiers jumping off of a ski jump.,mscoco,2288,752509,0.25,1.0
2428,A purple motorcycle sits next to a blue motorcycle.,mscoco,2261,302376,0.1,0.625
2429,A person playing a game with a Nintendo Wii controller.,mscoco,162,367315,0.2,0.375
2430,Two model airplanes sit on stands in the grass. ,mscoco,612,598681,0.2,0.6666666666666666
2431,A plate of food is positioned in clear site of bottled wine.,mscoco,5694,261615,0.2,0.5263157894736842
2432,A man skateboarding on a rail in front of a crowd.,mscoco,1585,231898,0.0,0.01723549488054605
2433,A cow sitting on the beach near a group of people.,mscoco,759,533914,0.2,0.6
2434,A piece of cake that is on a plate.,mscoco,1972,713813,0.95,1.0
2435,A worn wooden bench near a colorful flower garden.,mscoco,2140,177324,0.55,0.75
2436,Skateboarder on city street stopping to take a break.,mscoco,4221,735908,0.05,0.5033783783783784
2437,a business truck on a city street ,mscoco,4992,484404,0.15000000000000002,0.23809523809523805
2438,"A bathroom toilet, wood drawers and shower stall.",mscoco,5360,822159,0.05,0.5454545454545454
2439,Two kids playing with tennis rackets on a playground.,mscoco,3278,52939,0.4,1.0
2440,Two giraffes in a dry brush field with green trees.,mscoco,2183,80055,0.15,0.525
2441,Four large trucks are parked in a garage.,mscoco,3493,368652,0.05,0.28846153846153844
2442,A variety of fresh fruit in a medal mesh basket.,mscoco,482,133438,0.0,0.0141762246757423
2443,Group of people walking in front of large white buildings. ,mscoco,5347,250366,0.1,0.5
2444,A room that is full of young children sitting together at some tables.,mscoco,2154,231446,0.1,0.625
2445,A tennis player wearing white is holding a racket.,mscoco,1469,702314,0.4,0.6
2446,Young girl playing soccer and trying to score while being blocked.,mscoco,3957,45124,0.2,0.29166666666666663
2447,cat lays on top of television while owner takes a picture,mscoco,3420,128956,0.44999999999999996,1.0
2448,A male tennis player is in action with the ball.,mscoco,2007,146319,0.2,0.41666666666666663
2449,A brown and black dog laying on a red blanket.,mscoco,416,215557,0.05,0.1435185185185185
2450,A cat is sitting on top of a television set. ,mscoco,1230,657586,0.5,0.5833333333333333
2451,A small dog catching a blue frisbee on the beach,mscoco,2085,779456,0.2,1.0
2452,Asian boy in green T-shirt grinning at dining table with meal servings.,mscoco,164,123268,0.1,0.75
2453,There is a motorcycle on the road in the foreground and a beach in the background.,mscoco,2785,642401,0.05,0.525
2454,A Green field with two people flying colorful kites.,mscoco,1939,571644,0.15000000000000002,0.5555555555555556
2455,Very old picture of woman riding a bicycle and man walking,mscoco,2957,38865,0.1,0.6666666666666666
2456,Tourist train with several cars driving on street.,mscoco,2208,68208,0.1,0.75
2457,A child is flying a kite on a beach next to the water.,mscoco,166,90622,0.44999999999999996,0.5833333333333333
2458,A smart phone sitting inside of a red pouch.,mscoco,3571,721630,0.25,1.0
2459,A skate boarder riding ramps at a skate park.,mscoco,1473,10742,0.35,0.6
2460,A man standing in skis on a hill.,mscoco,184,26072,0.25,1.0
2461,Horses racing on the turf by a white rail with the grand stand in the distance.,mscoco,3140,297826,0.1,0.1833333333333333
2462,"A white sign that reads ""NO ARKING"" on a brick wall of a building.",mscoco,1276,534826,0.1,1.0
2463,A tiled shower with a large shower head,mscoco,197,129003,0.15000000000000002,0.75
2464,A male tennis player in action on the court.,mscoco,753,495940,0.1,0.19607843137254902
2465,A passenger jet taking off from an airport runway.,mscoco,2055,137086,0.44999999999999996,0.6666666666666666
2466,a man in an orange shirt is playing tennis,mscoco,2870,319708,0.25,0.75
2467,many green and white surfboards laying on the sand,mscoco,1791,271671,0.1,0.75
2468,A brown teddy bear wearing a polka dot boy tie.,mscoco,5752,676889,0.1,1.0
2469,A player up to bat in a baseball game.,mscoco,5115,447068,0.6499999999999999,0.75
2470,A man in a green and white costume using a skate board.,mscoco,2512,155580,0.1,1.0
2471,Some young players in action on the baseball field.,mscoco,2378,708917,0.3,1.0
2472,A large blue bus on a city street.,mscoco,1926,343438,0.7,0.75
2473,Two giraffes reach for their food in a zoo.,mscoco,1758,40574,0.15000000000000002,0.5714285714285714
2474,A person is riding the waves on a surfboard.,mscoco,3527,271106,0.4,0.75
2475,A street sign in a construction area pointing to Royal ascot and Milnerton Ridge,mscoco,1602,197456,0.1,0.6666666666666666
2476,A man with a surfboard walking along the beach.,mscoco,5296,250997,0.75,0.75
2477,A white and orange cat laying on top of a bed.,mscoco,3563,170801,0.25,1.0
2478,The bed and mattress in a dorm room,mscoco,3316,209310,0.1,0.14545454545454545
2479,A baby girl and a toy fox with woman laying down,mscoco,5398,313992,0.05,0.5208333333333333
2480,A man scooping food into a pan .,mscoco,3801,236283,0.15000000000000002,0.225
2481,a person riding a snow board on a snowy surface,mscoco,24,563910,0.0,0.026332288401253852
2482,A brown and white dog above grassy area with a frisbee.,mscoco,4156,661003,0.25,0.3333333333333333
2483,An orange and white electric train traveling beneath a cloudy sky.,mscoco,822,120517,0.2,0.3125
2484,Two people wearing protective helmets are sitting on a motorcycle.,mscoco,5476,473811,0.25,0.6666666666666666
2485,A brown bear walking in its habitat at a zoo.,mscoco,1028,605536,0.15,0.28846153846153844
2486,Groups of people sit at outdoor tables covered with umbrellas. ,mscoco,3807,786901,0.25,0.5833333333333333
2487,Small child in blue outfit holding up a tennis racket. ,mscoco,2513,738568,0.2,1.0
2488,a person feeding birds near a bike ,mscoco,478,348717,0.1,0.6666666666666666
2489,A black train sculpture under a green tree.,mscoco,2120,213259,0.15000000000000002,1.0
2490,A sandwich is placed on a cutting board near a glass of wine.,mscoco,2124,271133,0.1,0.5555555555555556
2491,A formation of airplanes flying in a gray sky.,mscoco,952,315775,0.75,1.0
2492,Table with red umbrella in sitting area in park setting.,mscoco,405,296073,0.30000000000000004,0.75
2493,Some vehicle car beds are sitting in front of a large window indoors.,mscoco,2793,571060,0.0,0.02431645002241145
2494,A cat sleeping on the keyboard of a laptop.,mscoco,860,606935,0.75,0.75
2495,"Brown trolley number 11, labeled ""Powell & Hyde Sts."", on Jackson Street.",mscoco,4175,525424,0.05,0.53125
2496,A woman eating at a table from a plate of food.,mscoco,2712,742507,0.5,0.6666666666666666
2497,a giraffe bending down to eat grass off the ground,mscoco,5216,569691,0.6,0.75
2498,A man riding on a surfboard in what looks like the rapids of a river.,mscoco,1269,183417,0.25,0.75
2499,A group of people paddling out to the ocean on surfboards,mscoco,1581,94614,0.65,1.0
2500,"A desk with a computer monitor, keyboard and other office items.",mscoco,5727,446277,0.35,0.375
2501,A male surfer on a white board riding a wave.,mscoco,2522,592245,0.25,0.3125
2502,A brown teddy bear wearing a blue shirt sitting on a gate.,mscoco,4640,593986,0.1,0.5833333333333333
2503,Man in hat and coat flying a kite in a parking lot with others.,mscoco,684,279232,0.05,0.5185185185185185
2504,A open colorful umbrella sitting on a sandy beach next to the ocean.,mscoco,5973,110302,0.5,1.0
2505,A large group of motorcycles are parked on the street.,mscoco,2898,618699,0.85,1.0
2506,A giraffe standing in a  grassy field with a wooden fence in the background.,mscoco,1704,222951,0.15,0.2602040816326531
2507,A kitchen has wooden cabinets and chrome appliances.,mscoco,419,286990,0.55,0.41666666666666663
2508,A young man and woman playing with cell phones and a computer.,mscoco,578,750748,0.0,0.00634134449584375
2509,"A stop sign with an ""eating animals"" sticker on it.",mscoco,850,417,0.2,0.75
2510,A vase with three red tulips in it.,mscoco,622,259304,0.1,1.0
2511,A man riding skis down a snow covered slope.,mscoco,1466,504070,0.44999999999999996,0.6666666666666666
2512,Snowboarder riding a snowboard across a large pipe.,mscoco,3677,339749,0.05,0.5028089887640449
2513,A white stove top oven sitting in a kitchen.,mscoco,1454,720607,0.55,0.6666666666666666
2514,Hotel room containing two made beds and with tray on bed,mscoco,5245,569990,0.1,0.5277777777777778
2515,A train travels down the tracks in a green forested mountain pass. ,mscoco,1608,278102,0.3,0.6666666666666666
2516,Man playing Wii video game in a living room with others watching in background,mscoco,1346,552047,0.1,0.5454545454545454
2517,White sheep are grazing in a green pasture.,mscoco,784,820177,0.5,0.5
2518,Two girls playing a racing game on a game system.,mscoco,370,50079,0.2,0.75
2519,a person about to cut a piece of cake. ,mscoco,4507,701162,0.55,1.0
2520,A big sandwich with tomato and cheese on a plate. ,mscoco,1040,280073,0.05,0.13081395348837205
2521,A person is winding back to throw a snowball while on skis.,mscoco,236,530114,0.0,0.0143356643356643
2522,a girl is holding a tennis racket on a court,mscoco,523,639529,0.4,0.41666666666666663
2523,Three young men sit at a table using four laptops.,mscoco,2233,452947,0.05,0.5178571428571428
2524,a yellow and white bed in a small room,mscoco,1665,625586,0.1,0.5384615384615384
2525,pink and white flowers in a vase on a petal covered table,mscoco,401,433179,0.05,0.1208333333333333
2526,A dish of broccoli and spaghetti with red sauce,mscoco,2407,214027,0.15000000000000002,0.41666666666666663
2527,A group of kids at a skate board park. ,mscoco,119,141488,0.35,0.5625
2528,Large well made bed with red bedspread in bright room.,mscoco,1635,642388,0.2,0.6666666666666666
2529,A white and red plane on runway with mountains in background.,mscoco,2152,372809,0.2,0.23809523809523805
2530,baskeball players on the court dressed in orange or white ,mscoco,5383,671998,0.1,1.0
2531,A white cat digging in a book bag.,mscoco,5166,465849,0.1,0.1813725490196078
2532,A cat sits looking out of a window.,mscoco,1903,431274,0.9,1.0
2533,Two female baseball players in white and purple uniforms.,mscoco,5185,548520,0.1,0.2857142857142857
2534,"Two girls sitting on the ground, one with a hat on, the other with an open umbrella. ",mscoco,2841,605081,0.05,0.52
2535,A black TV sitting on the ground with a free paper on it.,mscoco,371,284781,0.1,0.29166666666666663
2536,A man wearing a helmet performs a skateboard trick for a woman with a camera.,mscoco,4168,402412,0.05,0.25185873605947956
2537,A man eating food while wearing an orange shirt.,mscoco,5128,507035,0.05,0.5454545454545454
2538,A boy in a red shirt swinging a tennis racket,mscoco,4846,792502,0.55,0.6666666666666666
2539,Men lounge around a kitchen island in an office.,mscoco,4193,721575,0.05,0.1016025641025641
2540,A nice clean beige bathroom in an R.V.,mscoco,5821,318675,0.0,0.0531674208144796
2541,A black and white cat is on top of a childrens toy.,mscoco,1734,716923,0.1,0.6666666666666666
2542,A kitchen with a white stove and washing machine,mscoco,1957,166515,0.1,0.2222222222222222
2543,A man is outdoors throwing a Frisbee in a park. ,mscoco,410,175987,0.7,0.75
2544,A close up of the stop sign on the side of a school bus.,mscoco,2878,345151,0.25,0.75
2545,a yellow and red model airplane in some grass,mscoco,648,617766,0.1,0.5714285714285714
2546,a zebra is walking around its pen at the zoo,mscoco,654,222158,0.2,0.275
2547,Female student multitasking with various electronics in her room.,mscoco,5300,175781,0.0,0.00553038379530915
2548,Skaters are skateboarding at the park while a crowd watches. ,mscoco,424,420810,0.2,0.15555555555555556
2549,A dog leaps for a frisbee at a dog show.,mscoco,1001,737679,0.55,1.0
2550,"A large clock sits next to a large building
",mscoco,38,228810,0.0,0.0336206896551724
2551,Luggage sits on a baggage claim in an airport as people watch for their bags.,mscoco,778,50823,0.3,0.625
2552,Traffic signs direct travelers in between city buildings.,mscoco,5983,568690,0.05,0.10989010989010985
2553,A plane that is taking off from a runway.,mscoco,140,505107,0.25,0.5625
2554,Black dog laying down near a black and white cat. ,mscoco,614,532066,0.05,0.11282051282051281
2555,A double decker bus on a street with a ferris wheel in the background ,mscoco,4588,550619,0.1,0.3214285714285714
2556,A young child eating a slice of pizza.,mscoco,3832,681399,0.9,1.0
2557,A woman lying on a bed with high heel shoes on.,mscoco,5364,786528,0.55,1.0
2558,A man eating a hot dog on a bun.,mscoco,2263,57895,0.7,0.75
2559,A large elephant standing in a grass field.,mscoco,1280,361104,0.75,1.0
2560,A red city bus sits at a bus stop.,mscoco,274,538115,0.45,1.0
2561,A man biting into a sandwich with his mouth.,mscoco,3128,294807,0.6499999999999999,0.75
2562,A yellow and white train going across a large white bridge.,mscoco,3660,133986,0.05,0.1357142857142857
2563,Teddy bears populate a prop set of a cafe.,mscoco,3676,441887,0.1,0.1333333333333333
2564,An adult and baby zebra in a grassy area.,mscoco,5726,403382,0.5,0.41666666666666663
2565,"Kid skateboarding on a rail, surrounded by a large group of people.",mscoco,1425,137947,0.0,0.00200738529226895
2566,A person on a court with a tennis racket.,mscoco,3329,674630,0.35,0.5555555555555556
2567,Two young boys play a game of frisbee.,mscoco,5542,193192,0.15000000000000002,0.5625
2568,A group of people sit at a table with food.,mscoco,694,36297,0.5,0.75
2569,"Two woman wearing headbands, while holding WII controllers.",mscoco,2110,43108,0.1,1.0
2570,"A desk with three computer monitors and two laptop computers, office phone, papers and files, with a jacket on hanger in corner.",mscoco,3367,542925,0.05,0.5075757575757576
2571,A female tennis player in back-swing after returning a volley.,mscoco,5189,232110,0.0,0.0839160839160839
2572,A group of zebra sculptures are displayed in the grass.,mscoco,2058,367260,0.15000000000000002,0.35
2573,Small boats are lined up at the shore.,mscoco,1670,64792,0.44999999999999996,1.0
2574,A hotel room has twin beds and white sheets.,mscoco,1209,73302,0.35,0.75
2575,A herd of cattle walking on a dirt road.,mscoco,1193,209459,0.55,1.0
2576,Artophagous.,drawbench,138,138,0.0,0.0
2577,three children wearing party hats are at a table,mscoco,5341,193330,0.15000000000000002,1.0
2578,People walking beside a train in a forest environment.,mscoco,65,228437,0.2,1.0
2579,A red traffic light hangs above a wide street with orange signs lining either side.,mscoco,3648,487309,0.0,0.00968073336494385
2580,Male and females hosts of a television cooking program.,mscoco,2443,112577,0.05,0.5058139534883721
2581,A bouquet of tall white flowers in a blue crockery vase.,mscoco,4146,781220,0.15000000000000002,0.1625
2582,A child holding a wii mote playing on a Wii.,mscoco,458,407617,0.6499999999999999,0.75
2583,A green and yellow train pulling into a train station.,mscoco,3706,347234,0.15,0.5357142857142857
2584,A black and white picture of a car and camping supplies,mscoco,1277,658696,0.2,0.75
2585,A man kiteboarding on top of the ocean under a  blue sky.,mscoco,5624,800111,0.30000000000000004,0.5833333333333333
2586,a tray filled with a variety of food including carrots,mscoco,937,206771,0.2,0.18055555555555555
2587,A city street covered in fog at night.,mscoco,4602,550192,0.4,1.0
2588,Black and white photograph of man on bicycle with cellphone.,mscoco,4363,391421,0.05,0.5217391304347826
2589,A man is standing near a computer giving a presentation. ,mscoco,4751,456822,0.30000000000000004,0.75
2590,A pile of doughnuts with signs stating the prices.,mscoco,4360,68250,0.1,0.5454545454545454
2591,Man in black shirt playing game with Nintendo Wii controller.,mscoco,1595,216690,0.2,0.75
2592,"Black and white of large dump truck on its side with a small tow truck backed up to it, with some people standing around, and backs of people's heads from above the scene, with background of a valley and a mountain side.",mscoco,5810,696062,0.1,1.0
2593,A yellow motorcycle in parking lot next to other motorcycles.,mscoco,4788,293451,0.4,1.0
2594,Woman in green and white outfit swinging at a tennis ball. ,mscoco,4783,267342,0.35,0.6666666666666666
2595,A kitchen with a sink and cabinets in it.,mscoco,259,756649,0.6499999999999999,1.0
2596,A woman handing out pieces of cake on a sidewalk.,mscoco,1971,151531,0.05,0.5277777777777778
2597,A large metallic refrigerator freezer combo in a kitchen.,mscoco,1117,146069,0.6499999999999999,1.0
2598,A batter steps up to plate with a bat and readies to swing.,mscoco,1178,357330,0.05,0.19791666666666666
2599,An elephant in front of a tree line holding a leaved branch.,mscoco,273,562918,0.05,0.14166666666666666
2600,This is an image of a man with a slice of cake.,mscoco,2768,272206,0.4,0.75
2601,"A child hitting a baseball with a baseball bat.
",mscoco,3802,212284,0.6,1.0
2602,A blue yellow and grey train is shown on a bridge.,mscoco,111,522626,0.35,1.0
2603,Small white bird sits on the back of a horse in an open field. ,mscoco,4635,40194,0.05,0.28846153846153844
2604,A man holding a pizza on a wooden pizza peel.,mscoco,1189,56473,0.05,0.20512820512820512
2605,A stop sign with a solar panel attached to the top of it.,mscoco,265,246612,0.15000000000000002,1.0
2606,Bathroom with wood and tub with window and floor,mscoco,2343,472143,0.05,0.05588235294117645
2607,"Young man in shorts napping on stoone wall, head on backback with bike next to him. ",mscoco,1431,246672,0.1,1.0
2608,"An open suitcase with bags, plastic bags and other items",mscoco,5314,668055,0.15000000000000002,0.5625
2609,Several glass vases sitting on a shelf near a window.,mscoco,100,809534,0.05,0.0873655913978494
2610,A pan of vegetables and chicken with seasoning on top.,mscoco,978,202076,0.25,0.5714285714285714
2611,A person holding a half-eaten doughnut in their hand.,mscoco,5705,501607,0.25,0.41666666666666663
2612,a woman is laying down with her baby on the bed,mscoco,76,532780,0.2,0.75
2613,The sun shines over the tree top while a horse grazes in a field.,mscoco,3354,624004,0.1,0.6666666666666666
2614,Two zebras standing together on a grassy field.,mscoco,2158,789186,0.44999999999999996,0.6
2615,a picture of two game remote controls side by side.,mscoco,4958,666194,0.4,0.5
2616,An avid skateboarder doing tricks in a public park area.,mscoco,5864,119704,0.15000000000000002,0.5625
2617,A bicycle rests on a bench on a field on a hill.,mscoco,4033,661176,0.2,1.0
2618,A woman holds her tennis racket ready to hit the ball.,mscoco,4057,79515,0.2,0.5833333333333333
2619,A bride and groom are cutting a wedding cake.,mscoco,1202,283107,0.95,1.0
2620,Small train with visitors in cars at outdoor venue.,mscoco,5162,759931,0.1,0.13888888888888884
2621,A tabby cat lies on a shelf next to a computer and mouse.,mscoco,3684,516857,0.2,0.6
2622,a red bus moving on the road with other vehicles,mscoco,5308,624730,0.39999999999999997,0.625
2623,a man flipping in the air with a snowboard above a snow covered hill,mscoco,78,549951,0.0,0.02608008429926235
2624,An airplane seat with a built in television.,mscoco,905,667449,0.45,1.0
2625,A sign is displayed on a post next to a road.,mscoco,5326,153787,0.44999999999999996,0.5833333333333333
2626,A baseball player holding a bat in the pitch,mscoco,981,541896,0.35,0.6
2627,A woman and a man are riding horses with mountains in the background.,mscoco,3410,507594,0.1,0.3333333333333333
2628,A very cute cat laying down on a keyboard.,mscoco,2890,495619,0.7,0.75
2629,Two men jumping for the same Frisbee on a field.,mscoco,5485,488324,0.3,1.0
2630,A group of cows walking in a grassy field.,mscoco,1217,649198,0.5,0.55
2631,People surfing on ocean waves near the beach.,mscoco,1973,187431,0.1,0.1735159817351598
2632,A vintage picture of a group of adults and children with horses on a shoreline. ,mscoco,3253,475976,0.1,1.0
2633,"Pizza with white sauce, tomato and basil on a plate",mscoco,4046,646087,0.5,0.625
2634,A baseball player sliding to base while another baseball player waits to catch the ball.,mscoco,3076,246818,0.85,1.0
2635,Blurry picture of dog running with white frisbee in mouth,mscoco,651,650247,0.05,0.2738095238095238
2636,A photo of a kid in their batting stance in an outdoor baseball field.,mscoco,5090,624345,0.05,0.28846153846153844
2637,A person is preparing to eat a large pizza,mscoco,196,104920,0.15,0.5416666666666666
2638,A young man and woman pose for a picture in front of red curtains.,mscoco,4678,66593,0.2,1.0
2639,A row of orange and pink teddy bears on display.,mscoco,4756,422958,0.5,0.6666666666666666
2640,A woman frying donuts in a big pot,mscoco,2289,781867,0.25,0.375
2641,a zebra in a large field eating grass,mscoco,5941,61713,0.45,1.0
2642,A woman walking down a street past a bike.,mscoco,1777,721103,0.15000000000000002,0.75
2643,A stuffed teddy bear sitting in front of an open book.,mscoco,1316,384598,0.6499999999999999,0.75
2644,a pizza and a cup sitting on a table.,mscoco,4948,689680,0.1,0.20833333333333331
2645,A happy birthday cake with train cars on aluminum foil on wood grain surface.,mscoco,5453,438511,0.30000000000000004,0.375
2646,a baseball player hitting a ball during a game,mscoco,4547,433286,0.5,0.75
2647,A man and a woman riding a scooter past a church.,mscoco,2148,483375,0.1,1.0
2648,"A yellow street sign, with people siting in chairs.",mscoco,1577,257288,0.1,1.0
2649,Promotional photo showing snowboarder doing aerial stunt over steep slope.,mscoco,5944,651464,0.0,0.0339342523860021
2650,A small airplane sitting on top of a field.,mscoco,912,696918,0.7,1.0
2651,A large train at a station full of people.,mscoco,3084,255197,0.1,0.20238095238095236
2652,A row of park benches sitting on a  green park.,mscoco,922,688562,0.4,0.75
2653,A dog is standing outdoors near some cattle.,mscoco,3439,704006,0.25,0.5625
2654,A woman in grey shirt playing with a kite on beach.,mscoco,1632,312659,0.1,0.21666666666666667
2655,Diecast diorama 1/64 scale models of a fire department and its trucks,mscoco,5676,514935,0.1,0.20833333333333331
2656,painting of exotic bird surrounded by plants and flowers,mscoco,4295,826458,0.1,1.0
2657,A baseball player swinging a bat on a field.,mscoco,1311,423921,0.25,0.3333333333333333
2658,A white kitchen has a stainless steel oven in it.,mscoco,2849,216489,0.2,0.5094339622641509
2659,A man doing a wheelie on a motorcycle on a commercial street,mscoco,2806,177495,0.0,0.012973610496830299
2660,A view of a small room with a business desk and a bed in the corner.,mscoco,37,640310,0.05,0.5033783783783784
2661,A bathroom either being torn down or remodeled with a toilet.,mscoco,3975,527264,0.55,0.6666666666666666
2662,A clock sits at the top of a tan and gray tower.,mscoco,1035,754060,0.0,0.0165075254895614
2663,This pictures shows a wooden bench on a street side.,mscoco,4570,233396,0.15000000000000002,0.2222222222222222
2664,Cows stand near a barbed-wire fence in a pen.,mscoco,4102,425258,0.5,0.625
2665,"A collage of two photos of a man wearing a tie, one being a closeup view of his shirt.",mscoco,999,276934,0.1,0.625
2666,A man sitting on a bench holding a cane.,mscoco,3055,288280,0.15000000000000002,0.5833333333333333
2667,A bike parked near a metal object on a sidewalk.,mscoco,1811,775342,0.05,0.17543859649122806
2668,Many people on a sandy beach with umbrellas.,mscoco,3931,375393,0.8500000000000001,1.0
2669,People sitting at a restaurant eating sandwiches and corn on the cob.,mscoco,483,800236,0.1,0.5555555555555556
2670,A pizza with mushrooms and carrots as toppings,mscoco,2970,101137,0.05,0.13480392156862744
2671,Two birds sit on opposite sides of a bench in a field. ,mscoco,2531,4590,0.1,1.0
2672,A person is riding a bicycle in city traffic.,mscoco,3882,505279,0.3,0.5714285714285714
2673,Two cats perch on the roof of a car.,mscoco,1036,826937,0.2,1.0
2674,A clock attached to a brick column underneath a roof.,mscoco,3596,62177,0.1,0.625
2675,A competitive downhill skier racing the moguls. ,mscoco,2424,389987,0.35,0.75
2676,"A large keyboard musical instrument with a wooden case enclosing a soundboard and metal strings, which are struck by hammers when the keys are depressed. The strings' vibration is stopped by dampers when the keys are released and can be regulated for length and volume by two or three pedals.",drawbench,90,90,0.0,0.0007814931934787999
2677,A skier is seen in motion skiing wearing a uniform.,mscoco,2365,104477,0.25,0.5714285714285714
2678,Closeup of a knife cutting through a green apple.,mscoco,232,215225,0.3,1.0
2679,A woman holding a tennis racquet on a purple tennis court.,mscoco,1145,62910,0.1,0.22916666666666666
2680,Several men standing around and working on a train that is sitting on tracks.,mscoco,5910,702738,0.2,0.35
2681,A group of skiers are standing in the snow with their ski equipment.,mscoco,4935,448475,0.25,0.5263157894736842
2682,A plate holds a stack of cheesy bread sticks.,mscoco,1527,647048,0.15000000000000002,0.6666666666666666
2683,A woman cross country skiing in an open snow-covered area.,mscoco,5758,504138,0.44999999999999996,0.5714285714285714
2684,A car dashboard with a LED display and a plush rabbit ,mscoco,4278,826212,0.1,1.0
2685,A tennis player leans into her stroke on the court,mscoco,4541,345317,0.2,0.75
2686,A High flying skier is doing a mid air flip.,mscoco,4199,441736,0.44999999999999996,0.75
2687,Two cats are sleeping on a wood dock.,mscoco,3173,747085,0.2,1.0
2688,A couple cutting their wedding cake together with a knife in their hands,mscoco,5468,707056,0.95,1.0
2689,Employees working in an airport transferring baggage from the airplane to the carts.,mscoco,5244,624398,0.25,1.0
2690,A large brown dog eating food out of a box.,mscoco,5252,205378,0.1,1.0
2691,A crowded street is shown with shops and apartment buildings.,mscoco,943,761651,0.05,0.275
2692,An elephant is eating hay with another elephant.,mscoco,2574,243275,0.25,0.5384615384615384
2693,Pizza with a lot of toppings in a pizza box ,mscoco,4597,364638,0.9,1.0
2694,A group of cows are laying on a beach,mscoco,5125,19437,0.45,1.0
2695,a tennis player with a tennis racket getting ready to swing,mscoco,2995,202962,0.2,0.5113636363636364
2696,A blue and white bus driving down a street near trees.,mscoco,493,522921,0.44999999999999996,0.75
2697,A man with an umbrella standing with a woman in a park.,mscoco,1094,539840,0.05,0.5294117647058824
2698,A photo taken from a car looking at a herd of sheep in the road.,mscoco,3411,286316,0.3,0.375
2699,a red blue and white sign and some people on a street,mscoco,3031,459581,0.0,0.03077046035805625
2700,The lower half of person riding on a skateboard.,mscoco,3448,403592,0.4,1.0
2701,A bird is standing on a bird feeder while another bird sits in the shadows.,mscoco,1344,433799,0.05,0.5043103448275862
2702,"A restaurant sign that reads ""S & D Restaurant & Bar.""",mscoco,409,278610,0.1,0.5
2703,Young girl sitting on bed playing with remoter game control.,mscoco,4991,707205,0.15000000000000002,0.5
2704,man with surfboard standing next to giant rock face,mscoco,3209,634942,0.05,0.5454545454545454
2705,A yellow kitchen with white cabinets and a sink.,mscoco,510,179095,0.2,1.0
2706,A street with cars parked on the side and a Cathedral at the end.,mscoco,4120,327089,0.1,0.5128205128205128
2707,Male skateboarder in mid air doing a jump.,mscoco,5559,268679,0.35,0.6
2708,Street signs posted at an intersection of Spokane St. and Courtland Pl.,mscoco,5239,30366,0.05,0.5032258064516129
2709,A woman wearing sunglasses and smiling with her phone.,mscoco,407,510611,0.15000000000000002,0.41666666666666663
2710,A bicycle parked in red bicycle rack on sidewalk.,mscoco,5803,376019,0.1,0.41666666666666663
2711,Living room with TV playing and view of a hand in the picture.,mscoco,1461,57942,0.05,0.5238095238095238
2712,a male in a white shirt is riding a brown and black horse,mscoco,2519,427577,0.05,0.061050061050061
2713, A market area with people and many crates of fruit.,mscoco,268,358121,0.25,0.1666666666666666
2714,Children playing wiffle ball in a back yard ,mscoco,980,575307,0.1,0.5166666666666666
2715,Man applying pasted to tooth brush in park.,mscoco,4320,764110,0.05,0.5142857142857142
2716,A man standing inside of a store behind piles of ripe bananas.,mscoco,94,131319,0.25,0.75
2717,A small child is sitting on the couch playing with a phone.,mscoco,3449,415533,0.05,0.27941176470588236
2718,A group of people are playing volleyball on a beach.,mscoco,4435,185095,0.45,1.0
2719,A flock of pigeons fly past a clock tower.,mscoco,399,111360,0.30000000000000004,1.0
2720,A black dog holds a red Frisbee in its mouth.,mscoco,3999,465686,0.5,0.75
2721,A plate of food has vegetables and meat.,mscoco,3342,404028,0.6,0.75
2722,a view of the tunnel of an inside trains station ,mscoco,2331,336564,0.25,1.0
2723,A skier can be seen making their way down the slope.,mscoco,2276,649718,0.44999999999999996,0.3214285714285714
2724,Boy gives two thumbs up next to train track while holding ski poles,mscoco,3750,534127,0.1,0.6
2725,Fans gather outside a sporting event to support their team.,mscoco,4887,467407,0.15000000000000002,0.41666666666666663
2726,A group of athletes ski along a trail.,mscoco,5457,696084,0.35,0.26666666666666666
2727,An orange cat is looking up at the camera.,mscoco,3255,605978,0.05,0.20833333333333331
2728,Toilet seat inside door of a passenger compartment.,mscoco,4592,818570,0.0,0.00983122362869195
2729,a tennis match is being played on a blue court ,mscoco,4729,619613,0.30000000000000004,0.5
2730,A woman holding a pink umbrella next to a bald headed man.,mscoco,628,285128,0.05,0.2531446540880503
2731,Blurry photograph of a cat watching the television ,mscoco,5903,346051,0.25,0.35
2732,A woman eating a sandwich on a bench near the street.,mscoco,2675,645357,0.2,1.0
2733,Sheep and goats living in an enclosed area.,mscoco,1382,672273,0.05,0.0833333333333333
2734,"a pizza with ham, cheese and green onions",mscoco,1229,52527,0.0,0.04700854700854695
2735,an image of a family celebrating a childs birthday,mscoco,3883,158516,0.15000000000000002,0.3
2736,Three zebras grazing on grass in a field,mscoco,1507,804429,0.3,0.75
2737,"Street view of a home, electrical posts and a street sign",mscoco,2351,616865,0.05,0.1339285714285714
2738,A woman feeds birthday cake to a baby in a high chair.,mscoco,1543,814565,0.05,0.08184523809523805
2739,a zebra standing on some dirt and bushes and trees,mscoco,4066,427512,0.55,1.0
2740,Two people are riding an elephant walking through the water.,mscoco,4082,659763,0.5,0.625
2741,A small airplane is parked on a runway.,mscoco,2635,111952,0.4,0.41666666666666663
2742,a close up of a garbage truck on a city street,mscoco,5848,378915,0.55,0.75
2743,A person is grabbing a bowl of food in the oven.,mscoco,4180,583482,0.15000000000000002,0.3333333333333333
2744,a yellow white and black train on its track,mscoco,951,371900,0.0,0.0368744512730465
2745,A sandwich and smoothie on a table at a restaurant.,mscoco,915,534360,0.1,1.0
2746,A bathroom setting with garden tub and pedestal,mscoco,4881,69356,0.3,1.0
2747,A person is kite surfing in the water. ,mscoco,2940,611343,0.45,0.6666666666666666
2748,a man eating a doughnut next to some baby toys,mscoco,2860,612680,0.05,0.11282051282051281
2749,A dog that is standing on top of a fire hydrant.,mscoco,3227,481741,0.1,0.23809523809523805
2750,A living room filled with lots of furniture and a red stair case.,mscoco,4373,566066,0.05,0.14545454545454545
2751,A bathroom sink under a large mirror next to a yellow wall.,mscoco,299,228531,0.05,0.17753623188405795
2752,Rusted scissors sticking out of a metal object in a backyard.,mscoco,3395,22513,0.2,1.0
2753,An owl sits in front of a chain link fence.,mscoco,1735,469385,0.1,1.0
2754,"A group of people standing around a table with pizza, wine and glasses on it.",mscoco,5209,272392,0.05,0.29166666666666663
2755,Two men standing close together examining some red wine.,mscoco,4721,288498,0.15000000000000002,0.625
2756,"A advert featuring a stop sign and the slogan ""the attack on worker rights"" ",mscoco,1440,221487,0.1,1.0
2757,A man holds a plate of food while he works on a laptop.,mscoco,4819,100134,0.1,0.75
2758,A grassy field with two white horses and trees.,mscoco,3538,759365,0.05,0.0842391304347826
2759,A man in black doing jumps on a skateboard,mscoco,2721,642630,0.1,0.1026785714285714
2760,A salad and chocolate milkshake are sitting on a wooden table. ,mscoco,4565,366647,0.05,0.1375
2761,A boy prepares to swing his bat during a baseball game.,mscoco,2139,702534,0.5,0.6
2762,a hand is holding some scissors with a green handle,mscoco,4126,693418,0.2,0.75
2763,A black and white cat is playing with a toy carrot.,mscoco,3509,656162,0.1,0.75
2764,Hot dogs and hamburgers being cooked on a gas grill.,mscoco,1119,790742,0.25,0.5714285714285714
2765,A skateboarder performs a trick off of a ramp. ,mscoco,4954,197881,0.35,0.75
2766,A clean living room is seen in this picture.,mscoco,62,784944,0.05,0.09027777777777775
2767,The familly is playing soccer  on the dirt field.,mscoco,665,90267,0.1,0.25
2768,a mac mouse and keyboard on a desk,mscoco,4138,3940,0.30000000000000004,0.75
2769,Adult cat lounging on cream colored leather chair in living area.,mscoco,5215,391035,0.1,0.6666666666666666
2770,A person on a skateboard riding a wave in the ocean.,mscoco,2823,798590,0.2,0.75
2771,A large clock of big ben in london uk,mscoco,2221,325622,0.25,0.41666666666666663
2772,A giraffe is in a fenced enclosure beside some trees.,mscoco,2032,396283,0.45,1.0
2773,Black and white photo of a bench in a park,mscoco,5338,686240,0.4,0.5
2774,Smal blue and green cake sitting decorated on a table with other party favors.,mscoco,5400,34449,0.1,0.5555555555555556
2775,Horse jumping over an obstacle on a course with a rider.,mscoco,4048,626572,0.75,0.625
2776,A gray cat is very close to a blue drinking bottle.,mscoco,1400,17651,0.2,1.0
2777,Four people compete on horseback playing playing polo.,mscoco,3232,424154,0.2,0.41666666666666663
2778,An adult poses with a young child on the sidewalk for a picture.,mscoco,1423,485906,0.1,0.6
2779,The fried rice has vegetables and meat in it.,mscoco,2275,317752,0.05,0.2628205128205128
2780,A fighter jet flying through a cloudy sky.,mscoco,1677,721017,0.6000000000000001,0.75
2781,A large double decker bus stopping at a bus stop.,mscoco,90,58631,0.2,0.35
2782,A male tennis player swinging his tennis racket.,mscoco,1850,328800,0.15000000000000002,0.1625
2783,A yellow and blue bus parked at a passenger station.,mscoco,1064,269514,0.30000000000000004,0.6666666666666666
2784,A woman in sun glasses standing beside a parking meter.,mscoco,1249,242350,0.1,0.375
2785,A living room with wooden floors and large tv,mscoco,4334,333623,0.0,0.0588235294117647
2786,Water flows out of fire hydrant into street.,mscoco,4768,755774,0.75,0.75
2787,A small living room has a fire place and two couches.,mscoco,203,377504,0.0,0.03661616161616155
2788,Two cross-country skiers with backpacks on a snowy trail.,mscoco,3369,145121,0.1,0.5384615384615384
2789,A white bath tub sitting under a bathroom window.,mscoco,2911,784695,0.45,0.5833333333333333
2790,A person is riding a bike down a stone road.,mscoco,3117,205421,0.1,0.5263157894736842
2791,A person rides a surfboard on quiet waters.,mscoco,4323,757731,0.05,0.07431874483897599
2792,A group of elephants on ground next to a body of water.,mscoco,3614,199275,0.95,1.0
2793,A double decker bus drives down the city street.,mscoco,2108,326740,0.7,1.0
2794,Two men standing in the field while holding a kite. ,mscoco,567,505492,0.0,0.04496124031007745
2795,A large water bottle is on a table in a kitchen. ,mscoco,4533,412899,0.1,1.0
2796,A soccer player is kicking the ball during a game.,mscoco,1102,464612,0.65,1.0
2797,Skier posing for photo while standing on slope near wooded area.,mscoco,5499,692716,0.35,0.5714285714285714
2798,A view of a baseball game as a pitcher is throwing a pitch.,mscoco,5022,193544,0.25,0.3333333333333333
2799,Two men placing bunches of bananas on a cart.,mscoco,1008,200909,0.1,0.3333333333333333
2800,a man sits in a trunk while petting a dog ,mscoco,2735,471349,0.1,0.2625
2801,A man cutting a cake surrounded by small children.,mscoco,4114,297494,0.1,0.12698412698412695
2802,a platform bed in neutral colors on a shag rug,mscoco,5057,345596,0.05,0.5294117647058824
2803,Large black dog with an orange frisbee in its mouth. ,mscoco,5420,422636,0.3,0.625
2804,Many different fruits and veggies are placed on a table. ,mscoco,2270,438777,0.6499999999999999,1.0
2805,Woman eating a big hot dog on a bun.,mscoco,4444,442283,0.75,1.0
2806,a small bird on a tree branch surrounded by leaves,mscoco,2101,370115,0.25,0.1666666666666666
2807,A man sitting on a couch holding food in his hands.,mscoco,703,549198,0.2,0.75
2808,A motorcyclist rides through an arch in a town. ,mscoco,2918,236644,0.05,0.1732456140350877
2809,a lined up row of teddy bears near a stair case ,mscoco,201,620717,0.2,1.0
2810,A siamese cat laying on top of a white sink.,mscoco,415,489412,0.3,0.75
2811,Little boy pointing remote toward of camera and pushing button,mscoco,4803,578236,0.05,0.12499999999999994
2812,Group of children sitting at table eating pizza off plate,mscoco,1839,600836,0.55,1.0
2813,A dog sitting on a wooden chair in a garden.,mscoco,551,237143,0.1,0.41666666666666663
2814,A man holding up a colorful stunt kite while his son looks on.,mscoco,4878,646411,0.55,1.0
2815,The two men in black shorts are competing during a Frisbee game.,mscoco,5384,630519,0.0,0.02079759862778725
2816,A pizza is seen with a glass of wine on a table.,mscoco,1995,750453,0.4,0.375
2817,a man eating a pizza with a fork,mscoco,2181,306051,0.05,0.0914285714285714
2818,an old photo of a group of people riding horses,mscoco,3208,126853,0.2,0.41666666666666663
2819,An alley with old houses and a car and bicycle nearby,mscoco,4368,548183,0.05,0.10084033613445374
2820,A group of four planes flying in formation.,mscoco,4673,28321,0.3,0.6666666666666666
2821,A couple of plates filled with different foods.,mscoco,4053,676557,0.1,0.2631578947368421
2822,The young puppy was put in the toy car.,mscoco,2680,601495,0.1,1.0
2823,A large field with several sheep grazing in the grass.,mscoco,5616,340922,0.95,1.0
2824,Man sitting in library with headphones on using open laptop,mscoco,3762,578007,0.1,0.75
2825,A new white toilet being installed in a room with newly installed dry wall.,mscoco,3548,608569,0.05,0.06349206349206345
2826,A woman sitting in a bed with a laptop on her belly.,mscoco,1044,810557,0.75,1.0
2827,An elephant that is walking in an enclosure.,mscoco,5894,707949,0.6,0.6666666666666666
2828,A water skier being pulled off a ramp in the air.,mscoco,3402,762486,0.05,0.5178571428571428
2829,a close up of a bicycle with a rear view mirror,mscoco,747,468662,0.5,1.0
2830,The partial view of a living room with a small flatscreen tv.,mscoco,2631,442430,0.2,0.2
2831,A smiling man is sitting on a motorcycle.,mscoco,4932,598321,0.2,0.1333333333333333
2832,A shell pasta and broccoli dish on a green plate.,mscoco,518,100074,0.1,0.5294117647058824
2833,Several kites are being flown side by side in a dark sky.,mscoco,2936,431982,0.45,1.0
2834,Two women standing next to each other looking at a phone.,mscoco,5219,381009,0.2,0.27941176470588236
2835,Trucks parked near hilly area with small rainbow in low cloud.,mscoco,2087,357687,0.1,1.0
2836,A yellow and red bus on street next to a building.,mscoco,1573,348006,0.2,0.5555555555555556
2837,A person stands next to a disc golf goal.,mscoco,575,35503,0.0,0.0839160839160839
2838,A person sits in the snow in front of a snowboard.,mscoco,4622,792575,0.05,0.0638477088948787
2839,A female professional tennis player preparing to serve the ball,mscoco,348,542852,0.2,0.5555555555555556
2840,People ride a mock steam engine around a track. ,mscoco,5686,583731,0.0,0.0024410790325595996
2841,Two older men sitting on a bench at a park holding crutches.,mscoco,1179,86729,0.15000000000000002,1.0
2842,A baseball player is getting ready to hit a ball.,mscoco,1549,739933,0.2,0.1339285714285714
2843,An older woman is petting her white horse.,mscoco,3335,680131,0.0,0.021875
2844,A large clock on a metal tower in front of a shopping center.,mscoco,706,115976,0.0,0.04306722689075625
2845,a surfer in blue trunks is surfing on a white board,mscoco,2692,371657,0.0,0.0077478813251348
2846,A white bathroom with a toilet and sink.,mscoco,17,326941,0.35,0.55
2847,A child's bedroom has plenty of storage space and a small chair.,mscoco,2868,564427,0.0,0.0570824524312896
2848,An ad showcasing a rubber grip and wrist handle for a wii remote,mscoco,2937,167919,0.05,0.5092592592592593
2849,A piece of blue luggage sitting on the ground next to a  person.,mscoco,926,63708,0.05,0.07941176470588235
2850,A man in jacket and bow tie standing in grassy area.,mscoco,962,361757,0.1,0.625
2851,A street sign is shown on a pole.,mscoco,1468,435802,0.25,0.6
2852,A man holding a surfboard next to a beach.,mscoco,1386,74009,0.8,1.0
2853,Two black birds sit on a log bench near the ocean.,mscoco,4968,288238,0.1,1.0
2854,A gray cat scratching its mouth next to a cup.,mscoco,3250,291548,0.15000000000000002,0.75
2855,A boy swinging a baseball bat during a game.,mscoco,2296,593081,0.55,1.0
2856,A woman is standing next to a wall with a blue umbrella.,mscoco,2516,705126,0.1,0.5625
2857,Snowboarder on artificial ramp about to launch and attain air,mscoco,5526,783038,0.05,0.13125
2858,The soccer player jumps to hit the ball with his head. ,mscoco,4759,762893,0.15,0.25561797752808985
2859,Panorama photograph of people in an indoor market area.,mscoco,4505,351038,0.05,0.060204081632653055
2860,A torbie cat sits on top of a car.,mscoco,1767,791890,0.4,0.6666666666666666
2861,Two people are standing next to each other and one in a black suit is talking at a podium.,mscoco,1338,706328,0.05,0.515625
2862,A laptop and a computer keyboard on a wooden desk.,mscoco,3803,542162,0.35,0.375
2863,a bicycle sitting next to a park bench,mscoco,5083,787309,0.65,0.75
2864,A large group of motorcycles parked along a street.,mscoco,3876,23653,0.7,0.75
2865,A herd of sheep cross a dirt road.,mscoco,3601,59001,0.05,0.5384615384615384
2866,A man plays Wii while two other men sit on the couch and watch.,mscoco,2298,594148,0.15000000000000002,0.23809523809523805
2867,A white cat is sitting in front of a television,mscoco,5171,774229,0.4,0.75
2868,Two wooly sheep are on top of a hill.,mscoco,1150,450220,0.4,1.0
2869,Men riding on elephants in a parade while people watch. ,mscoco,1634,275115,0.25,0.75
2870,"2 men smile, standing in front of giraffes in an enclosure.",mscoco,3940,320594,0.1,0.75
2871,Street sign at the corner of Spencer and 6th Street.,mscoco,3550,110672,0.1,0.5555555555555556
2872,"Four people are standing outside a large ""Sone"" building. ",mscoco,3080,279209,0.1,0.375
2873,A white and tan cat is sitting intertwined with the strap of a handbag.,mscoco,2388,238884,0.25,0.75
2874,Carrots and potatoes are on the plate of vegetables.,mscoco,825,371098,0.15,0.5384615384615384
2875,A person is flying a large kite in a park,mscoco,1049,752280,0.4,0.6666666666666666
2876,A double decker bus at night on a London street.,mscoco,2219,100906,0.3,0.3333333333333333
2877,Small white vehicle with a white dog looking out window.,mscoco,3886,689283,0.1,0.1333333333333333
2878,Bench and window with shutters with bricked wall,mscoco,4163,377082,0.1,1.0
2879,A pair of boats on water near the coast.,mscoco,5955,564771,0.4,1.0
2880,A woman wearing a red shirt swinging at a tennis ball.,mscoco,944,511882,0.15000000000000002,0.20833333333333331
2881,Bedroom with large tub and sink in corner.,mscoco,3377,452214,0.1,0.3214285714285714
2882,man with skull decorated surfboard eyeing the ocean,mscoco,2486,279611,0.05,0.5454545454545454
2883,A city pier with benches to enjoy the view,mscoco,4515,113791,0.0,0.0839160839160839
2884,A man riding a brown horse down a dirt road.,mscoco,760,586358,0.30000000000000004,0.75
2885,A train pulls up to an empty platform.,mscoco,4604,375121,0.4,0.25
2886,A large long red train on a track.,mscoco,1852,338265,0.35,0.625
2887,Four Blue Angel jets are flying in formation.,mscoco,4244,129091,0.4,0.26666666666666666
2888,A bus in Japan has anime characters painted on its sides,mscoco,2115,575898,0.1,0.2857142857142857
2889,A fire hydrant that is sitting on the sidewalk.,mscoco,763,422773,0.6000000000000001,0.625
2890,Two high speed trains on the rail tracks.,mscoco,5987,11458,0.05,0.5416666666666666
2891,Two black horses running on a hill with trees in the background.,mscoco,2091,802270,0.05,0.29545454545454547
2892,a sink with an under cabinet in a bathroom.,mscoco,5489,650008,0.35,0.3214285714285714
2893,An old picture of a passenger air plane on the runway.,mscoco,3562,381721,0.25,0.1666666666666666
2894,Many dogs and people are on a large field. ,mscoco,5484,413540,0.05,0.14015151515151514
2895,A man is sitting on a snowy hill with skis  in his hand. ,mscoco,876,472521,0.05,0.09496124031007745
2896,"Carrots, broccoli, oranges, and ham are arranged in small containers.",mscoco,2118,372215,0.1,1.0
2897,A baseball player winding up to swing the bat.,mscoco,4068,265136,0.30000000000000004,0.625
2898,Night time scene of pathway in snowy area.,mscoco,5713,361034,0.1,0.75
2899,A male surfer rides a large wave on his surfboard.,mscoco,5678,60935,0.1,0.2727272727272727
2900,a red double decker bus parked on a street,mscoco,4431,87083,0.30000000000000004,0.25
2901,An oriental musical group gathered in a field.,mscoco,3446,147542,0.05,0.509090909090909
2902,Several skiers of different ages standing on a ski slope.,mscoco,3051,45484,0.5,0.41666666666666663
2903,A photo of a bunch of wedding cakes on a table.,mscoco,1649,523575,0.7,0.75
2904,Several zebras walking across brown grass near trees.,mscoco,2130,203248,0.05,0.07552693208430909
2905,The dish of rice and mushrooms is inside of a microwave.,mscoco,4043,637992,0.1,1.0
2906,A group of school children gathered around a birthday cake.,mscoco,5251,646436,0.55,1.0
2907,Group of zoo animals standing beside a tree line. ,mscoco,3489,436714,0.0,0.0043274312896405005
2908,A teddy bear that is sitting on a tree branch.,mscoco,2462,437304,0.6499999999999999,1.0
2909,A man with a hat is eating a pastry in a busy street.,mscoco,5265,237655,0.1,0.1714285714285714
2910,A train trailing a plume of white smoke crosses a bridge.,mscoco,225,59150,0.15000000000000002,0.625
2911,A group of lambs walking along a fence row in a field.,mscoco,4469,614765,0.0,0.0433114035087719
2912,a rear view window of a red vehicle.,mscoco,5333,227031,0.05,0.5416666666666666
2913,Two giraffes in a zoo enclosure eating leaves. ,mscoco,4309,408917,0.1,0.25
2914,A man in yellow shirt riding a white surfboard on wave.,mscoco,2672,403397,0.15,0.19444444444444442
2915,High flying jet plane as seen from ground on cloudy day.,mscoco,3168,708105,0.55,1.0
2916,Assortment of vases displayed on table at outdoor market.,mscoco,2503,814235,0.35,0.41666666666666663
2917,A bowl with a sandwich and wine bottles in the background.,mscoco,3170,195780,0.1,0.25
2918,A small bathroom with the toilet seat up and a white and blue towel hung on the wall. ,mscoco,5439,473125,0.05,0.08928571428571425
2919,a number of plates of food on a table near a wine glass,mscoco,2363,798353,0.2,0.375
2920,A clock can be seen on the exterior of a building.,mscoco,2532,652542,0.25,0.375
2921,"Pens, scissors, markers and other assorted clerical tools.",mscoco,5765,3401,0.2,0.29166666666666663
2922,A baseball player getting ready to swing at the ball. ,mscoco,5557,88058,0.05,0.06498951781970645
2923,A cat sitting on top of the passenger seat of a car.,mscoco,4762,7386,0.35,0.5714285714285714
2924,A man in a suit and tie standing behind a table.,mscoco,2596,136423,0.0,0.042380952380952346
2925,A hawk sitting on top of a speed limit sign,mscoco,1819,111720,0.1,1.0
2926,Engine and very long freight train at a siding.,mscoco,5520,525686,0.0,0.06468531468531465
2927,a white horse with a white cover and some grass,mscoco,5236,673509,0.0,0.06018518518518515
2928,a group of people riding in a horse drawn carriage,mscoco,659,262951,0.6000000000000001,1.0
2929,Several people standing by surfboards on a beach.,mscoco,4519,251569,0.1,0.5161290322580645
2930,A bus is shown with a line of people next to it.,mscoco,2307,435299,0.44999999999999996,0.75
2931,Women eating bananas at a large table ,mscoco,5413,679277,0.05,0.5018050541516245
2932,A cat laying on a blanket at the end of a bed.,mscoco,3533,574282,0.2,0.625
2933,Many motor bikes are parked along a city street.,mscoco,3155,259876,0.95,1.0
2934,Three blue vases with yellow flowers on a tablecloth.,mscoco,3416,657073,0.1,0.6
2935,A cat is standing with its head against a door.,mscoco,3525,480118,0.2,0.55
2936,A large black and gold clock with a statue on top,mscoco,3703,419823,0.0,0.02704530087897225
2937,a giraffe putting its head on another giraffe ,mscoco,4906,426120,0.25,0.5625
2938,A man stands with a child playing in a park.,mscoco,5552,759030,0.1,0.20833333333333331
2939,Yellow flowers are placed in a vase on a marble table.,mscoco,1297,822256,0.1,0.12698412698412695
2940,Two women are holding a large bowl filled with donuts.,mscoco,5152,679568,0.1,1.0
2941,A large bedroom with art over the bed,mscoco,2715,91092,0.25,0.26666666666666666
2942,a tennis player swinging a racket at a ball,mscoco,445,734600,0.3,0.41666666666666663
2943,A kitchen with white cabinets and stainless steel stove.,mscoco,2452,760550,0.05,0.2727272727272727
2944,A balcony with bells and a clock over top of a Great Britain flag.,mscoco,3437,371245,0.1,0.625
2945,Back view of a skier with red skis on the snow.,mscoco,974,135229,0.0,0.00104862521117805
2946,An old record player sits on a table.,mscoco,726,198355,0.4,1.0
2947,"Long stemmed plant with flowers, white wall and stone floor.",mscoco,3779,99910,0.05,0.06985294117647055
2948,an image of a table of bananas for sale,mscoco,2833,246033,0.8,1.0
2949,A man standing next to a blond woman in a tux.,mscoco,4907,580990,0.2,1.0
2950,A rainbow of kayaks arrayed on the sand flats at the water's edge.,mscoco,3641,184076,0.1,0.29166666666666663
2951,Young girl playing with a soccer ball inside the house.,mscoco,5161,736403,0.1,0.375
2952,a bathroom with a toilet and shower inside of it ,mscoco,3185,774508,0.35,0.5714285714285714
2953,A small child is holding a toothbrush while lying down.,mscoco,5569,553337,0.35,0.55
2954,A cat curled up asleep in an open backpack.,mscoco,2160,369116,0.2,0.25
2955,An older man and a small child sitting together with the small child pushing buttons on a flip style cellular phone the man is holding.,mscoco,3568,258661,0.1,0.5833333333333333
2956,Man and young boy posing for photo during ski outing.,mscoco,5769,796228,0.45,1.0
2957,Professional baseball player swinging at the ball during a game. ,mscoco,814,430468,0.25,0.375
2958,A group of zebra standing in a grass field.,mscoco,3987,435434,0.6000000000000001,0.75
2959,Keeper holding a soccer ball while other players walk around him. ,mscoco,4789,86388,0.15000000000000002,0.5555555555555556
2960,A group of skiers pose for a picture.,mscoco,2284,603337,0.9,1.0
2961,An old green truck with a cover partially on it.,mscoco,3115,504440,0.2,0.5714285714285714
2962,a lot of old suitcase out side of a building,mscoco,4931,125697,0.15000000000000002,0.75
2963,A dated kitchen is ready for an upgrade.,mscoco,5988,171955,0.2,0.75
2964,Articulated bus and taxi in light traffic crossing an intersection.,mscoco,2839,515500,0.05,0.5007246376811594
2965,"A street sign that says, ""Schwalbenstrasse"" in Germany. ",mscoco,3926,580993,0.05,0.5128205128205128
2966,A modest living room is lit by two lamps.,mscoco,5715,60417,0.1,0.5555555555555556
2967,a train car parked in a train yard,mscoco,473,765683,0.1,0.5833333333333333
2968,A train sitting on the tracks at night.,mscoco,2102,796921,0.6499999999999999,1.0
2969,a woman is riding a bicycle down a street,mscoco,318,790993,0.6,1.0
2970,A brown bear walking across a snow covered field.,mscoco,1417,480534,0.1,1.0
2971,A yellow and blue train stationary at a train station.,mscoco,2049,122859,0.1,0.1547619047619047
2972,Small television and desk with computer in room with hardwood floors,mscoco,4601,130560,0.0,0.0049822899330004
2973,A female tennis player backhands a tennis ball.,mscoco,3289,375285,0.05,0.07502569373072965
2974,An ocean beach crowded with swimmers and sunbathers,mscoco,2094,691600,0.6499999999999999,0.75
2975,an image of a kitchen setting with steel bench,mscoco,4052,239496,0.15000000000000002,0.6666666666666666
2976,A suit and hat are depicted hanging against a stark white background.,mscoco,1047,66271,0.1,0.75
2977,A woman talking on a cell phone while holding a bowl of cereal.,mscoco,2217,799962,0.1,1.0
2978,Three fireman test the fire hose on the truck. ,mscoco,5438,517982,0.1,0.75
2979,A tennis player jumps to return the ball to his opponent.,mscoco,103,789026,0.2,0.75
2980,People are standing at a busy city crosswalk.,mscoco,2794,329237,0.35,1.0
2981,A truck is stopped at a red light in an intersection.,mscoco,4642,44832,0.05,0.28846153846153844
2982,"Fried stuffed chicken legs, carrot salad and cucumbers",mscoco,2313,210783,0.1,0.5833333333333333
2983,A fire hydrant with a pair of eye stickers making a face on it.,mscoco,11,514968,0.15000000000000002,0.625
2984,Baseball players playing a game of baseball in front of a crowd.,mscoco,3502,51447,0.35,0.75
2985,A man swinging a tennis racket at a ball.,mscoco,2319,290771,0.6000000000000001,0.6666666666666666
2986,Two businessmen are sitting at a table looking at a cell phone.,mscoco,1048,32394,0.1,0.625
2987,A large building displays a figure and clock.,mscoco,2500,57322,0.15,0.5384615384615384
2988,A herd of zebras grazing in an open field.,mscoco,219,649132,0.65,0.75
2989,Toilet with no lid in corner of bathroom with bottle sitting on back,mscoco,5720,601021,0.0,0.0167189132706374
2990,Two adult giraffes and a child giraffe standing near a tree. ,mscoco,5431,484452,0.0,0.05128205128205125
2991,A black and white photo of pedestrian traffic at an airport.,mscoco,4226,633996,0.05,0.07936507936507936
2992,a desk with a laptop and monitor connected with a keyboard ,mscoco,5493,50831,0.30000000000000004,0.35
2993,Large number of motorcyclists all wearing the same style clothing. ,mscoco,5310,723744,0.0,0.0040748587570621
2994,"A pizza with meat, cheese and tomato sauce.",mscoco,2857,695297,0.25,0.3125
2995,A cat is asleep on top of a bed.,mscoco,5270,708891,0.65,0.75
2996,A small brown and red bird sitting on a wire by an apple tree.,mscoco,1787,629018,0.2,1.0
2997,A small teddy bear is sitting by the pillow on the bed.,mscoco,2201,633798,0.44999999999999996,1.0
2998,A young person attempts to skateboard along the wall.,mscoco,918,56927,0.05,0.25555555555555554
2999,a person in full ski gear standing on skis,mscoco,5167,399049,0.3,0.35
3000,Two zebras are grazing in an open field of grass.,mscoco,4623,661604,0.05,0.1833333333333333
3001,A skateboarder does a trick at the top of the ramp.  ,mscoco,5546,272975,0.25,0.29166666666666663
3002,A large passenger jet laying on an airport runway.,mscoco,5518,205510,0.2,0.41666666666666663
3003,A mother and child flying a kite in a field,mscoco,3756,549375,0.15000000000000002,0.5714285714285714
3004,A man holding a surf board while standing on rocks at the ocean,mscoco,2162,739518,0.15,0.1735159817351598
3005,"Several lunch items on a table, including a sandwich, and apple, macaroni and cheese, and two drinks.",mscoco,4879,636195,0.1,0.5714285714285714
3006,A large tall building with a clock on top.,mscoco,1000,459252,0.6,1.0
3007,A grey picnic table with umbrella is placed in front of a row of food trucks.,mscoco,1525,370804,0.1,1.0
3008,A woman in a green tank top holds a pink Frisbee.,mscoco,2709,265259,0.1,1.0
3009,A baseball player holding a bat next to home plate.,mscoco,235,703734,0.15000000000000002,0.3333333333333333
3010,Antique military plane sits on beach near open waters.,mscoco,5289,796316,0.1,0.5625
3011,A person on a bike on a city street.,mscoco,5892,528542,0.4,0.6
3012,Female tennis player lunges forward aiming to hit the ball. ,mscoco,3261,51991,0.25,0.3214285714285714
3013,A family that is walking the street holding black umbrellas.,mscoco,1056,381197,0.1,0.375
3014,A black and yellow bird perched on a branch.,mscoco,986,289425,0.6499999999999999,1.0
3015,A tall clock is in front of a building.,mscoco,2427,559634,0.15,0.25342465753424653
3016,Two men in shorts and baseball caps play Frisbee.,mscoco,2231,814751,0.0,0.0122222222222222
3017,A gray cat is stretched out on a blanket.,mscoco,542,130632,0.05,0.11315789473684211
3018,A man on a skateboard about to land a trick.,mscoco,2499,39128,0.1,0.22916666666666666
3019,Two tabi cats laying on a red suitcase on a bed.,mscoco,4417,418021,0.1,0.75
3020,A small boat sitting on top of a beach near water.,mscoco,5731,289157,0.30000000000000004,0.1964285714285714
3021,A beach with several row boats at the shore.,mscoco,2448,525515,0.4,0.225
3022,Several green buses parked in a parking lot with people walking by,mscoco,4196,314049,0.1,0.29166666666666663
3023,Person on skateboard on sidewalk passing newspaper boxes.,mscoco,5038,554673,0.05,0.17857142857142855
3024,a dog wearing a lifejacket while surfing in the water,mscoco,4256,809830,0.8,1.0
3025,Two adult elephants and a calf inside their enclosure.,mscoco,2192,638058,0.1,0.21666666666666667
3026,A cat lays next to the keyboard of a laptop.,mscoco,1866,20221,0.9,1.0
3027,Group of people walking on a busy city street center. ,mscoco,2212,400412,0.0,0.0839160839160839
3028,A bed sits in a dim lit room with sheer curtains.,mscoco,1317,447825,0.05,0.12179487179487175
3029,A modern residential bathroom with walk in shower,mscoco,800,188198,0.44999999999999996,0.6666666666666666
3030,Photo of kitchen with stainless accessories and an island with books.,mscoco,1093,99316,0.05,0.16725559481743227
3031,A person is walking with an open umbrella near a large dog.,mscoco,1401,180876,0.15,0.5058823529411764
3032,A man in a red jacket holding onto two tennis rackets. ,mscoco,77,3760,0.1,0.375
3033,A red car and a white sheep.,drawbench,15,15,0.0,0.00033653785206717797
3034,Kites and banners with grass and crowd in park,mscoco,3393,472817,0.05,0.09316770186335399
3035,"Shelf with bird, vase, tin and picture frame.",mscoco,1799,29018,0.1,1.0
3036,A dog sits on an animal-print cushion and chews a toy.  ,mscoco,2507,208370,0.1,0.26666666666666666
3037,A herd of giraffe standing on top of a lush green field.,mscoco,1644,606014,0.15000000000000002,0.26666666666666666
3038,A small group of horses graze in an open field.,mscoco,803,40036,0.6499999999999999,1.0
3039,A man swinging a baseball bat during a baseball game.,mscoco,4561,109073,0.30000000000000004,0.5833333333333333
3040,A man jumping in the air with a skateboard.,mscoco,5234,237997,0.4,0.75
3041,A man and woman playing a Wii game while others watch. ,mscoco,2626,233818,0.05,0.11666666666666665
3042,A pair of parking meters in front of a parking lot.,mscoco,3945,322085,1.0,1.0
3043,Gold clock stand in a large stone building.,mscoco,4258,244384,0.1,0.1818181818181818
3044,A small elephant standing next to a bush.,mscoco,4023,153540,0.30000000000000004,0.3333333333333333
3045,A man with a guitar case in front of a store talking on a  phone,mscoco,4499,287502,0.05,0.5172413793103448
3046,"A ""blue"" stop sign on a street corner near a parking lot.",mscoco,2480,378042,0.1,0.5454545454545454
3047,A woman hitting a tennis ball with a tennis raquet on the court,mscoco,624,99350,0.15,0.27941176470588236
3048,A yellow train is pulling many dark cars with it.,mscoco,4965,297563,0.15,0.5055555555555555
3049,A green vase with white flowers in sitting on a counter. ,mscoco,4812,798853,0.2,0.3214285714285714
3050,Man in pink shirt and jeans sitting on a blue bench. ,mscoco,207,248591,0.1,0.6666666666666666
3051,A very cute bed room with a bed and a couch.,mscoco,530,339744,0.0,0.01785714285714285
3052,A street sign with pictures of frogs on them,mscoco,85,332937,0.0,0.01616437432578205
3053,A carrot on the left of a broccoli.,drawbench,128,128,0.0,2.6979618958955294e-05
3054,A brown and white cow in a field of grass and yellow flowers.,mscoco,2554,685605,0.05,0.1732456140350877
3055,A group of motorcyclists waiting at the beginning of a track.,mscoco,168,47324,0.05,0.26162790697674415
3056,A bathroom with black tile and a blue shower curtain.,mscoco,3143,151009,0.0,0.0379818594104308
3057,A black cat is sitting on an office chair.,mscoco,2410,358317,0.55,1.0
3058,Two large giraffes stand together at a zoo,mscoco,5213,293232,0.3,0.3333333333333333
3059,Two women smile with a man sitting in a hospital bed.,mscoco,2169,520358,0.1,1.0
3060,A solid white cat laying on a blue blanket.,mscoco,3122,281244,0.1,0.20833333333333331
3061,A man in a red shirt stands next to a yellow drink mixer.,mscoco,1510,487549,0.1,1.0
3062,A dorm or apartment bedroom is pictured with posters and a computer.,mscoco,4045,80254,0.2,0.29166666666666663
3063,A pitcher throwing a baseball in front of a crowd.,mscoco,101,265173,0.2,0.3125
3064,A man and woman pose with a dog wearing a hat.,mscoco,4332,321865,0.05,0.5357142857142857
3065,A man in glasses is holding a wine bottle next to a woman with a wine glass.  ,mscoco,3225,631551,0.1,0.29166666666666663
3066,The small bathroom floor is currently under construction.,mscoco,887,334551,0.35,0.625
3067,A man standing by a horse drinking water. ,mscoco,3837,236217,0.05,0.06432748538011696
3068,Four tennis players are competing on a tennis court.,mscoco,5843,788145,0.35,1.0
3069,A man in a green tee holding an umbrella,mscoco,4645,397698,0.1,0.75
3070,A little girl playing with a base ball and glove,mscoco,3001,639034,0.15000000000000002,1.0
3071,A traffic sign is next to green foliage.,mscoco,312,82232,0.05,0.14583333333333331
3072,A baseball player is attempting to hit the ball. ,mscoco,1212,680147,0.25,0.625
3073,View of kitchen shows microwave across from refrigerator.,mscoco,807,361713,0.15,0.08522727272727271
3074,Long distance shot of boat traveling through open bay in front of an island.,mscoco,4653,657155,0.2,0.75
3075,A black and white cat sleep in a bowl on a counter.,mscoco,3202,518507,0.25,0.5
3076,A teddy bear lying on a bed with a bird themed cover.,mscoco,4820,513508,0.1,0.75
3077,A plate of cheesey pizza on a blue plate,mscoco,75,315554,0.2,0.5128205128205128
3078,A large animal-like kite is flown at a crowded park.,mscoco,3863,665134,0.1,0.09027777777777775
3079,A giraffe and a Zebra are together in a fenced area. ,mscoco,120,328060,0.05,0.5084745762711864
3080,A yellow and blue bus parked in front of a building.,mscoco,1294,587385,0.35,0.6666666666666666
3081,Fresh carrots on cabbage leaves on a formal place setting,mscoco,3193,561083,0.1,0.75
3082,A kitchen with a white refrigerator freezer next to a microwave.,mscoco,4702,460907,0.05,0.27777777777777773
3083,People standing next to an old fashioned locomotive.,mscoco,875,49844,0.4,0.75
3084,An unmake bed has white covers and is near a wood dresser.,mscoco,805,467643,0.05,0.1121951219512195
3085,Man in colorful shorts surfing on a surfboard.,mscoco,5426,91797,0.1,0.2
3086,The long steam train sits at the station.,mscoco,3811,352943,0.0,0.05186480186480185
3087,A large white bus driving down a street next to a sign.,mscoco,174,717253,0.1,0.1422413793103448
3088,A beach with various people in water or flying kites.,mscoco,3980,202348,0.7,1.0
3089,A cat drinking water out of a plastic cup.,mscoco,395,233882,0.30000000000000004,0.25
3090,A white stove top oven sitting in a kitchen next to a doorway.,mscoco,4970,517264,0.0,0.017991239048810947
3091,A person is snowboarding in a snowy wooded area.,mscoco,3353,413081,0.4,1.0
3092,There are people that are walking on the street,mscoco,2732,255308,0.2,0.2857142857142857
3093,Several people gather on a beach and fly kites,mscoco,3260,455750,0.95,1.0
3094,An orange suitcase sits alone on a city street.,mscoco,4708,71154,0.05,0.5333333333333333
3095,A group of people in green canoes on a river. ,mscoco,1088,412995,0.15000000000000002,0.1964285714285714
3096,A bear hugging another bear on a rock in the river ,mscoco,1497,525107,0.2,0.6
3097,This is a bus with a massive advertisement on the side.,mscoco,4401,827864,0.6000000000000001,1.0
3098,a boy on a skate board doing a trick on a rail,mscoco,3266,347843,0.3,0.5833333333333333
3099,A woman standing next to a bag of luggage in a  kitchen.,mscoco,4799,355331,0.1,0.5
3100,Horses grazing on grass in high altitude field.,mscoco,2611,656894,0.35,0.625
3101,crowd of people looking at hundreds of kites,mscoco,4999,286610,0.35,1.0
3102,A baseball player hitting a ball in a game.,mscoco,3541,746476,0.35,0.5
3103,Boats on a canal of water going between rows of buildings.,mscoco,2493,199284,0.5,1.0
3104,a close up of a person talking on a cell phone,mscoco,1544,503145,0.30000000000000004,1.0
3105,Children eating pizza at a child's birthday party.,mscoco,4012,712831,0.55,1.0
3106,many different wooden boxes suitcases  stacked on top of each other,mscoco,3315,613641,0.35,0.6666666666666666
3107,Ski instructor wearing bright red ski suit with five small children on snow boards,mscoco,5053,185024,0.0,0.061583577712609944
3108,A photo of a street between two buildings.,mscoco,525,382724,0.1,0.53125
3109,A pair of surfers carry their boards along the shore.,mscoco,3897,811533,0.7,1.0
3110,A close up of two bananas and several oranges.,mscoco,5235,402168,0.05,0.25581395348837205
3111,Man riding a wave on a surf board.,mscoco,2048,65550,0.55,1.0
3112,Two people that are walking with snow skis on.,mscoco,1709,191930,0.7,0.75
3113,A family sitting down at a table in a restaurant.,mscoco,4318,8172,0.25,0.625
3114,Cattle drink water at a shaded stream under the trees.,mscoco,3791,424460,0.15000000000000002,0.3333333333333333
3115,A laptop computer on a desk with strips of crepe paper on the keyboard ,mscoco,1153,587805,0.0,0.00768921788030065
3116,An airplane parked at the loading dock in an airport.,mscoco,5850,318852,0.2,0.5555555555555556
3117,This is an image of a clock tower next to a lake.,mscoco,2414,47232,0.35,0.75
3118,An elderly couple celebrate a birthday in a restaurant with a cake and candle.,mscoco,4807,663427,0.1,0.75
3119,a person is skiing down the slopes on skis,mscoco,4771,177915,0.6499999999999999,1.0
3120,A table with doughnuts and flowers in vases ,mscoco,3646,670177,0.2,0.41666666666666663
3121,A young person runs along the bases in a baseball game.,mscoco,607,630745,0.25,0.5147058823529411
3122,An older woman rides a bicycle on a brick street.,mscoco,5495,504935,0.1,0.5
3123,A red and white painted fire plug on the sidewalk.,mscoco,752,783994,0.1,0.625
3124,A private sized airplane that is on a runway. ,mscoco,5367,17208,0.25,0.41666666666666663
3125,a group of zebras standing next to a wire fence,mscoco,2669,313189,0.1,0.6666666666666666
3126,a black and white picture of an intersection from above.,mscoco,3468,244942,0.15000000000000002,0.6666666666666666
3127,A tennis player preparing to hit the tennis ball.,mscoco,1679,109893,0.15,0.2857142857142857
3128,Adults and children sitting on a bench outside with a dog.,mscoco,5914,80767,0.15000000000000002,0.29166666666666663
3129,A living room is filled with mostly modern furniture.,mscoco,4418,718199,0.35,0.6666666666666666
3130,Two men play with a flying disc on an outdoor field.,mscoco,1181,572447,0.5,0.375
3131,Two street signs are displayed right next to a stop sign.,mscoco,249,642211,0.30000000000000004,0.75
3132,A surfer on his surfboard performing a move.  ,mscoco,4283,791295,0.3,0.5625
3133,A street sign shows drivers where to pay to park.,mscoco,5335,48224,0.0,0.024430455635491552
3134,some purple flowers are in a green vase,mscoco,2256,646975,0.0,0.03970588235294115
3135,Two chocolate glazed donuts and a twist pastry on a white plate.,mscoco,5037,90044,0.05,0.0849420849420849
3136,A Sharp white colored microwave on a tabletop,mscoco,3228,792811,0.15000000000000002,0.6
3137,A bright orange flower sits in a blue vase.,mscoco,3154,811532,0.2,1.0
3138,Three men competing in a down hill snow board race. ,mscoco,3487,188445,0.05,0.504
3139,A sandwich and french bread sit on a cutting board with an apple.,mscoco,4913,381428,0.1,1.0
3140,Two toilets sitting next to each other in a  bathroom.,mscoco,4884,690311,0.6,0.75
3141,A group of people in room playing a game with Nintendo Wii controllers.,mscoco,3151,359195,0.5,0.625
3142,A man with a beard glasses and hat in a blue shirt,mscoco,1526,100920,0.05,0.26
3143,A surfer is separated from his board as waves head toward him.,mscoco,3352,257872,0.0,0.0419580419580419
3144,"A bathroom showing sink, toilet, and shower ",mscoco,1421,482003,0.2,0.2572463768115942
3145,A train with several cars is on a train track. ,mscoco,5585,432119,0.0,0.02021800281293945
3146,An old red colored bus with union jack flags on it,mscoco,2359,792831,0.05,0.20238095238095236
3147,A snowboarder performing a trick off a snow covered log.,mscoco,833,378892,0.1,1.0
3148,A shower equipped for a physically challenged person with a shower chair,mscoco,4165,68358,0.1,0.625
3149,A group of people are on skateboards on an empty city street.,mscoco,2441,410878,0.15,0.28125
3150,A giraffe is standing in the grass under a palm tree.,mscoco,976,739803,0.05,0.2579365079365079
3151,Bathroom with pink walls and white toilet and sink,mscoco,3290,371609,0.1,0.6666666666666666
3152,Several rows of bicycles and scooters parked next to a street.,mscoco,5902,483231,0.7,0.75
3153,An aerial view of a park bench and trash can in the grass.,mscoco,5921,773666,0.1,0.5833333333333333
3154,A female tennis player gets ready to serve the ball. ,mscoco,4208,161056,0.15000000000000002,0.3
3155,A picture of a man skateboarding on the street.,mscoco,3569,115413,0.30000000000000004,0.625
3156,A skateboarder riding at the edge of a bowl.,mscoco,2323,779202,0.35,0.375
3157,a group of people sitting around a long table,mscoco,4793,158425,0.6499999999999999,0.75
3158,Two giraffes in a rock enclosure at a zoo.,mscoco,2475,233676,0.1,0.5333333333333333
3159,Group of people around laptops in coffee shop,mscoco,2074,371167,0.1,0.1833333333333333
3160,a number of zebras in a field with trees in the background,mscoco,1716,218930,0.44999999999999996,1.0
3161,Four people standing in a kitchen near an open box of a cake. ,mscoco,864,685373,0.1,0.375
3162,A laptop and books sitting on white sheets on a bed. ,mscoco,238,411963,0.15000000000000002,0.75
3163,A group of horses stand beside water and grass.,mscoco,2173,660458,0.25,0.75
3164,A team of small children play baseball behind a chain link fence.,mscoco,2401,672743,0.15,0.53125
3165,A giraffe is walking in a grass field.,mscoco,2546,488310,0.6,1.0
3166,three people sitting on a couch looking at their laptops ,mscoco,2595,423664,0.4,1.0
3167,Five people sitting around a large table using their laptops.,mscoco,2028,231871,0.15000000000000002,0.5555555555555556
3168,a girl is sitting on a bench with a brown purse,mscoco,4142,124186,0.0,0.06971153846153845
3169,Model airplane with an American insignia and stripes on wings.,mscoco,4055,512132,0.1,0.75
3170,"An adult elephant stands next to a small, baby elephant.",mscoco,4661,407786,0.5,1.0
3171,Two men on a blue boat with dog fishing.,mscoco,3456,279166,0.05,0.5454545454545454
3172,A man doing a trick on a skateboard inside a restaurant.,mscoco,1611,605914,0.2,1.0
3173,A floor looks rounded in a neat clean living room.,mscoco,3482,177240,0.1,0.6666666666666666
3174,"A den with chairs, a table, couch and television.",mscoco,1726,602492,0.15000000000000002,0.2222222222222222
3175,A man wearing a red shirt is eating a hot dog in a restaurant.,mscoco,1576,778117,0.0,0.030864197530864147
3176,Two people cross country skiing up a slope.,mscoco,840,199253,0.3,0.3333333333333333
3177,"A large plant-eating domesticated mammal with solid hoofs and a flowing mane and tail, used for riding, racing, and to carry and pull loads.",drawbench,84,84,0.0,0.01256127450980385
3178,A man in blue shirt windsurfing on ocean area.,mscoco,2216,346694,0.05,0.09375
3179,View of bananas freshly growing on the banana tree,mscoco,729,391985,0.9,1.0
3180,A laptop on top of a teddy bear.,drawbench,118,118,0.0,0.0
3181,A collection of teddy bears with a Christmas caroling theme. ,mscoco,5024,421897,0.65,1.0
3182,A water closet showing a toilet with open lid,mscoco,181,177541,0.35,0.375
3183,A street light clock with torches lit around it.,mscoco,994,28396,0.25,0.55
3184,A person about to surf of a surf board,mscoco,929,758069,0.25,0.6666666666666666
3185,Three dark brown doughnuts are on a plate.,mscoco,2879,764963,0.05,0.13125
3186,a group of cows grazing by the water,mscoco,31,757203,0.55,0.75
3187,A man is jumping up and catching a Frisbee in a group of men. ,mscoco,1686,711540,0.15,0.29545454545454547
3188,Competitors in a bicycle race passing through a town,mscoco,1464,65247,0.25,0.75
3189,A large airplane parked next to some vehicles.,mscoco,1250,323544,0.1,0.1875
3190,a large group of pigeons standing around a patio,mscoco,2251,247924,0.25,0.75
3191,A large white boat with blue writing sits near several flags and red and white umbrellas on a busy beach.,mscoco,4247,430541,0.05,0.5041666666666667
3192,A giraffe pokes its head through a cars sunroof.,mscoco,5985,383068,0.1,1.0
3193,A kitchen scene taken from a hallway looking at the table.,mscoco,770,132009,0.05,0.06190476190476191
3194,A room attached to a kitchen that contains a computer and a TV.,mscoco,4217,686503,0.0,0.00488691777366735
3195,A smiling couple cutting a white wedding cake.,mscoco,2269,648519,0.95,1.0
3196,A young person rides a snowboard down a hill.,mscoco,30,743133,0.1,0.53125
3197,A tin cup of noodles in water sitting in front of a computer.,mscoco,99,381969,0.1,1.0
3198,A large commercial kitchen with lots of appliances,mscoco,5063,409901,0.30000000000000004,0.75
3199,Several surfboards and people under ocean pier on beach.,mscoco,5070,208464,0.1,0.6666666666666666
3200,A market with wooden benches selling bananas and baskets,mscoco,5984,145780,0.05,0.2544247787610619
3201,Two people standing on a tennis court playing a game.,mscoco,3137,396853,0.5,1.0
3202,A large elephant standing in some tall grass.,mscoco,5994,73841,0.3,0.5
3203,"A metal street pole with illuminated walk image, no parking sign with a tow sign, one way sign, and turning lanes only sign with two curved arrows, with an awning, trees and office buildings behind.",mscoco,4200,539723,0.05,0.25925925925925924
3204,tractor drives by decorated statue of a cow,mscoco,2485,123658,0.1,1.0
3205,A street crossing sign with advertisements attached to a buildings in the background.,mscoco,620,782585,0.1,0.3333333333333333
3206,A man on a tennis court is playing tennis in front of a crowd.,mscoco,1977,221230,0.3,0.75
3207,A bowl of broccoli and white rice with a red sauce.,mscoco,4269,517237,0.05,0.2763157894736842
3208,A black and white fire hydrant sits on the street.,mscoco,1066,350683,0.2,0.29166666666666663
3209,Two people on skis standing on a snowy slope.,mscoco,1395,215651,0.7,0.41666666666666663
3210,A man wearing a blue and white striped t-shirt looks out a window while talking on a cell phone.,mscoco,1807,80429,0.0,0.0597402597402597
3211,A man and two women are looking at a laptop.,mscoco,3405,349142,0.05,0.0785714285714285
3212,An small airplane sitting on a runway with building in the background.,mscoco,1524,660721,0.1,0.5111111111111111
3213,A laptop computer on a desk with posters on the wall behind it.,mscoco,844,228304,0.05,0.1385135135135135
3214,a woman on an airplane eating from a bag of snacks ,mscoco,1745,181181,0.1,1.0
3215,Three people standing in the snow while one person wears a pair of skis,mscoco,4781,706495,0.55,0.6666666666666666
3216,A large jumbo jet flies through a cloudy sky.,mscoco,2477,189021,0.7,1.0
3217,City scape with harbor and boats in the foreground.,mscoco,2875,176857,0.8,1.0
3218,A surfer stands on the beach looking at the waves.,mscoco,4263,512052,0.25,0.6666666666666666
3219,A plate of cake and brownies sits in front of a plate of doughnuts.  ,mscoco,3017,252082,0.05,0.10625000000000001
3220,"Competitive snow skier in red, white and blue outfit.",mscoco,3412,388255,0.05,0.106060606060606
3221,Two zebras are standing in an enclosure behind a fence.,mscoco,5937,18563,0.3,0.5454545454545454
3222,A child holding a large slice of cheese pizza.,mscoco,699,448745,0.75,0.6666666666666666
3223,A vase with red to orange flowers on a table,mscoco,2057,137923,0.05,0.0685185185185185
3224,a white plate with some meat mushrooms and vegetables,mscoco,1143,368620,0.2,0.5333333333333333
3225,Male tennis player holding racket with two hands in mid-swing.,mscoco,1222,765433,0.05,0.0706967213114754
3226,A hitter prepares to swing as the ball approaches the plate.,mscoco,1387,664416,0.3,0.5833333333333333
3227,a large tower with a clock inside of a church,mscoco,3869,536869,0.0,0.0084865196078431
3228,Zebras and giraffes eat and rest on an open plain.,mscoco,1590,255323,0.05,0.1757575757575757
3229,A bedroom with a sunflower blanket on a blue bedspread.,mscoco,2821,573456,0.1,1.0
3230,A sign that says 'Diffusion'.,drawbench,187,187,0.0,0.0
3231,Popular area next to waterway with many kites in air.,mscoco,5412,748816,0.15,0.5128205128205128
3232,A small fishing boat in the ocean .,mscoco,5311,370649,0.4,0.26666666666666666
3233,A boy wearing green playing tennis while people watch.,mscoco,1793,258406,0.0,0.04223227752639515
3234,A woman holds a pink bag with over sized eyes.,mscoco,64,170691,0.1,1.0
3235,A plate of stir fry is ready to be eaten.,mscoco,3508,618955,0.44999999999999996,0.5
3236,A man is holding three used wine glasses. ,mscoco,277,232153,0.05,0.5238095238095238
3237,Three young women are swimming on their surfboards.,mscoco,2324,629818,0.1,0.5714285714285714
3238,a white cat sleeping in a wicker chair covered with a blanket,mscoco,923,157797,0.1,0.75
3239,Large tree with wooden picnic bench in wilderness area,mscoco,5976,371077,0.05,0.504950495049505
3240,A person pouring a bottle of wine into a glass.,mscoco,2723,531648,0.45,0.75
3241,A large commercial airplane flying in a clear sky,mscoco,636,95754,0.44999999999999996,0.41666666666666663
3242,A person wiping out on a surfboard on a wave.,mscoco,5936,453431,0.2,0.2
3243,A sub roll is stuffed with sliced and fried meat with sauce.,mscoco,2923,31450,0.05,0.05555555555555555
3244,Large zebra standing near a tree in a zoo like environment,mscoco,5098,164812,0.05,0.2692307692307692
3245,several surfers are at the beach in the ocean,mscoco,2338,304516,0.7,0.625
3246,"A desk with a monitor, laptop, mouse and books on it. ",mscoco,4041,812861,0.05,0.06666666666666665
3247,Photo of a mega Lego space station inside a kid's bedroom.,drawbench,167,167,0.0,9.11887956159019e-06
3248,A group of people sitting around a dinner table.,mscoco,2301,787353,0.75,0.75
3249,Cat drinking water from a sink in a bathroom.,mscoco,5146,795352,0.4,1.0
3250,A giraffe stretching its head over a log to eat weeds.,mscoco,5576,290930,0.0,0.0491293532338308
3251,"A wood desk with a laptop computer, wireless keyboard and mouse and vase.",mscoco,2718,178354,0.0,0.06269592476489025
3252,A rural road is occupied by farm vehicles. ,mscoco,5203,282018,0.2,1.0
3253,A clock tower with a steeple and a bell on it in a town square.,mscoco,5588,610349,0.0,0.06818181818181815
3254,A man is surfing in a river while another person watches.,mscoco,144,717658,0.35,0.6666666666666666
3255,a pair of metallic scissors are on a white table,mscoco,2379,717667,0.25,0.75
3256,Two girls sitting on blanket near water with umbrella. ,mscoco,1884,814541,0.1,1.0
3257,A bowl of ramen soup sits on a table.,mscoco,1774,644501,0.4,0.625
3258,Skateboarder airborn while his feet remain on the board.,mscoco,4386,389802,0.05,0.05581395348837205
3259,A black and white picture of several buses driving down a street.,mscoco,1,592015,0.15000000000000002,0.1875
3260,Snowboarder performing a trick midair during a run.,mscoco,1710,713112,0.7,1.0
3261,A small bird is perched on a branch in a tree.,mscoco,1737,497771,0.95,1.0
3262,A view of a baseball game with many players on the field.,mscoco,3944,726626,0.6,0.75
3263,"Voodoo donuts are decorated unconventionally, such as with Froot Loops.",mscoco,3942,406384,0.05,0.5053763440860215
3264,Two giraffes standing by a tall pole with trees in the background.,mscoco,3021,87224,0.05,0.20833333333333331
3265,A woman in a tennis outfit about to hit a ball with a racquet.,mscoco,3967,70452,0.1,0.13888888888888884
3266,a picture of big ben and a subway sign,mscoco,4324,460731,0.1,0.25
3267,"Kitchen with view of stainless stove, stainless sink, white countertop and white flour with black spots.",mscoco,5790,55771,0.0,0.013478473581213301
3268,Police officers on motorcycles on roadway with large patriotic flags on back of motorcycles at outdoor event.,mscoco,5487,709844,0.15000000000000002,0.1964285714285714
3269,"Foreign sign in water reads ""Sok Kwu wan First Street""",mscoco,5240,372461,0.1,1.0
3270,A man on a beach holding a surf board.,mscoco,5144,187765,0.55,0.75
3271,Two people with sports equipment are skiing on the snow.,mscoco,2517,368076,0.6499999999999999,1.0
3272,"a plate full of turkey, vegetables, cranberry sauce, and stuffing",mscoco,5391,630136,0.5,1.0
3273,A yellow stuffed bear sits on a child's bed by a pillows. ,mscoco,224,486529,0.55,1.0
3274,A cell phone and a transaction receipt on a blue and gold damask cloth.,mscoco,773,821280,0.1,1.0
3275,there is a skier with a purple uniform in the air,mscoco,2917,305692,0.1,0.6666666666666666
3276,A man with glasses is sitting in his bed with his cat below.,mscoco,4399,548551,0.25,0.6666666666666666
3277,The baseball player hits the ball with a strong swing.,mscoco,2240,297121,0.15000000000000002,0.5833333333333333
3278,A bowl with food sitting next to two glasses.,mscoco,3123,776830,0.0,0.0171296296296296
3279,Wart hogs and zebras eating grass near each other,mscoco,4478,487250,0.05,0.5192307692307692
3280,Bird covers its young chick while in the tall grass of a marsh.,mscoco,4882,236295,0.05,0.06974637681159421
3281,Colorful food truck stopping for customers to order from,mscoco,5556,55964,0.05,0.1333333333333333
3282,A dog sits in a basket on a bike.,mscoco,3025,499972,0.5,1.0
3283,a man is riding on a board at the beach,mscoco,1798,705951,0.25,0.5
3284,A modern style bathroom with blue tile and white fixtures.,mscoco,3910,376166,0.8,1.0
3285,A zebra to the right of a fire hydrant.,drawbench,133,133,0.0,0.0
3286,Person skateboarding on the edge of an arena design for skate boarding.,mscoco,1408,371888,0.1,0.21666666666666667
3287,An empty apartment room with a bed and computer desk.,mscoco,2397,168816,0.0,0.0839160839160839
3288,Wooden desk and cabinet unit and electronics in an occupied hotel room.,mscoco,3936,201696,0.25,0.2857142857142857
3289,A United Airlines jet flying in the blue sky.,mscoco,3862,352546,0.05,0.5121951219512195
3290,"A plate of food with broccoli, radishes, rice and chips.",mscoco,4714,246358,0.05,0.2647058823529411
3291,A zebra is standing in an enclosure in a zoo.,mscoco,5436,102913,0.7,0.41666666666666663
3292,Many sheep are inside a wire fence near a large hill.,mscoco,5418,189280,0.3,0.375
3293,A tennis player throws the ball up to serve.,mscoco,107,102708,0.35,0.5454545454545454
3294,A group of men are playing soccer on a grass field.,mscoco,2691,341196,0.35,0.23809523809523805
3295,A horse and foal in a fenced in field.,mscoco,1330,691040,0.15000000000000002,0.22916666666666666
3296,a building with a clock tower against a blue sky,mscoco,1870,303170,0.44999999999999996,1.0
3297,Cupcakes and other baked goods on a table for sale,mscoco,5214,126252,0.3,1.0
3298,A giraffe standing next to a small tree in the open plains ,mscoco,5340,43934,0.2,1.0
3299,A man wearing a yellow jacket and sunglasses snowboarding down a hill,mscoco,4395,612927,0.3,0.5833333333333333
3300,A black and white photograph of a messy living area.,mscoco,441,105962,0.05,0.1333333333333333
3301,Apples and oranges are displayed at a fruit market.,mscoco,618,59452,0.6,0.375
3302,A dog standing on the top of a couch in front of a window.,mscoco,3962,343500,0.25,1.0
3303,A statue is displayed next to some odd street signs.,mscoco,1885,654714,0.2,1.0
3304,hotdog bun with chili is held by food service worker,mscoco,5839,133881,0.1,1.0
3305,a group of people huddled together in a street holding umbrellas,mscoco,5745,506765,0.05,0.1583333333333333
3306,A man with sunglasses on standing next to a basket of tennis balls.,mscoco,3782,626282,0.1,0.6666666666666666
3307,A young girl kicking a soccer ball in a game,mscoco,3350,806793,0.7,1.0
3308,Biplane flying over blue ocean next to coastline.,mscoco,3992,184322,0.5,0.75
3309,A group of people on surfboards in the water.,mscoco,3766,340807,0.75,1.0
3310,A yellow and green train sitting idle on the railroad track,mscoco,3332,258844,0.15,0.0886699507389162
3311,A female tennis player on a tennis court leaning forward and holding a racquet low down,mscoco,5135,740118,0.05,0.11282051282051281
3312,Two giraffes standing on bare ground in a zoo. ,mscoco,2767,558919,0.05,0.2685185185185185
3313,A young woman is sitting on the steps in front of a building and talking on a cell phone.,mscoco,3282,447851,0.30000000000000004,0.75
3314,Black and white photograph of a bathroom area.,mscoco,3407,415290,0.35,0.75
3315,Black and white cat with black nose laying on bedspread.,mscoco,4284,54879,0.2,1.0
3316,Students operate notebook computers in the classroom. ,mscoco,5359,401348,0.25,0.75
3317,A stop sign with a bus route sign attached to it.,mscoco,2803,743764,0.05,0.2717391304347826
3318,A fruit stand has various fruits on the table.,mscoco,335,542735,0.5,0.75
3319,A small white dog on a wooden door step.,mscoco,4933,270848,0.1,1.0
3320,Two military personnel slicing a cake while others look on.,mscoco,892,277387,0.35,0.25
3321,A black and brown dog standing outside a door. ,mscoco,2520,658357,0.1,0.1214285714285714
3322,"A city block with people, cars, buses and a street vendor. ",mscoco,3628,510353,0.1,0.75
3323,A picture of a small garden with writing on the image.,mscoco,4996,553595,0.0,0.03857142857142855
3324,Four men playing doubles tennis on a court.,mscoco,1630,345656,0.05,0.1435185185185185
3325,A cheese pizza is shown on a table with a fork next to it.,mscoco,3238,717313,0.2,0.5625
3326,a person laying in the water beside a blue surfboard,mscoco,336,352205,0.1,0.1
3327,A desktop computer monitor sitting on top of a desk.,mscoco,2707,620273,0.6000000000000001,0.6666666666666666
3328,A young man is shown using a cell phone.,mscoco,5178,761504,0.4,0.5
3329,Toilet with black walls and cream flooring with photo,mscoco,5638,443013,0.05,0.11688311688311684
3330,a woman sitting in a car while holding onto a cake in a plastic container ,mscoco,2903,249677,0.1,1.0
3331,A boat sitting on a beach near the water.,mscoco,102,565372,0.65,0.41666666666666663
3332,A white plate serving a sandwich with greens.,mscoco,165,184797,0.30000000000000004,0.6
3333,A slice of berry bread on a plate with a fork next to it.,mscoco,1281,16804,0.1,0.6666666666666666
3334,A dish made of cauliflower and broccoli covered in sauce.,mscoco,1980,17356,0.05,0.53125
3335,A fire engine inside or in front of a fire station.,mscoco,4132,183420,0.15,0.5357142857142857
3336,"The  photo is taken from inside the airport,  airplane is standing at the gate.",mscoco,3580,218659,0.15000000000000002,0.3333333333333333
3337,"Group sitting on park bench in front of traffic and ""Carlton Audio Visual"" store",mscoco,5273,371444,0.05,0.5227272727272727
3338,An distance view of a baseball player preparing to hit the ball.,mscoco,5909,182696,0.1,0.13888888888888884
3339,A white and brown toilet with portions removed.,mscoco,1378,187493,0.1,0.15555555555555556
3340,A group of elephants is pictured in a grassy area.,mscoco,1380,717077,0.95,1.0
3341,Man demonstrating horse back riding safety by wearing a helmet. ,mscoco,4069,389818,0.05,0.08760683760683755
3342,a black vanity top sink toilet and mirror,mscoco,2988,713069,0.35,0.625
3343,Runner at 1st base ready to run to 2nd.,mscoco,4437,401644,0.0,0.02128838239949345
3344,A soccer goalie guards the goal and watches the ball. ,mscoco,5548,616232,0.25,0.75
3345,People flying and watching kites at a park,mscoco,2395,588593,0.6499999999999999,1.0
3346,Two Zebras are standing near some rocks. ,mscoco,302,779735,0.25,1.0
3347,some children are around a chocolate cake with three candles,mscoco,5232,122945,0.05,0.5238095238095238
3348,Batter at plate preparing to swing during game in stadium.,mscoco,5231,295775,0.1,0.5833333333333333
3349,A variety of fruit on display for sale,mscoco,5385,256085,0.75,0.6
3350,"Large, tusked elephant in dry grass under trees",mscoco,5465,229178,0.2,0.625
3351,Oranges sit together in a bowl in the light. ,mscoco,4611,298193,0.8500000000000001,1.0
3352,A green double decker bus on road next to waterfall.,mscoco,3767,602246,0.2,1.0
3353,A man holding a pair of skis and a ski pole.,mscoco,4974,709756,0.15000000000000002,0.3
3354,A snow boarding area covered with snow in winter.,mscoco,2228,49850,0.0,0.02852650494159925
3355,A close-up of two cows standing in the dirt.,mscoco,408,131950,0.2,0.6666666666666666
3356,Large sandwich with beverage seen on paper wrapper.,mscoco,2891,634880,0.1,0.20833333333333331
3357,A man standing in a kitchen while preparing food.,mscoco,1872,217708,0.55,0.75
3358,A man flying a kite over a sandy beach.,mscoco,3753,785011,0.7,0.75
3359,Sculpture of thin white dog on a park bench.,mscoco,3474,60651,0.2,1.0
3360,A dog looks at the camera while sitting on the couch.,mscoco,5947,341251,0.2,1.0
3361,a brown bear with wet fur walking in a grass field.,mscoco,4432,247449,0.15,0.5416666666666666
3362,A man on a moped pulling a cart with two people.,mscoco,1862,620004,0.0,0.042063492063492
3363,A green and blue fire hydrant sitting on a sidewalk.,mscoco,209,494959,0.1,0.75
3364,A man is riding a surfboard on the water.,mscoco,2780,558363,0.44999999999999996,0.75
3365,A small dog is in a vehicle safety harness.,mscoco,2881,709411,0.15000000000000002,0.6
3366,A coffee drink and a plate of croissants.,mscoco,2844,813229,0.15000000000000002,0.75
3367,A man in a yellow shirt rides a skate board.,mscoco,3993,646808,0.25,0.375
3368,a clock on a tower of a castle,mscoco,2985,339318,0.35,0.6
3369,A small table with a laptop computer and a chair in front of it.,mscoco,2045,409315,0.1,0.22916666666666666
3370,A man that is holding two suitcases over his head.,mscoco,3022,570857,0.05,0.27941176470588236
3371,A man and woman are standing in skis on a mountain.,mscoco,1288,454022,0.65,1.0
3372,A group of flowers in a vase on a table.,mscoco,580,809153,0.30000000000000004,0.29166666666666663
3373,A crowd of people standing on a beach flying a kite.,mscoco,4252,151210,0.75,1.0
3374,"A dual monitor station also hosts a cup of coffee, water, and a thin keyboard with a mouse.",mscoco,1433,332145,0.05,0.10467289719626166
3375,A man surfs on a surfboard on a lake.,mscoco,5301,826407,0.30000000000000004,0.1964285714285714
3376,A pasta noodle dish with chicken and vegetables,mscoco,229,313616,0.4,0.75
3377,"A green and white traffic sign reading ""sunnydale"" and a traffic light.",mscoco,200,373652,0.1,1.0
3378,Two giraffes standing in a stone fence enclosure.,mscoco,5656,557810,0.25,0.5238095238095238
3379,A young boy in a red shirt looking at a cell phone,mscoco,1912,398697,0.1,0.5625
3380,Greek statue of a man tripping over a cat.,drawbench,156,156,0.05,0.1026178010471204
3381,A double decker sightseeing tour bus in London. ,mscoco,1042,658272,0.44999999999999996,1.0
3382,A photo of a stop sign at an intersection.,mscoco,1854,556603,0.25,0.2121212121212121
3383,A older man wearing a hat and riding a white scooter.,mscoco,503,373070,0.1,0.75
3384,"Graffiti reading ""War"" painted onto a street stop sign",mscoco,4109,166169,0.6,1.0
3385,A shot of an aging Michael J. Fox at the TV Land Awards. ,mscoco,5722,436936,0.1,1.0
3386,A gray elephant is standing in a park enclosure.,mscoco,2761,358236,0.25,0.41666666666666663
3387,"A plate of food with carrots, meat with gravy and beverages on a table. ",mscoco,4463,676730,0.2,0.625
3388,A meat gyro and a cup of soup on a plate.,mscoco,3539,573930,0.1,0.75
3389,Purple flower with shell on top near unripe bananas. ,mscoco,1794,657963,0.15000000000000002,1.0
3390,A refrigerator is wrapped up in cellophane in a living room. ,mscoco,3512,417153,0.15000000000000002,1.0
3391,A blue motorcycle parked next to a van with a painting on it's side.,mscoco,374,74019,0.1,0.75
3392,Rather cluttered living room ith laptop and chairs.,mscoco,4211,735291,0.1,0.3214285714285714
3393,a long train going down a track beside a grassy hill ,mscoco,175,353823,0.2,0.1964285714285714
3394,a train traveling next to a railway platform.,mscoco,1693,354682,0.25,0.6
3395,"Some noodles, meat, and vegetables are in a white bowl.",mscoco,3777,382684,0.15000000000000002,0.5833333333333333
3396,A bowl of fruit on top of oranges on a table.,mscoco,1167,33521,0.0,0.01200828157349895
3397,A tennis player in action on the court.,mscoco,191,679786,0.05,0.10833333333333331
3398,People in a park trying to fly a large purple kite that looks like a fish.,mscoco,6,399457,0.1,0.5833333333333333
3399,A view of a tomatoe sandwich set on a table.,mscoco,4942,809887,0.15000000000000002,0.41666666666666663
3400,"Traditional analog clock, Roman numerals, ""Le Cacheur Chateau Hierry"" on metallic blue stripped/curtain background.",mscoco,4780,99330,0.1,1.0
3401,a beach crowded with people and many different colored umbrellas,mscoco,2783,97159,0.75,1.0
3402,A grilled ham and cheese sandwich with a bite out of it.,mscoco,1762,769003,0.0,0.06249999999999995
3403,A man sitting in front of a laptop computer at a table.,mscoco,2375,786331,0.7,0.41666666666666663
3404,A living room filled with furniture surrounded by windows.,mscoco,713,352661,0.35,0.3333333333333333
3405,"A white plate topped with broccoli, meat and potatoes.",mscoco,967,274823,0.15000000000000002,0.175
3406,A skier skiing down a steep hill with ski lifts overhead.,mscoco,5577,233167,0.1,0.1279585798816568
3407,A toilet sits atop a tiled black and white floor.,mscoco,3187,372310,0.1,0.75
3408,A woman that is holding a phone and a wine glass.,mscoco,2105,769947,0.0,0.058612440191387546
3409,A man is flying a kite on a beach.,mscoco,570,764508,0.55,0.6666666666666666
3410,Two horses grazing in a fenced in grassy field.,mscoco,1037,27510,0.2,0.5625
3411,Plane preparing to takeoff on runway of airport.,mscoco,5528,768892,0.25,0.3125
3412,A traffic signal shows a red light at an intersection.,mscoco,5286,299030,0.35,0.625
3413,Electric guitar player using a musical keyboard and a laptop.,mscoco,4090,812263,0.05,0.2606382978723404
3414,A big brown bear in the field of an enclosure.,mscoco,1071,117302,0.15000000000000002,0.375
3415,A stop sign with a tan border at an intersection.,mscoco,3403,575543,0.05,0.5032051282051282
3416,a bridge with a clock tower in the background,mscoco,3330,84583,0.2,0.20238095238095236
3417,An aircraft mechanic services a jet fighter parked on a runway.,mscoco,5410,79105,0.0,0.05239898989898985
3418,"A giraffe shares a habitat with a zebra, an ostrich, and an okapi.",mscoco,5392,715675,0.05,0.515625
3419,a person starting to ski down a hill for a race ,mscoco,2060,425481,0.05,0.10084033613445374
3420,A view of a child with headphones on interacting with a computer. ,mscoco,1363,800864,0.4,1.0
3421,Two young people playing a game on the Nintendo Wii.,mscoco,5183,98352,0.2,0.35
3422,The large bird is flying low to the beach by the water. ,mscoco,2943,266588,0.6,1.0
3423,Two elephants standing in an open field near the ocean.,mscoco,2304,827775,0.1,0.75
3424,Young skateboarder preparing to perform while others look on.,mscoco,2356,662022,0.0,0.0833333333333333
3425,A group of elephants walking in muddy water.,mscoco,4184,200092,0.7,0.75
3426,A passenger train sits near a station platform. ,mscoco,3696,208363,0.3,0.5714285714285714
3427,A pizza with tomatoes sitting on a table by a wine glass.,mscoco,1392,786896,0.0,0.01161734164070605
3428,A bundt chocolate cake on top of a plate.,mscoco,3963,601038,0.6,0.75
3429,A blue vase that is holding pink and white flowers.,mscoco,2846,426516,0.05,0.5227272727272727
3430,a lincoln airport police truck parked in the back of a building with lots of windows,mscoco,3948,304930,0.1,1.0
3431,A black colored dog.,drawbench,3,3,0.0,0.00327289606305175
3432,Man standing in a newly created kitchen with white refrigerator,mscoco,3754,415004,0.05,0.0625
3433,A couple of people that are riding bikes on the street.,mscoco,714,422667,0.44999999999999996,0.5
3434,A traffic light is on top of a stand in the road.,mscoco,4877,598526,0.15000000000000002,0.75
3435,A large tall tower with a clock on the top.,mscoco,1976,528574,0.6000000000000001,1.0
3436,A man kiteboarding over a large body of water.,mscoco,3399,223077,0.55,1.0
3437,Large white yacht in the sea with windsurfers nearby.,mscoco,3015,421738,0.1,1.0
3438,A large decorative Air Force plane on display.,mscoco,632,4720,0.30000000000000004,0.5714285714285714
3439,Two large zebras graze inside an enclosed area,mscoco,1887,293929,0.35,0.75
3440,"Room with fireplace, radiator, and window, empty of furniture, being painted.",mscoco,3792,294216,0.1,1.0
3441,a brown and black bear and a green branch,mscoco,1199,36703,0.0,0.0203125
3442,"This Masai giraffe has had numerous conflicts of head butting, as proven by the many head lumps developed.  ",mscoco,5781,574764,0.0,0.0212254901960784
3443,a large elephant that is standing next to a car,mscoco,4679,572629,0.35,1.0
3444,Two cats sitting in front of a window.,mscoco,1326,460946,0.9,1.0
3445,Some very cute looking ducks in  the grass.,mscoco,2948,569380,0.6,1.0
3446,Skate boarder on half pipe about to fall off.,mscoco,3639,439321,0.0,0.0012748689219277
3447,a large zebra that is walking on some grass,mscoco,4711,572307,0.39999999999999997,0.5555555555555556
3448,A small bathroom has holes in the wall and a white toilet.,mscoco,4738,489702,0.05,0.2717391304347826
3449,a person flying a kite over a large green field.,mscoco,2025,60965,0.65,1.0
3450,Large street sign on post next to traffic light and building.,mscoco,4922,412512,0.0,0.022587719298245552
3451,some silver scissors thread and a bag and supplies,mscoco,5873,811594,0.05,0.52
3452,"Eight car train passing through rural area in winter.
",mscoco,4521,19372,0.05,0.10273224043715845
3453,A man walks down the sidewalk with a bag while traffic alongside him is in the road.,mscoco,122,75195,0.0,0.00706395348837205
3454,A crowd watches a baseball player with a bat in his hands. ,mscoco,2760,604603,0.15,0.29166666666666663
3455,The young man is riding a surf board in the ocean.,mscoco,2553,169804,0.25,0.75
3456,A picture of an airplane sitting in a hanger.,mscoco,617,272193,0.6,1.0
3457,A tennis player touching the U.S. Open banner.,mscoco,1933,169957,0.1,1.0
3458,There is a muffin next to the grapefruit.,mscoco,727,813222,0.05,0.5208333333333333
3459,some black and white cows in their pen and trees,mscoco,3683,547720,0.05,0.17045454545454544
3460,A wooden bowl containing a bunch of green bananas.  ,mscoco,2191,212514,0.1,0.6666666666666666
3461,A train is pulled up to a boarding station.,mscoco,3281,156249,0.44999999999999996,1.0
3462,A picture of a large building with a clock tower.,mscoco,3083,528005,0.2,0.20833333333333331
3463,A elephant that is standing in the grass.,mscoco,927,464014,0.8,1.0
3464,Red and grey train with orange stripe on tracks.,mscoco,682,231745,0.05,0.28846153846153844
3465,A black and white photograph of a train on a flooded track.,mscoco,2033,172694,0.1,1.0
3466,A cat stands entranced by picture of a rat on a television screen.,mscoco,437,737018,0.0,0.0465367965367965
3467,Several birds standing around on a fence near the ocean at sunset. ,mscoco,5543,681129,0.05,0.09722222222222215
3468,Two identical images of a female player with tennis racket and ball.,mscoco,4022,704650,0.7,1.0
3469,A boy swinging a baseball bat at a ball on a field.,mscoco,4639,515488,0.7,1.0
3470,A market features a variety of fruits and vegetables. ,mscoco,2096,272750,0.75,0.75
3471,A woman and a child playing with blocks in a living room. ,mscoco,3602,511329,0.1,1.0
3472,there is a woman standing in the woods with a yellow suitcase,mscoco,4297,451629,0.05,0.2121212121212121
3473,"A desk with computer, laptop, phone and cell phone on top.",mscoco,2565,573290,0.0,0.02229105928085515
3474,A red PARE sign sitting on the side of a pole.,mscoco,4770,225380,0.1,0.41666666666666663
3475,"A living room area of a house that has a flatscreen television on the wall, over a fireplace.",mscoco,3904,530959,0.6,1.0
3476,Wake boarder dressed as Lego figure goi off ramp in lake.,mscoco,5875,766241,0.05,0.506578947368421
3477,Street signs in a flooded area during a storm.,mscoco,5823,546745,0.4,0.625
3478,A baseball player pulls his arm back to throw the ball.,mscoco,3996,654093,0.55,0.625
3479,A large clock hanging off the side of a building.,mscoco,4482,556741,0.25,0.5151515151515151
3480,A bunch of luggage that is stacked on a cart.,mscoco,5597,711692,0.65,1.0
3481,A huge white bathtub and toilet in a yellow tile and white bathroom with two windows.,mscoco,2653,565484,0.1,1.0
3482,Three young women pose with their tennis rackets.,mscoco,1097,672375,0.1,1.0
3483,"A living room with two blue couches, a small table and a small tv.",mscoco,383,553354,0.25,0.75
3484,a couch with pillows and a glass table,mscoco,3709,340084,0.15,0.5294117647058824
3485,a big clock sitting inside of a glass window ,mscoco,1856,545005,0.05,0.53125
3486,A person is plowing a field with an elephant.,mscoco,436,237395,0.1,1.0
3487,A man in boxers is sitting on a skateboard.,mscoco,639,153899,0.05,0.27
3488,A split picture of two scenes containing the same cat near a window,mscoco,3872,64141,0.1,0.6
3489,A store with bunches of ripe bananas hanging from poles.,mscoco,129,221856,0.25,0.75
3490,a man in glasses is playing with a white controller,mscoco,537,39887,0.25,0.3055555555555556
3491,Slices of square cut pizza displayed on wooden surface.,mscoco,2920,259701,0.1,0.75
3492,"A living area with chairs, television and a coffee table.",mscoco,5824,438000,0.15000000000000002,0.35
3493,Giraffes in captivity in a small concrete enclosure.,mscoco,4328,780361,0.1,0.5384615384615384
3494,A picture of four computer and tablet devices.,mscoco,2847,686273,0.25,0.75
3495,A group of black and white cows in pen in a barn.,mscoco,2773,296784,0.25,0.6666666666666666
3496,The blue city bus is parked beside a pole on the sidewalk. ,mscoco,1512,795566,0.1,0.28125
3497,the shower area of a white tiled bathroom,mscoco,4388,474907,0.15000000000000002,0.1833333333333333
3498,A shorebird walks in mud along the water's edge. ,mscoco,5642,209208,0.05,0.10989010989010985
3499,A triangular pink stop sign. A pink stop sign in the shape of a triangle.,drawbench,56,56,0.0,0.0
3500,The piece of pie is layered and contains chocolate.,mscoco,5345,745900,0.05,0.20833333333333331
3501,A very cute big dog hanging out of a car window.,mscoco,4370,481644,0.55,0.5
3502,A white and green double decker bus on a road.,mscoco,5962,268182,0.45,0.75
3503,A person in blue and white ski suit skiing down a slope.,mscoco,1764,365401,0.1,0.1513157894736842
3504,A girl is holding a volleyball while a crowd watches. ,mscoco,4162,420858,0.1,0.75
3505,A man standing in front of a television holding a Wii remote control. ,mscoco,4457,30137,0.7,0.75
3506,"A room with a couch, table, chairs and a lamp. ",mscoco,3617,481373,0.05,0.1357142857142857
3507,Skier on a snowboard at a ski resort.,mscoco,4024,172914,0.05,0.0602284527518172
3508,An adult elephant walking next to a small elephant.,mscoco,5414,721333,0.55,0.6666666666666666
3509,People walking on a city sidewalk in the rain ,mscoco,919,587894,0.65,0.75
3510,A blender being used to blend up foods.,mscoco,3382,698033,0.7,0.75
3511,A large bathroom with a white toilet and large bathroom sink.,mscoco,1160,606879,0.25,0.29166666666666663
3512,a passenger train going down a track by a fence,mscoco,4152,736368,0.1,0.10526315789473681
3513,Cross-country skiers travel through the open wilderness smiling.,mscoco,4229,464495,0.0,0.02106186924089505
3514,A baseball game with a young boy up to bat.,mscoco,5674,281664,0.44999999999999996,0.6666666666666666
3515,A baseball player wearing a baseball glove catching a ball.,mscoco,3058,329308,0.05,0.0753205128205128
3516,Several giraffes stand near each other in a large grassy area,mscoco,5478,415101,0.5,1.0
3517,Split photo of man preparing to serve tennis ball.,mscoco,798,634680,0.05,0.2594339622641509
3518,A yellow and green bus passing in front of a building.,mscoco,5121,233974,0.2,0.5714285714285714
3519,A giraffe standing by itself in a grassy area. ,mscoco,2919,661006,0.75,1.0
3520,a little girl wearing a scarf and necklaces smiling at the camera ,mscoco,4575,132084,0.1,1.0
3521,A microwave in a trash can on the corner of a street.,mscoco,3414,81365,0.1,0.75
3522,A white bus sitting next to a red brick building.,mscoco,1551,460327,0.1,0.2833333333333333
3523,Vintage photo of busy street with streetcars in horse drawn buggies.,mscoco,3820,552480,0.15000000000000002,0.24999999999999994
3524,A stop light hanging over a city street,mscoco,2322,208331,0.1,0.2727272727272727
3525,A black and white picture of a young man performing a skate board jump.,mscoco,4197,522860,0.3,0.5833333333333333
3526,A group of bicycles parked along a sidewalk next to a building.,mscoco,1689,245579,0.55,0.75
3527,People near a fruit stand with bunches of bananas.,mscoco,5692,65918,0.65,0.625
3528,A medieval painting of the wifi not working.,drawbench,151,151,0.0,0.0
3529,A woman in yellow tossing a tennis ball over the net to a little boy.,mscoco,4528,710149,0.1,0.6666666666666666
3530,Light colored long horn cattle in alpine grazing area.,mscoco,5187,259846,0.0,0.07045454545454545
3531,A baby in his/her chair eating a banana. ,mscoco,3724,227990,0.35,0.375
3532,A red train car is on the tracks between other cars.,mscoco,44,479763,0.0,0.0482456140350877
3533,Two teddy bears with bows on a white background.,mscoco,5724,786512,0.1,0.5
3534,A baseball player standing on a field holding a bat.,mscoco,135,478777,0.4,0.6
3535,A brown horse with a white diamond pattern on the forehead.,mscoco,1583,68532,0.1,0.13888888888888884
3536,People on the ground are flying a variety of kites.,mscoco,306,298399,0.15000000000000002,0.5714285714285714
3537,a woman slicing a tomato next to a pan full of food ,mscoco,5601,712259,0.05,0.5076923076923077
3538,"Young men skateboard outside, doing tricks against various obstacles.",mscoco,2974,197407,0.05,0.0849673202614379
3539,A man eating a slice of pizza in front of a tall building.,mscoco,433,627570,0.15000000000000002,1.0
3540,A banana is peeled and some slices are cut.,mscoco,3667,558477,0.1,0.1547619047619047
3541,Two giraffes hovering over a small green bush.,mscoco,3557,474752,0.0,0.0108024691358024
3542,a woman reaching her arm up as she gets ready to hit a tennis ball,mscoco,4687,710120,0.25,0.5
3543,A stop sign at the end of a narrow alleyway,mscoco,1282,270110,0.05,0.2564102564102564
3544,A woman holding a pizza pie on a tray in a kitchen.,mscoco,1783,160375,0.35,0.6666666666666666
3545,The man is in the lead during the bike race. ,mscoco,1541,264073,0.15000000000000002,0.29166666666666663
3546,A blue and yellow double decker bus next to a building.,mscoco,4393,388695,0.25,0.35
3547,A baseball player slides into base while the other player waits for the ball.,mscoco,5957,492624,0.65,1.0
3548,A man hitting a ball on a tennis court.,mscoco,4624,694293,0.4,0.5833333333333333
3549,A large living room with large windows all around it .,mscoco,2566,236733,0.5,1.0
3550,a cat laying inside of a open suit case,mscoco,4405,555186,0.55,0.75
3551,A woman getting ready to hit a tennis ball on a court.,mscoco,3160,816343,0.2,0.6666666666666666
3552,A long black train traveling under a bridge.,mscoco,1741,654188,0.30000000000000004,0.35
3553,A roast beef sandwich held together with skewers on a plate.,mscoco,3092,311212,0.1,0.20833333333333331
3554,A street signpost for the intersection of 9th Avenue and California.,mscoco,1383,133742,0.05,0.08531746031746025
3555,Man with a bullhorn on a stage at a skateboarding event.,mscoco,4919,588008,0.0,0.0335648148148148
3556,A dog jumps over a man's back while going after a frisbee.,mscoco,2220,790633,0.1,0.35
3557,Skateboarder standing on his board while texting on a phone. ,mscoco,4077,545337,0.1,0.5833333333333333
3558,a clock attached to a building with a sign,mscoco,4522,467093,0.2,0.3125
3559,Two Canadian geese swim in a green pond.,mscoco,2218,291261,0.30000000000000004,1.0
3560,"Close up of a pizza with large slices of both chicken and mushrooms on top, and cheese, on a plate with a pizza cutter.",mscoco,5785,774766,0.05,0.0786290322580645
3561,A baseball player swinging a bat at a pitch,mscoco,3751,255509,0.30000000000000004,0.35
3562,A person riding on the back of a white horse.,mscoco,3891,446363,0.39999999999999997,0.5714285714285714
3563,An open box full of fruist and vegetables,mscoco,3733,110521,0.4,0.75
3564,A bird stands on the sand near a toy soccer ball.,mscoco,5919,209618,0.1,0.3
3565,A triangular purple flower pot. A purple flower pot in the shape of a triangle.,drawbench,54,54,0.0,0.0
3566,A stop sign on a hill in San Francisco,mscoco,2726,138541,0.05,0.5138888888888888
3567,An old time photograph of a young man.,mscoco,5346,745104,0.2,1.0
3568,Some people gathered by a very pretty river as a person surfs.,mscoco,4104,568558,0.4,1.0
3569,A picture of a man displayed from the screen of a cell phone.,mscoco,3590,192091,0.2,0.5555555555555556
3570,Various street signs on a pole in a city.,mscoco,2398,657995,0.5,1.0
3571,Three women sit smiling at a table covered with wine glasses.,mscoco,3658,315844,0.1,0.625
3572,A group of sheep standing on the grass near a wooden fence and trees.,mscoco,4452,391464,0.15,0.0922619047619047
3573,Young man and older lady drinking two different types of wine,mscoco,5051,202991,0.05,0.2121212121212121
3574,A large jetliner flying through a blue sky.,mscoco,2724,333214,0.75,0.75
3575,Three individuals flying a geometric kite on the beach.,mscoco,5604,13438,0.05,0.18840579710144925
3576,Basketball players in the process of making and defending a basket during a basketball game in an arena.,mscoco,3729,514194,0.5,0.6666666666666666
3577,A tiny and nicely decorated living room that is in someone's house. ,mscoco,2706,693607,0.2,0.6666666666666666
3578,A small bird sitting on a tile floor next to a wall,mscoco,619,412754,0.1,1.0
3579,A kitchen with wooden cabinets and stove and refrigerator.  ,mscoco,544,635045,0.15000000000000002,0.29166666666666663
3580,a red motor bike is parked in the gravel ,mscoco,2704,562908,0.15000000000000002,0.5555555555555556
3581,A red box on a pole with a solar panel on top.,mscoco,1920,686749,0.1,1.0
3582,A zebra standing in grass in its enclosure.,mscoco,4092,701954,0.35,0.75
3583,a person kneeling down next to a dog in the snow,mscoco,1537,105384,0.25,0.75
3584,A man throwing a frisbee in a green field.,mscoco,3715,57679,0.75,0.75
3585,Elephants are routinely used as heavy duty work animals.,mscoco,4693,763868,0.05,0.2515151515151515
3586,A man is performing tricks with a frisbee while others watch.,mscoco,1054,586557,0.25,0.275
3587,A desk with a laptop computer and water bottles.,mscoco,3460,16284,0.0,0.0170596128042936
3588,Cross country skiers on a ski trail between trees.,mscoco,4285,211055,0.6499999999999999,1.0
3589,A brown and white horse looking a the camera and a pony behind,mscoco,4545,281904,0.1,0.5024154589371981
3590,"Army vehicles, including a U.S. Army jeep and aircraft in a hangar or on display",mscoco,4421,432266,0.1,1.0
3591,Pots and pans sit on top of a range in a kitchen.,mscoco,4599,253966,0.25,0.29166666666666663
3592,A woman is riding a bicycle on the street.,mscoco,5496,745243,0.75,1.0
3593," A young man performing an aerial skate board trick.
",mscoco,1715,675380,0.2,0.5555555555555556
3594,A slice of chocolate pie on a plate with a fork.,mscoco,3612,692882,0.15000000000000002,0.6
3595,Traffic lights at an intersection as the sun is about go behind a cloud.,mscoco,4989,529342,0.2,0.26666666666666666
3596,A clock tower with a sun dial on the front of a building.,mscoco,1514,463233,0.0,0.0082165948275862
3597,A group of people are flying kites outdoors.,mscoco,4474,477966,0.44999999999999996,1.0
3598,A boat that is parked on the dock of the water. ,mscoco,2461,661007,0.65,0.5
3599,A double-decker bus makes a turn down the street in front of Big Ben.,mscoco,5028,685899,0.05,0.0833333333333333
3600,A green and yellow train approaching the station.,mscoco,3166,109525,0.1,0.5416666666666666
3601,Seagulls dive into the water next to boats full of people,mscoco,3739,107684,0.1,0.75
3602,two photos of a cat laying on a brush,mscoco,1427,584219,0.1,1.0
3603,a close up of a toilet in a bath room,mscoco,4074,487848,0.05,0.5238095238095238
3604,Three colorful kites flying against a clear blue sky.,mscoco,1360,55262,0.25,1.0
3605,A small biplane is painted with a swastika. ,mscoco,4692,718338,0.0,0.040922619047619
3606,Three people are playing with a frisbee in a pool.,mscoco,3096,18313,0.05,0.26162790697674415
3607,A tennis player swings her racket at the ball.,mscoco,3162,256725,0.35,0.6
3608,A large bed in a room underneath a window.,mscoco,5690,354941,0.45,0.5
3609,Park bench next to pathway with young children walking nearby.,mscoco,1176,552081,0.1,0.625
3610,The bus is an old and special vehicle.,mscoco,3223,766540,0.35,0.75
3611,Large long necked bird sitting in the water in front of a sunset.,mscoco,4619,8098,0.2,1.0
3612,An assortment of beauty products and random objects lined out on a table top. ,mscoco,4734,437538,0.1,0.29166666666666663
3613,A yellow and green checkered motorcycle parked in front of a store window.,mscoco,1928,81836,0.1,0.16666666666666666
3614,Some gauges that are on a motorcycle dashboard.,mscoco,5682,781840,0.30000000000000004,1.0
3615,A meal with two plates full of broccoli and other items.,mscoco,3358,264907,0.05,0.10174825174825171
3616,A black and white photo of a clock tower.,mscoco,3098,598275,0.5,1.0
3617,The player is running to hit a tennis ball.,mscoco,3949,383627,0.3,0.18055555555555555
3618,A white toilet with an over the toilet cabinet,mscoco,5734,742318,0.25,0.5833333333333333
3619,Two men standing in a living room holding Wii controllers. ,mscoco,2867,85683,0.7,0.6666666666666666
3620,A man holding a tennis racquet on top of a tennis court.,mscoco,1559,479537,0.6000000000000001,1.0
3621,A young woman sitting on a bench using her cell phone,mscoco,2686,666792,0.8,0.75
3622,A dinner plate with chicken and broccoli with cheese sauce.,mscoco,1731,388621,0.1,0.55
3623,a baseball player is swinging a bat at a game,mscoco,2511,596715,0.25,0.23809523809523805
3624,A young man riding a skateboard down a sidewalk.,mscoco,157,97604,0.0,0.06111111111111105
3625,Two horses standing in the green grass within the fence. ,mscoco,3434,773636,0.55,1.0
3626,Small dish of meat with cucumber on top of rice.,mscoco,4844,439305,0.1,0.75
3627,A young skier stands in the snow looking off to the side. ,mscoco,4656,828292,0.0,0.0484234234234234
3628,A man holding a tennis racquet in a defensive stance.,mscoco,159,271116,0.05,0.19047619047619047
3629,A skier in a red outfit skiing down a snow covered hill.,mscoco,4500,231592,0.75,1.0
3630,Roof of a brick building with a chimney and a steeple with a weather vane on top.,mscoco,5681,239578,0.30000000000000004,1.0
3631,Child eating pizza at birthday party with colorful plates and table.,mscoco,1823,216715,0.05,0.19166666666666665
3632,Two cats look out of a front window at the street.,mscoco,5851,183821,0.25,0.6
3633,Many kites are flying in the air on a cloudy day.,mscoco,737,648270,0.6,0.6666666666666666
3634,A coffee cup and computer mouse on a desk.,mscoco,2657,656120,0.6,1.0
3635,Baby looking at high chair tray with banana pieces on it,mscoco,3598,600529,0.1,0.41666666666666663
3636,Several sheep are in a stall eating and adorned with bandannas.,mscoco,2950,142964,0.05,0.10989010989010985
3637,A man rides his bike down a street with his surfboard attached to the side. ,mscoco,3841,409231,0.15000000000000002,0.41666666666666663
3638,A group of people fly their kites in a field of flowers. ,mscoco,5131,382573,0.15000000000000002,1.0
3639,A casserole is cooking in a toaster oven.,mscoco,5211,416894,0.05,0.058771929824561406
3640,a small boy in a helmet rides his skateboard on a paved area,mscoco,4830,591227,0.6499999999999999,0.6666666666666666
3641,Small mounted television sitting inside a bedroom with orange walls. ,mscoco,2658,108088,0.05,0.275
3642,A hotel room displays a low bed and orange decor.,mscoco,3521,101989,0.05,0.5416666666666666
3643,The skater performs a rail on the edge of a wall.,mscoco,5237,629647,0.05,0.0628205128205128
3644,A photo of a man skiing down a hill.,mscoco,4874,383127,0.1,0.14285714285714285
3645,a bus terminal with several buses and three people waiting ,mscoco,5238,516720,0.0,0.03005226480836235
3646,A two layer slice of carrot cake on  a plate,mscoco,4466,164212,0.25,1.0
3647,A computer desk topped with a desktop computer monitor and keyboard.,mscoco,4557,291947,0.4,0.1964285714285714
3648,A town street with a mountain in the background.,mscoco,2046,196854,0.25,0.55
3649,A man throwing a tennis ball in the air to serve,mscoco,5549,574114,0.25,0.3333333333333333
3650,A group of people gathered around a table with food on their plates.,mscoco,668,145870,0.6,0.41666666666666663
3651,A profile view of two horses in a sandy area.,mscoco,3840,698070,0.15000000000000002,0.75
3652,Boy crouched on skateboard in air near top of paved basin.,mscoco,5581,422534,0.0,0.00124376034149525
3653,A harbor with a lot of small boats moored.,mscoco,3566,759153,0.6,0.75
3654,three yellow and blue trains next to each other,mscoco,2877,123489,0.1,0.5017543859649123
3655,A woman in sunglasses eating a hotdog in grassy area.,mscoco,20,403241,0.2,0.20833333333333331
3656,A tan clock tower with a statue on the top of it.,mscoco,1449,302625,0.25,0.5833333333333333
3657,Two giraffes in a room with people looking at them.,mscoco,3831,261999,0.1,0.5714285714285714
3658,"Several large, brown cows are in a field of brown grass.",mscoco,3303,409100,0.1,0.5151515151515151
3659,A yellow sign in front of a building.,mscoco,3301,648665,0.15000000000000002,0.6666666666666666
3660,Colouring page of large cats climbing the eifel tower in a cyberpunk future.,drawbench,166,166,0.0,0.0
3661,A bed has an unique red and purple bedspread. ,mscoco,1965,176007,0.15000000000000002,1.0
3662,A baby sitting on top of a bed with a bottle of milk.,mscoco,4333,714016,0.15000000000000002,1.0
3663,Three adult elephants and a baby elephant standing together. ,mscoco,2834,677612,0.0,0.0251778872468527
3664,The cat is sitting inside of a shoe box on the bed.,mscoco,3583,596107,0.1,1.0
3665,A tabby cat laying on a cat scratcher in front of a bicycle wheel. ,mscoco,5774,11053,0.1,1.0
3666,A calico cat standing on a computer table next to a laptop.,mscoco,4101,515715,0.15000000000000002,0.55
3667,men in a boat floating past building and a fire hydrant ,mscoco,4739,815793,0.1,0.75
3668,Three men pose for a picture on a tennis court.,mscoco,179,578095,0.15000000000000002,1.0
3669,A group of buses are parked in the city at the parking lot,mscoco,2563,31747,0.5,0.625
3670,Folded pieces of paper are stacked beside a pair of scissors.,mscoco,4223,562369,0.15000000000000002,1.0
3671,A pear shape chocalet cake with frostering being used as ribbons.,mscoco,5736,90520,0.0,0.05326704545454545
3672,Some carrots that have grown in an irregular twisty shape hang from a post.,mscoco,3763,103501,0.1,0.625
3673,A woman playing tennis on the tennis court. ,mscoco,3062,475792,0.6,0.5
3674,Two giraffes and two other African deer are standing in an enclosure.,mscoco,379,511669,0.0,0.0023005744492739
3675,A waterskiing man performing a flip on his waterboard,mscoco,124,24709,0.1,0.5833333333333333
3676,An orange and white cat sitting on a blue bench.,mscoco,5826,779644,0.2,1.0
3677,A hotel room with two beds and a framed picture of a man.,mscoco,2029,760738,0.1,1.0
3678,an assortment of toys being displayed in the store,mscoco,4863,778568,0.25,0.6666666666666666
3679,A sign that says 'Google Research Pizza Cafe'.,drawbench,192,192,0.0,0.0
3680,a plate with some vegetables and fries on it ,mscoco,2036,485524,0.2,0.75
3681,A sidewalk and doughnut shop with a bike leaning against the building,mscoco,772,480768,0.1,0.24999999999999994
3682,a cat sitting on a bath mat in a bathroom,mscoco,3698,778835,0.2,0.5833333333333333
3683,two people standing in a living room playing nintendo wii,mscoco,5603,661731,0.44999999999999996,1.0
3684,middle age woman and man standing throwing cards.,mscoco,791,182866,0.0,0.0294669669669669
3685,A man in an animal pen is shaving a white sheep.,mscoco,5653,828815,0.15000000000000002,1.0
3686,A man with hat and pink shirt in street on phone.,mscoco,4242,229654,0.05,0.29545454545454547
3687,A baseball game in progress with the batter in a falling position.,mscoco,1751,23418,0.0,0.0029487954408082
3688,Close up view of sharp knife about to cut a dessert for serving.,mscoco,1144,482303,0.25,0.29166666666666663
3689,A cat is standing on a small table with pictures on the wall.,mscoco,5939,211879,0.1,0.5555555555555556
3690,A skateboarder is about to ride his skateboard off the ledge.,mscoco,1778,13031,0.05,0.0849673202614379
3691,a giraffe and some zebras standing around a pole and cage that has food in it ,mscoco,3110,514507,0.05,0.09316770186335399
3692,A small white bird standing on a sandy beach.,mscoco,1416,201234,0.6499999999999999,0.41666666666666663
3693,A sign is included with the doughnuts on display.,mscoco,5540,564612,0.25,0.26666666666666666
3694,A man wearing a bicycle helmet talking on a cell phone,mscoco,5778,797714,0.3,1.0
3695,A man in a suit with a red and green tie. ,mscoco,1480,40684,0.1,1.0
3696,A yellow train near the passenger platform with a red light currently on.,mscoco,1769,132355,0.0,0.0200680272108843
3697,A snowboarder does a flip after jumping off a hill.,mscoco,3428,677699,0.05,0.5178571428571428
3698,A transit bus side view as it sits in a parking area.,mscoco,5127,495465,0.05,0.14545454545454545
3699,A herd of zebra walking across a lush green field.,mscoco,4493,667889,0.44999999999999996,0.625
3700,A man is riding a motorcycle at a race track.,mscoco,2782,152716,0.5,0.625
3701,Three zebras eating grass on a dry grassy slope.,mscoco,693,798407,0.15,0.2594339622641509
3702,a person sitting down talking on a cell phone ,mscoco,469,663867,0.15000000000000002,0.5833333333333333
3703,The pizza is completely topped with many vegetables.,mscoco,4631,118550,0.1,0.15555555555555556
3704,A woman standing in front of a table of baked goods.,mscoco,2415,84277,0.30000000000000004,0.29166666666666663
3705,A close up of a green bench on a sidewalk. ,mscoco,3268,520099,0.2,0.225
3706,A bathroom with a white toilet sitting next to a sink.,mscoco,2697,137056,0.15000000000000002,0.5555555555555556
3707,A man does a skate boarding trick in front of a crowd.,mscoco,2168,242889,0.3,0.41666666666666663
3708,Two women standing in the ocean with surf boards . ,mscoco,535,523618,0.44999999999999996,0.75
3709,A man riding a bicycle on a dirt street.,mscoco,4292,484580,0.1,0.6666666666666666
3710,A red bus is shown traveling along a road.,mscoco,5829,562175,0.5,0.625
3711,"Green,orange,and red vegetables in bowls and bags. ",mscoco,1831,671754,0.0,0.020787478601124898
3712,A whole pizza sitting on a pan near two plates on a table. ,mscoco,426,677417,0.0,0.00289543119011245
3713,a close up of a person flying a kite in the air,mscoco,4865,569009,0.25,0.625
3714,a room that has a sink and a chair in it,mscoco,4568,586944,0.1,0.1682539682539682
3715,A hot dog with relish and onions in a foil wrapper.,mscoco,1434,607368,0.30000000000000004,0.625
3716,Two black furry animals are surrounded by plants and greenery. ,mscoco,444,364405,0.1,0.6666666666666666
3717,Male tennis player jumping to strike the ball.,mscoco,690,1039,0.30000000000000004,0.5714285714285714
3718,A group of five zebras stand in a field.,mscoco,4615,29769,0.05,0.06907894736842105
3719,A man and woman that are standing near a cake.,mscoco,1882,572648,0.75,1.0
3720,A man rides a horse near the ocean.,mscoco,4354,58913,0.55,1.0
3721,A child reaches for a piece from a a giant pizza. ,mscoco,1015,393138,0.1,0.26666666666666666
3722,a skier country skiing on a blizzard day ,mscoco,4782,783870,0.1,0.5084745762711864
3723,A young man is riding his skateboard past a construction zone.,mscoco,71,156595,0.1,1.0
3724,Player preparing to serve ball while referees look on during match play.,mscoco,1128,447662,0.05,0.16666666666666666
3725,THIS IS A YELLOW STOP LIGHT WITH A BICYCLE SIGNAL,mscoco,3216,763190,0.1,0.41666666666666663
3726,A man rides behind a horse during a race.,mscoco,3249,650171,0.0,0.012393162393162351
3727,A brown bear on a wooden table in front of a quilt,mscoco,4941,401819,0.05,0.5185185185185185
3728,A man in a suit eats a banana in his car.,mscoco,1618,620149,0.1,0.75
3729,A brown and white dog with a teddy bear in his mouth ,mscoco,2206,681255,0.1,1.0
3730,Women riding bicycles at ocean beach near surf.,mscoco,5717,588494,0.1,1.0
3731,A person sitting on top of a bed next to a window.,mscoco,4302,429158,0.2,0.55
3732,A green bus parked in front of a building.,mscoco,4409,250862,0.35,0.625
3733,An economy car is parked on the side of the road with a dog in the passenger's seat.,mscoco,1506,32120,0.35,1.0
3734,A person flying a kite on the beach ,mscoco,5018,465896,0.65,0.75
3735,A display case full of various kinds of donuts,mscoco,2367,475765,0.6000000000000001,0.75
3736,Two brown bears are sitting on some rocks.,mscoco,2534,358666,0.6000000000000001,1.0
3737,"Elephants, both adults and their young, eating in a field.",mscoco,5835,622938,0.1,0.2222222222222222
3738,A street corner has a street light in front of a tall blue building.,mscoco,2107,426318,0.1,0.3055555555555556
3739,An unmade bed is shown under a window with two sets of curtains.,mscoco,256,66241,0.1,0.5416666666666666
3740,A row of colorful toilets sitting in a store.,mscoco,2615,98717,0.1,1.0
3741,a little bird is feeding from a bird feeder,mscoco,4182,753522,0.4,0.75
3742,A small duckling eating something out of a pond.,mscoco,280,716000,0.1,1.0
3743,A couple of birds perched on top of a wooden branch.,mscoco,834,533615,0.65,1.0
3744,A wii game system with all its parts outside of the box. ,mscoco,5256,548821,0.5,1.0
3745,Pony grazing with grass and tree with mountains,mscoco,5047,473793,0.05,0.0744047619047619
3746,Group of horses in race near canvas fence.,mscoco,4845,656949,0.05,0.5023474178403755
3747,The woman smiles while walking through the ski trail. ,mscoco,3409,715096,0.15000000000000002,0.23809523809523805
3748,A baseball game is being played before a crowd.,mscoco,4697,341068,0.45,0.5
3749,A group of people on a beach with a kite in the sky.,mscoco,4141,335018,0.55,1.0
3750,A green truck parked in a parking lot.,mscoco,5844,273748,0.55,0.75
3751,The electronic traffic signal above the street has green lights.,mscoco,5066,490169,0.35,0.75
3752,Three children are seated next to each other and reading books.,mscoco,4084,792423,0.1,1.0
3753,A man and woman playing a game with Nintendo Wii controllers.,mscoco,5506,346848,0.8,0.75
3754,"Bathroom with white toilet, vanity sink, tub and oak door with outside window.",mscoco,2756,281700,0.0,0.00401390847327265
3755,The corner of college street and 5th street,mscoco,5450,3832,0.0,0.008704991017730151
3756,a red double decker bus going around a corner,mscoco,1073,250928,0.05,0.13409090909090904
3757,Several different types of doughnuts on a plate.,mscoco,2514,330075,0.5,0.75
3758,A hair drier underneath a sheep.,drawbench,121,121,0.0,0.0
3759,A close up of large broccoli plants in a garden,mscoco,3077,350235,0.7,1.0
3760,An old wooden bench sitting under a tree on a field.,mscoco,1671,792475,0.7,1.0
3761,a white cat laying on top of a car ,mscoco,3674,456554,0.3,1.0
3762,A bed with brown covers and an oil painting at the head end.,mscoco,1135,772409,0.0,0.06666666666666665
3763,Sailboats in slips in a marina with cloudy sky,mscoco,463,677372,0.35,1.0
3764,A bear is standing in an open area near the woods.,mscoco,1448,668637,0.5,0.75
3765,A cross country skier traverses a path in the mountains.,mscoco,1997,325476,0.6,0.5
3766,a clock on display in a museum ,mscoco,5516,672861,0.6,0.625
3767,a man in a hat is holding a racket,mscoco,631,738601,0.1,0.5555555555555556
3768,A Red Sox baseball player throws a pitch.,mscoco,5421,210619,0.25,0.75
3769,A small green bird sits on a tree branch.,mscoco,1846,429102,0.8,1.0
3770,A cow lying down asleep in the sand,mscoco,4943,680488,0.4,1.0
3771,Herd of zebra with antelope in artificial enclosure,mscoco,5008,782071,0.0,0.04629629629629625
3772,People holding signs on a one way street.,mscoco,1650,371159,0.0,0.04249379652605455
3773,a man about to hit a base ball in a game,mscoco,4581,706849,0.15,0.29545454545454547
3774,An adult elephant feeds the younger elephant walking beside it.,mscoco,3790,163065,0.0,0.0106214887640449
3775,Male tennis player with white shirt and blue shorts swinging a black tennis racket,mscoco,3797,168212,0.0,0.0236928104575163
3776,A person holding a pink donut in front of a TV.,mscoco,1026,567591,0.1,1.0
3777,Two young men are playing a WII video game.,mscoco,5025,78208,0.35,0.75
3778,A crowded beach with a lot of people and umbrellas.,mscoco,768,789941,0.8,1.0
3779,A giraffe lays down on the grass as a bird stands in the background.,mscoco,5207,261524,0.1,0.3125
3780,A wireless keyboard compatible with role playing games.,mscoco,5646,13059,0.05,0.28846153846153844
3781,Closeup of a chocolate muffin along with others in the back.,mscoco,1197,826486,0.1,1.0
3782,Two military officers cut a large birthday cake.,mscoco,4816,764777,0.5,1.0
3783,"Tortillas with cheese, olives, tomatoes, lettuce, and onions.",mscoco,4564,792296,0.0,0.0219806763285024
3784,Some people walking up a hill by the side of a road.,mscoco,660,572054,0.0,0.02378787878787875
3785,A person on a yellow surfboard riding a wave.,mscoco,116,351390,0.0,0.02311643835616435
3786,A silver fire hydrant sitting on a sidewalk.,mscoco,5217,201573,0.35,0.6666666666666666
3787,An adult lamb is flanked by two young lambs.,mscoco,3656,486385,0.1,0.5625
3788,a polar bear standing on a cement floor next to an orange plate and an enclosed body of water.,mscoco,1938,60598,0.05,0.5277777777777778
3789,A young woman plays tennis on a clay court.,mscoco,5084,635214,0.15000000000000002,0.3333333333333333
3790,"Snack bowl, beverage glass, and flower arrangement on table.",mscoco,676,725746,0.1,0.5625
3791,A bowl with apples next to a fork.,mscoco,4785,518525,0.05,0.06547619047619045
3792,People sitting and eating in a restaurant. ,mscoco,4015,317091,0.65,1.0
3793,A white cat is sitting on a laptop keyboard.,mscoco,2601,216324,0.4,1.0
3794,A black cat laying in a wooden dining chair.,mscoco,1027,849,0.2,1.0
3795,A girl grabs a soccer ball in front of a goal post.,mscoco,4487,124752,0.1,0.5357142857142857
3796,A Amtrak train traveling on a railroad tracks.,mscoco,5658,652000,0.25,0.75
3797,A baseball game going on in a baseball diamond.,mscoco,2817,478508,0.3,0.6
3798,A hot dog that has some tomato and pickle on it.,mscoco,3144,683678,0.2,0.5357142857142857
3799,A casserole served at a restaurant in a brown dish.,mscoco,5538,362126,0.1,0.3125
3800,A giraffe with grass in its mouth looking over a fence line.,mscoco,2644,485781,0.05,0.09079601990049745
3801,a white fire hydrant on the sidewalk at sunset,mscoco,2175,537460,0.1,1.0
3802,Several people standing and sitting at a bar.,mscoco,4063,776749,0.44999999999999996,0.5833333333333333
3803,A boy sitting on a bed tying his tie,mscoco,5916,332223,0.05,0.5020408163265306
3804,A small black dog looks at its own reflection in the mirror. ,mscoco,2778,114114,0.2,0.75
3805,Four horses standing in a area that is fenced in .,mscoco,5872,792085,0.3,1.0
3806,A group of people sit in a row on a plane.,mscoco,821,440108,0.25,0.75
3807,Two elderly women speak to each other on a bench.,mscoco,3048,59647,0.1,0.41666666666666663
3808,A computer desk with a monitor and a laptop.,mscoco,86,773224,0.44999999999999996,1.0
3809,Some very pretty brown cows eating near a fence.,mscoco,4733,480808,0.15,0.5135135135135135
3810,A group of spotted cows is among the green grass.,mscoco,705,4238,0.4,0.41666666666666663
3811,"Front of a building with a clock over the entrance and a sign that reads ""India Post"".",mscoco,5856,67947,0.1,1.0
3812,"A dinner plate containing mashed potato, meat and carrots",mscoco,2641,763184,0.2,1.0
3813,A brown and white bird standing in green grass.,mscoco,4758,556690,0.6,1.0
3814,A young child who is eating a pizza.,mscoco,1886,607372,0.9,1.0
3815,Modern jet airliner in a blue sky seen from below,mscoco,5466,130379,0.75,0.41666666666666663
3816,A double-Decker red bus on a London street.,mscoco,5016,125040,0.45,0.41666666666666663
3817,a pedestrian parking sign with the pedestrian hoola hooping. ,mscoco,3081,767499,0.05,0.5086206896551724
3818,Urban city street with traffic near construction work.,mscoco,4847,579032,0.0,0.026908396946564852
3819,A man and a dog on a boat are looking into the distance. ,mscoco,1231,471972,0.1,0.6
3820,Vintage photograph featuring a young blonde woman in a dress kissing a calf.,mscoco,4307,77232,0.1,1.0
3821,Various street signs in front of an apartment building.,mscoco,4534,608473,0.15,0.1385135135135135
3822,"a blue train  engine, with person in santa suit.",mscoco,5246,737754,0.1,0.41666666666666663
3823,Many kites are flown above a crowd of people in China.,mscoco,5030,348149,0.2,0.5833333333333333
3824,Some snow skiers are on snow and ice.,mscoco,4004,602029,0.2,0.24999999999999994
3825,A horse stands in a field with a lighthouse in the background.,mscoco,569,570177,0.3,0.6666666666666666
3826,A pitcher throws a ball during a baseball game.,mscoco,816,51860,0.55,0.75
3827,A sandwich is precisely arranged on a dinner plate with a side of vegetables and beverages.,mscoco,5492,66590,0.0,0.0584415584415584
3828,There is a large steeple with a clock just below it.,mscoco,5605,618891,0.35,1.0
3829,a woman is on her laptop on a bean bag chair,mscoco,1132,537338,0.15000000000000002,0.75
3830,"A green and white street sign that reads ""marginal st.""",mscoco,1946,266628,0.05,0.26666666666666666
3831,A person driving a 4 wheeler after a herd of cows.,mscoco,1376,20919,0.1,1.0
3832,A small bathroom with a white toilette and bath tub.,mscoco,2146,8277,0.3,0.3055555555555556
3833,People on the beach getting ready to parasail,mscoco,3619,13427,0.1,0.0886699507389162
3834,"Five people playing in the snowy city streets, two are skiing.",mscoco,5539,760983,0.2,0.75
3835,A toy action figure holding a plastic mini teddy bear and a cocktail glass decoration on the snow.,mscoco,2171,96905,0.1,0.375
3836,A man plays a video game on the Wii.,mscoco,281,224508,0.44999999999999996,0.75
3837,"A bathroom with a sink, toilet and safety rails.",mscoco,3607,294084,0.1,0.1442307692307692
3838,A person is sitting on a concrete barrier at the beach.,mscoco,4476,220921,0.05,0.5172413793103448
3839,a train traveling on a mountain area passing a forest area,mscoco,1535,408150,0.65,1.0
3840,An oil painting of a couple in formal evening wear going home get caught in a heavy downpour with no umbrellas.,drawbench,95,95,0.0,0.0
3841,A grilled sandwich and a cup of soup with a pickle.,mscoco,221,713251,0.1,0.23809523809523805
3842,"A group of zebras grazing in tall, dry grass. ",mscoco,1820,363303,0.35,0.75
3843,Group of people sitting underneath a green and purple umbrella on the beach. ,mscoco,402,205091,0.05,0.1321428571428571
3844,White plate of pulled pork sandwich and salad.,mscoco,3761,420674,0.2,0.75
3845,A group of people playing frisbee in a field,mscoco,5710,749943,0.7,1.0
3846,an image of a pregnant woman with a teddy bear on her stomach ,mscoco,4537,91110,0.2,1.0
3847,Woman in a chair outside using a laptop,mscoco,5933,46438,0.15000000000000002,1.0
3848,An airplane landing on a runway with is landing gear extended.,mscoco,5857,398429,0.25,0.375
3849,Two people are riding a moped on the road. ,mscoco,4093,413252,0.25,0.6666666666666666
3850,A group of women holding tennis racquets and posing for a photo.,mscoco,39,608070,0.8,0.75
3851,A tennis player hitting a tennis ball with a racquet.,mscoco,1279,168624,0.25,0.375
3852,A young woman smiles with a plate of food and a pizza on the table.,mscoco,2355,354262,0.35,0.375
3853,A boy and girl shake hands across a tennis net.,mscoco,3669,542088,0.15000000000000002,0.5
3854,A yellow and blue train car passing under a bridge.,mscoco,3105,312030,0.1,0.5135135135135135
3855,A striped cat standing with it's front paws on a game board and two beers next to the board.,mscoco,1289,531071,0.1,1.0
3856,A group of skiers travel across a large snowy hill.,mscoco,2364,591404,0.4,0.75
3857,Two large yellow school buses parked in a parking lot.,mscoco,641,95431,0.1,0.1607142857142857
3858,Continental Connection commuter plane with passengers boarding on the tarmac.,mscoco,2909,81614,0.1,0.6
3859,"A bathroom area with a sink, tub and large mirror.",mscoco,1052,366261,0.1,0.2857142857142857
3860,A man sits on a bed talking with hand gestures. ,mscoco,4317,548631,0.1,0.75
3861,Two birds stand in the water on a muddy beach.,mscoco,950,280646,0.05,0.1071428571428571
3862,"A white plate include meat, rice and a fried food.",mscoco,3613,295515,0.30000000000000004,0.5
3863,"A plate with breaded meat, potatoes, and broccolli",mscoco,5737,731892,0.05,0.11688311688311684
3864,A person cutting a cake with a large plastic knife.,mscoco,505,260063,0.2,0.75
3865,A man and woman cutting a cake together.,mscoco,5965,365297,0.95,1.0
3866,A variety of baked goods are displayed on a wooden stand with two shelves.,mscoco,89,91465,0.1,0.5555555555555556
3867,A man riding a skateboard and wearing a helmet.,mscoco,4215,673384,0.3,0.2833333333333333
3868,A healthy zebra with a cropped tail standing in his enclosure at the zoo,mscoco,843,395728,0.05,0.5027472527472527
3869,Two birds walk in the surf along the beach.,mscoco,5537,583580,0.1,0.5294117647058824
3870,A man with a bun swinging a tennis racket,mscoco,435,122087,0.0,0.0156233135456017
3871,yellow and red motorcycle with a man riding on it next to grass,mscoco,4420,706949,0.1,0.75
3872,Liddle Avenue street sign near trees and electric poles.,mscoco,899,640891,0.1,0.625
3873,Sheep grazing in a green field with trees. ,mscoco,1662,44095,0.75,0.75
3874,A group of people skating in a skate park.,mscoco,1369,343718,0.35,1.0
3875,A young girl in a pink shirt holding a cookie.,mscoco,1357,416684,0.1,0.5714285714285714
3876,A zebra standing alone in a grassy field.,mscoco,448,55285,0.8500000000000001,1.0
3877,"A dishwasher, stove and over combination with an extension plug resting on the stove surface.",mscoco,3004,31508,0.05,0.10568181818181815
3878,A moped is sitting alongside a green fence overlooking a white building and rock cliff.,mscoco,18,228602,0.1,0.625
3879,"Family, including infant, eating at dining room table.",mscoco,3419,628244,0.0,0.02037037037037035
3880,a squat down toilet with tiled floors and walls,mscoco,4538,473008,0.15,0.27777777777777773
3881,A white and brown dog sitting on a chair while wearing a Santa Hat.,mscoco,3400,567171,0.2,1.0
3882,A dog sitting up looking out of the window of a car,mscoco,4616,515312,0.15,0.28125
3883,A white and black motorcycle parked in a parking lot.,mscoco,1452,21698,0.1,0.23809523809523805
3884,A cobblestone street has busy sidewalks full of people with umbrellas.,mscoco,5529,468932,0.15000000000000002,0.1714285714285714
3885,geese sit in water next to a small waterfall ,mscoco,5381,691829,0.1,0.75
3886,A man wearing a suit and tie is standing outside.,mscoco,4868,206856,0.6499999999999999,1.0
3887,A person riding a snowboard down a slope.,mscoco,1921,827331,0.44999999999999996,0.375
3888,Military men and women sitting at tables having a meal together,mscoco,4686,293578,0.1,0.6666666666666666
3889,a number of giraffes on a road near many bushes,mscoco,2743,732737,0.44999999999999996,0.35
3890,A woman enjoys a drink and slice of cake from an airplane seat.,mscoco,1523,721254,0.1,1.0
3891,A bus and car are stopped at an intersection.,mscoco,1771,130691,0.25,0.41666666666666663
3892,A close shot of a male baseball player holding the bat. ,mscoco,3273,469012,0.55,0.3333333333333333
3893,zebras standing around a tree eating some grass ,mscoco,3142,326246,0.05,0.19166666666666665
3894,Waist and legs of two skateboarders on a path.,mscoco,4651,58103,0.05,0.06457468879668045
3895,A stop sign vandalized to display an anti-war message. ,mscoco,2921,305996,0.5,0.75
3896,A man in a wet suit riding a wave on a surfboard.,mscoco,2458,227018,0.25,0.1833333333333333
3897,A large white two story building next to an empty street.,mscoco,496,24229,0.1,0.11805555555555555
3898,A yellow dog laying on a blanket on a couch.,mscoco,2741,666240,0.15000000000000002,0.1666666666666666
3899,A baseball player stretching alongside a wall during a game.,mscoco,751,23150,0.05,0.13563829787234039
3900,Group of disinterested children sit by birthday cake and look bored.,mscoco,4717,36254,0.1,0.5714285714285714
3901,Adults enjoying beach area near small urban setting.,mscoco,4797,360400,0.15,0.26666666666666666
3902,Pedestrian walk signals displayed on post at street corner.,mscoco,4259,420195,0.1,0.1435185185185185
3903,A herd of cows are standing by a dirt road.,mscoco,5275,240716,0.55,1.0
3904,white snowy mountain with a man stand in skies with a yellow jacket and red black pants ,mscoco,5853,555454,0.05,0.07777777777777775
3905,Hands typing on the keyboard of an open laptop.,mscoco,2781,295482,0.75,1.0
3906,A lighted city side walk at night with street signs.,mscoco,3159,370479,0.05,0.1047619047619047
3907,Black and white photo of a man with a tennis racket.,mscoco,5255,435176,0.6,0.6666666666666666
3908,A man is holding a tennis racket and surrounded by people.,mscoco,4037,684126,0.35,0.6666666666666666
3909,The bathroom has two glass walls beside the large tub. ,mscoco,881,767191,0.05,0.061363636363636356
3910,Dark brown toilet with lid and cover in a bathroom.,mscoco,1565,174153,0.1,1.0
3911,Several people playing baseball on a baseball field,mscoco,4674,111281,0.0,0.034967320261437895
3912,A baseball player pitching a baseball on a field.,mscoco,4076,221161,0.5,0.625
3913,There is a Mexican style pizza cut into four pieces.,mscoco,4938,496759,0.0,0.014603174603174549
3914,A full view of a bathroom with toilet and sink. ,mscoco,4633,547963,0.25,0.375
3915,a boy with a base ball glove on a grass feild. ,mscoco,3625,700794,0.30000000000000004,0.26666666666666666
3916,a person riding a horse in a large body of water,mscoco,2153,34855,0.4,1.0
3917,A bedroom has a large brown bed and yellow walls.,mscoco,2113,596197,0.2,1.0
3918,brown dog with chain eating food on the floor,mscoco,3661,555192,0.05,0.10833333333333331
3919,two teddy bears perched against the windsheild of a car,mscoco,2855,619489,0.1,0.6666666666666666
3920,Two zebras are standing next to each other.,mscoco,2352,724706,0.5,0.5714285714285714
3921,A couple of zebra standing next to each other.,mscoco,656,602696,0.25,0.75
3922,A milky residue is at the bottom of the vase on the table.,mscoco,2747,712241,0.05,0.2692307692307692
3923,A display of pizzas at a pizza shop.,mscoco,3091,28131,0.55,0.75
3924,A plate with a brownie and vanilla ice cream.,mscoco,4400,792966,0.45,1.0
3925,A cat sits in a canvas storage box with a pair of shoes.,mscoco,309,455265,0.1,1.0
3926,A woman eating a piece of pastry in a market area.,mscoco,4555,344271,0.1,0.55
3927,"A fruit stand has apples, pineapples and bananas.",mscoco,5711,66819,0.2,0.3333333333333333
3928,"Produce includes rhubarb, corn, varieties of tomatoes, mushroom, squash, nectarines, cherries, and lettuce.",mscoco,5402,557658,0.05,0.2596153846153846
3929,"A city street in Asia has parked cars, and many signs.",mscoco,2842,634602,0.2,0.3214285714285714
3930,A young man cutting a pizza on top of a table.,mscoco,776,47654,0.25,1.0
3931,This is two cats curiously observing several pairs of shoes.,mscoco,4450,824276,0.1,1.0
3932,A bedroom with joined beds in a lodge or hotel.,mscoco,4117,197358,0.2,0.5714285714285714
3933,A train on the tracks at a train station ,mscoco,1017,524875,0.7,0.75
3934,Above view of a train with box cars on train track in the mountains.,mscoco,2277,421966,0.4,0.6666666666666666
3935,A green cake with angry bird characters sitting on it.,mscoco,3816,811914,0.6,1.0
3936,a steam locomotive running down the  train track,mscoco,973,329312,0.3,0.75
3937,A blue bus is being towed on a city street. ,mscoco,861,472730,0.4,0.5
3938,a woman riding a horse with suit and hat on.,mscoco,3337,483286,0.1,0.5294117647058824
3939,A red stop sign sitting in front of a blue building.,mscoco,1982,492645,0.05,0.0581196581196581
3940,A white bed with white bedding and two white night stands.,mscoco,4372,528018,0.1,0.5714285714285714
3941,A line of four different versions of cell phones.,mscoco,4013,3342,0.15000000000000002,1.0
3942,A large group of people fly kites in a park.,mscoco,4876,757435,0.45,0.75
3943,A living room with a large couch and a brick wall.,mscoco,3621,216670,0.05,0.2727272727272727
3944,A baby giraffe standing against a wall in a zoo like environment,mscoco,4594,201808,0.05,0.5081967213114754
3945,a white plate with two sandwiches and a toaster,mscoco,794,739779,0.1,1.0
3946,Men preparing their skis by oiling and sanding them ,mscoco,4560,653069,0.0,0.01362645348837205
3947,A skateboarder is riding the rail next to a building.,mscoco,5650,434677,0.15,0.275
3948,A very tall giraffe standing in a wooded area.,mscoco,2929,311197,0.55,1.0
3949,Fire hydrant on a snow covered path during winter.,mscoco,4277,737338,0.4,1.0
3950,Looking down at a computer keyboard on a damaged desk,mscoco,2666,361111,0.05,0.5384615384615384
3951,A model set of cars and other vehicles with a garage.,mscoco,3951,356132,0.1,1.0
3952,A black and white image of an elephant behind a fence,mscoco,1103,440556,0.1,0.75
3953,Two women surfers walking on the beach with surf boards on their heads ,mscoco,584,588169,0.35,0.375
3954,A surfer is riding on a large wave.,mscoco,1682,181112,0.4,0.625
3955,A large sailboat with red sails sailing in a large body of water.,mscoco,4065,620780,0.15000000000000002,0.41666666666666663
3956,Small vehicles are near two airliners that have portable stairs on their sides. ,mscoco,3087,795480,0.0,0.04999999999999995
3957,A blue tripocal bird is perched on a wooden fence,mscoco,2451,772883,0.2,1.0
3958,A bicyclist rides down a city street at dusk.,mscoco,5073,286090,0.1,0.35
3959,A street sign in London with directions to many tourist attractions.,mscoco,454,574815,0.4,0.35
3960,A red vase filled with a flower next to a lamp.,mscoco,233,641940,0.25,1.0
3961,Kids looking at a display of baked items.,mscoco,4343,20722,0.1,0.2222222222222222
3962,A baseball player pitching the ball during a game. ,mscoco,1006,570126,0.55,0.6666666666666666
3963,A large building with two large clock towers sticking out of it.,mscoco,3063,694187,0.0,0.02364752738134745
3964,a woman on a red surfboard looking away from the camera,mscoco,933,137844,0.05,0.5026881720430108
3965,A giraffe walks next to a small wall within its enclosure. ,mscoco,3877,107556,0.0,0.0174704276615104
3966,A small elephant standing up in a building.,mscoco,2264,564407,0.0,0.0430440771349862
3967,A brown dog and an orange cat lay on a bed with a rust colored blanket.,mscoco,5915,245847,0.1,1.0
3968,A black cat sitting in front of a computer screen.,mscoco,1966,760624,0.7,0.75
3969,A man in black jacket sitting with a snowboard.,mscoco,1435,281030,0.2,0.24999999999999994
3970,A basket of different colorful fruits and vegetables.,mscoco,5535,82192,0.30000000000000004,0.6666666666666666
3971,Black and white photograph of a docked ship and old rail cars,mscoco,1546,488105,0.1,1.0
3972,Girl competing in a horse competition at the county fair.,mscoco,5582,441153,0.1,0.12698412698412695
3973,The simple white shelving unit is against the white wall.,mscoco,1405,169857,0.0,0.0398126463700234
3974,There are many people enjoying the grassy park.,mscoco,2106,763588,0.30000000000000004,0.375
3975,A zebra standing in tall brown grass near some trees.,mscoco,4311,297869,0.3,0.3125
3976,A close shot of a compute keyboard in the shade. ,mscoco,1604,449642,0.1,0.6666666666666666
3977,A white sandy beach has a chair and straw umbrella.,mscoco,642,39828,0.2,0.525
3978,Tennis player in red shirt and white shorts serves ball.,mscoco,307,479579,0.1,0.1214285714285714
3979,A train leaving a train station with two red brick towers.,mscoco,216,58229,0.05,0.265625
3980,A stop sign on the corner and a sign with street directions,mscoco,1578,65000,0.30000000000000004,0.375
3981,A man takes a picture in the mirror of a truck.,mscoco,795,44201,0.2,1.0
3982,A man riding a skateboard through an obstacle course ,mscoco,1159,524374,0.1,0.0941558441558441
3983,A man surfing a small wave in the ocean. ,mscoco,403,487988,0.1,0.5277777777777778
3984,A person is surfing on the surf board.,mscoco,3390,568211,0.55,0.41666666666666663
3985,Large blue and white passenger plane landing over trees. ,mscoco,2016,413307,0.30000000000000004,1.0
3986,Some various fruits and vegetables are in a box.,mscoco,4481,712498,0.75,1.0
3987,A yellow and red double decker tour bus. ,mscoco,2713,592805,0.4,0.35
3988,A man sitting on a bed with a dog while holding a cell phone. ,mscoco,4632,466586,0.05,0.5357142857142857
3989,A kitchen with white painted cabinets and black counter tops,mscoco,161,618457,0.4,0.6666666666666666
3990,Group of five woman in cafe sitting down for meal.,mscoco,5906,640606,0.05,0.5454545454545454
3991,"A stack of 3 plates. A blue plate is on the top, sitting on a blue plate. The blue plate is in the middle, sitting on a green plate. The green plate is on the bottom.",drawbench,66,66,0.0,0.0
3992,A group of motorcycles parked next to cars,mscoco,1979,101529,0.0,0.01682194616977225
3993,A group of people riding elephants across a river.,mscoco,3485,291875,0.5,1.0
3994,A man placing a white bowl into a microwave oven.,mscoco,3486,514263,0.05,0.2571428571428571
3995,A man in orange jacket standing on snowboard on slope.,mscoco,4659,469995,0.05,0.0692307692307692
3996,Four people sitting at a table with a large pizza and cans of soda.,mscoco,4872,417927,0.0,0.03128054740957965
3997,A table topped with lots of white plates filled with food.,mscoco,3215,284735,0.15000000000000002,0.41666666666666663
3998,A husky dog sitting on a chair near some tires,mscoco,1067,23803,0.1,1.0
3999,a tennis player is sitting on a bench with rackets,mscoco,2490,530931,0.15000000000000002,0.5555555555555556
4000,An elephant looking down while standing in a zoo.,mscoco,2300,551104,0.0,0.03351648351648345
4001,an image of a herd of cows on the beach,mscoco,52,258534,0.7,0.75
4002,A street corner sign for the intersection of Harrison Road and Carlton Street.,mscoco,4589,156148,0.1,0.25
4003,"A modern white kitchen with an electric stove, sink and other items on the cabinets.",mscoco,5117,144549,0.05,0.5073529411764706
4004,Young males in blue tops taking turnings on the skateboard lift.,mscoco,4706,338350,0.05,0.0753655793025871
4005,A church with three steeples surrounded by gardens.,mscoco,1659,587729,0.15000000000000002,0.41666666666666663
4006,Black and white photo of rainy day stop sign and street,mscoco,97,377078,0.2,1.0
4007,Man on skateboard mid air during a jump. ,mscoco,606,286887,0.1,0.2833333333333333
4008,A young person skiing on a path on cross country skis.,mscoco,989,569179,0.25,0.5161290322580645
4009,A baby crawls on a laptop computer sitting on a couch.,mscoco,4979,592443,0.05,0.2647058823529411
4010,a train with people exiting in a station,mscoco,4433,30604,0.25,0.29166666666666663
4011,A large living room with yellow curtains and couches,mscoco,5379,639427,0.2,0.6666666666666666
4012,Toilet and sink installed in beige bathroom with window,mscoco,4322,639445,0.0,0.0192949907235621
4013,People walking under an umbrella in a cobblestone plaza. ,mscoco,1274,265584,0.05,0.5384615384615384
4014,A  dish of meat topped with red cabbage and tomato sauce.,mscoco,3955,564667,0.05,0.5277777777777778
4015,A slice of cake with black and pink icing.,mscoco,1016,507646,0.1,0.75
4016,Two bear cubs wrestling in the grass by rocks,mscoco,381,577719,0.05,0.2647058823529411
4017,"A smiling man with glasses on, wearing a cook's hat",mscoco,264,716156,0.1,0.41666666666666663
4018,A magnifying glass over a page of a 1950s batman comic.,drawbench,172,172,0.0,0.0
4019,Skier on flat wide open snow covered area.,mscoco,1790,634723,0.05,0.5277777777777778
4020,A person is taking a picture of a mirror inside a wooden room.,mscoco,2944,643089,0.1,1.0
4021,A sandwich is placed on a plat with a bag of chips.,mscoco,1171,74537,0.05,0.0746543778801843
4022,A living room with a red couch sitting beneath a window.,mscoco,3771,154419,0.05,0.07251317012705295
4023,Men sit in the outfield in white uniforms waiting for the pitch. ,mscoco,4546,725193,0.0,0.043154761904761904
4024,A view of a kitchen with a tile backsplash,mscoco,2570,284329,0.0,0.01235321030959275
4025,Old style suitcase containing electronic device such as a sound recorder.,mscoco,5918,127884,0.15000000000000002,1.0
4026,A white motorcycle with three wheels next to other motorcycles.,mscoco,2832,356305,0.05,0.145
4027,Several items of different designed luggage next to a wall.,mscoco,1412,324208,0.35,1.0
4028,Motorcycle racers making a turn in old photograph.,mscoco,4382,579828,0.15000000000000002,0.5625
4029,A cat stands on the edge of a sink while a man looks on.,mscoco,298,43265,0.1,0.6
4030,A snow boarder performs a maneuver in the air.,mscoco,5042,822551,0.44999999999999996,1.0
4031,A person is flying a kite while standing in the water of a beach. ,mscoco,3288,470646,0.05,0.1676375404530744
4032,A group of various illuminated street signs above cars.,mscoco,2167,488478,0.0,0.01701001701001695
4033,Chinese stir fry with noodles on white plate.,mscoco,428,517158,0.7,0.75
4034,a kite flying high in the air with a sky background,mscoco,192,342305,0.45,0.5555555555555556
4035,The baseball player is swinging his bat to hit the ball.,mscoco,1676,297152,0.44999999999999996,0.41666666666666663
4036,A man on a skateboard going over a black box at a skate park.,mscoco,4255,187538,0.0,0.045036764705882346
4037,a dog is jumping near a man with a disk,mscoco,2993,688319,0.0,0.0541666666666666
4038,A tennis player wears a red top and a white visor.,mscoco,2282,408763,0.0,0.00600151049252845
4039,a street sign on a pole with a traffic light and street light,mscoco,2061,263994,0.05,0.5138888888888888
4040,Two people sitting on the rail of a bridge with a motorcycle parked behind them.,mscoco,3554,545656,0.1,0.75
4041,A teddy bear sits on the bed in a colorful children's room.,mscoco,1108,122777,0.1,0.375
4042,A game of professional baseball where the player has swung the bat.,mscoco,3408,426971,0.3,0.3125
4043,A child biting a donut on a string.,mscoco,5925,464526,0.3,1.0
4044,"Graffiti damaged stop sign altered to read 22 TOP, on Regent St, 9600 W block.",mscoco,3357,127932,0.0,0.0206228956228956
4045,A firetruck that is sitting in the street.,mscoco,3983,769266,0.35,0.6666666666666666
4046,A baby brushing it's teeth with a green toothbrush.,mscoco,2344,200300,0.4,1.0
4047,A man in a tie carrying an umbrella,mscoco,5316,126818,0.2,0.75
4048,Paved path along a river which is being crossed by a passenger train. ,mscoco,5931,290036,0.1,0.41666666666666663
4049,A blue colored dog.,drawbench,5,5,0.0,0.0
4050,Two aircraft flying in formation above the mountains.,mscoco,1904,21082,0.1,0.6666666666666666
4051,a bus is driving down a snowy city street.,mscoco,4150,405455,0.6499999999999999,0.5
4052,A small bird sitting in a metal wheel ,mscoco,5212,705490,0.1,0.75
4053,A poster advertisement for a Nokia phone ,mscoco,5854,64280,0.2,1.0
4054,Two young boys playing Wii games on the television.,mscoco,4359,453523,0.25,0.5192307692307692
4055,A tennis player in the air in the middle of a play.,mscoco,2232,288025,0.1,0.1442307692307692
4056,A red double decker bus on a city street,mscoco,788,666003,0.8,1.0
4057,this is a plane flying above a rusty bridge,mscoco,2141,536315,0.1,0.75
4058,Young boy at bat during youth baseball game at park.,mscoco,1488,707765,0.6499999999999999,0.75
4059,Several white flowers in a small pot designed to look like a rock.,mscoco,427,611165,0.1,1.0
4060,a blue door and a red black and white fire hydrant ,mscoco,1101,807371,0.05,0.10084033613445374
4061,"Chicken, broccoli and potatoes on a white square plate ",mscoco,3218,258371,0.1,0.5
4062,A person holding a Wii remote controller. ,mscoco,4225,8093,0.75,1.0
4063,An empty white refrigerator with milk on the door,mscoco,2801,82817,0.1,0.3
4064,A street in a city that has outside dining.,mscoco,2409,459518,0.05,0.08838383838383836
4065,A white plate has food on it that a person is eating with a knife and fork.,mscoco,5153,251390,0.1,0.2685185185185185
4066,Two cats sitting underneath stacks of chairs in a building.,mscoco,3817,22785,0.1,0.75
4067,A person cross country skis while facing away from the camera.,mscoco,5961,714512,0.05,0.5087719298245614
4068,A group of people are playing with kites at the park.,mscoco,590,728208,0.6,1.0
4069,"A plate is filled with broccoli, apples, strawberries, bananas, and oranges.",mscoco,1702,220391,0.1,1.0
4070,a siamese cat laying on the floor with a toy banana,mscoco,2429,809822,0.1,1.0
4071,Rows of empty seats are viewed from inside a train. ,mscoco,1685,673211,0.15000000000000002,0.6
4072,A small giraffe walks in the green grass near two antelopes.,mscoco,4857,625087,0.1,0.625
4073,Person flies a large kite on the beach line next to the ocean. ,mscoco,4855,75339,0.2,0.3214285714285714
4074,Wiimote with nunchuck attachment sitting on a table,mscoco,4428,805516,0.44999999999999996,0.75
4075,An art project consisting of clocks nailed to a tree,mscoco,5324,168419,0.25,0.75
4076,A kitchen has tiled wall and white decor.,mscoco,1341,498187,0.0,0.051150895140664954
4077,A zebra grazes on grass in an outdoor enclosure.,mscoco,1009,479623,0.6,0.625
4078,A woman holding a small infant in her arm and pointing over a barrier to an elephant that is in the dirt area.,mscoco,3787,744469,0.1,0.5833333333333333
4079,A bathroom with tile and a shower is shown.,mscoco,630,374581,0.25,0.5333333333333333
4080,"A gated entrance that has a clock on an archway which says ""VR 1897"".",mscoco,325,466969,0.0,0.0234722222222222
4081,A yellow railroad crossing sign in a black and white city sidewalk scene.,mscoco,572,686547,0.1,0.6666666666666666
4082,A person rides a surf board in the water.,mscoco,2843,760716,0.1,0.5416666666666666
4083,Two bananas surrounding one apple in black and white. ,mscoco,4072,678046,0.1,0.75
4084,The plane wing can be seen through the window. ,mscoco,2788,587355,0.6,0.6666666666666666
4085,Two zebras in a field covered with dry grass,mscoco,3907,549528,0.65,1.0
4086,A boy in catchers gear throwing a baseball.,mscoco,1105,627302,0.1,0.5625
4087,Young adult scout member displaying hand sign wearing sash with badges.,mscoco,3481,482837,0.1,1.0
4088,A suburban street in the UK with lots of cars parked on the street,mscoco,5670,190618,0.3,0.75
4089,A man wearing glasses is cuddling a blue teddy bear.,mscoco,900,17796,0.1,1.0
4090,"A meal of meat and vegetable soup served with yogurt, butter, sauce and water.",mscoco,3198,628623,0.05,0.1713395638629283
4091,A cat laying on top of a blue piece of luggage.,mscoco,512,665861,0.15,0.2833333333333333
4092,A man standing in the waves holding a surfboard.,mscoco,5032,136752,0.2,0.2833333333333333
4093,A man playing baseball hit a line drive to third.,mscoco,4939,598212,0.0,0.00155601859890795
4094,A street sign that is in front of a rainbow in the sky.,mscoco,4503,415539,0.3,1.0
4095,Filtered photograph of a man jumping on a skateboard.,mscoco,3584,242656,0.3,1.0
4096,a bunch of birds fly over a beach ,mscoco,4840,439982,0.5,1.0
4097,People are crossing a street with umbrellas on a rainy day.,mscoco,2242,35401,0.4,0.5833333333333333
4098,A sign that says 'Google Brain Toronto'.,drawbench,191,191,0.0,0.0
4099,"A sink is filled with dirty dishes, to the point of overflowing.",mscoco,4529,757412,0.2,0.625
4100,A fruit salad made from bananas and kiwi.,mscoco,3054,388051,0.1,0.55
4101,A large black bear walking in the grass.,mscoco,4858,338305,0.55,0.6666666666666666
4102,a man standing with his legs wide on a tennis court,mscoco,3041,410228,0.05,0.1208333333333333
4103,The four images show a black dog next to a pair of shoes.,mscoco,1402,630659,0.1,0.6
4104,View of a bench seated near rocks and bushes.,mscoco,5165,600740,0.25,0.26666666666666666
4105,A black bird with a red beak walks along a beach.,mscoco,3121,217182,0.15000000000000002,1.0
4106,a number of people at a table with plates of food ,mscoco,540,802024,0.05,0.16666666666666666
4107,This is an overhead view of an elegant living room.,mscoco,2471,794971,0.8500000000000001,1.0
4108,Close up of a meat sandwich and fries,mscoco,1988,280542,0.4,1.0
4109,A grey cat with a red and green fuzzy elf hat.,mscoco,1788,451509,0.3,1.0
4110,A parking meter next to a parked car and cobblestone street.,mscoco,1895,204624,0.9,1.0
4111,A woman is flying her kite in a city park on a sunny day.,mscoco,963,275149,0.4,0.5625
4112,Two people sitting on a field overlooking water holding an umbrella. ,mscoco,4644,205503,0.1,0.5
4113,A man riding a wave on top of a surfboard.,mscoco,1945,662613,0.6,0.75
4114,"A dining room area with a round table and various unmatched chairs, and a dog looking out the sliding glass door.",mscoco,2099,389000,0.05,0.29545454545454547
4115,A street intersection with two traffic lights showing red.,mscoco,5403,294888,0.2,0.2222222222222222
4116,"A baby eating cake in a hi chair, its really messy.",mscoco,4073,437678,0.15000000000000002,0.3
4117,A woman sitting in a chair using a laptop ,mscoco,1566,464923,0.2,0.3333333333333333
4118,A man rides a horse cart down a country road.,mscoco,3918,802722,0.2,0.5833333333333333
4119,"A bathroom with a mirror above the sink, a towel rack and toilet.",mscoco,1248,536640,0.15000000000000002,0.375
4120,A double-decker bus with people sitting inside of it.,mscoco,3730,326627,0.35,0.625
4121,A woman in an office holding up a doughnut.,mscoco,1014,278545,0.1,1.0
4122,A snowboarder poses next to two skiers on the mountain.,mscoco,4412,6661,0.05,0.5131578947368421
4123,A zebra underneath a broccoli.,drawbench,123,123,0.0,0.0
4124,a green and yellow passenger train sitting beside the track ,mscoco,1455,575114,0.25,0.6
4125,Male tennis player surveying a clay tennis court for imperfections.,mscoco,5723,576589,0.0,0.0161331626120358
4126,Two people are walking on the beach with three dogs.,mscoco,4955,1260,0.0,0.0493305144467935
4127,"A cat sitting on a laptop with the caption ""your not getting it back""",mscoco,5284,221420,0.05,0.5151515151515151
4128,A two level yellow bus parked on the side of a field with snow on the ground and people on the inside of the fence area.,mscoco,5319,184637,0.1,1.0
4129,Young child brushing teeth using blue and white toothbrush.,mscoco,5517,449891,0.2,0.5625
4130,A pale blue airplane sits on the tarmac while trucks wait nearby.,mscoco,3717,648765,0.0,0.0146296296296296
4131,A giraffe laying on lush green grass next to trees.,mscoco,392,186730,0.15000000000000002,0.24999999999999994
4132,A very nice looking kitchen with a shiny stove.,mscoco,1855,510108,0.0,0.04166666666666665
4133,A stop sign at the intersection of Stampede Road and Regulus Street.,mscoco,5553,725397,0.0,0.0189285714285714
4134,Men playing disk golf on a sunny day,mscoco,3650,624972,0.05,0.19298245614035087
4135,A person standing near a white toilet bowl ,mscoco,2082,505018,0.15000000000000002,0.625
4136,a bathroom with a sink and a large window,mscoco,4310,436019,0.25,0.75
4137,a steam train rides next to a group of trees ,mscoco,4544,741976,0.44999999999999996,1.0
4138,A small sheep standing next to a white tub in a field.,mscoco,1701,215152,0.0,0.01878936692644385
4139,Rider on horseback maneuvering in open field area.,mscoco,3181,683942,0.6,0.6
4140,"Dog, white Scottish or Sealyham Terrier, on belly, next to shallow yellow bowl on grass ground.",mscoco,5149,125862,0.1,0.6
4141,"Display of large submarine sandwich, with many ingredients, and condiment jars.",mscoco,5046,812675,0.05,0.5217391304347826
4142,A man in red shirt playing a game with frisbee.,mscoco,261,277682,0.2,0.625
4143,Horse with halter in field near bushes and trees,mscoco,5922,640893,0.05,0.2625
4144,The zebra looks toward the ground while standing near a tree. ,mscoco,4606,795195,0.0,0.017245884504834
4145,A vase filled with flowers on top of a purple table.,mscoco,3237,600214,0.0,0.0035971637747160504
4146,A bright yellow bus travels along the road next to a fence.,mscoco,3880,32201,0.15000000000000002,0.1833333333333333
4147,Woman in red sweater sitting at table with glass of wine.,mscoco,4042,482476,0.2,1.0
4148,A brown wooden bench sitting under a window.,mscoco,936,428767,0.4,0.625
4149,A person with skis and pole skiing down the hill on the snow. ,mscoco,5764,573114,0.25,0.1964285714285714
4150,"A grocery store refrigerator has pint cartons of milk on the top shelf, quart cartons on the middle shelf, and gallon plastic jugs on the bottom shelf.",drawbench,96,96,0.0,0.0
4151,Several kites are being flown over a beach. ,mscoco,5103,461210,0.7,0.75
4152,three brown bears are cooling off in the water,mscoco,67,657726,0.3,1.0
4153,A large dog standing next to a  cat feeding on a bowl.,mscoco,1530,719779,0.1,0.24999999999999994
4154,people standing on a beach with a kite flying in the air,mscoco,5329,218929,0.6,1.0
4155,Many people on a beach fly their kites. ,mscoco,2558,549055,0.75,1.0
4156,A young boy is playing with his toy oven. ,mscoco,4666,817702,0.25,1.0
4157,A view through a peek hole at a bathroom.,mscoco,3645,540581,0.05,0.11851851851851851
4158,A stop sign in front of a building with a large group of people outside.,mscoco,115,242204,0.1,0.55
4159,A yellow bird perched on a small branch of a tree.,mscoco,520,610510,0.75,1.0
4160,Close up of an open toilet seat in a bathroom.,mscoco,390,8274,0.35,0.6
4161,A sandwich with meat and tomato sauce sliced in half.,mscoco,5233,577965,0.05,0.1166666666666666
4162,A couple of people sitting at a table with plates of food.,mscoco,5706,801744,0.25,0.5714285714285714
4163,A woman posing for pictures with her skateboard.,mscoco,853,322403,0.1,0.2833333333333333
4164,A red double decker bus driving past the Big Ben clock tower.,mscoco,5378,488121,0.6499999999999999,0.75
4165,Young boy with red shirt and jeans sits at desk in front of laptop computer,mscoco,4336,81656,0.1,0.75
4166,A couple of men riding skateboards around a public space.,mscoco,1513,267980,0.25,1.0
4167,a young lady stands next to a man with a umbrella ,mscoco,2497,363154,0.2,0.41666666666666663
4168,A fire hydrant is painted white and red.,mscoco,5608,330253,0.4,1.0
4169,This zebra has black and white strips and is in the woods that is partially shaded.  ,mscoco,5773,17262,0.0,0.05277777777777775
4170,A woman stands next to a horse while a man touches its hoof. ,mscoco,1863,432524,0.05,0.5357142857142857
4171,A bird perches atop a dragon shaped roof decoration.,mscoco,5494,673229,0.1,1.0
4172,a lady that is eating some kind of doughnut,mscoco,2329,726770,0.55,0.75
4173,A young boy swinging the bat in a baseball game.,mscoco,3078,405021,0.5,1.0
4174,Home dining area with white walls and furnishings overlooking water.,mscoco,2506,238237,0.1,1.0
4175,An elephant is walking outside of his cage at the zoo. ,mscoco,5570,501661,0.0,0.0078564441183663
4176,Sheep line up outside of a stone building.,mscoco,1533,257678,0.1,1.0
4177,The baseball player takes the proper stance to successfully hit the ball.,mscoco,4662,621689,0.0,0.05729166666666665
4178,Large yellow fire hydrant with green leaves on it surrounded by greenery.,mscoco,130,280667,0.5,1.0
4179,A baseball player swinging a bat during a game.,mscoco,106,165983,0.15000000000000002,0.29166666666666663
4180,the woman looks down at her phone as she holds a glass.,mscoco,2334,514221,0.15000000000000002,0.5
4181,"Three young boys dressed in formal clothes, two are standing one is sitting",mscoco,5655,779609,0.1,0.6666666666666666
4182,Several people are participating in a jousting demonstration.,mscoco,4157,31737,0.2,0.6666666666666666
4183,a large green and yellow train on a track,mscoco,3708,682039,0.35,0.5
4184,A black and white cat sitting in a bathroom sink.,mscoco,2529,131571,0.55,1.0
4185,A blue and red train is traveling down the train tracks.,mscoco,240,706923,0.1,0.5416666666666666
4186,a small zebra and two larger zebra in a field of grass,mscoco,1391,98674,0.05,0.101010101010101
4187,A person dressed in ski attire going skiing.,mscoco,462,323980,0.1,0.1964285714285714
4188,An electric train traveling down the tracks near a canal.,mscoco,1707,703273,0.35,0.625
4189,"Books, Tv,and Pc are assembled in proper place in the room ",mscoco,4201,461447,0.05,0.07478632478632476
4190,A yellow double deck bus traveling down a street.,mscoco,1757,277409,0.55,0.625
4191,New York Skyline with 'Diffusion' written with fireworks on the sky.,drawbench,194,194,0.0,0.0
4192,An unplugged blender sitting on a kitchen countertop.,mscoco,2869,575141,0.05,0.13125
4193,a parked car sits next to a parking meter ,mscoco,3781,540980,0.9,1.0
4194,A group of seniors sit together at a wine luncheon.,mscoco,2729,342733,0.05,0.1381578947368421
4195,a cat is sticking its head inside of a toilet,mscoco,3917,717409,0.95,1.0
4196,A car parked on a steep hill near some buildings,mscoco,2083,166223,0.05,0.11851851851851851
4197,A toy train going down a train track in a garden,mscoco,1255,739970,0.6,1.0
4198,"A scenic view of water and Big Ben in London, England.",mscoco,4410,701554,0.6,1.0
4199,a caserole dish filled with sandwiches and cucumber slices,mscoco,5562,458064,0.1,0.5833333333333333
4200,A clock tower on top of building lined with flags.,mscoco,5334,62147,0.05,0.06486966824644545
4201,A person is catching a soccer ball near a net.,mscoco,3529,237473,0.15,0.2531847133757962
4202,A man sitting behind a laptop in a bright room.,mscoco,5571,20106,0.0,0.0368686868686868
4203,A little boy looking at a white teddy bear.,mscoco,2977,357832,0.2,1.0
4204,a close up of a sport motorcycle parked near a tree,mscoco,2651,783589,0.2,0.75
4205,toy cars and trucks are depicting a freeway,mscoco,3616,42263,0.4,0.625
4206,A dog sitting in an open suitcase looking at the camera,mscoco,2989,326390,0.4,0.75
4207,Small white bathroom with toilet sink and mirror over it. ,mscoco,250,795874,0.25,0.29166666666666663
4208,People sitting on chairs on a city street in front of a coffee house.,mscoco,2317,323305,0.05,0.525
4209,A large pizza pie sectioned off with different toppings ,mscoco,5959,372969,0.1,0.1875
4210,This is a picture of a refrigerator in a kitchen.,mscoco,837,64831,0.7,0.75
4211,A group of sheep are standing in the grass.,mscoco,5787,736993,0.6499999999999999,0.5
4212,A wooden bench with snow on top of it in a forest.,mscoco,3768,608177,0.8,1.0
4213,A woman is holding a spoon in a blue bowl of food.,mscoco,4238,667545,0.1,0.27777777777777773
4214,A plane is flying over a snowy mountain.,mscoco,3272,205978,0.55,0.75
4215,Many cars in a desert area with planes in the back. ,mscoco,2913,510453,0.1,1.0
4216,A gourmet meat pizza on a plate with a slice consumed,mscoco,5093,418867,0.0,0.024931693989071
4217,A white cow standing next to a bush in grass,mscoco,4266,315586,0.05,0.5357142857142857
4218,A picture of a bathroom with a tub shower combination and a white toilet.,mscoco,842,518463,0.35,0.6
4219,Man with red tie and denim jacket and dark sweater.,mscoco,3740,361035,0.1,1.0
4220,A woman jumps a horse at an equestrian event.,mscoco,5684,416608,0.5,0.3
4221,"A typical living room with couch, glass coffee table, television and water dispenser.",mscoco,2575,573090,0.05,0.1818181818181818
4222,A tan clock tower shows the time of 6:34.,mscoco,5880,712974,0.0,0.00816952547890315
4223,The basket has a sandwich in halves with rice in it. ,mscoco,2648,733398,0.05,0.5032679738562091
4224,A closeup of an elephant shows fine hair on it's head.,mscoco,3630,328218,0.3,0.53125
4225,Cat sitting on table next to electronic keyboard in residence.,mscoco,5572,634760,0.1,0.1833333333333333
4226,A group of skiers getting off of a ski lift,mscoco,2764,90099,0.1,0.1547619047619047
4227,Baseball player in the motion of swinging his bat. ,mscoco,4809,52019,0.15,0.27941176470588236
4228,A red bus traveling down a busy city street.,mscoco,3220,50723,0.75,0.6666666666666666
4229,An airplane on the tarmac as seen from behind a window.,mscoco,2825,522772,0.5,1.0
4230,a black and white photo of a train on a track,mscoco,2143,656981,0.6499999999999999,1.0
4231,Three cats and one dog sitting on the grass.,drawbench,51,51,0.0,0.0
4232,woman laying on a bed wearing patterned black stockings,mscoco,2272,436998,0.25,1.0
4233,Cooks are preparing food in a restaurant kitchen.,mscoco,4265,742653,0.7,0.75
4234,A white and grey airplane sits at a gate at an airport.,mscoco,1853,538138,0.35,0.375
4235,A person riding a wave on a surfboard,mscoco,1548,650321,0.44999999999999996,0.75
4236,A water heater tank sitting below a microwave oven.,mscoco,208,719485,0.05,0.2512376237623762
4237,Several cross country skiers in a ski competition.,mscoco,4044,798768,0.65,0.5833333333333333
4238,a surfer in a wet suit and a white red and blue board,mscoco,3254,305186,0.0,0.02598120508568265
4239,A woman is taking a bite out of an apple.,mscoco,2311,287351,0.15000000000000002,1.0
4240,Decorative kites in front of a kite shop in a foreign country.,mscoco,5626,697706,0.35,0.75
4241,A man is performing a snowboard jump and appears that he is hooked to the lift.,mscoco,5136,80507,0.2,0.5416666666666666
4242,A fighter plane is taxiing down a runway.,mscoco,2142,745324,0.0,0.0311355311355311
4243,a long passenger train inside a train station,mscoco,187,410707,0.1,0.23809523809523805
4244,A yellow train is stopped against a barrier on the tracks.,mscoco,5172,700034,0.0,0.0115260124733559
4245,Two women lay in a bed with an orange cat.,mscoco,1876,729271,0.1,0.625
4246,A bathroom with white toilet and shower stall,mscoco,2024,499629,0.1,0.14583333333333331
4247,A man wearing a wet suit while riding on a surfboard. ,mscoco,4888,700301,0.2,0.2738095238095238
4248,Two pictures of a box of assorted doughnuts.,mscoco,3296,50031,0.05,0.5039370078740157
4249,A woman stands on a sidewalk holding a blue umbrella.,mscoco,5158,630891,0.2,0.5
4250,A person riding a skateboard up a ramp.,mscoco,4203,648791,0.05,0.15625
4251,A man standing in a tunnel next to a car.,mscoco,1907,583464,0.1,1.0
4252,A man with a white-painted face and a bananas on his head. ,mscoco,5201,740770,0.1,0.625
4253,The Big Ben clock tower towering over the city of London.,mscoco,1797,441047,0.5,0.75
4254,A train that is sitting on a track near a ramp.,mscoco,3370,520295,0.0,0.0034187518707642
4255,A group of women who are standing by their luggage.,mscoco,856,801152,0.15,0.29166666666666663
4256,Man smiling looking at the camera while he talks on his cell phone.,mscoco,1029,9690,0.25,0.5
4257,A child holds up a newspaper on a chair.,mscoco,243,435423,0.1,0.6666666666666666
4258,A high speed train on track in a railway station.,mscoco,4792,629865,0.2,0.1714285714285714
4259,a blue motorcycle on display at a motorcycle show,mscoco,526,80035,0.4,0.5
4260,A view of a living room and a dining area.,mscoco,1786,124382,0.1,0.119047619047619
4261,A large red double decker bus travels on a city street.,mscoco,871,681210,0.55,0.75
4262,Zebra standing in front of wooden fence in front of box,mscoco,5877,370947,0.05,0.14166666666666666
4263,"A traffic light at the street corner is displaying red, which means vehicles should stop.",mscoco,4000,487151,0.44999999999999996,0.5
4264,Two stuffed bears are displayed in a mountain scene.,mscoco,1494,703447,0.25,0.75
4265,A partially eat cake on a tray being held by a person.,mscoco,3859,257066,0.0,0.02561797752808985
4266,A yellow scooter bike is by a fire hydrant.,mscoco,2934,463942,0.1,1.0
4267,A baseball player  taking a swing at a ball,mscoco,748,101966,0.1,0.1964285714285714
4268,A baseball player up to bat in a game ,mscoco,2790,745537,0.65,0.5
4269,Man standing by a pond with a blue shirt and a bow tie under cloudy skies.,mscoco,1327,299326,0.1,1.0
4270,FOUR STUDENTS USING LAPTOP COMPUTERS IN A CLASSROOM,mscoco,2663,778796,0.15000000000000002,0.26666666666666666
4271,"Man in sun hat sitting on beach chair just out of shade, talking on cell phone.",mscoco,5369,289401,0.1,0.625
4272,A skateboarder wearing a helmet and knee pads doing tricks on his skateboard.,mscoco,378,308554,0.0,0.039351851851851805
4273,a black and yellow fire hydrant is near the street,mscoco,2383,601426,0.05,0.10270270270270271
4274,Skier poses in front of a scenic mountain view.,mscoco,3879,360716,0.3,0.26666666666666666
4275,Slice of cake displayed on wooden table with ornaments.,mscoco,118,281280,0.0,0.020556478405315548
4276,A steam powered train pulls out of a busy station.,mscoco,3649,696786,0.15000000000000002,0.6666666666666666
4277,A tower clock is stretching upward into a clear blue sky.,mscoco,484,127188,0.4,0.5714285714285714
4278,Two women standing in the room playing a boxing game on the Wii,mscoco,5852,558803,0.05,0.18749999999999994
4279,A man in skintight clothing holds a bicycle with a red surfboard.,mscoco,347,47014,0.1,0.3214285714285714
4280,The keyboard and mouse are hooked up to the big screen television.,mscoco,1561,236136,0.05,0.18229166666666666
4281,A skateboarder rolling down a street with grass on the side.,mscoco,128,708976,0.1,0.1583333333333333
4282,A brown cat with wearing a green tie.,mscoco,4335,168479,0.2,1.0
4283,Three little girls are standing against a wall with a tennis racquet.  ,mscoco,2802,615905,0.1,1.0
4284,Two women make faces as they sit for dinner.,mscoco,5967,119936,0.05,0.5208333333333333
4285,A woman standing next to a field with a kite flying in the sky.,mscoco,1224,272694,0.4,1.0
4286,A sign that says Toyota with lots of cars inside a building.,mscoco,4236,804610,0.1,1.0
4287,two men sitting on a bench wearing hats and suits,mscoco,2184,104461,0.1,1.0
4288,A close-up of the rear end of a propeller plane.,mscoco,3565,186427,0.05,0.11724137931034481
4289,"A dish of vegetables, onions, carrots, and sauce are on the table.",mscoco,4875,645514,0.2,1.0
4290,a small elephant laying down in the sand,mscoco,4216,694690,0.15000000000000002,0.29166666666666663
4291,Black colored commode in bathroom with modern tiling.,mscoco,3056,708662,0.1,0.75
4292,Residential bathroom with modern design and tile floor.,mscoco,4267,707163,0.15,0.14166666666666666
4293,Various fruits and vegetables are on the kitchen counter.,mscoco,3014,278632,0.5,0.6666666666666666
4294,A man is flying a kite while others bicycle in the background.,mscoco,2399,420263,0.1,0.75
4295,The traffic lights are clearly visible for all of us to see. ,mscoco,2576,535082,0.0,0.03976362179487175
4296,black and white image of a man holding many hot dogs in buns and eating them,mscoco,3514,331628,0.1,1.0
4297,A Mac mini and a keyboard are on a table.,mscoco,1123,394487,0.05,0.51
4298,A playground with a sign saying caution live children playing.,mscoco,689,819445,0.1,1.0
4299,A desk with computers and cell phones on it,mscoco,3588,489055,0.15000000000000002,0.20833333333333331
4300,"A person standing with their arms open behind a fire hydrant.
",mscoco,2479,55717,0.05,0.52
4301,A slice of pepperoni pizza sitting on top of a table.,mscoco,1924,785726,0.25,0.29166666666666663
4302,Various blue tables with closed yellow umbrellas on beach.,mscoco,450,260371,0.05,0.09642857142857139
4303,two horses standing at the top of a hill.,mscoco,547,134557,0.3,0.6666666666666666
4304,A red fire hydrant in a cartoon street area.,mscoco,330,229282,0.0,0.027306027306027252
4305,A bird sits on a large tree branch.,mscoco,69,750413,0.0,0.04793028322440085
4306,A smart phone sitting on top of a wooden table.,mscoco,3615,348011,0.6000000000000001,1.0
4307,A very tasty slice of pizza with toppings on a plate.,mscoco,2325,276049,0.2,0.6666666666666666
4308,Pink flowers in a blue vase on a table.,mscoco,4851,161659,0.3,1.0
4309,A batter is swinging at a ball at the game.,mscoco,2247,236333,0.35,0.5
4310,A train passes by a grassy area in the city.,mscoco,4468,179440,0.1,0.2833333333333333
4311,A little boy is holding an umbrella beside a statue. ,mscoco,2179,461983,0.1,1.0
4312,A baseball action shot of a pitcher throwing a pitch.,mscoco,4680,371286,0.25,0.2222222222222222
4313,"A bathroom area with sink, phone and mirror.",mscoco,1937,407788,0.05,0.50390625
4314,A giraffe walking across a grass covered field.,mscoco,451,525013,0.55,1.0
4315,A young person holding a golf club and looking at a frisbee on the ground. ,mscoco,2628,504021,0.1,0.6666666666666666
4316,The side of a train showing the entrance and two doors.,mscoco,4696,777207,0.1,0.29166666666666663
4317,Yellow and gray passenger train passing front of a group of people. ,mscoco,2819,775982,0.0,0.01467289719626165
4318,There is a train attached between two buildings as a walkway.,mscoco,3388,26107,0.05,0.08476599808978025
4319,A military jet is parked on the runway.,mscoco,3560,601068,0.25,0.5454545454545454
4320,Cows in a pasture near a lake with mountains in the distance.,mscoco,5035,32746,0.15000000000000002,0.6
4321,A young girl is standing next to a giraffe by a fence.,mscoco,431,525199,0.35,0.75
4322,a little boy with red shoes on sitting on a bench ,mscoco,1625,422763,0.1,0.41666666666666663
4323,A man holding a green frisbee in a grassy yard.,mscoco,818,313475,0.0,0.071078431372549
4324,"A bowl of carrots, a bowl of mixed vegetables and a bowl of rice beside an apple and orange.",mscoco,4671,31761,0.1,1.0
4325,A person on skis is riding down a hill.,mscoco,1273,773386,0.55,0.6666666666666666
4326,A passenger train running on electricity provided by wires along a train track.,mscoco,1873,343933,0.4,0.75
4327,A woman with a purple umbrella crossing the street,mscoco,459,720128,0.1,0.16346153846153844
4328,The man smiles in front of a plate on pizza.,mscoco,1120,551191,0.6,1.0
4329,The donuts are glazed in powdered sugar and ready to eat.,mscoco,1165,772888,0.4,0.5
4330,An old fashion pickup truck with one yellow and one white sign attached to it. ,mscoco,873,522105,0.1,0.6666666666666666
4331,A living room filled with lots of furniture and a window.,mscoco,5221,409726,0.4,0.625
4332,A young girl is playing ball on a brick wall.,mscoco,176,456246,0.1,0.625
4333,"An grassy enclosure with giraffe, zebras and other animals.",mscoco,5179,280454,0.35,0.3333333333333333
4334,A man is standing in the snow with skis and ski poles.,mscoco,506,474289,0.39999999999999997,1.0
4335,Three giraffes standing underneath a tree in an enclosure. ,mscoco,4167,44251,0.15000000000000002,0.3
4336,A side view of an owl sitting in a field.,drawbench,72,72,0.0,3.3453365949650336e-05
4337,Antique black and white photograph of a steam train at a rural station,mscoco,2689,93266,0.8,1.0
4338,Assortment of fruits and dessert items displayed on table.,mscoco,695,664980,0.0,0.0372413793103448
4339,A teddy bear on a parachute floating along side a building.,mscoco,4902,483627,0.1,0.75
4340,A brick wall can be seen through the window of a subway train,mscoco,110,733377,0.1,1.0
4341,A view of a city street with oncoming traffic taken through metal posts of a sign.,mscoco,1897,156198,0.25,0.1666666666666666
4342,Man surfing on white water waves in open waters.,mscoco,4261,624259,0.35,0.3333333333333333
4343,Two bicycles are parked around a fire hydrant in front of a sidewalk cafe.,mscoco,1869,552847,0.1,0.5
4344,A brown and black dog holding a red frisbee in it's mouth.,mscoco,709,529031,0.1,0.6666666666666666
4345,A red and green fire hydrant next to wooden box.,mscoco,5612,365444,0.1,0.5833333333333333
4346,A person's hand hold a donut with coconut toppings. ,mscoco,4904,215634,0.15000000000000002,0.6666666666666666
4347,A broccoli vegetable dish is served on a plate.,mscoco,4282,81400,0.6000000000000001,0.75
4348,A brown dog sitting on the inside of a white boat.,mscoco,1352,694849,0.2,1.0
4349,Boy riding a large-wheeled skateboard down the road ,mscoco,2698,395294,0.5,0.75
4350,Elderly man with beard standing in a suit.,mscoco,4701,334629,0.05,0.18666666666666665
4351,Two giraffes are standing in a fenced enclosure.,mscoco,5596,218865,0.7,1.0
4352,A young man barely hanging on to a wave that hes riding. ,mscoco,4113,433973,0.05,0.28125
4353,A small train is parked at the station on the track,mscoco,4977,674724,0.1,0.2833333333333333
4354,"A plate of pizza, a wine glass and a glass of water on a table.",mscoco,2043,691226,0.1,0.2608695652173913
4355,A motorcycle is seen in front of some mountains.,mscoco,1399,524132,0.45,1.0
4356,A tennis player on the court holding a racket.,mscoco,3495,795271,0.5,0.75
4357,A home office area with many pictures on the wall,mscoco,1424,383377,0.15,0.5416666666666666
4358,"Sheep, one in mixed brown and white fleece and long horns, the other in beige fleece grazing on grass.",mscoco,4164,99187,0.05,0.13204225352112675
4359,Low folding chair next to plastic chair with red bag on it under open umbrella,mscoco,4436,569530,0.1,1.0
4360,a close up of a person holding two small doughnuts ,mscoco,1994,816358,0.2,1.0
4361,Adult man sitting on couch with laptop computer in living room.,mscoco,2862,796644,0.3,0.6666666666666666
4362,Two adult elephants are standing beside a road while men are riding on top.,mscoco,745,701164,0.25,0.625
4363,The view from a car window shows a motorcycle parked against a tree.,mscoco,3871,635544,0.05,0.525
4364,View of full size bed and curtains with similar flower patterns,mscoco,4580,366404,0.15000000000000002,0.375
4365,Two red flowers set in a green vase.,mscoco,1122,780258,0.1,0.3214285714285714
4366,A large kitchen with green walls and counters,mscoco,3995,503886,0.6,1.0
4367,A storefront with 'Diffusion' written on it.,drawbench,180,180,0.0,0.0
4368,a parking meter with a red zone 3 tag,mscoco,2933,819755,0.15000000000000002,1.0
4369,Airplane toiler with a small view out the window. ,mscoco,4620,532085,0.05,0.2551546391752577
4370,The  hot stew contains various green ingredients.,mscoco,3814,672131,0.1,0.5833333333333333
4371,many different vases and containers on display behind glass,mscoco,5253,199581,0.55,1.0
4372,A man is jumping in the air on a skateboard.,mscoco,5429,746968,0.6,0.75
4373,a small living room with a couch and chairs ,mscoco,5001,530572,0.15000000000000002,0.10555555555555556
4374,A cow being lead around on a showroom floor.,mscoco,193,735647,0.2,0.75
4375,"A living area with chair, love seat, coffee table and a television.",mscoco,4448,689038,0.05,0.08035714285714285
4376,A street sign that says Walnut St on it.,mscoco,495,691080,0.1,0.6666666666666666
4377,Two giraffes stand in a grassy area with trees in the background.,mscoco,1104,716967,0.5,0.625
4378,The baseball player swings his bat at the ball.,mscoco,799,732542,0.30000000000000004,0.375
4379,A large jumbo jet on the runway of an airport.,mscoco,4786,563226,0.35,0.29166666666666663
4380,A female tennis player lunges forward to return the tennis ball.,mscoco,3826,684409,0.25,0.125
4381,A dog laying on the ground with a pink frisbee in it's mouth.,mscoco,3469,740590,0.1,0.12777777777777777
4382,A boat parked on the ground near a fence.,mscoco,1087,307026,0.1,0.3214285714285714
4383,A cow grazes on top of a hill.,mscoco,3234,728790,0.35,0.3333333333333333
4384,Player trying to catch ball in dirt during sanctioned game.,mscoco,5351,579554,0.0,0.01125869702719795
4385,A tug boat sits on the water in the port.,mscoco,2280,89427,0.25,1.0
4386,tHIS LIVING ROOM HAS A HIGH CEILING AND HIGH WINDOWS,mscoco,4750,147529,0.5,0.75
4387,Architecturally magnificent church and building on a city street,mscoco,5935,781418,0.15000000000000002,0.175
4388,A man talking on a phone with his eyes closed.,mscoco,826,113413,0.05,0.09722222222222221
4389,A child plays in a living room filled with baby toys.,mscoco,5143,141937,0.4,1.0
4390,A toilet sit vacant inside a building with slanted roof.,mscoco,5620,43003,0.05,0.2552083333333333
4391,A man is standing on a sidewalk in front of food trucks.,mscoco,3008,376525,0.05,0.5454545454545454
4392,White propeller airplane on a runway next to a white van. ,mscoco,785,219364,0.05,0.20833333333333331
4393,A herd of zebra standing on top of a grass field.,mscoco,4470,677188,0.6499999999999999,0.75
4394,A white plate topped with a chocolate piece of cake.,mscoco,4748,268845,0.35,0.6
4395,A woman is wearing a dress and a tiara is holding an umbrella.,mscoco,160,658448,0.1,0.55
4396,a young boy in a soccer uniform kicking a ball,mscoco,1479,86026,0.6499999999999999,0.75
4397,A black and white photo of a woman playing tennis.,mscoco,916,405210,0.35,0.23809523809523805
4398,Skateboarder with a black helmet and flannel shirt skateboards while another person takes a photograph.,mscoco,3905,166294,0.15000000000000002,0.75
4399,Open area food court with colorful umbrellas. ,mscoco,992,158399,0.15000000000000002,0.5
4400,An assortment of fruit with bananas and apples,mscoco,2984,314833,0.7,1.0
4401,A fenced in area with sheep and mules eating from a feeder.,mscoco,546,151236,0.05,0.06640625
4402,Two adult giraffes and a baby giraffe are standing near each other.,mscoco,1168,656001,0.05,0.1583333333333333
4403,a large group of sheep in a pasture,mscoco,2567,16266,0.5,0.75
4404,A traffic signal is lit on the side of a city street.,mscoco,4170,309515,0.15000000000000002,0.375
4405,"Skateboarder playing in a deserted, concrete city square",mscoco,4531,209291,0.0,0.04377880184331795
4406,Two zebra's standing in a grassy field and one is eating grass.,mscoco,5315,557798,0.05,0.0636200716845878
4407,A street sign giving warning to road users of fines in case they violate,mscoco,5926,515365,0.15000000000000002,0.35
4408,A bathroom with a toilet and stand up shower,mscoco,3515,659854,0.4,0.5294117647058824
4409,Two horses grazing on grass while one of them is behind a fence. ,mscoco,4998,677522,0.05,0.0955284552845528
4410,Flowers and several varieties of vegetables sit on the counter.,mscoco,779,65935,0.2,1.0
4411,a man in a black shirt holding a cellphone and a woman,mscoco,4202,270722,0.05,0.28125
4412,a large passenger jet sitting on top of an airport tarmac.,mscoco,139,292204,0.2,0.26666666666666666
4413,A large airplane is flying through the clear blue sky.,mscoco,1664,781007,0.44999999999999996,0.75
4414,A sea plane in the water with a large city in the background.,mscoco,2236,323696,0.45,0.75
4415,A woman is looking at ribbon for children participating in an art activity.,mscoco,4495,764636,0.05,0.5208333333333333
4416,A red and white small plane is parked on a tarmac.,mscoco,1114,299848,0.2,0.5060240963855421
4417,Four brown bears are walking through a stream.,mscoco,4206,765793,0.0,0.0463157894736842
4418,A brown bear walking along the waters edge,mscoco,2755,397517,0.55,1.0
4419,A man in a knit cap holds a controller that is attached to his wrist.,mscoco,1121,746704,0.0,0.0380398671096345
4420,A man is preparing to hit a ball during a baseball game.,mscoco,836,116966,0.1,0.5714285714285714
4421,A woman sips a beverage from a wine glass.,mscoco,3881,376815,0.3,0.625
4422,A bed with a stuffed animal looking out a window,mscoco,4704,819502,0.1,1.0
4423,A table topped with two pies and a bowl of apples.,mscoco,488,707553,0.05,0.5078125
4424,A beach scene with several people playing Frisbee.,mscoco,3194,132049,0.35,0.375
4425,Large pile of blood oranges displayed in photo.,mscoco,61,633881,0.2,0.26666666666666666
4426,black and white image of a man on a motorcycle,mscoco,5163,715589,0.65,1.0
4427, A man riding skis up the side of a ski slope.,mscoco,552,614370,0.0,0.019055944055944
4428,Legs of male tennis player and his shadow,mscoco,4764,156165,0.25,0.6666666666666666
4429,Various desserts displayed across a large table on a white table cloth,mscoco,1932,296127,0.5,0.75
4430,A close up shot of bananas and limes.,mscoco,3626,505591,0.15000000000000002,1.0
4431,A picture of a bowl of soup and sandwich on a square plate.,mscoco,1954,522971,0.1,0.18055555555555555
4432,Baseball players next to base during major game at stadium.,mscoco,3664,744307,0.15,0.2833333333333333
4433,Many bikes are parked at a bike rack.,mscoco,169,616059,0.8,0.75
4434,Two small birds standing on top of a wet log.,mscoco,1908,652549,0.1,0.5833333333333333
4435,Public phone sign on a street light that says 25 cents.,mscoco,4506,405706,0.1,0.5714285714285714
4436,A group of men playing frisbee on a field.,mscoco,3892,309416,0.7,1.0
4437,A person in a yellow shirt paddle-boards between two boats one with a blue cover.,mscoco,2299,295721,0.1,0.3
4438,a man holding a foil wrapped sandwich next to a computer,mscoco,2643,699081,0.1,0.75
4439,A man crouching down to the level of a child and the child is eating while people walk to the side of them.,mscoco,4725,258212,0.1,0.6666666666666666
4440,Young blond woman with beige hat and brown trim eating a large slice of pizza.,mscoco,3190,146381,0.2,0.6666666666666666
4441,Man working in bike shop repairs a bike's tire,mscoco,5565,203069,0.05,0.5033557046979865
4442,a square pizza with tomatoes and a bottle of wine,mscoco,1696,828833,0.1,0.5833333333333333
4443,A picture of a group of men and women holding tennis rackets,mscoco,1079,379327,0.35,0.6
4444,a person is riding on a surfboard in the water,mscoco,685,583635,0.2,0.35
4445,A bathroom has a white shower curtain and a sink.,mscoco,2813,74126,0.2,0.26666666666666666
4446,Snowboarder taking a rest on snow covered slope.,mscoco,1641,599221,0.55,0.75
4447,Young girl standing in yard wearing baseball cap and glove.,mscoco,297,22456,0.1,1.0
4448,A man is crossing the pavement in front of a pedestrian sign.,mscoco,5280,583196,0.0,0.0378205128205128
4449,"A green "" Please Pay AT Pay Box "" covering over a parking meter.",mscoco,4889,548002,0.1,0.3
4450,A cat sitting behind several plants on a shelf ,mscoco,3968,523426,0.2,0.625
4451,A baby eats pieces of broccoli in a high chair. ,mscoco,4094,450952,0.5,1.0
4452,A hand holding up a hot dog in a bun with pickles.,mscoco,4563,453848,0.15000000000000002,0.29166666666666663
4453,Pitcher in green and grey uniform in the motion of throwing ball. ,mscoco,4870,424502,0.25,1.0
4454,"A table is full of breads, grapes, jams and jellies,meat and cheese.",mscoco,3189,531142,0.15000000000000002,0.3333333333333333
4455,A black and white bird sits in a pine tree.,mscoco,1711,738028,0.15000000000000002,1.0
4456,A boat sits on the side of a road.,mscoco,3558,447202,0.25,1.0
4457,A black and white photo shows a street view with old cars.,mscoco,5666,244456,0.85,1.0
4458,"Vast quantity of vegetables, for the taking at a market",mscoco,4275,772556,0.35,0.6
4459,Older style single engine airplane being displayed at air show.,mscoco,2550,765360,0.0,0.01783079193310375
4460,"A large clock tower stands against a bright, clear sky.",mscoco,2865,100142,0.44999999999999996,1.0
4461,A horse walks through a grassy field in front of a building.,mscoco,3214,101085,0.1,0.5294117647058824
4462,"a red, white and blue toothbrush with toothpaste on it is held above a sink",mscoco,5101,414949,0.1,0.75
4463,A small child is holding a baseball bat wearing a helmet.,mscoco,1515,135069,0.2,1.0
4464,two men holding wii controllers in a living room,mscoco,2042,401964,0.30000000000000004,0.5833333333333333
4465,A garden bench in front of a red tiled wall,mscoco,2369,283315,0.1,0.75
4466,A red and white fire hydrant with a black hat on it,mscoco,5757,486587,0.05,0.17380952380952375
4467,A bathroom has a tile floor and a dolphin shower curtain.,mscoco,859,110861,0.05,0.5128205128205128
4468,A man eating a sandwich in a kitchen,mscoco,652,324609,0.15000000000000002,0.625
4469,The sliced sausage sandwich has peppers and onions on it.,mscoco,553,436933,0.05,0.0661290322580645
4470,a blood orange cut in half on top of a bunch of other orangets ,mscoco,5085,593413,0.05,0.08658008658008655
4471,there is a bird that is sitting on a branch above the water,mscoco,5796,455792,0.6,1.0
4472,A table is covered with vases and containers.,mscoco,3679,530635,0.0,0.0669642857142857
4473,"Dog moving in  brown colored water, holding dark yellow Frisbee, with Coca Cola red canopy and people on water bank.",mscoco,1300,126016,0.1,0.41666666666666663
4474,A red couch in a living room next to a large window.,mscoco,2418,132669,0.05,0.11020408163265305
4475,a stop for pedestrians sign in a parking lot,mscoco,502,511930,0.05,0.0941558441558441
4476,This is an old fashion picture of a little girl and a teddy bear on a bench.,mscoco,5768,332889,0.3,0.6666666666666666
4477,a train on a track near many trees ,mscoco,2638,559320,0.4,1.0
4478,a white plate holding bagel next to cup.,mscoco,2606,312098,0.05,0.5104166666666666
4479,Several people riding in the woods on horseback.,mscoco,1058,304604,0.8,1.0
4480,A black and white photo has two baseball players.,mscoco,438,370837,0.45,0.75
4481,A black and white cat sitting on a couch,mscoco,5248,805169,0.75,1.0
4482,A pear cut into seven pieces arranged in a ring.,drawbench,100,100,0.0,0.0
4483,A woman is cutting a pizza into slices.,mscoco,2361,490073,0.3,0.55
4484,A large jetliner sitting on top of a runway.,mscoco,1752,737606,0.35,0.29166666666666663
4485,A blue and white single engine plane on a runway.,mscoco,1517,193670,0.15000000000000002,0.6
4486,A piece of light blue luggage sitting on top of a leather bag.,mscoco,195,690549,0.1,0.29166666666666663
4487,an image of a small pizza on a plate,mscoco,671,208907,0.25,0.75
4488,A person prepares to apply toothpaste to four toothbrushes simultaneously. ,mscoco,4804,398784,0.05,0.5028571428571429
4489,a bus that is parked on a very large hill,mscoco,1859,535583,0.1,0.625
4490,A crowd of surfers and swimmers enjoy a day at the beach.,mscoco,4440,662371,0.2,0.22916666666666666
4491,Man riding orange and black motorcycle tilted to the side.,mscoco,3839,204522,0.05,0.5028409090909091
4492,A woman and baby looking at an elephant in fenced area.,mscoco,5277,387935,0.1,0.5555555555555556
4493,A man with beard and tie on a subway car.,mscoco,5243,215093,0.1,1.0
4494,Girl playing with a bean bag chair near a Christmas tree.,mscoco,4737,554873,0.1,1.0
4495,a ham and cheese sandwich sits half-eaten on a paper plate.,mscoco,382,641026,0.1,0.2222222222222222
4496,A hand holding a bun containing a burnt hotdog.,mscoco,1286,287302,0.15000000000000002,0.41666666666666663
4497,A man is skate boarding in a parking lot.,mscoco,2701,748971,0.30000000000000004,0.5833333333333333
4498,"Goblet along with white plate with piece of meat, broccoli and corn.",mscoco,2703,92677,0.1,0.375
4499,A zebra eating out of a wooden box. ,mscoco,5509,490202,0.1,0.09920634920634915
4500,A woman reaches into the air to catch a Frisbee.,mscoco,2526,296596,0.15,0.5454545454545454
4501,A group of young women standing around in a half circle holding tennis racquet.,mscoco,3671,121144,0.1,0.75
4502,Two men sitting on the couch playing a wii game.,mscoco,1157,91763,0.5,1.0
4503,Several firetrucks and firefighters are parked in a street.,mscoco,4342,606596,0.35,0.75
4504,People riding on the back of an elephant on a path through the jungle.,mscoco,2739,789996,1.0,1.0
4505,A person is skiing down a steep slope.,mscoco,4442,481864,0.44999999999999996,1.0
4506,Brown teddy bear in bed holding a stuffed orange bird.,mscoco,1646,674530,0.1,1.0
4507,The blue necktie shows a picture of a pocket watch.,mscoco,3371,603704,0.1,0.6666666666666666
4508,A red helicopter with a person hanging from the side,mscoco,1270,650209,0.15000000000000002,0.5625
4509,Woman in shopping aisle with bear on her head,mscoco,2492,378574,0.1,1.0
4510,"A large, blue truck stands near a brown building.",mscoco,3042,143108,0.2,0.55
4511,A man in a suit walks through a parking lot.,mscoco,4723,756208,0.1,0.53125
4512,"A pin cushion , thimble and pair of scissors",mscoco,1809,94783,0.2,0.6666666666666666
4513,A shark in the desert.,drawbench,31,31,0.0,0.0
4514,Brown cows are standing in a field of grass.,mscoco,3127,217477,0.7,0.6
4515,Many buses driving down the street in a city with buildings. ,mscoco,4761,619153,0.55,0.6666666666666666
4516,A yellow sports car has skis and ski poles on the trunk.,mscoco,3067,400642,0.1,0.5714285714285714
4517,Three juvenile soccer players are vying for the ball.,mscoco,5491,259221,0.1,0.52
4518,Sheep graze along a grassy strip in front of a body of water and mountain. ,mscoco,3060,209263,0.05,0.18589743589743585
4519,The green suitcase has many stickers on the side of it.,mscoco,4341,460742,0.1,0.75
4520,A person is holding a skateboard with one edge on the ground.,mscoco,491,35009,0.15,0.27941176470588236
4521,Cars are parked on the side of a road near shops.,mscoco,4957,366935,0.35,1.0
4522,a large passenger plane landing on a runway.,mscoco,2487,273999,0.25,0.41666666666666663
4523,Some large tourist type boats on a wide river.,mscoco,4627,323687,0.2,0.375
4524,A desk top computer next to a lap top computer on a desk. ,mscoco,327,733882,0.3,1.0
4525,A green apple and a black backpack.,drawbench,17,17,0.0,0.0
4526,A group of young men standing next to surfboards.,mscoco,5366,123891,0.45,1.0
4527,The interior of a bathroom with a cat sitting on an unfinished floor.,mscoco,1238,332633,0.0,0.0201680672268907
4528,A group of people with wine glasses on the dining table,mscoco,3575,289931,0.45,0.625
4529,A man is next to a large bunch of bananas.,mscoco,2751,383959,0.6499999999999999,1.0
4530,A dog in the air with frisbee in mouth above grass by fence with spectators.,mscoco,5806,424346,0.15000000000000002,0.625
4531,An adult and baby elephant next to a fence.,mscoco,5866,278862,0.4,1.0
4532,A tied up black and white cow near a bowl.,mscoco,4681,358398,0.05,0.50625
4533,A refrigerator filled with gallons of milk and orange juice.,mscoco,2616,10017,0.1,0.3333333333333333
4534,Several sheep grazing by the side of a road.,mscoco,449,662943,0.3,1.0
4535,"A baseball game with a hitter, catcher, umpire involved in the current play.",mscoco,5679,121080,0.15,0.28846153846153844
4536,Kites are in the blue sky over a park area.,mscoco,1381,484548,0.65,1.0
4537,A flower in a glass vase is pictured.,mscoco,2693,21842,0.75,1.0
4538,Two rows of young skiers lined up for pictures with their skis.,mscoco,4051,528101,0.05,0.08846153846153845
4539,A person sitting on a park bench in the rain next to a bag holding a umbrella.,mscoco,3488,404777,0.25,1.0
4540,A man performing a skateboarding trick and posing mid-air.,mscoco,2708,722997,0.0,0.0028031859173557
4541,People in white outfits and red umbrellas parade the streets. ,mscoco,5792,631530,0.1,1.0
4542,Woman flying a kite on a sunny beach.,mscoco,1459,586303,0.1,0.3125
4543,The white dog is sitting on a blanket in the chair.,mscoco,2901,728237,0.05,0.29545454545454547
4544,A shaggy mother pony and her foal in a field.,mscoco,5598,770420,0.25,1.0
4545,A man wearing a blue shirt and a pair of glasses.,mscoco,914,722148,0.15000000000000002,0.6
4546,a surfer in a wet suit is riding a boats wake,mscoco,4794,98151,0.0,0.0302631578947368
4547,Two laptops sit next to a tv on a tv stand.,mscoco,294,343731,0.0,0.035028248587570546
4548,The narrow room has several beds in it.,mscoco,4628,630408,0.15,0.5208333333333333
4549,Woman in blue outfit taking a swing during tennis match.,mscoco,5435,360510,0.15,0.2672413793103448
4550,A scenic view of a snow covered mountain and clouds.,mscoco,2852,422328,0.15000000000000002,0.625
4551,The large tour bus is painted with a dog mascot.,mscoco,4473,384270,0.1,0.1813725490196078
4552,Two men with colorful ties are posing for a picture. ,mscoco,2445,431458,0.35,1.0
4553,"BLACK, BLUE, WHITE, RED, ORANGE RED AND YELLOW AIRPLANE",mscoco,4978,100802,0.1,1.0
4554,Young lady wearing glasses eating at outdoor table.,mscoco,2748,36829,0.15,0.5384615384615384
4555,Person with a cut on their hand holding up a white controller. ,mscoco,4916,757997,0.05,0.27777777777777773
4556,"Stop sign with added ""war"" annotation, at an intersection.",mscoco,5177,680483,0.30000000000000004,0.3333333333333333
4557,A herd of elephants standing next to a tree.,mscoco,3551,403490,0.2,0.5833333333333333
4558,A tennis player in a red shirt is serving the ball.,mscoco,320,472185,0.2,0.35
4559,A grey and white cat sleeping on a wooden bench.,mscoco,5218,201894,0.30000000000000004,1.0
4560,An old green pick up truck sitting in the grass.,mscoco,5349,24284,0.1,0.5217391304347826
4561,a train on a train track with a sky background,mscoco,4374,140319,0.15,0.5178571428571428
4562,A young baseball player pitching a ball to the catcher.,mscoco,3003,367296,0.1,0.1422413793103448
4563,Three people are posing together in their ski gear. ,mscoco,2403,473655,0.6,1.0
4564,A Capital Cargo International plane on the runway,mscoco,479,62056,0.1,0.35
4565,A group of baby elephants walk next to an adult.,mscoco,1893,248466,0.45,0.6666666666666666
4566,Traffic light with blue sky streaked with clouds backdrop.,mscoco,5104,5898,0.5,1.0
4567,Man with camera in room in black and white photo.,mscoco,461,452245,0.1,0.5045454545454545
4568,Two white chairs beneath an umbrella on a sandy beach.,mscoco,4001,77613,0.25,0.6666666666666666
4569,"Meat with tomato sauce, broccoli, potatoes and rice",mscoco,2250,561428,0.05,0.06388888888888886
4570,A man with an apron prepares a mixture in a bowl.,mscoco,3867,658644,0.0,0.0871212121212121
4571,Two male soccer players engaged in heated competition.,mscoco,4291,254191,0.25,0.5208333333333333
4572,A road sign that says reduce speed for motorcycles.,mscoco,4637,50173,0.1,0.6
4573,A hand holding an orange swivel cell phone.,mscoco,2156,26135,0.05,0.2121212121212121
4574,A long haired cat sleeps on the hood of a car.,mscoco,4171,22835,0.15000000000000002,0.5833333333333333
4575,A bathroom counter with a sample bar of soap and other items.,mscoco,2766,619136,0.4,0.6666666666666666
4576,A brown dog laying on top of grass next to a green frisbee.,mscoco,5488,355321,0.15000000000000002,1.0
4577,A man skates between cones  on the street,mscoco,1838,43691,0.35,0.5625
4578,Sailboat regatta on water near mountain in background. ,mscoco,2758,396789,0.2,1.0
4579,"A cat sitting on top of a television set that is showing a baseball game.
",mscoco,4009,83638,0.15000000000000002,1.0
4580,A green train traveling through a forest with trees.,mscoco,3938,454651,0.15000000000000002,0.25
4581,A group of three coffee cups sitting on top of  a shelf.,mscoco,2757,741792,0.1,0.55
4582,Traffic sign and barricades on roadway near large city building.,mscoco,3652,624535,0.05,0.2546296296296296
4583,A large bathroom with two sinks and three windows.,mscoco,2636,10798,0.0,0.032051282051282
4584,The asian women are selling their wares on the water.,mscoco,4096,719039,0.1,0.15000000000000002
4585,A tennis player kneels in to hit the ball.,mscoco,2127,99584,0.05,0.5161290322580645
4586,a small kitchen leading to a bed room ,mscoco,2716,327610,0.05,0.5043103448275862
4587,There are several people waiting in the rain to cross the street.,mscoco,979,497441,0.4,0.75
4588,A man teaches children to play on a tennis court.,mscoco,4976,97749,0.25,0.23809523809523805
4589,Woman posing for picture in mirror with decorative wall,mscoco,5871,781927,0.15000000000000002,0.6
4590,Several people ride an elephant on a jungle path.,mscoco,1200,461217,1.0,1.0
4591,"Four stuffed teddy bears having a picnic and ""eating"" sandwiches while having drinks",mscoco,5524,303587,0.1,1.0
4592,A green vintage truck on display at a car show.,mscoco,3977,408881,0.2,0.75
4593,Workers in a factory making doughnuts with machines.,mscoco,5885,49313,0.2,1.0
4594,A dog and a cat sitting in a raised cat bed.,mscoco,998,492015,0.05,0.20512820512820512
4595,A boy holds several tennis balls on his racket.,mscoco,4509,364733,0.1,0.13888888888888884
4596,a plane flying in front of a setting sun,mscoco,1750,737430,0.75,1.0
4597,An intersection of a busy city street at night ,mscoco,5322,552698,0.4,0.5625
4598,a bath room with lamps flowers in vases,mscoco,5700,472406,0.25,1.0
4599,A city bus with bicycles on the rack in front,mscoco,4668,350440,0.6000000000000001,0.75
4600,Pictures decorate the wall above a small fireplace.,mscoco,3147,375553,0.05,0.2569444444444444
4601,A red electric train sitting on the tracks.,mscoco,680,824487,0.35,0.6666666666666666
4602,The walking signal is next to the red traffic signal light. ,mscoco,3528,748730,0.0,0.0204365079365079
4603,View from above of two men sitting on sidewalk with tennis rackets and tennis balls.,mscoco,3071,399044,0.1,0.75
4604,"a fire hydrant is painted red, white and green ",mscoco,5434,448403,0.35,1.0
4605,A brown bear standing on a field of dirt and grass. ,mscoco,2412,24846,0.55,1.0
4606,A woman standing next to a man with a frisbee.,mscoco,1046,688462,0.35,0.75
4607,A large group of people on a boat with hills in the background.,mscoco,1415,666488,0.0,0.0215336134453781
4608,A woman talking on a cell phone near a wedding dress.,mscoco,4722,585814,0.1,0.35
4609,A white toilet sitting next to a pipe in a bathroom.,mscoco,2128,154576,0.05,0.5178571428571428
4610,A kid holding a video game controller in his hand.,mscoco,4903,758541,0.45,0.625
4611,A dog stands in a kitchen in anticipation of a treat.,mscoco,1684,392072,0.5,0.41666666666666663
4612,A motorcycle rider is riding in a motor cross competition.,mscoco,5390,580953,0.05,0.0708333333333333
4613,Three cows are standing on the pavement next to a gate with three structures in the background.,mscoco,5249,85762,0.1,0.625
4614,A white church has a decorative window and gold clock.,mscoco,2097,248505,0.1,0.75
4615,Male tennis player just finishing an energetic swing.,mscoco,5176,680611,0.05,0.27
4616,"The large plane is painted orange, blue, green and red.",mscoco,975,344252,0.1,0.225
4617,A group of people walk along a line of buses.,mscoco,1837,367957,0.15,0.20512820512820512
4618,A bat catcher being held by a man with a red jacket.,mscoco,2150,219869,0.0,0.0352257181942544
4619,A passenger train is traveling down a railway.,mscoco,1262,744138,0.0,0.03939393939393935
4620,A group of people stand by a green pickup truck.,mscoco,3007,739960,0.05,0.2606382978723404
4621,a male tennis player  in a blue shirt playing tennis,mscoco,1151,694624,0.30000000000000004,0.3055555555555556
4622,"A bathroom stall with a toilet, rail and toilet paper dispenser.",mscoco,955,505915,0.2,0.29166666666666663
4623,Empty park benches on grass near the water.,mscoco,5671,655544,0.15000000000000002,0.75
4624,Table display of different sized and colored vases,mscoco,5441,651426,0.44999999999999996,0.5
4625,A pitcher throws a pitch to a batter.,mscoco,477,745191,0.25,0.1964285714285714
4626,"Large and colorful display of various fruits, vegetables and canned goods",mscoco,3475,130299,0.0,0.0084510055626872
4627,a wooden bowl of salad on a table with a fork.,mscoco,1013,224620,0.05,0.5075757575757576
4628,two people sleeping on couches in a living room,mscoco,1203,483957,0.05,0.16346153846153844
4629,A fake severed head is inside of a microwave with a carved pumpkin nearby.,mscoco,1141,178008,0.1,1.0
4630,A group of elephants are gathered in a field. ,mscoco,4836,705596,0.8500000000000001,1.0
4631,"Young, smiling woman in casual dress sits on a bench.",mscoco,2287,770707,0.05,0.5019083969465649
4632,Two motorcycles are parked in front of a brick wall.,mscoco,5510,569324,0.15000000000000002,1.0
4633,A large airplane flying through a blue sky.,mscoco,1090,566432,0.9,1.0
4634,"A bed made up with linens, is outside on a street corner.",mscoco,2,297524,0.1,0.6666666666666666
4635,A zebra is standing in the grass near a fence.,mscoco,141,740824,0.1,0.5166666666666666
4636,A large propeller plane with people standing underneath it. ,mscoco,214,145207,0.15000000000000002,0.5555555555555556
4637,an image of a yellow train on a railroad track,mscoco,3012,88621,0.35,0.5555555555555556
4638,The young girl is riding her bike down the street. ,mscoco,4649,514446,0.15000000000000002,0.75
4639,Lone adult horse eating grass in a mountain valley.,mscoco,3908,7837,0.15000000000000002,0.625
4640,"A pizza with ham, tomatoes and cheese on a table.",mscoco,2674,254586,0.15000000000000002,0.35
4641,Two kids sitting at a wooden table eating chips.,mscoco,3873,313601,0.1,0.5714285714285714
4642,kitchen with silver appliances sun shining in the room,mscoco,4020,603268,0.1,0.5025510204081632
4643,A street scene with a restaurant in the background.,mscoco,987,32206,0.0,0.054226475279106845
4644,A pizza is being cooked in an oven.,mscoco,3258,714893,0.5,1.0
4645,There are several kites in the air and several people standing in the field.,mscoco,4029,488989,0.6,1.0
4646,two giraffes are standing in the open field.,mscoco,609,648275,0.4,0.375
4647,A collection of nail is sitting on a table.,drawbench,60,60,0.0,0.0
4648,An ornate brown and gold canopy bed that is roped off.,mscoco,4880,781824,0.05,0.0833333333333333
4649,A bench is facing a man made body of water and trees.,mscoco,3422,758901,0.2,0.6666666666666666
4650,A young woman wearing a striped apron stands between trays of decorated cupcakes.,mscoco,5375,188472,0.1,0.625
4651,A graffiti filled restroom with three urinals and a toilet.,mscoco,2442,124175,0.1,0.5625
4652,A group of people paddling a long boat ,mscoco,5361,394014,0.25,0.35
4653,People at a market place selling mostly luggage ,mscoco,5960,550671,0.1,0.6
4654,A zebra is standing in a grassy area.,mscoco,5645,188364,0.75,0.75
4655,a young man jumping with his skateboard in a skate park,mscoco,2787,408131,0.15000000000000002,0.2222222222222222
4656,Large long sized train running down a large track way.,mscoco,3302,488697,0.0,0.02832167832167825
4657,Several people are riding horses along a beach.,mscoco,258,683453,0.8,0.75
4658,A man sitting on a bed using a laptop.,mscoco,2031,324842,0.6,0.5
4659,A Best Buy sign is shown on the outside of a building.,mscoco,1183,353870,0.1,1.0
4660,A man in a suit standing by a sliding glass door.,mscoco,1918,88691,0.05,0.1757575757575757
4661,"A separate seat for one person, typically with a back and four legs.",drawbench,80,80,0.05,0.14545454545454545
4662,People sitting at a table with several different kinds of pizza pie.,mscoco,421,394729,0.6,0.625
4663,A room in a home that has a small table with one chair on the side and another piece of furniture in the next area.,mscoco,4125,692066,0.1,0.5238095238095238
4664,Lighted bar sign mounted near traffic signal in front of a building.,mscoco,2137,687160,0.2,0.75
4665,A skier is racing down the race track in competition.,mscoco,434,278703,0.6,0.75
4666,a vase on a table with a lamp and a clock ,mscoco,72,436596,0.05,0.5357142857142857
4667,A skier in a yellow jacket making a jump.,mscoco,3458,711088,0.1,0.3333333333333333
4668,Two women at a table with a chocolate cake.,mscoco,775,72604,0.2,0.3214285714285714
4669,a clear glass bottle sitting on a table ,mscoco,2608,593230,0.05,0.5151515151515151
4670,A bed with a wooden headboard sitting inside of a space bedroom.,mscoco,3298,189665,0.1,1.0
4671,An old clock tower on a clear sunny day ,mscoco,4811,679913,0.1,0.5238095238095238
4672,"A plate is adorned with a tiny fish sitting on a bed of broccoli, potatoes and carrots.",mscoco,3519,65486,0.1,0.75
4673,A zebra walks with a house in the background.,mscoco,4549,43588,0.0,0.0359052711993888
4674,An elegant living room with a mountainous view.,mscoco,2488,504456,0.2,0.6
4675,a pizza prepared to be cooked on a wooden spoon,mscoco,2005,508569,0.05,0.0778388278388278
4676,A collection of items from a bag laid on floor.,mscoco,278,264833,0.55,0.6666666666666666
4677,A bird flying over a large body of water next to a bench.,mscoco,2279,496233,0.1,0.5714285714285714
4678,A bathroom with tiled counters and tan walls. ,mscoco,2733,687179,0.0,0.04654863735826535
4679,A man and woman play Wii games in a casual gathering of friends in an apartment.,mscoco,2086,822988,0.05,0.1096491228070175
4680,A man with glasses looking at a cellphone.,mscoco,2931,667934,0.5,0.75
4681,A man skis down a slope in heavy snow.,mscoco,2564,341676,0.30000000000000004,0.5714285714285714
4682,A woman playing a game on the Wii.,mscoco,2543,569420,0.5,0.75
4683,"A bathroom with a toilet, sink and a blue bucket.",mscoco,2594,680738,0.05,0.07279693486590036
4684,A table is set up with a variety of foods. ,mscoco,5451,703375,0.5,0.75
4685,Woman in a hat and tie posing for a picture. ,mscoco,3866,267274,0.25,0.75
4686,Meat with red sauce sits on a plate adjacent to broccoli and carrots.,mscoco,2309,295785,0.0,0.0078970009832841
4687,A toilet is shown in the corner of a bathroom.,mscoco,4346,782807,0.1,0.1339285714285714
4688,A traffic signal in front of a large spire with a clock.,mscoco,47,629157,0.3,0.6
4689,A man is posed with his racket to his side during a tennis game with packed stands.,mscoco,2527,506491,0.15000000000000002,0.29166666666666663
4690,A herd of sheep shares the road with cars and motorcycles.,mscoco,4390,61552,0.1,0.175
4691,a kitchen with a tall cupboard analog clock on the wall and a refrigerator,mscoco,2864,128553,0.0,0.02069597069597065
4692,A starving bull with long horns standing next to a house..,mscoco,2972,355570,0.1,0.25
4693,A brown horse standing in front of a white light tower.,mscoco,806,109826,0.1,1.0
4694,A rooster stands in the grass adjacent to a road.,mscoco,2600,140976,0.1,1.0
4695,A bride and groom stand in front of a wedding cake.,mscoco,4504,259158,0.8500000000000001,1.0
4696,A baseball athlete getting ready to swing the bat.,mscoco,2562,763178,0.05,0.09166666666666665
4697,The SunExpress airplane taxis down the runway to take off.,mscoco,5831,663324,0.1,0.625
4698,A man riding a horse carriage on a road.,mscoco,2225,48743,0.44999999999999996,0.25
4699,Three people ride an elephant near a wall.,mscoco,4909,408140,0.1,0.5208333333333333
4700,A little brown dog rests on a pillow with a toy banana beside it. ,mscoco,2815,345180,0.1,0.625
4701,A pile of red apples sitting inside of a container.,mscoco,1805,711640,0.30000000000000004,0.6666666666666666
4702,A woman and a man playing a game with remote controllers.,mscoco,5067,322618,0.4,0.6
4703,Passenger train riding on top of a bridge with a city view behind it. ,mscoco,4091,43546,0.4,0.625
4704,Tables to play checkers aligned side by side each other. ,mscoco,4740,702627,0.1,1.0
4705,A brown dog sticking its head out an automobile window.,mscoco,19,550650,0.65,1.0
4706,A turkey vulture in flight in a lightly wooded area.,mscoco,5952,366991,0.2,0.75
4707,Office area with multiple computers and file cabinets next to desk.,mscoco,608,748295,0.35,0.75
4708,A large number of canned and bottled drinks fill a refrigerator.,mscoco,2907,402379,0.55,1.0
4709,Black and white photograph of a horse in a desert area.,mscoco,1004,587222,0.15000000000000002,0.5714285714285714
4710,A pizza and cheese crisp are shown on a plate.,mscoco,3321,261898,0.2,0.35
4711,A motorcycle garage with several motorcycles that are being worked on.,mscoco,3501,483415,0.25,0.225
4712,Close up view of an adult colorful parrot,mscoco,3491,346872,0.2,0.75
4713,Flower and plant cuttings in vases and on a counter,mscoco,4886,214485,0.1,0.75
4714,An Austrian Airlines airplane at the airport on the tarmac.,mscoco,1998,142507,0.05,0.5454545454545454
4715,"Open boxes of pizza, chicken, and nuggets before eaten.",mscoco,4329,480962,0.05,0.5208333333333333
4716,Three people smiling in front of an airport kiosk.,mscoco,3943,244089,0.1,0.5833333333333333
4717,A cat sitting on a computer looking like it is typing.,mscoco,1626,54924,0.65,0.375
4718,A baseball player is swinging his bat at a baseball. ,mscoco,154,463341,0.5,0.5
4719,a yellow garbage truck driving down a busy street.,mscoco,3432,404230,0.1,0.3333333333333333
4720,A small child on skis in front of a snowy cabin.,mscoco,1584,804113,0.1,0.75
4721,A merry go around featuring an elephant and giraffe as well as horses.,mscoco,3378,780088,0.1,1.0
4722,Sliced apples placed on a baking sheet in the oven,mscoco,4839,25618,0.1,0.6666666666666666
4723,A toilet sits in the corner of a white bathroom.,mscoco,2670,817934,0.3,0.2833333333333333
4724,A man sits on a chair smiling with a dog on his lap. ,mscoco,1830,425268,0.2,0.6666666666666666
4725,Photo of beige three piece bathroom with toilet paper roll sitting on tank.,mscoco,5132,80339,0.0,0.00238981056148205
4726,The passenger train is painted brown and white. ,mscoco,4832,756130,0.05,0.52
4727,"A kitchen with a sink, stove, and refrigerator.",mscoco,5699,673441,0.25,0.27941176470588236
4728,Two elephants are standing in the sand behind a wire.,mscoco,3164,611073,0.05,0.051872659176029956
4729,A woman in a purple shirt and white tennis skirt is playing tennis.,mscoco,4969,512008,0.1,0.17514124293785305
4730,"A noodle dish has Alfredo sauce, broccoli, and mushrooms. ",mscoco,4119,53328,0.1,1.0
4731,A person with pink pants and black shoes with a laptop computer.,mscoco,4652,157848,0.05,0.5013297872340425
4732,A young girl standing and petting a young foal. ,mscoco,4079,14562,0.25,0.75
4733,Train crossing a bridge over a lake with mountain range in background,mscoco,3898,569004,0.1,0.6
4734,A closeup view of a piece of lasagna. The plate has a fork on it and it looks untouched. . ,mscoco,3699,520969,0.1,0.41666666666666663
4735,a pair of elephants inside of an enclosure,mscoco,4424,252601,0.6,0.75
4736,A man cutting food with a pair of blue scissors. ,mscoco,1334,200562,0.0,0.00916528008874095
4737,A bird scaring a scarecrow.,drawbench,27,27,0.0,1.261479476869763e-05
4738,A hot dog on a bun with pickle and tomato.,mscoco,5337,71188,0.35,0.6
4739,several people riding elephants through a muddy river ,mscoco,2518,379398,0.9,1.0
4740,A cheese pizza with greens on top sitting on a wooden serving dish,mscoco,304,28668,0.1,0.35
4741,A blue and black tour bus sits parked at a curb.,mscoco,3104,255405,0.05,0.5008833922261484
4742,Small stuffed bear posed seemingly holding open beer bottle.,mscoco,5609,243631,0.15000000000000002,0.625
4743,A skateboarder is in mid-air during a jump.,mscoco,3300,393463,0.15,0.525
4744,A brown cow with horns is standing in a field.,mscoco,4425,216561,0.44999999999999996,0.625
4745,Two people ride their horses along the beach shore.,mscoco,1603,756034,0.7,1.0
4746,A fruit stand with many varieties of fruit with price signs.,mscoco,5817,130573,0.5,0.5714285714285714
4747,A British Airways plane is flying in the sky.,mscoco,1610,803443,0.75,0.75
4748,A woman sits on a bench checking her cell phone. ,mscoco,5313,127059,0.5,0.625
4749,a young boy standing in front of a counter with dougnuts ,mscoco,2245,567629,0.1,0.75
4750,an orange parking meter in front of a tree,mscoco,5865,437984,0.1,1.0
4751,A brown and white dog is catching a frisbee.,mscoco,5095,384029,0.4,0.625
4752,A woman walking down a street under a clear umbrella.,mscoco,4172,663030,0.0,0.027526395173453948
4753,A cat is sitting on top of a car.,mscoco,3537,707746,0.5,0.6666666666666666
4754,Player in pink uniform kicking soccer ball during match play.,mscoco,5407,579797,0.05,0.2508928571428571
4755,Two cows are surrounded by many birds in a public area.,mscoco,5946,520943,0.1,1.0
4756,A counter area with multiple trays of food and fruit.,mscoco,167,359073,0.0,0.00930252682589125
4757,a close up of a bird eating from a feeder ,mscoco,845,784687,0.6499999999999999,0.75
4758,Two people are riding on canoes down a river.,mscoco,189,467296,0.25,0.6
4759,a green bus driving down the road with passengers,mscoco,1654,589092,0.55,0.6666666666666666
4760,A jumbo jet airliner on the runway at and airport.,mscoco,4980,37980,0.35,0.75
4761,A man riding a skateboard at a skate park.,mscoco,1112,208058,0.55,0.75
4762,A laptop computer on a wooden desk next to a TV monitor. ,mscoco,1538,733808,0.0,0.0450680272108843
4763,Black and white picture of clock tower overlooking bridge and water.,mscoco,1166,141771,0.05,0.0689102564102564
4764,A man and woman are playing with video game remotes.,mscoco,2476,300643,0.3,0.6
4765,Skateboarder performing trick in skatepark with BAPP logo,mscoco,2302,317326,0.05,0.11111111111111105
4766,An arrangement of flowers in a clear glass canning jar haging on a wall.,mscoco,2125,670706,0.1,0.625
4767,A little kid getting a piece of food out of the fridge.,mscoco,948,690775,0.25,0.75
4768,Kites waver in the air and include a man shaped flying object while people stand on the ground.,mscoco,4595,484298,0.0,0.01989755713159965
4769,A cat on a red chair at a table.,mscoco,171,373285,0.3,0.6666666666666666
4770,A bottle of juice sitting on a window sill.,mscoco,4630,365687,0.1,1.0
4771,The bathroom features a blue and cream color scheme.,mscoco,5222,804303,0.1,0.2738095238095238
4772,A street scene with people lined up on the sidewalk.,mscoco,1195,119023,0.0,0.0163225022775584
4773,A group of people loading their luggage onto two buses.,mscoco,2556,234142,0.1,0.22916666666666666
4774,A close up of a Cingular phone with a person holding it.,mscoco,1891,770062,0.05,0.2535211267605634
4775,a fluffy black cat sitting on top of a tv,mscoco,720,410861,0.2,0.75
4776,A man in a suit smiles and holds his head.,mscoco,938,41193,0.1,0.75
4777,there are many street signs on a large street pole,mscoco,4378,497660,0.3,0.375
4778,Doorway view of a bedroom with a bed and shelves.,mscoco,3829,325948,0.05,0.17499999999999996
4779,A baby in a diaper sitting next to a brown teddy bear.,mscoco,3605,122434,0.05,0.18666666666666665
4780,"A sign on Sex St that says ""Don't Honk $350 penalty""",mscoco,3036,414653,0.25,1.0
4781,Two horses running in a green pasture with trees in the background.,mscoco,1724,126476,0.25,0.6
4782,Three large kites flying in the sky near the water. ,mscoco,5061,773514,0.2,0.6666666666666666
4783,A woman is holding a donut up to her eye.,mscoco,210,276198,0.1,0.2222222222222222
4784,a kitchen with a yellow lamp sitting on the counter,mscoco,3445,134957,0.0,0.037758112094395196
4785,Large bright living area with cabinets and wooden floors.,mscoco,4596,456301,0.2,0.2
4786,A pizza and a calzone are being prepared on wooden cutting boards,mscoco,2001,398117,0.05,0.5052083333333333
4787,A person holds a fork near a plate of food. ,mscoco,12,103214,0.1,0.5011494252873563
4788,there are many skateboarders riding at a skate park,mscoco,522,465807,0.30000000000000004,0.5833333333333333
4789,a group of diners celebrate a birthday with cake,mscoco,2799,362588,0.44999999999999996,1.0
4790,A train on cross over tracks near multiple tracks..,mscoco,2734,9733,0.25,0.25
4791,some kids standing in the living room with wii motes ,mscoco,3440,640525,0.2,0.26666666666666666
4792,A living room is themed in southwestern and brightly colored.,mscoco,1192,53349,0.1,0.20833333333333331
4793,Close up of a computer keyboard and a mouse.,mscoco,2880,93004,0.75,1.0
4794,A pole with a sign that describe the street as 3-way. ,mscoco,3016,549541,0.05,0.5333333333333333
4795,A toaster oven with a tray full of white square food.,mscoco,1003,93508,0.2,0.5555555555555556
4796,Pedestrian sign and bus sign in urban area.,mscoco,464,770180,0.0,0.010040006154793
4797,This room features a twin size bed and a window with bars.,mscoco,1453,483051,0.1,1.0
4798,"3 giraffes are seen in a forested area, but only from the neck up.",mscoco,3546,255904,0.0,0.04781303602058315
4799,A dish of food with a fork and drink on a table.,mscoco,4306,329382,0.1,0.3214285714285714
4800,A man doing skate tricks in a skate park,mscoco,4524,117956,0.44999999999999996,0.29166666666666663
4801,A man preparing food in a restaurant kitchen. ,mscoco,3984,489282,0.55,1.0
4802,A snow boarder making a big jump on a slope,mscoco,3757,455585,0.35,0.6666666666666666
4803,A street sign with the United States flag flying over trees ,mscoco,5719,549050,0.1,0.75
4804,A large group of people in a grass field.,mscoco,2478,633044,0.15000000000000002,0.23809523809523805
4805,Young swimmers and adult spectators standing around pool listening to instructor.,mscoco,5698,125954,0.1,1.0
4806,A young woman takes a big bite of her pizza.,mscoco,4140,101071,0.5,1.0
4807,A female looking at a baby that is attached to an endotracheal tube and a breathing circuit in addition to two ventilators in the background; a Sensor Medics Oscillator and a Drager Babylog ventilator.,mscoco,5613,666998,0.1,1.0
4808,A group of people posing for a picture on the ski slopes ,mscoco,4501,554474,0.75,1.0
4809,Computer and audio equipment displayed on small tiered desk.,mscoco,5502,708921,0.15000000000000002,0.21666666666666667
4810,A woman is hanging up post it notes in a kitchen.,mscoco,1992,329050,0.1,1.0
4811,An array of pastries sit in a storefront window.  ,mscoco,2650,273068,0.2,1.0
4812,A black and red train engine next to train station.,mscoco,1354,372794,0.1,0.5227272727272727
4813,A man rides his bicycle on the side of a road near a tractor.,mscoco,5304,208301,0.1,1.0
4814,A living room and dining room with traditional furnishings.,mscoco,741,3355,0.2,0.625
4815,"A stack of 3 books. A green book is on the top, sitting on a red book. The red book is in the middle, sitting on a blue book. The blue book is on the bottom.",drawbench,68,68,0.0,0.0
4816,Toilet bowl covered in grass and weeds during nighttime,mscoco,5876,771117,0.1,1.0
4817,Calico cat laying upside down on laptop computer.,mscoco,4413,18883,0.05,0.20833333333333331
4818,A pasta dish in bowl on decorated table. ,mscoco,4131,505150,0.0,0.05270092226613965
4819,Older man sitting on bench in front of water fountain,mscoco,2320,598403,0.1,1.0
4820,Toddler wearing a red shirt playing with a toy on the grass.,mscoco,1498,183215,0.1,0.6
4821,An adult and young zebra standing in a field of green grass.,mscoco,633,633522,0.35,0.5384615384615384
4822,Two people walking down a street in the rain under a umbrella. ,mscoco,4019,675158,0.7,0.6
4823,"MOTORCYCLIST CARRYING AMERICAN FLAG OF HIS BIKE, OTHERS LOOKING ON",mscoco,5332,111533,0.1,0.5714285714285714
4824,A laughing lady standing by a pan on the stove and a man with blue shirt holding his hands out.,mscoco,1970,240399,0.05,0.10833333333333331
4825,A pair of sheep sit on the ground together.,mscoco,3856,431120,0.2,0.20833333333333331
4826,Blue and yellow passenger train with its doors open on a station. ,mscoco,4085,121466,0.1,0.225
4827,A young man with a stuffed animal is reading on a bench.,mscoco,443,428079,0.05,0.5172413793103448
4828,A group of skiers skiing down a snow covered slope.,mscoco,3647,10355,0.6000000000000001,0.6666666666666666
4829,"A sign that reads "" Police "" pointing to the left.",mscoco,3470,677667,0.05,0.5021929824561403
4830,Couple takes a picture in front of windows holding a frisbee,mscoco,3986,356568,0.2,0.75
4831,Brown teddy bear sitting on blue cushions in a wicker chair,mscoco,5159,492046,0.1,1.0
4832,"Dog catches frisbee that man has tossed, while other look on.",mscoco,5945,243727,0.05,0.0958333333333333
4833,"Two men with number tags on shirt, each standing with a cow in arena with spectators.",mscoco,3309,421184,0.1,0.6666666666666666
4834,this is a picture of a very large old clock tower,mscoco,3093,610163,0.30000000000000004,0.375
4835,An older woman holding a banana while sitting at a table.,mscoco,804,407310,0.1,1.0
4836,Two women prepare food in an old-fashioned kitchen.,mscoco,1658,750277,0.15000000000000002,0.75
4837,A shirt and a blue tie with a deer head embroidered on it.,mscoco,2578,227876,0.1,1.0
4838,A black bird is walking across a gravel road.,mscoco,131,360533,0.25,0.5
4839,a pole with a street signs and light next to a tall building,mscoco,3758,617504,0.0,0.04951690821256035
4840,Three men ride on surfboards in the ocean.,mscoco,541,778806,0.15,0.5454545454545454
4841,A large group of giraffes roaming around in an enclosure.,mscoco,3825,511710,0.3,0.6666666666666666
4842,A man holds a bird with a stick,mscoco,1619,418150,0.05,0.1583333333333333
4843,A trunk is packed with backpacks and boots.,mscoco,3976,653321,0.4,1.0
4844,Young man sitting on a couch with a game controller in his hand.,mscoco,3192,99824,0.7,1.0
4845,A baseball player takes a high grip on the bat as a catcher scrambles for the ball.,mscoco,5901,257536,0.05,0.13166666666666665
4846,A bathroom is decorated in burgundy and green.,mscoco,4414,153092,0.1,0.175
4847,A snowy hill with people skiing and sledding ,mscoco,5980,122390,0.0,0.057795698924731145
4848,Two giraffe and two ostrich are standing near trees.,mscoco,2521,267648,0.05,0.2527472527472527
4849,A large horse carrying around fire fighters and an old fire engine.,mscoco,3387,764055,0.1,0.22916666666666666
4850,The lights of an electronic traffic signal are glowing at night.,mscoco,3057,612586,0.4,0.75
4851,Two young children play with kites in a grassy yard.,mscoco,3737,280572,0.5,1.0
4852,A passenger bus stopped to pick up passengers.,mscoco,4246,708762,0.2,0.41666666666666663
4853,Young man in orange jersey throwing a baseball.,mscoco,1252,212436,0.1,0.55
4854,Working at the dining table with four laptops.,mscoco,4893,596702,0.1,1.0
4855,An adult and a baby zebra are walking through the grass.,mscoco,2166,397217,0.35,0.375
4856,a red and white fire hydrant sitting in the grass next to a tree,mscoco,3864,545527,0.25,0.625
4857,Several young girls holding tennis racquets next to a man.,mscoco,3089,774936,0.1,0.2608695652173913
4858,A long curved fruit which grows in clusters and has soft pulpy flesh and yellow skin when ripe.,drawbench,85,85,0.0,0.0212585034013605
4859,A kitchen has white cabinets and a white microwave.,mscoco,5607,336150,0.4,1.0
4860,A black and white cow eating grass on top of a field. with long horns,mscoco,343,568048,0.05,0.17982456140350875
4861,A man posing for a picture while holding a baseball bat.,mscoco,5833,14764,0.8500000000000001,0.75
4862,Political meeting between a female American and male Asian politicians.,mscoco,5134,749825,0.1,0.75
4863,A customized motor cycle with skulls on it,mscoco,3106,804275,0.05,0.19791666666666666
4864,A sculpture of two people in an old air plane in the street.,mscoco,1207,67473,0.1,1.0
4865,A young boy sitting at a table with donuts.,mscoco,3609,571017,0.30000000000000004,1.0
4866,A giraffe is eating a large branch with green leaves.,mscoco,4712,820337,0.2,0.6
4867,Baseball player preparing to hit baseball during game.,mscoco,4270,745908,0.35,0.5833333333333333
4868,A young man wearing a suit coat and a tie.,mscoco,3668,55193,0.30000000000000004,1.0
4869,A maple glazed doughnut sitting on a white plate.,mscoco,351,714014,0.05,0.5217391304347826
4870,A plate of spaghetti dish with broccoli and pine nuts,mscoco,362,143941,0.2,0.625
4871,"A man in a suit, black gloves, and sunglasses looks out of place in an outdoor crowd of casually dressed people.",mscoco,4967,454667,0.1,0.75
4872,A black and white photo of a tennis player returning a shot.,mscoco,2450,346652,0.25,0.29166666666666663
4873,A woman heading into the water with a surf board ,mscoco,2899,464705,0.4,0.5294117647058824
4874,A young person with a bat and helmet playing baseball.,mscoco,4657,397618,0.44999999999999996,1.0
4875,A woman and man are posing together on a motorcycle. ,mscoco,149,657958,0.65,1.0
4876,a police officer is on a motorcycle with a double decker bus in the background,mscoco,5997,476067,0.5,0.75
4877,Girl holding a wii mote in her house,mscoco,4239,10804,0.2,0.375
4878,surfer in his wetsuit carrying his surf board on the beach in front of the waves,mscoco,3896,464223,0.4,1.0
4879,A white plate with a piece fish covered in gravy with potatoes and vegetables for sides.,mscoco,4573,518770,0.1,0.29166666666666663
4880,"There are yellow onions, purple onions, and broccoli. ",mscoco,3591,244539,0.1,0.75
4881,A dog riding on a motorcycle with a person,mscoco,3973,487455,0.65,0.75
4882,Utility truck parked on tree lined urban street.,mscoco,1647,406939,0.15000000000000002,0.1964285714285714
4883,Young men take photos and wave at a concert,mscoco,4934,94491,0.1,0.3333333333333333
4884,A brown white and black cat is sitting on a sofa.,mscoco,2619,66610,0.35,0.3333333333333333
4885,A tennis player in a blue and white outfit preparing to hit a tennis ball.,mscoco,2863,10589,0.05,0.515625
4886,Man in blue jacket using a toilet in a field.,mscoco,5397,212697,0.15000000000000002,1.0
4887,A snowboarder speeds down a snow covered slope.,mscoco,5106,97870,0.15,0.18840579710144925
4888,A baseball player in a white uniform swings the bat.,mscoco,420,551107,0.1,0.15555555555555556
4889,A person skiing on the snow in a ski race.,mscoco,3030,290120,0.3,0.5625
4890,A tall clock tower is beside a shorter building.,mscoco,829,363775,0.4,0.75
4891,A group of people gather outside and eat at the table.,mscoco,5225,44740,0.25,0.5833333333333333
4892,A street sign is attached to a pole near a traffic light and a pink sign.,mscoco,1364,421384,0.0,0.00814000814000805
4893,A stainless steel refrigerator in a kitchen with wooden cabinets.,mscoco,5912,744186,0.85,0.75
4894,"a person looking at self in motorcycle mirror, has shades.",mscoco,5708,714848,0.4,0.5714285714285714
4895,Siblings playing with toys on the floor of a living room,mscoco,4576,101191,0.1,0.375
4896,Several sheep standing on a path in a grassy field.,mscoco,2999,544559,0.4,1.0
4897,Group of men posing for photo at night on playing field.,mscoco,704,581008,0.1,0.5833333333333333
4898,A man in a skate park performing tricks on a skateboard.,mscoco,1134,21765,0.4,0.6666666666666666
4899,A living room area with a white fireplace and striped furniture.,mscoco,4479,503114,0.2,0.41666666666666663
4900,A man taking a bite from a donut that is suspended on a string.,mscoco,3893,250576,0.2,1.0
4901,A cow rests on the lawn in front of a stone structure.,mscoco,2662,11812,0.05,0.5151515151515151
4902,FENCED IN FIELD OF SNOW WITH MOUNTAINS AND OVERCAST SKY,mscoco,4949,125967,0.1,0.625
4903,Chocolate frosted cake partly cut with July banner. ,mscoco,4155,96940,0.1,0.41666666666666663
4904,An opened stick of butter sitting near some scissors,mscoco,2267,459792,0.1,0.55
4905,A cat with a collar sitting on a laptop keyboard. ,mscoco,5039,3633,0.1,0.145
4906,A small brown dog wearing a neck tie.,mscoco,4861,331183,0.2,1.0
4907,A hose connected to a fire hydrant during cold winter weather.,mscoco,5818,109288,0.15000000000000002,0.375
4908,Yellow and grey train passing near platform in urban area.,mscoco,3894,582214,0.25,0.2222222222222222
4909,A small child smiles at the camera while lying down and holding a toothbrush.,mscoco,555,476281,0.15000000000000002,0.3125
4910,a white toilet with a book shelf  with some books and a toilet roll,mscoco,862,39974,0.25,1.0
4911,Girl in dress sitting on bench with kittens,mscoco,857,822999,0.05,0.5166666666666666
4912,The silhouette of a person standing in front of a sunset over water. ,mscoco,2685,5334,0.5,1.0
4913,A tow truck towing a car on a city street.,mscoco,1695,312274,0.4,0.375
4914,There are several towels in a small yellow bathroom.,mscoco,1947,492190,0.15000000000000002,0.6666666666666666
4915,A baseball player hitting a ball with his bat. ,mscoco,432,412295,0.4,1.0
4916,A man in white takes a swing at a tennis ball.,mscoco,4319,68242,0.35,0.225
4917, Avery clean brick and tile bathroom thats ready for use.,mscoco,5563,398384,0.0,0.010596546310831949
4918,A man standing on a beach flying a kite.,mscoco,5122,321437,0.6,0.75
4919,Two players vie for control of the ball on a soccer field.,mscoco,2861,501345,0.15,0.1583333333333333
4920,A group of giraffee standing next to a tree behind a fence,mscoco,1149,94330,0.05,0.27941176470588236
4921,A white toilet sitting next to a large window.,mscoco,1503,697674,0.44999999999999996,0.6666666666666666
4922,Two giraffes standing in front of a group of trees. ,mscoco,571,267438,0.5,0.6666666666666666
4923,A hotel room has double beds with white and gold bedspreads.,mscoco,1081,53743,0.2,0.1666666666666666
4924,Two zebras and a giraffe in grassy area next to trees.,mscoco,2828,384282,0.05,0.08531746031746025
4925,A man wearing glasses slicing an onion on a cutting board,mscoco,2827,663544,0.15000000000000002,1.0
4926,A pizza is topped with many different ingredients.,mscoco,361,724899,0.45,0.75
4927,A white cat with two different color eyes is resting in a sink.,mscoco,935,722280,0.2,1.0
4928,A baseball player at bat in a game,mscoco,4754,127683,0.6,1.0
4929,a bunch of fruit on a market stand,mscoco,2634,701013,0.9,0.75
4930,A herd of sheep grazing on snow covered ground.,mscoco,1034,162205,0.6,0.75
4931,A zebra grazes in a grassy field in front of some shrubs. ,mscoco,3345,155710,0.1,0.1747311827956989
4932,Person with wet suit holding onto handles of parachute. ,mscoco,4121,296019,0.0,0.022153128643606648
4933,A red traffic sign with a metal pole attached to it.,mscoco,4264,413171,0.0,0.0045501022494887
4934,A fried piece of food with a tomato on it is in front of two people in the background.,mscoco,2133,675715,0.05,0.17045454545454544
4935,a herd of zebras walking in a large field of dry grass ,mscoco,4461,764487,0.6499999999999999,0.75
4936,Two people standing in a living room holding remotes.,mscoco,3988,754232,0.25,0.6
4937,The intersection of Floyd Avenue and North Linden Street.,mscoco,2642,535862,0.0,0.01241666666666665
4938,A yellow cup of liquid sits next to a keyboard.,mscoco,830,237504,0.15000000000000002,0.6666666666666666
4939,"Stop sign near brick building and fenced area on treed street where someone has vandalized the sign to say ""stop, hammer time"" after MC Hammer's past music hit.",mscoco,5979,525844,0.05,0.07777777777777775
4940,A vintage motorcycle on display with others of the same era.,mscoco,4856,47107,0.4,0.26666666666666666
4941,Adult elephant with two riders walking down street near onlookers.,mscoco,5339,280019,0.05,0.5263157894736842
4942,a desk with picture frames pens and a laptop with a mouse,mscoco,3610,625530,0.05,0.08428209993674884
4943,The baby elephant stays close to an adult with tusks.,mscoco,2134,112727,0.1,0.3333333333333333
4944,A zebra standing behind a cut log in an enclosure.,mscoco,910,531462,0.1,0.5178571428571428
4945,Wine and desserts are served on a table.,mscoco,3597,800689,0.05,0.08522727272727271
4946,A close up view of a cat with a dead bird in its mouth.,mscoco,5344,620580,0.1,1.0
4947,A bunch of unripe bananas hanging from a tree.,mscoco,4204,489432,0.7,1.0
4948,A wide shot of a street with cars and power lines.,mscoco,3861,190700,0.1,0.6666666666666666
4949,An old photograph of refrigerators for sale in an appliance store. ,mscoco,4936,496651,0.2,0.75
4950,A group of people on motorcycles with helmets on.,mscoco,2069,788743,0.6,0.6666666666666666
4951,BROWN BULL WITH LARGE HORNS LAYING ON A BEACH,mscoco,4445,255642,0.2,0.6666666666666666
4952,A tan bathroom with black curtains and towel,mscoco,3424,820952,0.05,0.13563829787234039
4953,A bowl of croissants sits on a table with white dishes.,mscoco,5312,117186,0.2,0.5714285714285714
4954,A man and a woman cutting slices of a multiple colored cake.,mscoco,1005,240903,0.2,0.3055555555555556
4955,Snow covers a fire hydrant near a road.,mscoco,5664,750755,0.4,1.0
4956,A wedding cake decorated with a tree design.,mscoco,4427,196268,0.2,0.75
4957,Polar bear in zoo enclosure playing with plastic toys.,mscoco,5714,485564,0.3,0.41666666666666663
4958,A woman sitting next to another woman who is holding a cup and looking at her cellphone.,mscoco,352,286412,0.15000000000000002,0.23809523809523805
4959,"A grouping of broccoli, cabbage, sweet potato, apples, peach, orange, bananas potatoes and baby carrots.",mscoco,3443,304090,0.1,1.0
4960,A vase holding various pink and red flowers.,mscoco,3373,744287,0.05,0.2625
4961,Small boats float near a lock for a dam.,mscoco,1350,368053,0.05,0.5454545454545454
4962,Two cows in a pen eat hay on a farm.,mscoco,3427,821757,0.05,0.20238095238095236
4963,A glass container with red rubber lid is open to display green bean casserole and sits in front of a microwave. ,mscoco,724,652373,0.1,1.0
4964,A man with a dog plays a game on his Wii.,mscoco,5393,96605,0.1,0.625
4965,A skier jumps a snow ramp adjacent to a ski lift.,mscoco,3780,493465,0.05,0.17037037037037037
4966,A baseball player is standing on the field while another is stretching as people in the background watch.,mscoco,3716,466404,0.0,0.0266826273313511
4967,A brown cow lies on hay in a barn.,mscoco,1633,138041,0.2,0.5116279069767441
4968,Young people stand in front of a hill where many others are flying kites.,mscoco,5169,440832,0.0,0.0025573086634132
4969,A small white kitchen with a meal preparation in progress.,mscoco,698,672455,0.05,0.18018018018018017
4970,A giraffe standing behind a wooden fence near a group of people.,mscoco,3126,573074,0.05,0.10989010989010985
4971,A man throwing a Frisbee in a park.,mscoco,1185,263276,0.75,1.0
4972,a black and white photo of people sitting on a bench ,mscoco,136,105651,0.35,0.35
4973,The sandwich in the paper boat is overflowing with ingredients.,mscoco,5447,230815,0.0,0.00616324465008675
4974,A man standing next to a white surfboard.,mscoco,396,439630,0.55,1.0
4975,A plate of food including mashed potatoes and broccoli. ,mscoco,5755,441067,0.1,0.12631578947368421
4976,A room with a bed and two glass sliding doors.,mscoco,1092,661238,0.15,0.19607843137254902
4977,Old photograph depicting group of adults outdoors and some luggage.,mscoco,3653,708238,0.1,0.75
4978,A woman in a blue outfit holding a tennis racquet.,mscoco,5641,254724,0.35,0.625
4979,The red and white sign has a person on a bicycle.,mscoco,635,132804,0.05,0.2569444444444444
4980,Skateboarder with red shirt on jumping on his board. ,mscoco,3317,311947,0.15000000000000002,0.6666666666666666
4981,A white laptop sitting on top of a bed.,mscoco,513,122012,0.55,0.5
4982,A black and white image of a train going down the tracks.,mscoco,1340,169274,0.55,1.0
4983,A silver truck on street next to other vehicles.,mscoco,5660,310035,0.05,0.17045454545454544
4984,Military jet parked on tarmac at airfield with pedestrian traffic nearby.,mscoco,958,579811,0.05,0.06006006006006005
4985,Three Starwars action figures playing in a blender.,mscoco,5615,326564,0.1,1.0
4986,This bird is looking at a toy photographer.,mscoco,3890,312968,0.1,0.75
4987,Baseball player preparing to swing during the game.,mscoco,2652,669246,0.15000000000000002,0.1333333333333333
4988,A person in an orange jacket skiing down a trail.,mscoco,5594,749602,0.25,0.75
4989,A stainless steel refrigerator in a home kitchen.,mscoco,1615,176588,0.9,1.0
4990,Adult male baseball player at bat during a baseball game. ,mscoco,2255,341890,0.1,0.11309523809523805
4991,A pack of skiers are lined up to start a race.,mscoco,1021,264387,0.05,0.5238095238095238
4992,A girl is smiling with a woman while a plate of french toast and eggs is on a table.,mscoco,2905,701270,0.05,0.2602040816326531
4993,A professional baseball player taking a swing at a ball.,mscoco,1594,388306,0.2,0.625
4994,A smiling man stands holding a tennis racket.,mscoco,3939,459949,0.4,0.6666666666666666
4995,"A bathroom with sink, toilet, and tub ",mscoco,5651,703175,0.5,1.0
4996,A blue Orbit bus is parked in front of some buildings.,mscoco,2052,36140,0.05,0.2533333333333333
4997,A young boy in a shirt smiles while wearing a tie and fake mustache.,mscoco,3130,722800,0.1,0.75
4998,A bathroom has been vandalized and has bullet holes. ,mscoco,5007,680282,0.1,1.0
4999,The table has three large plates of food and two smaller ones. ,mscoco,2210,733923,0.0,0.008219889247807949
5000,A girl wears a life jacket while white water rafting with paddles,mscoco,5078,35132,0.15000000000000002,0.6666666666666666
5001,Zebras and other animals are on a large brown field.,mscoco,3624,157111,0.05,0.1357142857142857
5002,a sign showing stop on the street besides buildings,mscoco,3858,492078,0.0,0.0282945736434108
5003,A man that is riding on a motorcycle with a dog.,mscoco,597,471476,0.8,1.0
5004,a child swinging a baseball bat in a baseball field,mscoco,984,497390,0.4,0.5714285714285714
5005,A large group of people on the street with some bikes.,mscoco,2975,337911,0.65,1.0
5006,a close up of an open box of doughnuts ,mscoco,2887,780613,0.7,0.75
5007,Various muffins and pastries on trays inside plastic cabinets,mscoco,5157,796117,0.1,0.35
5008,Two children are sitting at a table eating a sandwich.,mscoco,1675,270402,0.1,0.2738095238095238
5009,The brown and white cat is on the kitchen shelf next to the dishes.,mscoco,678,166429,0.1,0.625
5010,A black bear sitting on a rock in the sun.,mscoco,4742,143705,0.15000000000000002,0.75
5011,Men in uniforms playing soccer on a field.,mscoco,991,769996,0.35,0.225
5012,A man sitting on a bench surrounded by birds,mscoco,5566,805124,0.4,0.6666666666666666
5013,A Rest Avenue street sign in front of a cemetary.,mscoco,2682,658210,0.1,0.6666666666666666
5014,A group of chefs preparing food inside of a kitchen.,mscoco,4166,264196,0.8,1.0
5015,"a plate of food, consisting of carrots, asparagus, cheese, crackers, berries and more",mscoco,5870,409619,0.1,1.0
5016,A double decker bus on a road in the United Kingdom. ,mscoco,3513,101724,0.4,0.75
5017,A table full of white vases with flower toppers.,mscoco,2003,623062,0.1,1.0
5018,Sheep are walking along a grassy field. ,mscoco,739,321401,0.15000000000000002,0.3125
5019,A young elephant that is walking near other elephants.,mscoco,3695,512380,0.5,0.5833333333333333
5020,Two women are standing under a pink umbrella.  ,mscoco,21,820631,0.15000000000000002,0.5833333333333333
5021,A tray has a cup and a plate with fries and a hotdog on it.  ,mscoco,2059,668157,0.2,0.6666666666666666
5022,A large building with a clock tower surrounded by trees.,mscoco,1690,63433,0.5,0.75
5023,"A device consisting of a circular canopy of cloth on a folding metal frame supported by a central rod, used as protection against rain or sometimes sun.",drawbench,79,79,0.0,0.03462009803921565
5024,A child's room is brightly decorated with blue walls.,mscoco,2640,174540,0.05,0.53125
5025,A group of young people skateboarding on hockey ring.,mscoco,1712,52986,0.05,0.20512820512820512
5026,A man riding a skateboard through a set of cones while people stand behind him watching and talking.,mscoco,2077,283953,0.15,0.1166666666666666
5027,Young baseball player prepares to make a catch while tagging the base,mscoco,3049,353454,0.05,0.25980392156862747
5028,"A backpack, a zebra colored suitcase and other baggage sits on the floor and on a table near a door.",mscoco,5406,234618,0.05,0.28125
5029,A bicycle is parked near a pole on a cobblestone street.,mscoco,649,649788,0.2,0.5333333333333333
5030,A young girl and boy playing with a soccer ball in a field.,mscoco,205,593666,0.25,1.0
5031,A construction worker installing and performing maintenance on a traffic light.,mscoco,4667,675366,0.55,1.0
5032,A man with beard in blue shirt using a laptop at a table.,mscoco,1698,403640,0.05,0.1759259259259259
5033,A zebra in dirt area next to a wooden fence.,mscoco,3496,389265,0.1,0.13888888888888884
5034,Man in an orange and white baseball uniform throwing a ball. ,mscoco,5045,696424,0.3,0.29166666666666663
5035,some peple eating hot dogs during an eating contest,mscoco,2333,715579,0.2,1.0
5036,a black and white dog and a gray cat laying on a bed,mscoco,2976,84475,0.1,0.625
5037,a grey and white cat looking at a cup on the table ,mscoco,4698,790960,0.15000000000000002,1.0
5038,A dog sitting in the back of a truck under a blue umbrella.,mscoco,1949,95568,0.1,1.0
5039,Man playing tennis on a court in front of a crowd.,mscoco,1291,763478,0.25,0.75
5040,Large sized truck with a medium sized black dog in the passenger seat.,mscoco,1368,693398,0.15000000000000002,0.5714285714285714
5041,OLD BLACK AND WHITE PHOTO OF AN ALL BOYS SCHOOL,mscoco,664,275517,0.6,1.0
5042,Man in sunglasses and leather jacket with a plate of donuts.,mscoco,4854,237957,0.1,1.0
5043,a female tennis player in a white dress playing tennis,mscoco,2797,582516,0.45,0.75
5044,a tennis player on a court with a racket,mscoco,653,406135,0.25,0.3333333333333333
5045,Several people are flying kites on the beach.,mscoco,3444,777684,0.9,1.0
5046,A very tall clock tower over a busy city street.,mscoco,2889,522637,0.15000000000000002,1.0
5047,An airplane descending onto an airstrip inside a city.,mscoco,4017,424114,0.1,0.11805555555555555
5048,a lamb standing next to a couple of sheep,mscoco,3348,766891,0.05,0.11020408163265305
5049,a flock of sheep in a green pasture,mscoco,2234,561519,0.8,1.0
5050,A refrigerator is in a kitchen next to a stool.,mscoco,4458,384458,0.1,0.375
5051,A woman tennis player prepares to hit the ball.,mscoco,2211,598832,0.30000000000000004,0.375
5052,Very large balloon depicting whale on display at beach.,mscoco,2456,692689,0.1,1.0
5053,group of people walking a beach carrying surf boards,mscoco,1748,744383,0.8500000000000001,1.0
5054,A man in white shirt doing a trick on a surfboard.,mscoco,2580,602171,0.0,0.0316220238095238
5055,Adults enjoying fun time aboard sailboat on sunny day.,mscoco,4895,683898,0.1,0.25
5056,White and black goats standing and sitting in a grassy field.,mscoco,1754,438689,0.1,0.375
5057,a grilled sandwich and a coffee drink on a table,mscoco,172,135814,0.35,0.75
5058,Man walking on field with cotton candy in hand at outdoor event.,mscoco,4398,743646,0.0,0.0455037919826652
5059,People standing and walking by a food truck parked on the street.,mscoco,5173,256532,0.4,0.5
5060,a couple of people are skiing down a snowy hill,mscoco,2265,611467,0.6,0.6
5061,Several skiers trace a path along a snowy slope.,mscoco,1077,461272,0.4,0.375
5062,A room with a wooden floor and blue walls.,mscoco,237,748617,0.30000000000000004,0.6
5063,Three men in business suits sitting at a table. ,mscoco,3594,48976,0.05,0.19791666666666666
5064,A man plays an instrument on a bench. ,mscoco,4912,413673,0.2,1.0
5065,A cat is peaking out of a yellow and black backpack.,mscoco,4139,117718,0.1,1.0
5066,An old fashioned picture has a smiling baby with a teddy bear.,mscoco,1268,26060,0.15000000000000002,1.0
5067,A couple of people standing in the ocean under a kite.,mscoco,1118,567875,0.05,0.5070422535211268
5068,An umbrella obscures a person sitting outside a store. ,mscoco,4143,566920,0.05,0.17777777777777776
5069,A stop sign is standing on a street corner.,mscoco,1110,211348,0.6,1.0
5070,A calf stands next to a cow that is laying down.,mscoco,3026,343569,0.0,0.0801282051282051
5071,a person walks near water and there is a bus driving through it,mscoco,4510,475676,0.1,1.0
5072,San Francisco Giants pitcher standing on the mound looking at a runner on base and an umpire,mscoco,3714,142775,0.1,0.5714285714285714
5073,A lone zebra is walking through a grassy plain,mscoco,1428,666888,0.3,0.35
5074,a small bathroom with a toilet sink and mirror,mscoco,244,386501,0.35,0.5714285714285714
5075,A bird standing alone on a cloudy beach,mscoco,3543,64318,0.1,1.0
5076,There is a bathtub and a toilet in an unused bathroom.,mscoco,515,555021,0.05,0.0786290322580645
5077,A group of teddy bears sitting on a decorative red bed.,mscoco,4920,819109,0.2,0.75
5078,A very big pretty train in the station.,mscoco,5791,526282,0.1,0.15555555555555556
5079,A man standing in front of a mirror holding a cell phone.,mscoco,4925,401881,0.0,0.02704678362573095
5080,"A cellphone, keys, a pen, datebook and cigarettes.",mscoco,2014,458526,0.0,0.0394345238095238
5081,A white stove top oven next to two shelfs.,mscoco,2916,283276,0.15000000000000002,0.1875
5082,Horse drawn carriage on cobblestone road in urban area.,mscoco,1983,416383,0.75,0.75
5083,Two young men are playing Frisbee on a field.,mscoco,3834,617828,0.7,1.0
5084,A baseball player awaits his turn at bat. ,mscoco,1806,83214,0.15,0.11111111111111105
5085,A small orange vase is on a table with a small branch in it.,mscoco,360,800617,0.1,0.11805555555555555
5086,View of a bathroom with a towel warmer at the end by the toilet.,mscoco,560,226624,0.0,0.021042471042471
5087,A baseball player with a number five jersey is up to bat.,mscoco,3438,736325,0.0,0.0121667889459525
5088,a bathroom with a blue sink and shower a toilet and window,mscoco,3009,320817,0.15000000000000002,0.1833333333333333
5089,a green street sign over a stop sign,mscoco,3545,790855,0.35,0.625
5090,Two small cows that are standing on some grass.,mscoco,2673,822582,0.5,1.0
5091,A side view of two traffic signals on a pole.,mscoco,722,546957,0.0,0.0525641025641025
5092,A girl hitting a soccer ball with her head ,mscoco,1196,630899,0.05,0.5084745762711864
5093,a living room with a bright red couch next to a yellow wall ,mscoco,5365,697530,0.25,1.0
5094,a dog standing next to a sheep in some dry grass ,mscoco,5190,498606,0.0,0.02527527527527525
5095,A young baseball player throws the ball as others watch.,mscoco,3778,46036,0.05,0.1442307692307692
5096,A wooden bench is positioned in front of a building.,mscoco,838,787917,0.5,1.0
5097,A pair of birds fly along the shore.,mscoco,2438,369344,0.2,1.0
5098,A large room with three beds in it,mscoco,1582,661069,0.05,0.08379037172455815
5099,A young person jumping a snowboard off a snow ramp on a hillside.,mscoco,7,785782,0.1,0.26666666666666666
5100,a bathroom with a glass sink base with a bowl on top,mscoco,4281,695374,0.2,0.5625
5101,A woman wearing a blue dress shirt and brown necktie that has a design on it.,mscoco,5783,473199,0.1,0.75
5102,Two horses are grazing in the grass near a fence.,mscoco,134,287668,0.4,0.75
5103,"A bathroom has a disassembled toilet, brown and white tile.",mscoco,5794,233232,0.05,0.2631578947368421
5104,A man playing a video game on the Nintendo Wii.,mscoco,4625,29415,0.55,1.0
5105,A white bird with a spoon bill on a branch.,mscoco,3662,718585,0.05,0.19999999999999996
5106,A man sitting on a moped looking at a cell phone.,mscoco,2054,199723,0.05,0.2587719298245614
5107,A man with glasses talking on a cell phone while walking. ,mscoco,3765,681476,0.05,0.14166666666666666
5108,A cat sits on top of a sleeping dog. ,mscoco,3307,585928,0.1,0.13888888888888884
5109,A herd of cow grazing in an open field ,mscoco,1843,126620,0.5,0.6666666666666666
5110,A cat walking next to a bicycle outside.,mscoco,1495,311430,0.2,1.0
5111,A cat with its paws on a laptop.,mscoco,262,539204,0.7,1.0
5112,A person made out of pumpkins while standing on pumpkins. ,mscoco,1371,700140,0.1,1.0
5113,Surfer riding breaking wave with man on wave runner nearby.,mscoco,4453,814480,0.0,0.0100370762711864
5114,Pizza coming out of the oven ith much cheese and crust.,mscoco,5891,765236,0.05,0.12179487179487175
5115,An office table holding a monitor and keyboard in a room.,mscoco,2144,647651,0.2,0.6
5116,A bathroom with bathroom furniture and other bathroom items. ,mscoco,300,505238,0.15000000000000002,0.5625
5117,An overhead shot of a a pitcher throwing a baseball.,mscoco,1210,606060,0.6,0.75
5118,an image of several elephants herding in the pasture,mscoco,1568,259049,0.7,1.0
5119,A red and blue painted airplane flying past trees.,mscoco,4660,565732,0.15000000000000002,0.75
5120,A baseball player for the San Francisco Giants stands at home plate. ,mscoco,4210,760639,0.05,0.5053763440860215
5121,a close up of a person wearing a shirt and tie,mscoco,5592,393380,0.8,0.5
5122,A man riding a bike while talking on a phone.,mscoco,145,548569,0.44999999999999996,0.75
5123,A photograph of the bathroom inside a house.,mscoco,3800,272283,0.4,0.3333333333333333
5124,Wooden bench on hillside near grassy sloped area.,mscoco,5023,636870,0.2,1.0
5125,A person surfing on a board in the blue ocean,mscoco,4990,101589,0.2,0.6
5126,A bird with a red top on its head next to an orange in a tree.,mscoco,3981,463694,0.1,0.41666666666666663
5127,A man poses while wearing a light up tie. ,mscoco,3922,796066,0.1,1.0
5128,A man holds a tennis racquet while bending his legs.,mscoco,1243,77199,0.15000000000000002,0.2
5129,"A bathroom area with sink, toilet and bathtub.",mscoco,3694,403603,0.2,0.2717391304347826
5130,A photographer's reflection can be seen in an alarm clock bell. ,mscoco,3654,170333,0.05,0.5454545454545454
5131,A boat is docked in a marina during dusk.,mscoco,2248,482547,0.25,0.625
5132,A person is riding a horse around a track,mscoco,1708,434240,0.0,0.06346153846153846
5133,A man watches a giraffe eating from a tree. ,mscoco,1678,116475,0.1,0.5833333333333333
5134,a large clock tower with sculptures around the clock,mscoco,2866,589183,0.6,1.0
5135,traffic lights and parked cars along the street,mscoco,4896,781436,0.2,0.75
5136,A baby holding a toothbrush in a living room.,mscoco,3394,632720,0.1,0.5357142857142857
5137,A large body of water filled with lots of boats near tall buildings.,mscoco,2195,462764,0.05,0.5098039215686274
5138,a woman walks behind of a man with a tree in the back ground ,mscoco,1653,320952,0.0,0.005542647593987
5139,Daughters frosting a cake in their dining room while Moms get water,mscoco,4025,538658,0.05,0.27941176470588236
5140,A young boy swings a baseball bat at a ball in the park.,mscoco,2408,100681,0.25,0.28125
5141,A microwave and a coffee maker on a counter.,mscoco,1505,677428,0.1,0.625
5142,A dark blue semi truck cab with people sitting on the bumper.,mscoco,2348,488721,0.15000000000000002,0.2
5143,Road intersection with traffic cones and signs for construction.,mscoco,2928,243920,0.0,0.02266081871345025
5144,A view of a coffee shop from someone that is sitting down at a table with  their laptop. ,mscoco,3319,485049,0.1,0.55
5145,A plate of chicken and fresh salad is being served.,mscoco,413,119398,0.25,0.41666666666666663
5146,A young boy in a red shirt tries to catch a baseball. ,mscoco,565,660502,0.1,0.2538167938931298
5147,A snowboarder performs a trick on a box.,mscoco,1140,543111,0.1,0.11805555555555555
5148,A table full of yellow bananas at a market.,mscoco,1596,625765,0.75,1.0
5149,A cat asleep with its paw on a computer keyboard ,mscoco,5026,704163,0.1,0.3333333333333333
5150,A yellow lab dog sits panting in a car.,mscoco,1672,65344,0.15,0.53125
5151,Giraffe stands tall in grassy field near trees in zoo enclosure.,mscoco,3535,641739,0.0,0.0291568163908589
5152,Two passengers planes are show with ANA on their tails.,mscoco,5633,483088,0.1,0.75
5153,A man is preparing to throw a Frisbee as he stands in a park. ,mscoco,2990,188945,0.8500000000000001,0.75
5154,some people standing on a tennis court holding tennis racketts,mscoco,5923,671961,0.44999999999999996,0.5833333333333333
5155,A skateboarder doing a trick over a set of stairs.,mscoco,1605,120677,0.5,1.0
5156,A stainless steel stove with a digital display and several dials.,mscoco,4122,250590,0.1,0.5833333333333333
5157,A red book and a yellow vase.,drawbench,24,24,0.0,0.0
5158,"The room has a bed, a dresser, and a table with a chair.",mscoco,96,560486,0.0,0.01301950805767595
5159,Small kitchen with white cabinets and a small window in the center. ,mscoco,4231,168468,0.1,0.059178743961352656
5160,A red passenger carriage attached to a train.,mscoco,4658,709522,0.0,0.05764966740576495
5161,White and brown dog catching a frisbee in a field.,mscoco,4392,197095,0.35,0.75
5162,A man is standing at an open refrigerator door.,mscoco,1929,31249,0.35,1.0
5163,Men's doubles tennis players shaking hands on the court,mscoco,4719,360529,0.15000000000000002,0.75
5164,Many skiers in a line on the snow near a mountain range.,mscoco,1622,584305,0.1,0.11470588235294116
5165,A baby elephant stands in the water with an adult elephant.,mscoco,4900,390499,0.15000000000000002,0.625
5166,Pedestrians walk along a narrow street with their umbrellas.,mscoco,373,717375,0.2,0.5
5167,A plate of noodles and broccoli is shown.,mscoco,2446,676352,0.0,0.01172456575682375
5168,A giraffe eating grass in a fenced enclosure.,mscoco,2147,258238,0.2,0.5263157894736842
5169,A baseball player pitching a ball on a field.,mscoco,2346,307502,0.6499999999999999,0.625
5170,a woman and young boy playing a video game,mscoco,3334,93600,0.25,0.41666666666666663
5171,"A large plane is parked on the runway at the airport
",mscoco,3433,703806,0.2,0.6666666666666666
5172,Single wooden bench in corridor with artwork displayed above.,mscoco,5657,264210,0.1,1.0
5173,A young man is flying a kite while holding a child on the beach.,mscoco,4350,384464,0.0,0.028140606991932347
5174,A white mouse and keyboard sit together on a desk.,mscoco,2050,769522,0.8,0.625
5175,a professional baseball player swinging his bat at a game ,mscoco,3186,533812,0.15000000000000002,0.6
5176,"A sandwich wrapped in a bag, a to-go coffee cup and a drink sits on top of a white table.",mscoco,1221,110740,0.05,0.19791666666666666
5177,A man pitching a baseball while wearing a catchers mitt.,mscoco,1871,722017,0.30000000000000004,0.5833333333333333
5178,Herd of zebras with an elephant and rhino in dry grass. ,mscoco,3333,507867,0.0,0.0101090014064697
5179,Two double decker busses passing under an overpass.,mscoco,5325,744462,0.1,0.125
5180,A woman with glasses eating a plate of food.,mscoco,2431,310666,0.0,0.0476190476190476
5181,A man with glasses has a black suit and tie.,mscoco,1902,358717,0.44999999999999996,1.0
5182,A large fountain structure has a clock at the top.,mscoco,539,511290,0.05,0.5208333333333333
5183,The young baseball pitcher is wearing a yellow jersey. ,mscoco,4665,749238,0.05,0.5238095238095238
5184,A man in white shirt and blue shorts playing a game of tennis.,mscoco,2223,311358,0.05,0.13928571428571426
5185,Mouse connected to a laptop with a game of computer pool on the screen,mscoco,3156,308057,0.05,0.51
5186,A skier in red pants traveling down a snowy slope.,mscoco,5741,673618,0.2,0.75
5187,A man checks his reflection in a bathroom mirror.,mscoco,4898,73232,0.2,0.29166666666666663
5188,Three wooden benches lined up at a park. ,mscoco,66,587271,0.1,0.15000000000000002
5189,tennis player throwing ball up in air to serve,mscoco,2727,379839,0.5,0.75
5190,A giraffe inspects a pumpkin sitting on top of the fence of its enclosure.,mscoco,3252,460451,0.1,1.0
5191,a male skateboarder in a blue shirt doing a trick,mscoco,2559,370283,0.0,0.01870629370629365
5192,Some men and women are sitting at a long table of food.,mscoco,598,677817,0.5,0.6
5193,a close up photo of a pair of bears,mscoco,4111,766144,0.6,1.0
5194,A microwave that has been placed on top of a box of bananas. ,mscoco,1303,319153,0.05,0.5333333333333333
5195,A sheep to the right of a wine glass.,drawbench,132,132,0.0,0.0
5196,Female tennis player in unusual position as crowd looks on,mscoco,4472,130232,0.3,0.5357142857142857
5197,A moving truck with a ramp for loading household items.,mscoco,4831,117716,0.1,0.5384615384615384
5198,A man in a blue shirt and white shorts is swinging at a tennis ball.,mscoco,3293,5197,0.1,0.5833333333333333
5199,A blue and white motorcycle parked on the street.,mscoco,1847,118359,0.25,0.6666666666666666
5200,"Several baseball players in an altercation with one head locking the other,",mscoco,4612,244582,0.05,0.5096153846153846
5201,A bowl filled with lots of oranges on top of a wooden table.,mscoco,34,441055,0.6000000000000001,1.0
5202,A tennis player hits the ball with a backhand swing.,mscoco,767,530999,0.1,0.3055555555555556
5203,A bear wandering through some tall grass by a paved trail.,mscoco,2089,794024,0.2,0.5555555555555556
5204,Horses lay and graze in a field in front of telephone wires and mountains.,mscoco,5507,49649,0.05,0.25121951219512195
5205,A fedex plane parked on the tarmac with people standing by.,mscoco,5374,102755,0.35,0.75
5206,A suitcase which is kept open and is packed with red dress.,mscoco,5635,384567,0.05,0.5032051282051282
5207,A red park bench with a blue Hotel sign behind it.,mscoco,5772,798171,0.1,0.75
5208,Man standing next to goats and a dog in a park. ,mscoco,2483,212392,0.1,0.625
5209,Two people wearing water gear kite board with colorful kites,mscoco,2387,414950,0.0,0.00741651759093615
5210,A propeller plan has orange wings and a checkered design.,mscoco,4883,251039,0.1,1.0
5211,Cars are driving through a tunnel on a highway.,mscoco,5804,603201,0.05,0.5078125
5212,a living room with a large rug and couches,mscoco,3006,535199,0.2,0.225
5213,Two pizzas sitting next to each other on a stove top.,mscoco,4613,13129,0.35,0.75
5214,"Meat, broccoli and mashed potatoes on a white plate.",mscoco,4151,733495,0.55,0.6666666666666666
5215,A man taking a swing at a tennis ball,mscoco,1305,503705,0.30000000000000004,0.5714285714285714
5216,"A plate with Chicken, broccoli, potatoes and carrots.",mscoco,3068,620047,0.2,0.3125
5217,Baked pizza on pan being cut in home kitchen setting.,mscoco,5373,707718,0.25,0.5833333333333333
5218,this is a big blue bird with red eyes inside an enclosure,mscoco,2000,677808,0.15000000000000002,0.625
5219,Small tourist train on roadway at crossing  on sunny day.,mscoco,884,777144,0.05,0.5131578947368421
5220,There is a bird sitting on a picnic table,mscoco,1164,159773,0.15000000000000002,0.55
5221,a red train car that is parked on the road,mscoco,3132,589211,0.05,0.09068627450980385
5222,"A kitchen with a table, dishwasher, sink and microwave.",mscoco,2482,699050,0.05,0.2518382352941176
5223,a black bear walking through some tall plants ,mscoco,2586,630823,0.05,0.11309523809523805
5224,A red fire hydrant sitting next to a blue pot of plants.,mscoco,3213,733463,0.1,0.625
5225,The children are enjoying the public video game.,mscoco,2136,735729,0.15000000000000002,1.0
5226,A well-used stuffed animal bunny sitting on a bed.,mscoco,303,43719,0.2,0.625
5227,A large brown cow standing next to a baby brown cow.,mscoco,2688,620995,0.3,1.0
5228,"A small table with a wine gglass, pumpkin shaped flower pot, orange spoon and a wicker basket.",mscoco,1063,271490,0.1,1.0
5229,A baseball player swinging a bat towards a ball.,mscoco,4784,557376,0.45,1.0
5230,"Agriculture machine driving into dusk, oroducing crops by bundles",mscoco,5709,772364,0.1,1.0
5231,A horse that is actively running through a field of grass.,mscoco,4514,483513,0.15,0.29545454545454547
5232,a man plays with a frisbee in a park,mscoco,3686,190146,0.8,1.0
5233,A group of people riding on the backs of elephants.,mscoco,1211,741958,0.75,0.6666666666666666
5234,Person in a safari hat in a small canoe on a body of water.,mscoco,1246,204331,0.0,0.042982456140350844
5235,a small white and black bird is standing on a branch,mscoco,5058,563778,0.6,0.6666666666666666
5236,A group of zebras is walking by a forest.,mscoco,4822,490155,0.55,0.75
5237,Man in blue shirt and white shorts playing tennis.,mscoco,2966,197189,0.0,0.0465367965367965
5238,A corner view of a kitchen with white appliances and dark wood cabinets.,mscoco,723,156197,0.15,0.5384615384615384
5239,a collage showing the different ways to present decorative vases,mscoco,5750,621179,0.1,0.5384615384615384
5240,An Air Canada plane flying in for a landing.,mscoco,858,516760,0.1,0.225
5241,A slice of pizza with chicken and spinach.,mscoco,5137,72732,0.0,0.02768264840182645
5242,A snowboarder is riding up a side of a half pipe.,mscoco,138,639789,0.2,0.20833333333333331
5243,A kitchen table in a sunny corner of a room ,mscoco,1759,683368,0.05,0.0888157894736842
5244,A bathroom is white and has a brown and white floor.,mscoco,896,67748,0.0,0.028571428571428553
5245,Shot of a bathroom with toilet and bath in far corner.,mscoco,2789,765126,0.35,0.75
5246,a baseball pitcher winding up for a pitch.,mscoco,1389,171655,0.6,0.75
5247,A baseball player with a bat in his hand during a game. ,mscoco,902,707138,0.15,0.5277777777777778
5248,A white polar bear plays with toys in the water.,mscoco,5052,686120,0.45,1.0
5249,The giraffe is walking near a tall slanted tree.,mscoco,4728,459876,0.05,0.1041666666666666
5250,A rainbow lorikeet parrot eats sun flower seeds.,mscoco,3843,804075,0.1,0.625
5251,A dog rests his head on the side of a boat. ,mscoco,288,112558,0.05,0.18390804597701146
5252,A dog is wearing a Santa hat for a portrait.,mscoco,5224,224120,0.45,0.29166666666666663
5253,A giraffe is walking in a field of tall grass.,mscoco,4553,236829,0.25,0.6666666666666666
5254,A person skiing down a snowy mountain slope.,mscoco,1733,825754,0.6,0.75
5255,A picture of man with a suit on and his finger pointing up. ,mscoco,158,724362,0.1,0.5277777777777778
5256,A small white bathroom with a toilet and a shelf.,mscoco,1637,112201,0.05,0.2635135135135135
5257,"A woman seated at booth restaurant table, smiling and holding seasoning shaker over plate with slice of pizza, with a pan of pizza, another plate of pizza, and sodas in glasses on table.",mscoco,4262,670509,0.05,0.07482993197278905
5258,A team mascot that represents a lightning bolt with boxing gloves.,mscoco,5904,302460,0.1,1.0
5259,A man skateboarding with other skateboarders behind him.,mscoco,5970,365926,0.2,0.22916666666666666
5260,Several bunches of bananas hanging in a kitchen.,mscoco,5663,12163,0.1,0.5625
5261,A small dog wears a red hat while leaning on a couch.,mscoco,2373,714356,0.1,1.0
5262,A kitchen is mostly white with a blue rack. ,mscoco,5622,244399,0.0,0.01354166666666665
5263,a man standing in the park with a kite on the ground,mscoco,3727,290163,0.1,0.21666666666666667
5264,A red train with a yellow front is on the tracks.,mscoco,2541,134331,0.05,0.28846153846153844
5265,Donuts being processed through a machine that adds their glazed topping.,mscoco,5291,598458,0.35,0.75
5266,a picture of a hotel room with two beds,mscoco,2738,2662,0.55,0.6666666666666666
5267,a bird flying over a beach towards the ocean,mscoco,4352,786704,0.4,0.6666666666666666
5268,A small train on display at a museum.,mscoco,1131,767927,0.1,0.26666666666666666
5269,Three giraffes are standing outdoors near a fence.,mscoco,1419,564115,0.4,1.0
5270,A couple of zebra standing in the tall grass.,mscoco,222,543808,0.25,0.5263157894736842
5271,Panoramic view of a bedroom that has a desk in it ,mscoco,1148,457806,0.2,0.6
5272,A green and white bus is driving down a street.,mscoco,190,801410,0.5,0.75
5273,Several vases sit together on pedestals in a shop.,mscoco,3972,115536,0.7,1.0
5274,spectators watching a person on a snowboard at a sporting event,mscoco,5191,476568,0.25,0.35
5275,A dog running in the snow with a Frisbee in its mouth.,mscoco,2784,153101,0.7,1.0
5276,A person flies a kite in a large park.,mscoco,4330,560073,0.55,0.75
5277,Adults standing near motorcycles and sign in rural outdoor area.,mscoco,1082,449579,0.05,0.26136363636363635
5278,Woman wearing headscarf and trench coat using cell phone.,mscoco,2019,582061,0.1,1.0
5279,A set of traffic lights showing green next to a sign that says 'no turn on red',mscoco,5013,740327,0.1,0.5714285714285714
5280,A toothbrush and toothpaste are on bathroom counter.,mscoco,4981,587172,0.1,0.6
5281,A parking lot full of cars and birds in a blue sky.,mscoco,2129,175418,0.0,0.0156578947368421
5282,A worn brick building has a clock and crucifix hung on the side of it.,mscoco,4361,184326,0.0,0.025297619047619
5283,"A dirty toilet with yellow water, rusty vase and a bag",mscoco,5002,411807,0.0,0.02198581560283685
5284,A kitchen is shown in front of an empty living room.,mscoco,2023,47078,0.0,0.0310185185185185
5285,A wooden cutting board topped with slices of pizza.,mscoco,5,586484,0.4,1.0
5286,A PERSON STANDING WITH HIS SNOWBOARD NEAR A HOUSE.,mscoco,143,125614,0.05,0.0952380952380952
5287,A motor scooter on display in a store.,mscoco,2290,245081,0.3,1.0
5288,Several hot dogs in trays on a table.,mscoco,152,325908,0.25,0.75
5289,White plane with a blue tail being pulled on a runway. ,mscoco,3072,203927,0.0,0.043553459119496804
5290,A flock of brown and white sheep in a fenced area.,mscoco,2213,169710,0.1,0.2222222222222222
5291,A woman on a cell phone sitting at a table.,mscoco,3620,307136,0.30000000000000004,0.5833333333333333
5292,A man in red shirt on skateboard next to a river.,mscoco,4097,361514,0.05,0.5227272727272727
5293,"Toddler playing with frisbee in grass, who is black.",mscoco,4338,768370,0.1,0.22916666666666666
5294,A group of mostly brown and white cows.,mscoco,5797,58885,0.65,1.0
5295,A large bird stands on a tree branch.,mscoco,4106,809396,0.35,0.5714285714285714
5296,A white plate with a serving of rice and beans and broccoli,mscoco,1706,89466,0.05,0.5192307692307692
5297,Several people exiting a plane on a walkway.,mscoco,3045,483282,0.39999999999999997,0.5
5298,A woman sits at a table in front of two laptops.,mscoco,2954,286314,0.1,1.0
5299,Some soccer players going for the ball during a soccer game.,mscoco,3299,797473,0.44999999999999996,0.6666666666666666
5300,A group of people with umbrellas walking on walkway.,mscoco,126,204259,0.75,1.0
5301,A teddy bear drinking from a pink cup.,mscoco,1080,818512,0.1,1.0
5302,A stainless steel fridge with an ice maker on it.,mscoco,3100,436522,0.30000000000000004,1.0
5303,A baseball player in uniform holding a bat.,mscoco,4460,169380,0.6000000000000001,0.75
5304,A close up picture of a dog with long hair.,mscoco,5305,145626,0.1,0.625
5305,People standing in a field flying a kite,mscoco,1358,44438,0.45,0.75
5306,A man posing for the camera on his skis ,mscoco,1439,57861,0.4,0.5833333333333333
5307,A woman in a white jacket standing on slope with skis.,mscoco,3145,202077,0.05,0.0657258064516129
5308,a yellow stuffed animal a black purse and a one dollar bill in a suitcase,mscoco,687,124599,0.1,1.0
5309,Cows grazing in a field on a sunny day ,mscoco,5424,681321,0.4,0.75
5310,Man driving a cart pulled by draught horses at a fair,mscoco,5202,208714,0.05,0.11688311688311684
5311,A boy swinging a tennis racquet at a ball.,mscoco,3479,463528,0.6000000000000001,1.0
5312,A small yellow car parked between two moving trucks.,mscoco,2848,522538,0.05,0.5192307692307692
5313,An outdoor market with fruit and vegetables. ,mscoco,4677,72812,0.35,0.75
5314,a man standing by an old car with the surfboard on the hood ,mscoco,2291,491641,0.1,0.6666666666666666
5315,Three youths skateboard on a pedestrian bridge. ,mscoco,602,42925,0.1,0.375
5316,Two giraffes are standing in a white fence enclosure.,mscoco,1935,511455,0.0,0.0091144810245933
5317,A wooden park bench next to a colorful wooden fence,mscoco,3642,24959,0.1,0.75
5318,"A tabby cat is examining a half of a bagel.
",mscoco,333,242138,0.2,1.0
5319,two people walking to the water to surf,mscoco,3644,687664,0.55,0.75
5320,The green and purple umbrellas are upside down in the water next to the canoes.,mscoco,4757,142114,0.1,1.0
5321,A herd of cattle standing on a lush green hillside.,mscoco,114,691032,0.2,0.6666666666666666
5322,A young boy riding a skateboard on top of a ramp.,mscoco,3796,333215,0.15000000000000002,0.29166666666666663
5323,A sandwich with bites and French fries are on a plate. ,mscoco,3960,285194,0.05,0.06529329608938544
5324,A trio of ducks flying over the water of a creek.,mscoco,5917,485678,0.1,1.0
5325,A very tall building with a red top next to other buildings.,mscoco,1609,475268,0.0,0.0479094076655052
5326,A thick crust pizza being eaten by someone.,mscoco,4011,684768,0.4,0.5
5327,Man walking in front of a blue sign and red hydrant.,mscoco,4408,243082,0.1,0.5833333333333333
5328,Men holding red and blue flags ride in a red and blue car.,mscoco,2581,328991,0.1,1.0
5329,Amateur tennis player prepared to hit incoming ball.,mscoco,4806,634207,0.0,0.04047619047619045
5330,A lone zebra standing next to a tree in front of a fence,mscoco,63,681300,0.35,0.75
5331,Two people under an umbrella on a wet sidewalk with stars.,mscoco,2796,574971,0.05,0.08888888888888885
5332,A man goes through oranges in crates at an outdoor market.,mscoco,1456,507352,0.05,0.0994623655913978
5333,A man riding a snowboard down a snow covered slope.,mscoco,480,261049,0.25,0.225
5334,A baseball player at bat with the catcher and umpire behind him.,mscoco,855,344799,0.25,0.1607142857142857
5335,People at he beach with a girl entering the water while holding a surfboard.,mscoco,5627,149897,0.0,0.0378205128205128
5336,Three people posing for a picture with a street sign and a fire hydrant.,mscoco,4185,541733,0.1,1.0
5337,Two birds perched on branches in a fruit tree,mscoco,263,167649,0.1,1.0
5338,University of Iowa pitcher throwing a two seam fast ball.,mscoco,5673,77899,0.0,0.03194321206743565
5339,A bus stops on a street corner as pedestrians walk down the street.,mscoco,2188,158233,0.2,1.0
5340,Two giraffes in an enclosure standing under a tree.,mscoco,2557,186109,0.2,0.2621951219512195
5341,Wall menu and food display at fast food restaurant.,mscoco,5302,629840,0.25,1.0
5342,Children and adults standing to food items on red covered table.,mscoco,3462,260067,0.05,0.2708333333333333
5343,A small black cat sitting on the window of a car.,mscoco,2164,380630,0.05,0.5277777777777778
5344,a blue and pink food truck parked on brick walkway,mscoco,5490,735641,0.1,0.20833333333333331
5345,A pick-up truck with a bed covering in front of a garage.,mscoco,1500,45018,0.1,0.22916666666666666
5346,A child feeds a carrot to a goat at the petting zoo.,mscoco,5878,326529,0.1,1.0
5347,Large crowd observing computer monitors with walls and floor,mscoco,3171,461728,0.15000000000000002,0.2222222222222222
5348,A pasture with three sheep with a house in the background.,mscoco,4145,36918,0.15000000000000002,0.6666666666666666
5349,a group of jet airlplanes sitting on a runway,mscoco,4404,578315,0.5,1.0
5350,"A demolished bathroom with a sink, toilet and tub.",mscoco,4672,822273,0.15000000000000002,0.75
5351,Large sandwich sits on table with two beverages.,mscoco,2198,189274,0.1,0.5454545454545454
5352,A woman brushing her teeth in front of a bathroom mirror.,mscoco,4849,592173,0.5,0.75
5353,A cross-section view of a brain.,drawbench,73,73,0.0,0.0
5354,A rusted fire hydrant sitting on the side of a road.,mscoco,4899,734436,0.5,1.0
5355,Two men in military uniforms sitting on a motor bike.,mscoco,1827,491986,0.1,1.0
5356,A blue parking sign stands between two parking meters.,mscoco,1290,230913,0.1,1.0
5357,Man on beach standing beneath large kite at sunset.,mscoco,3547,447340,0.1,0.29166666666666663
5358,We are looking at an old photo of a rundown street.,mscoco,2720,586725,0.2,1.0
5359,"An instrument used for cutting cloth, paper, and other thin material, consisting of two blades laid one on top of the other and fastened in the middle so as to allow them to be opened and closed by a thumb and finger inserted through rings on the end of their handles.",drawbench,83,83,0.0,0.0151828847481021
5360,Tennis star Martina Navratilova holding a racket and wearing her hat backwards,mscoco,5062,30296,0.0,0.0317460317460317
5361,A young boy flies a kite in the sky. ,mscoco,1718,575379,0.75,0.6666666666666666
5362,Many colorful kite surfers over an ocean cove,mscoco,1775,130705,0.25,0.41666666666666663
5363,Several giraffes standing around together in the grass.,mscoco,2190,199260,0.6499999999999999,1.0
5364,A bed is covered with a plaid blanket and topped with a fish pillow.,mscoco,1563,542053,0.05,0.1301020408163265
5365,"A keyboard, a remote control, and two circuit boards with wires, all on top of a map.",mscoco,3480,617770,0.1,1.0
5366,A grey and black cat laying on black suitcase.,mscoco,3199,403596,0.2,0.5625
5367,A group of little boys sitting and eating pizza.,mscoco,356,263366,0.25,0.41666666666666663
5368,View of a city intersection from inside a car.,mscoco,2116,100378,0.2,0.6666666666666666
5369,A dog in a car is viewed from the car's side  mirror.,mscoco,2902,215887,0.95,1.0
5370,The street sign for Ronald Reagan Allee in Berlin,mscoco,2469,580601,0.1,1.0
5371,Two people in orange jackets smile as they ski up a road.,mscoco,5776,551574,0.05,0.18666666666666665
5372,A young kid standing by the street holding a skateboard. ,mscoco,2508,421570,0.25,0.75
5373,An umpire watches over a baseball game played by children.,mscoco,4578,760781,0.1,0.21666666666666667
5374,A baseball game is being played with the batter up.,mscoco,4003,38758,0.3,0.75
5375,a young kid with a bat is in a batting stance ,mscoco,470,471297,0.65,0.6
5376,Bunches of bananas are on the ground near a wall.,mscoco,2273,252490,0.2,1.0
5377,A woman playing tennis is about to serve the ball.,mscoco,2350,742108,0.35,0.35
5378,"Sink with soap pump, toothbrush holder, empty toilet paper roll, soap",mscoco,4694,577763,0.0,0.039351851851851805
5379,Young girl dressed in blue and pink skiing down a hill.,mscoco,4177,419835,0.2,0.5833333333333333
5380,A gold clock sitting on top of an animal figure.,mscoco,691,771921,0.3,0.75
5381,two yellow vases with some paint on them ,mscoco,2523,554337,0.1,0.26666666666666666
5382,Pitcher pitching a ball during a baseball game.,mscoco,4362,5181,0.5,0.41666666666666663
5383,"A round blue cake decorated with a sign that reads ""Central Park"".",mscoco,3146,676582,0.1,0.75
5384,A woman with red hair wearing a uniform eats a hot dog.,mscoco,3018,713842,0.1,0.35
5385,A four poster white bed is in a white room.,mscoco,2992,331019,0.1,0.75
5386,"View from inside of an apartment wit ha TV and a chair, the door to the outside is open.",mscoco,4776,347248,0.1,0.28846153846153844
5387,A sidewalk with a large grouping of people.,mscoco,1923,158606,0.30000000000000004,0.1833333333333333
5388,A surfer rides a wave beneath the pylons of a dock.,mscoco,3913,369113,0.25,0.75
5389,A black cat sits at a table and looks through a picture glass window.,mscoco,5087,103503,0.1,0.5454545454545454
5390,Two female tennis players walk around the court. ,mscoco,4676,828532,0.4,1.0
5391,An orange train crosses a landscape with mountains in the distance.,mscoco,1313,215994,0.2,0.41666666666666663
5392,A skateboarder doing tricks on an indoor ramp.,mscoco,3157,699527,0.35,0.35
5393,"A bathroom with a sink, toilet, and medicine cabinet.",mscoco,3632,323000,0.3,0.5555555555555556
5394,A man laying down on a bench by a wall.,mscoco,211,373135,0.15000000000000002,0.29166666666666663
5395,A group of people standing in the snow with snowboards.,mscoco,681,736900,0.5,0.625
5396,A hitter swings the bat at the ball while playing baseball.,mscoco,2004,648194,0.1,0.09375
5397,A young boy standing in front of a child's refrigerator freezer.,mscoco,710,581655,0.05,0.19166666666666665
5398,Two people standing beside a plane in  a field,mscoco,5425,613493,0.25,0.75
5399,Two pictures of a dog that is wearing a hat.,mscoco,4494,689810,0.15000000000000002,1.0
5400,A man and a woman are riding on an elephant.,mscoco,3010,599901,0.6000000000000001,1.0
5401,A white dog is looking out of an open window.,mscoco,1107,535747,0.05,0.10096153846153845
5402,Large variety of fruits and vegetables on display at a market. ,mscoco,5328,91439,0.7,0.75
5403,"""Sink eye view"" of man brushing his teeth.",mscoco,4743,633827,0.05,0.2628205128205128
5404,some cattle are grazing in a field with trees,mscoco,1430,42385,0.6,1.0
5405,A man is riding his bicycle down a street.,mscoco,2417,211825,0.35,0.5833333333333333
5406,A man stands in a tennis court holding a tennis racket.,mscoco,2607,16455,0.44999999999999996,0.75
5407,The doorway and antique mirror is in the room with blue sky and cloud painted walls.,mscoco,5514,414463,0.1,0.75
5408,A woman cutting cake while another woman is holding a plate. ,mscoco,603,404441,0.05,0.1357142857142857
5409,A male tennis player finishing a follow-through after a shot.,mscoco,5744,815133,0.05,0.08630952380952381
5410,a person is parasailing  in the water with a helmet on,mscoco,4480,431782,0.05,0.08630952380952381
5411,Black man sitting on a bench behind a personal bicycle. ,mscoco,3313,8278,0.1,0.75
5412,A man throws a model airplane into the air.,mscoco,4994,757396,0.1,0.5384615384615384
5413,A chocolate filled doughnut with sugar sprinkles on the outside.,mscoco,3124,793419,0.1,0.18055555555555555
5414,"An empty kitchen with a microwave, a sink, and wood cabinetry.",mscoco,2589,783974,0.0,0.0394056847545219
5415,a tree that has a park bench under it,mscoco,5411,682358,0.65,0.75
5416,A jet airplane sitting at the gate with the ground crew under the plane.,mscoco,5611,698229,0.1,0.0670454545454545
5417,Several people fly kites above a paved outdoor area.,mscoco,1244,622580,0.0,0.0143450184501845
5418,A close up view of a cooked pizza.,mscoco,1394,577308,0.4,0.75
5419,A black and white photo of a small plane flying.,mscoco,3510,179259,0.6,1.0
5420,Men compete in a cross country ski race,mscoco,3195,93730,0.35,0.5
5421,A couple relaxes on a bench in a landscaped park..,mscoco,1878,829091,0.4,0.41666666666666663
5422,Several people flying colorful kites on a beach.,mscoco,969,644107,0.55,1.0
5423,A man in red shirt holding a baseball bat.,mscoco,3355,340279,0.25,0.75
5424,A tennis player is reaching up to hit the ball.,mscoco,1639,443628,0.4,0.35
5425,Kite surfing is a sport for many ocean goers.,mscoco,2623,763490,0.1,0.17045454545454544
5426,A woman talking on the phone inside of a store,mscoco,742,128306,0.05,0.5384615384615384
5427,A cow standing in the water on a field.,mscoco,4796,529129,0.4,0.6666666666666666
5428,A close up of a pizza with tomatoes and cheese.,mscoco,3959,567017,0.4,0.26666666666666666
5429,A white truck parked next to a parking meter.,mscoco,3691,671935,0.2,1.0
5430,A red and silver passenger train at a platform.,mscoco,5401,648091,0.3,0.375
5431,A man waiving will riding an elephant outdoors.,mscoco,4821,390513,0.55,0.625
5432,Two giraffes in an area of tall grasses and trees.,mscoco,4464,621324,0.55,0.35
5433,Bananas in a saucepan cooking in simmering caramel.,mscoco,2437,679558,0.5,1.0
5434,This is an image of a living room with large windows.,mscoco,4562,79230,0.15000000000000002,0.75
5435,A red and green fire hydrant in front of an empty building.,mscoco,1328,170308,0.1,0.3055555555555556
5436,a woman and man sit in front of white laptop,mscoco,359,717023,0.15000000000000002,0.24999999999999994
5437,A toy turtle sits next to a pizza. ,mscoco,267,453854,0.05,0.5102040816326531
5438,A parked red motorcycle sitting in front of a building.,mscoco,1699,321612,0.1,0.5238095238095238
5439,two giraffes in a large field with a sky in the background,mscoco,2238,105357,0.45,0.5
5440,A very long large train going down a track.,mscoco,1703,274143,0.15000000000000002,0.18055555555555555
5441,"Looking down at a table covered with fresh eggs, vegetables and fruits",mscoco,1841,487579,0.55,0.6666666666666666
5442,A group of people riding kiteboards in the ocean.,mscoco,623,460839,0.5,0.29166666666666663
5443,A green double decker bus parked outside a garage,mscoco,3396,165122,0.05,0.10096153846153845
5444,A player runs towards home plate during a game.,mscoco,4340,698270,0.05,0.0785714285714285
5445,A group of elephants on grassy area next to rock and trees.,mscoco,3365,373960,0.1,0.5625
5446,"A Pizza with red peppers, zucchini and cheese.",mscoco,2155,152298,0.05,0.20833333333333331
5447,A vase filled with white and purple flowers.,mscoco,3497,479118,0.4,0.6666666666666666
5448,a table with a plate of food and some eye glasses,mscoco,4713,220284,0.0,0.00722801029115825
5449,Small computer desk with electronic equipment in residential home.,mscoco,924,760054,0.30000000000000004,0.75
5450,A plane engine next to a luggage cart with some people by it.,mscoco,3722,516965,0.05,0.5058823529411764
5451,A player for the Detroit Tigers taking batting practice.,mscoco,1948,601980,0.15000000000000002,0.375
5452,A group of men on bikes hitching a ride on the back of a bus.,mscoco,1520,221605,0.1,0.1833333333333333
5453,A women who is sitting at a computer desk.,mscoco,2122,748769,0.3,0.5833333333333333
5454,A small toilet is surrounded by antique pictures on the wall. ,mscoco,3788,67350,0.1,1.0
5455,A grey cat looks out a car window.,mscoco,3287,794211,0.25,0.75
5456,An African elephant with tusks in a green wooded area.,mscoco,893,305236,0.30000000000000004,1.0
5457,"Interior bedroom scene of yellow walls, white curtains and a mattress.",mscoco,977,762193,0.25,0.6
5458,A herd of sheep walking on road next to a grassy area.,mscoco,766,259028,0.7,1.0
5459,A large herd of sheep is on a craggy hillside with grass.,mscoco,476,430523,0.5,1.0
5460,A BUS PARKED AT A STREET IN THE EVENING.,mscoco,3772,88505,0.0,0.021865671641791002
5461,A black poodle sits in the basket of a bicycle. ,mscoco,1284,156552,0.1,1.0
5462,"An interior room with a white door, wooden shelf and window.",mscoco,2310,137887,0.05,0.1672948073701842
5463,Two giraffes and three zebras standing in an enclosure.,mscoco,2008,823494,0.0,0.036017316017315996
5464,A small truck is stopped next to a sidewalk.,mscoco,2281,721222,0.05,0.0857142857142857
5465,A stop sign and street sign located at the corner of a street.,mscoco,1258,279580,0.5,0.6666666666666666
5466,A black and white photo of a skateboarder skating with people watching.,mscoco,658,79065,0.15000000000000002,0.29166666666666663
5467,"A street with traffic signs, busses and cars.",mscoco,1556,384519,0.05,0.5161290322580645
5468,A surfer rides the waves on his surfboard.,mscoco,1725,689388,0.4,0.6666666666666666
5469,A toilet with a full roll of paper and plunger. ,mscoco,3555,365818,0.05,0.5277777777777778
5470,Black and white photograph of a woman in an old kitchen,mscoco,269,659971,0.3,0.75
5471,A street corner has several signs giving directions.,mscoco,2095,743858,0.1,0.525
5472,a photo of a dirty bathroom with a toilet and a stool,mscoco,5055,588478,0.05,0.5014836795252225
5473,Competitive cross country skier standing in front of sign.,mscoco,3257,554698,0.05,0.29166666666666663
5474,A zebra is standing in an enclosure while grazing on the grass.,mscoco,564,266064,0.15,0.14166666666666666
5475,a boy wearing a helmet riding a skateboard,mscoco,3657,537049,0.05,0.25588235294117645
5476,A mother elephant and her young calf stand by a pool at the zoo. ,mscoco,1482,416293,0.35,0.6666666666666666
5477,The jumbo jet is landing on a runway.,mscoco,5887,112798,0.1,0.5625
5478,Two cows stand in a field with tall grass and weeds. ,mscoco,5353,547098,0.25,0.6
5479,A custom motorcycle on display at a motorcycle show.,mscoco,985,613439,0.8500000000000001,1.0
5480,Man and young boy posing for photo with brick wall in background.,mscoco,2956,743720,0.1,1.0
5481,A tennis player smiles while holding a bottle of water.,mscoco,5119,161528,0.15000000000000002,1.0
5482,A double Decker green bus on a street,mscoco,4526,524927,0.6,1.0
5483,Two men standing next to a table full of phones,mscoco,4098,73982,0.1,0.6666666666666666
5484,A burger and a salad are being displayed on a plate. ,mscoco,3246,195237,0.1,0.20833333333333331
5485,A man riding a surfboard on a wave in the ocean.,mscoco,1142,485578,0.65,1.0
5486,A giraffe towers above the grass and shrubs in its environment,mscoco,5704,186793,0.5,0.75
5487,A red electric car parked into a street side charger.,mscoco,92,262572,0.1,0.6666666666666666
5488,A zebra grazes on grass inside a fence.,mscoco,5336,713179,0.2,0.1875
5489,A boat docked at a port unloading passengers.,mscoco,3366,267189,0.0,0.01234402852049905
5490,"A man in air catching a Frisbee, and man and a woman in running towards him on a grass playing field with fence and wood telephone pole.",mscoco,4960,518688,0.0,0.0420362158167036
5491,A woman and man sitting beside each other and their dog on a bench. ,mscoco,3672,455110,0.05,0.265625
5492,Four People riding two elephants across the water.,mscoco,331,124826,0.0,0.0452182952182952
5493,A woman wearing an apron is standing in a field between two cows.,mscoco,1547,624940,0.1,1.0
5494,Skillet with vegetables during cooking process on grill.,mscoco,1826,709432,0.35,0.75
5495,Two men in black and white uniforms playing soccer. ,mscoco,5445,201175,0.15000000000000002,0.2
5496,Cars sit parked in front of a street sign. ,mscoco,1832,159148,0.05,0.07777777777777775
5497,A stop sign in front of a traffic intersection in a neighborhood.,mscoco,3472,683911,0.4,1.0
5498,An open umbrella sitting on the floor in a living room.,mscoco,3452,70979,0.05,0.10096153846153845
5499,A female tennis player is trying to hit the ball. ,mscoco,2845,678477,0.3,0.29166666666666663
5500,A large group of birds sitting on metal pipes in the water.,mscoco,2987,827424,0.44999999999999996,1.0
5501,A picture shows the backs of appliances in a whit walled room and a microwave next to a green bottle.,mscoco,4636,312916,0.0,0.0016444450358384
5502,A young couple sitting together sharing an umbrella.,mscoco,5956,41480,0.25,0.5625
5503,A large wheel kite flying by a body of water,mscoco,4518,440847,0.1,0.15000000000000002
5504,"A hotel room with a bed, chair, desk and an end table.",mscoco,909,599564,0.30000000000000004,1.0
5505,Two large giraffes standing together in an enclosure,mscoco,1443,421022,0.5,0.3333333333333333
5506,a red bowl with an orange inside with a dark background,mscoco,5261,47017,0.15000000000000002,1.0
5507,A pile of luggage and boxes inside a room.,mscoco,4456,328414,0.2,0.375
5508,A sink and mirror are in a bathroom.,mscoco,3838,102286,0.9,1.0
5509,Two large buses are parked in a lot.,mscoco,3966,453988,0.5,1.0
5510,A cat lying on a mat with shoes ,mscoco,322,523441,0.65,1.0
5511,A man makes a face as he eats a hot dog.,mscoco,1901,143115,0.75,0.75
5512,A woman sitting on a couch with an open laptop.,mscoco,3670,29697,0.75,1.0
5513,A bathroom that has a toilet and a shower head.,mscoco,808,217831,0.2,0.5238095238095238
5514,Man standing in a family room with a game controller in his hand.,mscoco,3061,229028,0.5,1.0
5515,A glass flower vase with a bouquet of different flowers.,mscoco,1070,578877,0.4,0.41666666666666663
5516,A chef smiles while putting a pie into the oven.,mscoco,1714,203540,0.1,0.6
5517,A man in a pink tie is holding hands with another man.,mscoco,3013,231354,0.1,1.0
5518,A large cat is sitting in a wooden chair.,mscoco,354,184524,0.25,0.75
5519,A young man playing Wii in a living room.,mscoco,1536,815873,0.75,0.75
5520,A clock tower with very ornate brick work,mscoco,346,42438,0.45,0.75
5521,"Black and white photo of park benches, with people in the background.",mscoco,1182,250376,0.05,0.07828282828282826
5522,A young girl is petting a dog on the couch with a lady looking on.,mscoco,3651,453428,0.1,1.0
5523,Elephants standing behind a wooden fence outside around trees.,mscoco,2460,731221,0.0,0.0205538110191264
5524,A young boy holding a Wii game controller.,mscoco,995,595121,0.7,0.5
5525,A woman holding open a cell phone in front of her face.,mscoco,2939,268666,0.25,1.0
5526,A close-up of a snowy tree with red-orange fruit still attached.,mscoco,1999,88918,0.2,1.0
5527,Some animals are hiding behind some tall green grass. ,mscoco,3111,237754,0.1,0.0873983739837398
5528,A projector sitting on a desk next to a laptop. ,mscoco,1206,227773,0.1,0.75
5529,A park bench in a shaded area of a park.,mscoco,3592,299507,0.2,0.3333333333333333
5530,A giraffe is among the trees standing in the grass.,mscoco,5574,422933,0.4,1.0
5531,A Coca-Cola bus on display at an event indoors.,mscoco,5170,5606,0.1,0.6666666666666666
5532,A young man sitting on a bench using a cell phone.,mscoco,867,324724,0.15000000000000002,0.5555555555555556
5533,A baseball player is at bat waiting for the pitch.,mscoco,3769,640410,0.25,0.22916666666666666
5534,Two people are sitting on the floor beside a notebook playing on their cell phones. ,mscoco,2759,640754,0.05,0.2578125
5535,Baseball pitcher throws ball from mound during game in evening.,mscoco,4194,748781,0.1,0.1488095238095238
5536,Man standing next to truck watching dog walking in water at beach.,mscoco,3789,456195,0.1,0.75
5537,A clock hangs from the side of a building.,mscoco,2835,591105,0.44999999999999996,0.75
5538,a clock next to a bull skull attached to a wall,mscoco,5352,61610,0.1,1.0
5539,A man with curly red hair looks away from the camera on a train.,mscoco,2502,136176,0.05,0.5092592592592593
5540,The cattle farm with animals crowded in pens is visited by several people.,mscoco,4110,109241,0.05,0.1278901734104046
5541,"Two elephants playing in water in grassy fenced in area.
",mscoco,5497,826079,0.15000000000000002,1.0
5542,The photo shows a close-up of a young man is eating pizza.,mscoco,2332,763301,0.5,0.75
5543,A man is running with a frisbee in his hand down a grassy field.,mscoco,5893,577926,0.2,0.3333333333333333
5544,An adult giraffe and two young giraffes standing together.,mscoco,447,739114,0.0,0.0036178688876997
5545,Man with flying disc playing with child in grassy area.,mscoco,1765,581730,0.05,0.509090909090909
5546,"Corner view of a home restroom with toilet, mirror, sink, and bathroom products.",mscoco,801,540078,0.05,0.060457516339869254
5547,A man holding a while frisbee while standing on a field.,mscoco,3599,817533,0.7,1.0
5548,Two men and two women walking in the rain while on of the men has an umbrella over himself.,mscoco,2222,559265,0.05,0.1607142857142857
5549,A baseball player is mid-swing at home plate.,mscoco,1889,163874,0.2,0.35
5550,A brick building with a large clock on the tower.,mscoco,3941,616581,0.35,0.5
5551,A baseball player taking a swing at a ball.,mscoco,549,31248,0.1,0.1428571428571428
5552,Two skateboarders doing tricks next to a coffee house.,mscoco,2681,94040,0.1,0.6666666666666666
5553,Woman in a sun dress holding up an umbrella. ,mscoco,1422,498365,0.15000000000000002,1.0
5554,A pigeon stands on a bar on a window.,mscoco,1069,597306,0.1,0.625
5555,A wrapped sandwich and a soda in a glass bottle on a table.,mscoco,1237,278032,0.05,0.1385135135135135
5556,A young child holding up a white frisbee on a field.,mscoco,1532,488798,0.2,0.75
5557,A covered canal is filled with small row boats.,mscoco,3697,361560,0.1,1.0
5558,Three zebras grazing in a natural grassy field.,mscoco,2257,155447,0.3,0.75
5559,People fly kites and relax at a crowded sunlit beach.,mscoco,5111,68740,0.55,0.75
5560,A yellow and white birtd is in flight.,mscoco,4629,28064,0.05,0.0803571428571428
5561,Several boats docked at a small boat dock.,mscoco,3294,310998,0.7,0.375
5562,a person cutting a cake on a tray with frosting,mscoco,4517,292927,0.6,0.75
5563,Man in a suit and tan jacket holding a game fish.,mscoco,5036,372331,0.1,0.75
5564,A small shelf with flowers near a mirror,mscoco,5688,300149,0.25,0.75
5565,Baseball players are holding bats in a baseball field.,mscoco,4071,763791,0.30000000000000004,0.6666666666666666
5566,"A surfer is riding a big wave on a white, red and gray surfboard.",mscoco,4,590752,0.0,0.03102409638554215
5567,A chicken sandwich and sweet potato fries on a plate.,mscoco,3774,141453,0.1,0.1339285714285714
5568,Three elephants wading in a water hole across from a wooded area.,mscoco,5350,791405,0.0,0.04951690821256035
5569,"Dog in dramatic catch of frisbee at a competition, with onlooking player and crowd.",mscoco,3868,311196,0.2,1.0
5570,Blurry color photo of people enjoying a ski resort area,mscoco,4249,186390,0.0,0.0328600405679513
5571,A little boy stands at a counter watching pizza be made.,mscoco,1410,266240,0.1,0.625
5572,A large selection of bananas and other fruits.,mscoco,4039,437364,0.5,0.75
5573,a small bed with blue comforter and sheets,mscoco,5193,556679,0.1,0.3125
5574,A view if a pleasant downtown sidewalk with an old fashioned clock and street lights,mscoco,1201,60443,0.45,0.75
5575,A red and white bus near the curb on a city street.,mscoco,367,488559,0.05,0.29545454545454547
5576,A refrigerator covered in pictures and stickers in a kitchen.,mscoco,2705,64552,0.8,1.0
5577,A couple of young men playing a game of frisbee.,mscoco,5874,383866,0.5,0.625
5578,A surfer in a wetsuit riding his board on a wave.,mscoco,2453,796035,0.25,0.26666666666666666
5579,A big black dog laying down near a disc.,mscoco,3088,332734,0.15,0.29166666666666663
5580,Two baseball players in the middle of a game.,mscoco,4299,777611,0.25,0.5
5581,Black bear walking through yard of human development during daytime.,mscoco,589,517416,0.35,0.41666666666666663
5582,A kitchen is undergoing renovations with a stainless steel refrigerator and white stove.,mscoco,3711,708177,0.05,0.5041322314049587
5583,a male tennis player in a white shirt is playing tennis,mscoco,1936,205151,0.25,1.0
5584,Several people are standing at a yellow food truck.,mscoco,3207,742365,0.1,0.75
5585,A cat that is sitting by a reflective ball.,mscoco,650,799976,0.05,0.5416666666666666
5586,a green bus is sitting by a curb,mscoco,956,701026,0.2,0.75
5587,A kitchen counter with plates of beans and hot dogs.,mscoco,5010,41045,0.15000000000000002,0.41666666666666663
5588,A group of horses in a field with a train passing by in the background.=,mscoco,5733,234143,0.1,1.0
5589,An old photo of four men in a boat with a bicycle ,mscoco,1666,703901,0.1,1.0
5590,A male tennis player in yellow hits the ball.,mscoco,1460,535744,0.2,1.0
5591,Two people playing Wii games in a living room.,mscoco,533,746757,0.35,0.625
5592,a bathroom with two sinks and a tile wall ,mscoco,1575,335570,0.1,0.2572463768115942
5593,A herd of sheep walking along the shore of a sandy beach.,mscoco,3990,35479,0.3,0.75
5594,A baseball player swings at the ball while the catcher is posed behind him.,mscoco,1039,37935,0.1,0.15000000000000002
5595,A cat peeks it's head out from behind a screen.,mscoco,1089,701085,0.1,0.16346153846153844
5596,a street sign sits on a corner next to parked cars,mscoco,271,328473,0.0,0.0222544750846637
5597,Two elephants with intertwined trunks standing in an enclosure.,mscoco,5953,808808,0.2,0.26785714285714285
5598,"A market with a variety of fruits including water melons, green and yellow bananas.",mscoco,5112,231818,0.1,0.2602040816326531
5599,A brown and white cow lays in a hay covered stall.,mscoco,5021,536173,0.15,0.5454545454545454
5600,Closeup of various fruits that include bananas and apples.,mscoco,797,190197,0.4,0.6666666666666666
5601,A man in a blue shirt surfing in the ocean.,mscoco,2807,179938,0.05,0.2589285714285714
5602,a small white toilet in a white tiled bathroom,mscoco,5587,762718,0.05,0.1488095238095238
5603,The little asian baby is eating a small carrot.,mscoco,1407,788349,0.1,1.0
5604,Several containers of vegetables are displayed in a market.,mscoco,4688,807982,0.4,0.375
5605,A plane sitting on the runway at sunset.,mscoco,3553,753185,0.35,1.0
5606,A woman is milking a cow in the animal stable. ,mscoco,4746,363448,0.1,0.11688311688311684
5607,A cat laying on its back next to a pair of shoes.,mscoco,5113,121414,0.1,0.225
5608,A police motorcyclist in motion on the road.,mscoco,4593,458716,0.6000000000000001,0.625
5609,A group of sheep standing on the rocky shores of a beach.,mscoco,227,269693,0.1,1.0
5610,A large bathroom has a tiny window and a tub and toilet and sink and mirror.,mscoco,1963,316793,0.0,0.0032429028703363
5611,"35mm macro shot a kitten licking a baby duck, studio lighting.",drawbench,153,153,0.0,0.0
5612,The birthday cake is decorated with icing and sticks. ,mscoco,605,727226,0.3,0.6666666666666666
5613,Competitor returning volley during tennis match on grass court.,mscoco,2306,642495,0.0,0.04292582417582415
5614,An airplane on display in a park near a street.,mscoco,3974,288448,0.5,0.75
5615,A family of three sit under two umbrellas at a beach.,mscoco,1030,723805,0.1,1.0
5616,A Frisbee lies on the pavement by a man in shorts at night,mscoco,3830,233371,0.1,0.1875
5617,A toilet with a wooden seat sitting next to a white tub.,mscoco,5247,318224,0.1,0.5015243902439024
5618,An image of the back trunk of a truck.  ,mscoco,1477,597767,0.2,0.3125
5619,Two men standing by a car on a hill top.,mscoco,1260,187072,0.1,0.15000000000000002
5620,A small commuter train pulling into the train station,mscoco,2285,94181,0.05,0.17069892473118276
5621,A COW IS WALKING WITH ITS OWNER AT A FAIR,mscoco,1736,100313,0.05,0.17857142857142855
5622,an unmade bed with striped pillows and a metal head board on a wooden floor.,mscoco,439,247488,0.0,0.0514786418400876
5623,"A green street sign that reads "" Pike "" hanging from a pole.",mscoco,2466,690445,0.05,0.53125
5624,A young child sits in a chair eating food.,mscoco,3310,814881,0.35,0.6666666666666666
5625,A bathroom that is heavily decorated with wood.,mscoco,1413,505147,0.35,1.0
5626,A narrow gap between two buildings with a clock tower in the middle,mscoco,3150,534534,0.1,0.23809523809523805
5627,A small bowl of oranges on a table.,mscoco,3503,113549,0.7,1.0
5628,a young woman is playing with a red umbrella,mscoco,1438,712560,0.0,0.018947863951982998
5629,A man holding a kite in a park ,mscoco,5180,588310,0.55,0.75
5630,Three men sit at a conference discussing a topic,mscoco,5294,310927,0.05,0.1813725490196078
5631,Boy preparing throw a frisbee at night on red sand,mscoco,5740,568761,0.1,1.0
5632,A baseball player running towards base while the baseman is waiting to catch the baseball. ,mscoco,964,355500,0.15000000000000002,0.225
5633,The large electronic toilet has a label on the back of the seat.,mscoco,897,455542,0.6,0.75
5634,A toilet in a small tiled bathroom with white walls.,mscoco,4462,751297,0.30000000000000004,0.6666666666666666
5635,Motorcycle parked perpendicular on side of city street at night.,mscoco,5467,657154,0.15000000000000002,0.375
5636,A prepared meal is sitting on a table.,mscoco,1205,803686,0.0,0.02765151515151515
5637,Two Siamese cats rest on a pink blanket.,mscoco,4959,683960,0.1,1.0
5638,Renovations being performed on the interior of a house. ,mscoco,3029,501553,0.2,0.625
5639,Arrangement of small white flowers and conifer branches in a vase.,mscoco,1773,555151,0.05,0.5384615384615384
5640,A small bathroom with a cabinet over the toilet,mscoco,1457,688645,0.30000000000000004,0.5714285714285714
5641,A woman in white shirt looking at a piece of cake on white plate.,mscoco,4813,357216,0.15000000000000002,0.75
5642,"A display of white and red teddy bears that say ""I love you"".",mscoco,2017,40295,0.1,1.0
5643,An elephant lifts a chained metal can with its trunk.,mscoco,5647,697213,0.05,0.5454545454545454
5644,A plate of broccoli and carrots on a table.,mscoco,1436,431632,0.30000000000000004,0.625
5645,Child at bat in Little League baseball while teammate watches from first base.,mscoco,4572,131929,0.0,0.030019493177387897
5646,A group of giraffe standing next to a wooden fence.,mscoco,730,583583,0.5,0.75
5647,a white vase with some yellow and white flowers,mscoco,2278,546688,0.2,0.75
5648,"If you need a toilet, there are a couple on the curb.",mscoco,5968,603658,0.15000000000000002,0.3125
5649,A gray haired man is wearing a blue shirt and has a tie draped around his neck.,mscoco,316,496526,0.1,0.55
5650,A corner of street with a building showing a bowling pin.,mscoco,3570,372830,0.0,0.0422253258845437
5651,A doughnut that is in pieces on a plate.,mscoco,305,517939,0.2,1.0
5652,A baseball player holding a bat on a field.,mscoco,4209,217326,0.65,0.6
5653,Wet elephants shake water onto people bathing them.,mscoco,2560,17132,0.25,0.625
5654,Computer equipment sits on shelves of a desk. ,mscoco,5636,103684,0.45,0.41666666666666663
5655,Small multicolored airplane sitting on a landing strip.,mscoco,3165,325255,0.25,0.75
5656,An electric commuter train coming in to the station,mscoco,1322,332186,0.25,0.375
5657,A woman holding a video game controller and grinning.,mscoco,2872,286515,0.5,1.0
5658,A man and dog in a frisbee competition.,mscoco,2959,734557,0.7,1.0
5659,An adult and a juvenile zebra graze in a green field.,mscoco,2661,417621,0.1,0.5172413793103448
5660,"Closeup of a small pizza with mushrooms, broccoli and cheese.",mscoco,2779,257129,0.0,0.0261728395061728
5661,A woman smiles while holding a beverage near various donuts.,mscoco,733,343239,0.1,1.0
5662,The stop sign is posted beside a busy city street.,mscoco,4699,555427,0.15000000000000002,0.3214285714285714
5663,Group of giraffes standing on grassy field in open enclosure. ,mscoco,982,814250,0.25,0.3333333333333333
5664,A pizza sitting on top of a white plate.,mscoco,5746,766828,0.7,1.0
5665,A heard of dairy cows photographed in black and white.,mscoco,3064,312983,0.30000000000000004,0.75
5666,Two kids on a tennis court playing tennis,mscoco,406,132621,0.4,0.75
5667,Four mini pizzas on a plate by a wine glass.,mscoco,3019,153635,0.1,0.75
5668,Several police officers on motorcycles parked on the street.,mscoco,2386,443734,0.0,0.034647550776583
5669,The four men are performing in costumes. ,mscoco,1738,385848,0.1,0.6666666666666666
5670,Two men walking with surfboards under their arms.,mscoco,3197,302740,0.6499999999999999,1.0
5671,Woman with cell phone posing on city street at night.,mscoco,2293,554976,0.1,0.1964285714285714
5672,A man and woman posing for a photo with a cake.,mscoco,2002,513237,0.44999999999999996,0.75
5673,A bathroom that has a large window in it.,mscoco,1620,350548,0.4,0.625
5674,A man in a red baseball cap and sunglasses eating a slice of cheese pizza on a plate. ,mscoco,4605,486544,0.1,1.0
5675,Two brown and white cows graze in a pasture,mscoco,4327,304036,0.05,0.125
5676,A blue sake pitcher sits by two cups,mscoco,591,19704,0.1,1.0
5677,A dark blue vase with clear handles holds green foliage.,mscoco,1169,758079,0.1,1.0
5678,A person on a surfboard in the water.,mscoco,613,449068,0.1,0.5555555555555556
5679,A fire hydrant that has been painted white and orange.,mscoco,4983,788729,0.2,0.5
5680,Cut up pictures of plants from magazines and a pair of scissors.,mscoco,2646,713373,0.1,1.0
5681,A woman is playing Frisbee with a dog.,mscoco,2952,452049,0.35,0.5714285714285714
5682,Old dark painted locomotive near yellow painted boxcar on next track.,mscoco,5059,232695,0.0,0.009837962962962899
5683,Young snowboarder on shallow slope with snow and others,mscoco,4945,782964,0.05,0.25306748466257667
5684,A boy smiles while eating pizza at a table with his friend.,mscoco,2605,22498,0.25,0.625
5685,A woman playing tennis on a clay court.,mscoco,2372,15389,0.25,0.6
5686,A group of people riding skis down a snow covered slope.,mscoco,3011,803489,0.35,0.5625
5687,A red motorcycle parked in a parking lot.,mscoco,764,254408,0.6,1.0
5688,A toilet that has the seat up in a bathroom.,mscoco,3595,749110,0.4,0.26666666666666666
5689,Lettuce and dried fruit sit in bowls on a table.,mscoco,3279,724599,0.1,0.23809523809523805
5690,a man that is skiing across some snow field,mscoco,5382,650595,0.15000000000000002,1.0
5691,A close up of an Apple keyboard and wireless mouse.,mscoco,2542,163215,0.25,0.6666666666666666
5692,Tampa Rays baseball player high fives his teammate.,mscoco,5081,7602,0.05,0.5021645021645021
5693,A skateboarder jumps off the end of a high ramp on his board.,mscoco,4286,679328,0.2,0.5
5694,a man standing in his kitchen in the middle of reading a magazine,mscoco,215,512860,0.1,0.5113636363636364
5695,A busy city street with traffic passing a warning sign.,mscoco,1323,310021,0.0,0.01162860721684245
5696,The view of a kitchen that has an island with a bowl of fruit.,mscoco,4926,203766,0.05,0.17176870748299317
5697,"A pair of scissors, measuring tape, ruler and hole punch on a table.",mscoco,3853,804130,0.1,0.5227272727272727
5698,A skateboarder in mid air performing a trick.,mscoco,3477,38602,0.25,1.0
5699,Several shopping bags are sitting on a blue bench.,mscoco,1746,606270,0.1,1.0
5700,An assortment of doughnuts are arranged in a box.,mscoco,528,690387,0.9,1.0
5701,"A bike that has ""Bike And Destroy"" written on it's side.",mscoco,4682,495562,0.1,0.6666666666666666
5702,An elephant under the sea.,drawbench,32,32,0.0,0.0
5703,A tennis player hits the ball while the crowd watches,mscoco,3680,674940,0.2,0.29166666666666663
5704,A poodle and a another hairy dog are playing with each other.,mscoco,5370,639222,0.25,1.0
5705,A three wheel motor bike parked next to a motorcycle on a side walk. ,mscoco,4542,478364,0.0,0.02896825396825395
5706,A skier in red leaving a starting area at The Olympics.,mscoco,5879,39439,0.05,0.19999999999999996
5707,Two blue and black parking meters sitting on a sidewalk.,mscoco,2484,83152,0.1,1.0
5708,A snowy city street with a french stop sign.,mscoco,3835,732095,0.05,0.5333333333333333
5709,A girl flying a yellow kite on a field. ,mscoco,22,27533,0.05,0.2833333333333333
5710,View of a bathroom vanity and mirror with a closed box sitting on top.,mscoco,4778,485567,0.1,0.5625
5711,A group of people sit at tables to eat a Christmas meal.,mscoco,5470,137544,0.1,0.5555555555555556
5712,A table with red and blue table cloth and yellow tulips,mscoco,1730,333855,0.2,1.0
5713,A green bus that is parked in front of other buses.,mscoco,5405,415470,0.4,0.5833333333333333
5714,A man in a suit posing for a picture.,mscoco,1018,18458,0.55,0.75
5715,A man on a bicycle with a dog sitting in the back of the bike.,mscoco,2645,331173,0.25,0.3055555555555556
5716,A deep dish pizza on a table with two plates and drinking glasses,mscoco,394,772866,0.05,0.10096153846153845
5717,"Bunches of carrots, beets, radishes, and multiple lettuces displayed on a table.",mscoco,5972,455264,0.1,0.14015151515151514
5718,Outdoor table with electronic scale next to phone near food items.,mscoco,5767,777190,0.1,0.55
5719,A display of teddy bears are on an outdoor blanket.,mscoco,1085,403908,0.0,0.0215201465201465
5720,two people standing near a table cutting a cake ,mscoco,5981,781417,0.65,1.0
5721,A cat examines a bag while standing on a suitcase.,mscoco,79,490280,0.1,0.75
5722,A man is standing looking at a cell phone near a cell phone advertisement.,mscoco,3775,304256,0.05,0.0906593406593406
5723,A box of doughnuts next to a coffee cup and sports drink.,mscoco,543,461425,0.1,0.75
5724,A red double decker bus driving down a street.,mscoco,1283,622697,0.8500000000000001,1.0
5725,"A long marble like bath room vanity with a stool, two sink basins with mirrors and lights over them",mscoco,4136,5795,0.0,0.021666158071406698
5726,A tennis player with a cap holding a racket,mscoco,1739,667388,0.1,0.24999999999999994
5727,This is an empty kitchen with white cabinets and an oven.,mscoco,4038,107909,0.05,0.0731382978723404
5728,Foreign bathroom shows that toilet is simply a hole in a box,mscoco,5019,356935,0.0,0.0476669348350764
5729,A white bird flying over a large body of water.,mscoco,5614,566924,0.7,1.0
5730,Three people on skis and snowboards pose near a snowy mountain.,mscoco,3286,258868,0.6,1.0
5731,A young man is in the air on a skateboard.,mscoco,4227,114145,0.3,0.5625
5732,A group of people walking outside of a building with a clock tower in the background.,mscoco,369,189932,0.05,0.5087719298245614
5733,A blueberry pie containing natural ingredients and baked crust.,mscoco,3079,6139,0.05,0.16666666666666666
5734,A dog sitting on the floor near two wooden chairs sitting at a wooden desk.,mscoco,400,310783,0.05,0.09545454545454546
5735,A display of different vegetables is seen in a store.,mscoco,3169,714197,0.9,1.0
5736,A view of a city street through the windshield of a vehicle.,mscoco,1508,313837,0.4,1.0
5737,A black bear is eating red berries by some grass.,mscoco,3066,384339,0.25,0.41666666666666663
5738,A woman with a pink umbrella walks past a storefront.,mscoco,5415,579791,0.15000000000000002,0.5714285714285714
5739,One teammate grabs a bat while waiting with other teammates.,mscoco,4250,483005,0.05,0.057178932178932156
5740,A man in a brown shirt is playing a video game. ,mscoco,4798,466531,0.1,0.20833333333333331
5741,A baseball player swinging a bat over home plate.,mscoco,1968,453929,0.3,0.29166666666666663
5742,A child eating a snack at a table,mscoco,3297,366,0.6499999999999999,0.75
5743,a bouquet of flowers on a church pulpit,mscoco,3205,293550,0.1,0.75
5744,A toddler playing with a red digital camera.,mscoco,3736,377409,0.05,0.5384615384615384
5745,A big sandwich sits on a plate with some french fries.,mscoco,310,82743,0.4,0.3214285714285714
5746,A formation of fighter jets flying through a blue sky.,mscoco,5533,712478,0.75,1.0
5747,two decorated doughnuts sitting on wrappers next to a cup of coffee,mscoco,5278,695152,0.2,0.6
5748,A person is skiing down a snowy slope.,mscoco,3851,786185,0.55,1.0
5749,Three horses ridden by jockeys in a close race.,mscoco,5761,299543,0.3,0.5357142857142857
5750,A bird perched on top of a tree branch.,mscoco,4683,721687,1.0,1.0
5751,Two cows are walking along a rocky landscape.,mscoco,1129,260039,0.05,0.13520408163265304
5752,A girl with a happy look holding a teddy bear on a trampoline.,mscoco,3795,452570,0.1,1.0
5753,An empty bottle sitting on a picnic table.,mscoco,5685,532846,0.1,0.75
5754,A woman and a man play a game on the Wii console as friends look on.,mscoco,2540,164110,0.0,0.04390681003584225
5755,some people on a street and two policemen on horses,mscoco,4600,403106,0.4,0.625
5756,A man and a woman take a horse and carriage ride down the street.,mscoco,835,649750,0.2,0.6
5757,Several bicycles parked by the side of a road.,mscoco,291,70484,0.7,1.0
5758,Two giraffes in a fenced enclosure with tall trees.,mscoco,1384,53656,0.44999999999999996,0.6
5759,"A brown, white and black bird in grassy area next to rocks.",mscoco,2973,409381,0.35,0.6
5760,A blue bowl with bananas and oatmeal and milk.,mscoco,2076,107178,0.2,0.75
5761,Two zebras standing in the shade in an enclosure.,mscoco,2577,47756,0.0,0.062030075187969894
5762,A round white plate has healthy food and a side of nuts.,mscoco,4241,82417,0.0,0.0205599104143337
5763,A chili dog is sitting on a table.,mscoco,5342,131977,0.1,0.1875
5764,A black motorcycle is parked on a street corner.,mscoco,917,475323,0.05,0.52
5765,a tall clock tower with buildings near by,mscoco,4240,262059,0.3,0.6
5766,A man standing next to a woman on a tennis court.,mscoco,5696,732951,0.8,0.75
5767,A dessert is displayed on a plate on a table.,mscoco,1374,760367,0.45,0.75
5768,A living room with a fire place and brown couch and tv,mscoco,5515,669898,0.15000000000000002,0.55
5769,Woman at kitchen counter cutting up a fish.,mscoco,4727,499415,0.1,0.1125
5770,a snowy hill surrounded by some clouds ,mscoco,719,790196,0.05,0.10084033613445374
5771,A kitchen with a wooden floor and white cabinets.,mscoco,4381,219050,0.35,0.6666666666666666
5772,A woman sitting on a bus while holding a brown dog.,mscoco,3311,509481,0.1,0.75
5773,Skateboarder at ninety degree angle at skate park. ,mscoco,4047,742479,0.25,1.0
5774,Two giraffes next to palm tree in outdoor field.,mscoco,2545,230955,0.1,0.3333333333333333
5775,a person is holding a gray and white cat next to a plate of food,mscoco,2856,123329,0.15000000000000002,0.75
5776,A tabby cat is laying in a very decorative case with handle.,mscoco,819,528744,0.1,0.75
5777,Family room with various furniture and lit fireplace.,mscoco,3608,10849,0.1,0.13970588235294115
5778,Three horses covered in blankets are walking through a field.,mscoco,4950,635394,0.05,0.5128205128205128
5779,A police officer patrolling on a motorcycle driving down the street.,mscoco,4536,14448,0.7,1.0
5780,A plane is flying in the evening sky.,mscoco,1263,659470,0.15000000000000002,0.26666666666666666
5781,A living room is pictured with a variety of chairs and sliding doors. ,mscoco,1351,280209,0.0,0.0385232744783306
5782,A man with a surfboard wading into the ocean while a woman sits on the beach watching.,mscoco,4910,245680,0.05,0.051865671641791004
5783,a red clock hanging on the side of a building,mscoco,4918,716436,0.25,0.375
5784,A giraffe walks by a fallen tree beside a lake.,mscoco,4985,682115,0.1,1.0
5785,A fenced hilly green pasture with sheep grazing on it.,mscoco,3247,654117,0.3,0.75
5786,a person wearing a suit and tie holding a shoe,mscoco,765,604352,0.1,1.0
5787,Close up view of a large sandwich and pickle on a plate.,mscoco,319,264567,0.15000000000000002,0.5833333333333333
5788,A clock is outside near a flag and a building.,mscoco,1251,739719,0.15,0.5227272727272727
5789,A man does a back flip as a skateboarder rides underneath him.,mscoco,3032,676960,0.0,0.02073365231259965
5790,Engine car of train traveling in industrial rail yard.,mscoco,4598,659077,0.1,0.5555555555555556
5791,a horse eating grass in a field behind a fence,mscoco,56,115826,0.25,1.0
5792,A glass vase filled with and assortment of of flowers,mscoco,5504,660912,0.15,0.2628205128205128
5793,Motorcyclist displaying skills in front of large crowd at outdoor event.,mscoco,3855,360103,0.15000000000000002,0.26666666666666666
5794,Man holding son at zoo pointing to a cow close by.,mscoco,3322,113144,0.1,1.0
5795,A traffic sign on dirt area next to curving road.,mscoco,2327,377456,0.25,0.75
5796,Two trains sitting next to a train platform.,mscoco,5599,354851,0.44999999999999996,0.6666666666666666
5797,Two women in tennis outfits are on a tennis court while one of the women holds out a racket as a ball is in the air.,mscoco,2470,115883,0.0,0.024065040650406502
5798,A group of teddy bears are on display at the store.,mscoco,586,794864,0.8500000000000001,0.75
5799,a fire hydrant with a hose by a short tree ,mscoco,4921,608645,0.0,0.0217875318066157
5800,A big pretty commercial plane on the runway.,mscoco,3404,571438,0.3,0.375
5801,A pitcher partly covers another baseball player during a game sponsored by Comcast.,mscoco,4584,336040,0.0,0.01559834267609065
5802,A little chihuahua puppy laying with his stuffed bear,mscoco,1880,57495,0.1,1.0
5803,Man eating a large slice of pizza off of paper plates.,mscoco,4800,411635,0.44999999999999996,0.375
5804,A black cat hides behind a person's legs with red knee socks and brown shoes.,mscoco,5118,488413,0.1,1.0
5805,Empty wooden bench with piles of twigs in front of some parked cars.,mscoco,5819,303742,0.1,0.375
5806,A black colored car.,drawbench,1,1,0.0,0.00047232607792555
5807,A clock tower with the clock lit up at dusk.,mscoco,5760,711239,0.5,0.75
5808,THIS IS A PHOTO OF SEVERAL CHILDREN PLAYING A GAME OF BASKETBALL,mscoco,2056,765247,0.35,0.75
5809,The couch with throw pillows and a quilt is against the wood paneled wall.,mscoco,1623,70558,0.1,0.55
5810,Three women are holding wine glasses and smiling.,mscoco,3776,511198,0.15000000000000002,1.0
5811,a large giraffe is standing near a tree,mscoco,832,791543,0.2,0.24999999999999994
5812,A rainbow birthday cake sitting on a decorative table cloth. ,mscoco,5033,508073,0.1,0.625
5813,A person flying through the air while riding a snowboard.,mscoco,3906,262985,0.44999999999999996,0.375
5814,two giraffes walking on the field besides big rocks,mscoco,5298,492550,0.45,1.0
5815,two giraffes walking in a field near many bushes ,mscoco,1555,817793,0.35,0.41666666666666663
5816,A person cuts a pizza with a pizza cutter. ,mscoco,4088,555676,0.55,1.0
5817,A light plane sits on a sandy beach in front of ocean.,mscoco,4235,571513,0.2,1.0
5818,stop sign at an intersection of silver and richmond,mscoco,1779,747180,0.05,0.10155763239875386
5819,A child smiles in front of a container of carrots with a stuffed rabbit.,mscoco,5440,658155,0.1,1.0
5820,A black and white dog sitting next to a yellow fire hydrant.,mscoco,2283,589180,0.1,0.625
5821,Various sizes and colors of tagged and bundled luggage.,mscoco,3524,10642,0.1,0.29166666666666663
5822,Tennis player in white prepares to hit the ball. ,mscoco,2368,78318,0.2,0.41666666666666663
5823,A man in a full wetsuit surfing along a wave.,mscoco,332,815986,0.35,0.5238095238095238
5824,There is a picture hanging over the toilet.,mscoco,5621,786005,0.8,1.0
5825,A basket of large carrots next to a box of bell peppers.,mscoco,1985,462177,0.1,1.0
5826,A red fire hydrant beside a a small construction barrier.,mscoco,404,514440,0.05,0.5017543859649123
5827,A man in yellow shirt playing a game with Nintendo Wii controller.,mscoco,2315,406408,0.1,0.28846153846153844
5828,A child eating a slice of pizza at a table.,mscoco,4455,46856,0.8,1.0
5829,Many spoons are inside of a clear jar.,mscoco,1319,504625,0.05,0.5076923076923077
5830,Two brown bears meet while swimming in muddy water.,mscoco,4905,616216,0.2,0.375
5831,A young girl is riding on a skateboard.,mscoco,4356,92962,0.44999999999999996,0.5714285714285714
5832,An assortment of doughnuts are laid out on display.,mscoco,2997,736933,0.8,0.75
5833,A long dark wood dining table and matching chairs is the focal point of a sunlight dining room. ,mscoco,5287,534576,0.2,1.0
5834,A small boy holding a stuffed animal in his arm.,mscoco,3857,70718,0.44999999999999996,0.41666666666666663
5835,A group of people sitting in living are next to an entertainment unit.,mscoco,716,280794,0.05,0.5055555555555555
5836,A man is riding a 4-wheeled skateboard in a road. ,mscoco,5511,626701,0.45,0.41666666666666663
5837,A yellow hanging stop light surrounded by buildings.,mscoco,2404,351918,0.0,0.0406839622641509
5838,A child on a skateboard is performing a trick on a slab.,mscoco,1760,450244,0.05,0.13257575757575754
5839,"A batter, catcher and umpire during a baseball game.",mscoco,251,308143,0.25,0.3214285714285714
5840,a female playing tennis on a clay court.,mscoco,5995,51091,0.05,0.07478632478632476
5841,two young children sitting in a chair by a big teddy bear,mscoco,4471,371327,0.1,0.1833333333333333
5842,"A cheeseburger sits on a white plate, next to a drink in a Dunkin Donuts cup.",mscoco,5800,59259,0.1,0.5555555555555556
5843,The woman smiles as she digs into a salad with a knife and fork.,mscoco,5814,462625,0.1,0.5714285714285714
5844,A red double decker bus on a busy street.,mscoco,669,292443,0.75,1.0
5845,A bus and cars wait at a city intersection.,mscoco,5801,381031,0.15,0.19999999999999996
5846,A park bench sits empty in a grassy field and mountain with wild animals in the background.,mscoco,1722,591347,0.25,0.75
5847,"An orange, red and white bus with chrome rims.",mscoco,4775,532370,0.1,0.75
5848,a small airplane sitting in the middle of an airstrip in a field,mscoco,15,321774,0.0,0.04999999999999995
5849,A man in a party hat sits at a table talking on a cell phone.,mscoco,1235,709485,0.1,0.625
5850,"A double decker bus painted whit, purple and red",mscoco,5267,166057,0.2,0.5555555555555556
5851,A glossy black refrigerator is inside a wooden cabinet.,mscoco,2200,179244,0.35,0.35
5852,A herd of sheep grazing on a lush green field.,mscoco,3759,456625,0.75,0.75
5853,The cupcake is decorated with a red and white bow.,mscoco,5869,790946,0.1,1.0
5854,a man and woman smile while both holding a bag.,mscoco,3785,320713,0.05,0.2504849660523763
5855,A remote and a cell phone laying on a table.,mscoco,1789,105733,0.05,0.1047619047619047
5856,a large blue umbrella and chair on a beach,mscoco,2873,135579,0.35,1.0
5857,A cat perched on a toilet seat looking down at the floor,mscoco,3689,357066,0.05,0.5108695652173914
5858,The small train is stopped at the station.,mscoco,738,629957,0.0,0.0531674208144796
5859,An empty street intersection on a foggy day.,mscoco,1186,217854,0.1,0.5833333333333333
5860,A building has a row of windows and a clock tower behind it.,mscoco,5082,190834,0.15000000000000002,0.6
5861,people walking on the sand of a beach shoreline beneath flying kites.,mscoco,3746,249067,0.6,0.75
5862,A large clock tower with a concrete design.,mscoco,2066,819525,0.1,0.0941558441558441
5863,A large open bathroom with tile floors and shower,mscoco,3627,409649,0.0,0.00959708778025975
5864,A person is on snow skis on a mountain top.,mscoco,882,536118,0.39999999999999997,0.5714285714285714
5865,a tennis player with a racket on the court,mscoco,2376,569694,0.65,0.5
5866,Two young men preparing food in a kitchen.,mscoco,3712,419975,0.1,0.12499999999999994
5867,Two giraffes grazing on leaves out of trees.,mscoco,646,159156,0.2,0.26666666666666666
5868,The airplane with two large engines is parked on the beach. ,mscoco,1345,749845,0.05,0.10152905198776756
5869,a close up of a person riding skis on a body of water ,mscoco,204,609627,0.2,0.625
5870,View of a baseball game from behind the catcher during a pitch.,mscoco,1310,549,0.05,0.5454545454545454
5871,An overhead view shows busses parked in a parking lot.,mscoco,4655,72805,0.5,1.0
5872,A group of people riding down a river in a boat.,mscoco,1050,199572,0.65,0.6666666666666666
5873,Two sheep walking across a dirt road near a green field.,mscoco,4027,338747,0.4,1.0
5874,A man in blue shirt and white shorts playing tennis.,mscoco,4438,302782,0.05,0.0692307692307692
5875,BUSINESS LOOKING PERSON HOLDING A CELL PHONE TO HIS EAR,mscoco,4031,278327,0.25,1.0
5876,Man sitting at an outside table with a plate of food and bottle of soda.,mscoco,4841,282332,0.15000000000000002,0.75
5877,A dusk view of the city center focused on the statue of a man on a horse. ,mscoco,3710,345268,0.1,1.0
5878,"a brightly lit kitchen with the stove, cabinets, and kitchen table",mscoco,3421,591226,0.05,0.0763157894736842
5879,A large clock sitting above a red Samuel Cooper sign.,mscoco,3920,600618,0.1,0.75
5880,The kitchen is clean with shiny floors and appliances.,mscoco,519,414380,0.05,0.1477272727272727
5881,Michael Jackson hat and glove to celebrate a birthday.,mscoco,5279,356958,0.1,1.0
5882,Many differently colored pots are displayed for sale.,mscoco,3673,416576,0.1,0.5714285714285714
5883,A close up image of a cat looking outside.,mscoco,4379,444852,0.5,1.0
5884,A clear glass bowl with an orange and an apple in it.,mscoco,4080,797244,0.05,0.5357142857142857
5885,A black and white cow nudging heads with a black cow.,mscoco,2314,88477,0.05,0.09126984126984125
5886,Several people are sitting at a beach with a large red flag in the middle.,mscoco,177,634898,0.1,0.5833333333333333
5887,Two skiers are skiing down the snowy mountain.,mscoco,2411,131020,0.44999999999999996,0.375
5888,Man on motorcycle near car in old photograph.,mscoco,3418,744017,0.0,0.06818181818181815
5889,A red fire hydrant on a sidewalk with a plant growing underneath.,mscoco,313,718115,0.05,0.0702614379084967
5890,A man throwing a red frisbee while standing in a park.,mscoco,3713,97313,0.0,0.0382205513784461
5891,A white double layered cake is on a striped tablecloth.,mscoco,2174,54588,0.1,0.3214285714285714
5892,A street scene with people walking and a man on a moped.,mscoco,3059,340357,0.0,0.0263337893296853
5893,Cell phone held up to strange contraption which reads Linda.,mscoco,4946,735134,0.05,0.09774436090225559
5894,A small boy and girl sit on a bench. ,mscoco,566,270577,0.25,1.0
5895,A man running to the net during a tennis game ,mscoco,5422,466828,0.0,0.0492277992277992
5896,A young girl is brushing her teeth in the mirror.,mscoco,4703,176512,0.15000000000000002,0.41666666666666663
5897,A large handicapped toilet area with several assistive devices.,mscoco,2719,297454,0.2,1.0
5898,"An outdoor table with an umbrella, covered in plastic.",mscoco,3271,564520,0.1,0.41666666666666663
5899,Single pink rose displayed in glass bowl  next to wall.,mscoco,5475,582148,0.25,0.41666666666666663
5900,Motor boats parked near a dock in a marina.,mscoco,2286,415426,0.15000000000000002,0.1833333333333333
5901,A group of kids playing soccer in a field.,mscoco,1822,527643,0.6,1.0
5902,Many stuffed bears wearing scarves and hats on a shelf.,mscoco,4817,648161,0.3,1.0
5903,"Shelves in a dorm room, with knickknacks such as a photograph, a lamp, and a lucky cat figurine.",mscoco,5867,144019,0.05,0.5038167938931297
5904,a room showing a kitchen with a microwave and a cooker,mscoco,2126,551159,0.5,0.75
5905,A man rides the top of the bowl at an indoor skate park,mscoco,2820,623466,0.0,0.0871212121212121
5906,Two suitcases that are sitting on a floor.,mscoco,2357,611202,0.2,0.41666666666666663
5907,A baseball game is in action as a batter swings.,mscoco,4224,372174,0.25,0.3333333333333333
5908,Group of sailboats during race on open waterway.,mscoco,4871,748277,0.4,1.0
5909,A room is a combination living room and kitchen.,mscoco,4927,426232,0.35,0.75
5910,A man holding a kite while a girl tries to fly it.,mscoco,93,61643,0.0,0.0205254515599343
5911,A glass display case contains wooden boxes and trinkets like flasks and pocket knives. ,mscoco,5550,78735,0.1,1.0
5912,Older motorcycle displayed on grass along with several old cars.,mscoco,1586,664541,0.15000000000000002,1.0
5913,Horse pulling carriage with two men followed by mounted guard in uniform.,mscoco,5669,645326,0.1,0.5277777777777778
5914,"A sign on the side of a building reads ""Butternut""",mscoco,4730,444764,0.1,1.0
5915,A red and white train on tracks next to city at night.,mscoco,1113,587927,0.05,0.09642857142857139
5916,Flower gardens with sheep in center of circular display.,mscoco,241,766107,0.1,0.75
5917,A kitchen area of a home that has been cleaned.,mscoco,3693,761580,0.0,0.0769230769230769
5918,a man wearing a hat while riding a surfboard ,mscoco,5827,490980,0.15,0.53125
5919,A wooden table topped with three glass vases.,mscoco,1860,218837,0.05,0.5135135135135135
5920,A giraffe standing on top of a lush green field.,mscoco,3603,677048,0.55,1.0
5921,A baseball player currently in mid swing during a game.,mscoco,1545,24410,0.05,0.19444444444444442
5922,There is a toilet and a bath tub that us in the room,mscoco,5813,607855,0.35,0.75
5923,Two small birds sitting on a piece of wood,mscoco,3108,33737,0.30000000000000004,1.0
5924,A black cat laying next to a brown dog on  a bed.,mscoco,1776,721714,0.15000000000000002,0.6666666666666666
5925,A sea foam green vase with flowers in it,mscoco,2871,466931,0.35,0.24999999999999994
5926,a woman sitting at a wooden dining table eating french fries.,mscoco,4772,248202,0.05,0.2692307692307692
5927,A soccer player prepares to kick the ball.,mscoco,595,678388,0.6000000000000001,1.0
5928,a cake in the shape of a train with a number two candle,mscoco,3267,2590,0.05,0.12878787878787876
5929,A open laptop sits on a desk in an office.,mscoco,5097,412878,0.0,0.0419580419580419
5930,"A white, blue and red jet airliner on runway next to grass.",mscoco,3133,346615,0.05,0.10795454545454544
5931,The contemporary living room has clean lines and furnishings.,mscoco,3794,734359,0.0,0.06926406926406925
5932,A street lamp is lit near a tall clock tower.,mscoco,4245,433059,0.05,0.07478632478632476
5933,A man in a yellow jacket is shopping along a busy street in an Asian neighborhood. ,mscoco,5064,278130,0.1,0.6666666666666666
5934,A pink colored car.,drawbench,2,2,0.0,0.0028386412370611496
5935,A water area with a small boat in the water and a red and colored sky.,mscoco,2413,398091,0.1,0.15555555555555556
5936,A toilet with a speedometer on top of it,mscoco,4169,289063,0.1,1.0
5937,A group of people are sitting together at a table.,mscoco,2070,469808,0.8,1.0
5938,A large bathroom has white walls and cabinets and blue wall tiles and countertops.,mscoco,3429,515584,0.05,0.5119047619047619
5939,"Colorful patches, scissors, yarn, paper, and glue sitting on a table. ",mscoco,5031,246516,0.1,0.12698412698412695
5940,A person on a blue bench wearing patterned socks.,mscoco,36,204488,0.1,1.0
5941,A woman on a court with a tennis racket.,mscoco,2722,385410,0.7,0.75
5942,Two people are walking on a beach with a large kite.,mscoco,3490,828861,0.05,0.18939393939393936
5943,two donuts with sprinkles one is pink and one is purple,mscoco,4394,190303,0.1,1.0
5944,a cat laying on a back pack in a bed room,mscoco,2205,697878,0.15000000000000002,0.5
5945,A white refrigerator with two doors and a basket sitting on top of it.,mscoco,4351,758876,0.1,0.2222222222222222
5946,A crowd is walking in the outdoor plaza.,mscoco,2926,782341,0.05,0.08888888888888885
5947,Assortment of small boats anchored in water way.,mscoco,5198,726018,0.5,1.0
5948,A woman in pink shirt and white skirt playing tennis.,mscoco,3494,382402,0.1,0.16346153846153844
5949,A giraffe stands on a path on the grass.,mscoco,206,442696,0.1,0.09999999999999995
5950,"a computer work station with a printer, computer monitor, mouse, keyboard, and various books and materials",mscoco,4827,513106,0.35,0.625
5951,Urban commuter bus at bus stop on city road.,mscoco,2579,642186,0.05,0.5022727272727272
5952,College students use their phones and laptops during a graduation ceremony.,mscoco,4859,41730,0.15000000000000002,0.625
5953,A red fire hydrant in grassy area next to street.,mscoco,1043,433514,0.4,0.75
5954,A bed with a headboard and footboard and a red bedspread.,mscoco,4675,734622,0.1,0.35
5955,Asian man in glasses holding two colorful mobile phone cases,mscoco,5419,535610,0.2,1.0
5956,Several men talking to each other over a dinner table.,mscoco,3499,178221,0.2,0.3333333333333333
5957,An Amtrak train  is parked beneath a walkway.,mscoco,155,22986,0.30000000000000004,0.6
5958,A young man wearing a headband is on his skateboard.,mscoco,4016,69762,0.05,0.5002732240437158
5959,A batter in a baseball game is swinging at the ball.,mscoco,2010,748744,0.35,0.6
5960,Man leaning with hot dog on plate on beach,mscoco,2816,377319,0.1,1.0
5961,A cat standing on a table in front of a TV.,mscoco,1570,70327,0.25,0.1875
5962,A dog at the beach with seagulls flying in the background.,mscoco,577,574964,0.1,0.5714285714285714
5963,Several cows graze in a grassy area near a mountain.,mscoco,5788,757605,0.55,0.75
5964,"Cat lounging next to a window, eyeing photographer.",mscoco,1403,522124,0.0,0.037426900584795295
5965,The woman is riding a horse around a ring.,mscoco,866,398648,0.05,0.08451257861635215
5966,"A person dressed in an all white snow outfit on skis and holding ski poles, while standing on a snow covered ground.",mscoco,5512,703920,0.1,0.5454545454545454
5967,"Scissors, material, thread and hoop to do a needlepoint project.",mscoco,3878,262257,0.1,0.3125
5968,A white stove top oven sitting next to a  refrigerator freezer.,mscoco,4892,548476,0.4,0.6666666666666666
5969,A clock on tower on top of a train station.,mscoco,3505,337602,0.05,0.0635135135135135
5970,Large building with a large clock and bell on the very top. ,mscoco,5530,267522,0.05,0.2857142857142857
5971,A pitcher in big league baseball game has just thrown a pitch to the batter. ,mscoco,4219,649608,0.3,0.29166666666666663
5972,Two horses with chain mail hats pulling a carriage. ,mscoco,2744,512180,0.15000000000000002,0.3333333333333333
5973, A bus terminal with four buses parked outside.,mscoco,4447,133529,0.15000000000000002,0.6666666666666666
5974,"A steak with sauce, brocolli and mashed potatoes on a plate.",mscoco,1867,442046,0.0,0.03888888888888885
5975,"A team playing ultimate frisbee in a field
",mscoco,516,650517,0.45,0.75
5976,A photo of a bedroom with a computer set up.,mscoco,3263,77901,0.35,0.625
5977,Four people stand near a pool table while playing the Wii.,mscoco,5584,390716,0.05,0.5227272727272727
5978,An antique black train near a train platform.,mscoco,3053,721805,0.1,0.09191176470588235
5979,a tennis player swinging his racket to hit the ball,mscoco,1825,550188,0.25,0.1964285714285714
5980,A small dog is standing under an umbrella on the grass.,mscoco,5943,300556,0.1,1.0
5981,A motorcycle and several cars are stopped at an intersection.,mscoco,3947,623640,0.25,0.5714285714285714
5982,Three zebras standing on a dirt road among trees.,mscoco,1100,271185,0.1,0.5714285714285714
5983,A young man skates on his skateboard along the concrete walls of a fountain.,mscoco,1785,492854,0.0,0.069047619047619
5984,A person doing skate tricks in a skate park,mscoco,1083,112685,0.25,0.29166666666666663
5985,Classic red car with leather suitcase attached to rack.,mscoco,3634,646141,0.1,1.0
5986,A batter is hitting from homeplate at a basball game.,mscoco,5048,104798,0.2,0.23809523809523805
5987,A park with many trees and benches at night. ,mscoco,5590,510001,0.1,1.0
5988,People in a blue motor boat traveling in the water.,mscoco,4707,200520,0.15,0.2672413793103448
5989,A woman taking a picture of herself in a mirror.,mscoco,5812,745959,0.55,0.5555555555555556
5990,Snowboarder flying off a ramp at a ski resort,mscoco,5448,101289,0.05,0.5416666666666666
5991,A fire hydrant that is silver with a red top and sides. ,mscoco,5168,773600,0.15000000000000002,0.41666666666666663
5992,Oranges for sale are piled high in the box.,mscoco,2041,196878,0.55,0.5
5993,Two black and white cows grazing in the grass.,mscoco,5094,121901,0.1,1.0
5994,A snowboarder is in mid air against a bright blue sky.,mscoco,3384,18678,0.75,1.0
5995,A cat sits on a cafe chair with a handbag,mscoco,4419,185840,0.1,0.5833333333333333
5996,A abandoned refrigerator in an old abandoned building.,mscoco,1588,97422,0.75,1.0
5997,A white van next to docked airplane on lot.,mscoco,3285,10943,0.15,0.5125
5998,Shot of a bed with orange pillows and lamps on both sides of the bed.,mscoco,3902,159276,0.05,0.5081967213114754
5999,A man flying through the air on a snowboard.,mscoco,820,267134,0.55,0.6
6000,A man riding a skateboard down a street.,mscoco,4490,355336,0.55,0.625
6001,Two donuts rest alongside an ice tea on a picnic table.,mscoco,4049,140100,0.2,1.0
6002,Black truck parked beside a ship in the snow by itself. ,mscoco,3687,801443,0.1,1.0
6003,A man and a woman riding horses on a sandy beach.,mscoco,5920,123631,0.4,0.75
6004,A plate of cheese covered french fries and a sandwich on a white tablecloth.,mscoco,1955,633469,0.1,0.75
6005,A gray cat is laying inside of a box.,mscoco,375,210341,0.30000000000000004,1.0
6006,A boy practicing his skateboard skills on a public road area.,mscoco,5459,418468,0.25,0.6
6007,man in blue shirt sitting on couch with black cat,mscoco,3473,794258,0.1,0.75
6008,Close up of a giraffe eating leaves from a tree top,mscoco,2536,625052,0.3,0.75
6009,A woman with tennis racket and ball wearing all white. ,mscoco,4108,44128,0.05,0.2833333333333333
6010,"Two pictures, one featuring ingredients and the other is a milkshake.",mscoco,4961,132883,0.05,0.26
6011,People in a field lowering a plane onto a truck by crane. ,mscoco,4483,228994,0.1,0.75
6012,A group of people in a boat in a river ,mscoco,3953,602605,0.55,1.0
6013,A man wearing a helmet on top of a motorcycle.,mscoco,2020,751513,0.35,0.3
6014,large black and yellow passenger bus parked and travelers nearby,mscoco,2187,257548,0.1,0.3333333333333333
6015,A person riding a horse over a jump.,mscoco,257,688837,0.5,0.75
6016,A desk with various electronics and a computer with a screensaver,mscoco,485,582895,0.0,0.012558962264150899
6017,"A ""no right turn"" sign in a European city. ",mscoco,1680,739061,0.1,0.5416666666666666
6018,A stop sign painted on a wood pole.,mscoco,2226,735328,0.05,0.5053763440860215
6019,A person leaping and reaching to return volley in tennis game.,mscoco,4430,396768,0.35,0.41666666666666663
6020,The baseball player leans down to catch the ball.,mscoco,3593,821272,0.25,0.5263157894736842
6021,a man in a wetsuit riding a wave with a surfboard,mscoco,604,133908,0.2,0.55
6022,Several people with umbrellas waiting to cross the street.,mscoco,1465,665018,0.1,0.41666666666666663
6023,A white bus with red lettering is seen driving on the street,mscoco,4426,145439,0.1,0.75
6024,A NYPD security sign is next to a crosswalk.,mscoco,2109,445113,0.15000000000000002,0.3055555555555556
6025, A young lady with a helmet poses with a skateboard.,mscoco,323,530467,0.05,0.5294117647058824
6026,A baby elephant walking with two adult elephants.,mscoco,2573,765777,0.2,0.5833333333333333
6027,A sign points the direction that cars should travel. ,mscoco,1301,126847,0.1,0.5384615384615384
6028,A bathroom in the process of being remodeled,mscoco,4735,384755,0.35,0.225
6029,A cooked pizza on a tray has onion and mushroom topping.,mscoco,1705,448743,0.0,0.0200396825396825
6030,A tennis game with the player looking up .,mscoco,5455,339158,0.05,0.2692307692307692
6031,A Canadian North Airplane with a fuel truck beside it.,mscoco,3000,708380,0.1,0.5625
6032,some goats standing around by a fence ,mscoco,2829,753000,0.1,0.13888888888888884
6033,Large adult elephant standing in the bushes eating. ,mscoco,587,414657,0.0,0.023923444976076548
6034,A polar bear standing next to large rocks.,mscoco,3129,655711,0.8500000000000001,1.0
6035,a cheese pizza sitting on a table with a red and white tablecloth,mscoco,1601,755515,0.05,0.058030803080308
6036,A baseball player prepares to swing at a ball during a game. ,mscoco,5011,183919,0.15000000000000002,0.10555555555555556
6037,the birds are flying next to the boat ,mscoco,2078,637488,0.15,0.51
6038,Adult elephant with large carrier walking on roadway in native land.,mscoco,2093,557664,0.0,0.0240998838559814
6039,A baseball player takes a swing at a ball.,mscoco,1930,738944,0.2,0.6
6040,"A storefront sign that says, ""Mystic Blue Signs.""",mscoco,4423,393514,0.1,1.0
6041,Elephants stand together near a log in an enclosure. ,mscoco,3964,113229,0.4,0.29166666666666663
6042,A baby girl holding a brown teddy bear.,mscoco,4353,572369,0.3,0.41666666666666663
6043,Bathroom with Green Tiled shower and Red patterned Shower curtain.,mscoco,2034,103250,0.1,1.0
6044,Baseball player in an orange shirt holding a baseball bat.,mscoco,1835,559379,0.0,0.07417582417582415
6045,a group of people wearing ski equipment on a snowy field,mscoco,218,821410,0.35,0.29166666666666663
6046,Zebra and giraffe in close proximity surrounded by scrub trees.,mscoco,5109,481311,0.3,0.26111111111111107
6047,A person is catching a Frisbee in a park near a city.,mscoco,27,723110,0.05,0.10724637681159421
6048,A blue and red train sitting on a railroad track,mscoco,5307,110965,0.15000000000000002,0.2222222222222222
6049,Skiers standing on a ski slope in the snow. ,mscoco,777,102069,0.35,0.5555555555555556
6050,Oranges being cooked in a pot of boiling water.,mscoco,3231,4009,0.1,1.0
6051,Two cats and two dogs sitting on the grass.,drawbench,49,49,0.0,0.0
6052,Cars drive through green traffic lights in a snowy area. ,mscoco,5110,404879,0.2,0.5625
6053,"a group of elephants near a stream of water
",mscoco,5368,88629,0.8,0.75
6054,three people on bicycles lined up behind one another along a road.,mscoco,3451,64236,0.1,0.75
6055,A room contains three computer screens and many colorful posters.,mscoco,3245,473744,0.0,0.00497089117778765
6056,A black cat laying inside a bathroom sink.,mscoco,5069,310498,0.6,0.5
6057,A group of people sitting at a very long table with food.,mscoco,5444,565034,0.6,0.75
6058,A snack food delivery truck is parked on a city street.,mscoco,1743,66702,0.5,0.6666666666666666
6059,Adult cat lying on ornate cloth design piece of furniture.,mscoco,579,392047,0.45,1.0
6060,A baseball player is getting ready to hit a ball,mscoco,231,295961,0.2,0.1875
6061,A calico cat staring outside through a window.,mscoco,1768,11108,0.3,0.375
6062,A baseball player prepares to swing the bat to hit the ball. ,mscoco,2149,280907,0.30000000000000004,0.3125
6063,A street sign that is displaying two street names.,mscoco,1656,470308,0.4,0.6
6064,A man swings at a moving baseball during a baseball game.,mscoco,4566,739181,0.25,0.6
6065,Large personal sized pizza with Canadian bacon and pineapple. ,mscoco,5632,690476,0.15000000000000002,0.75
6066,Two people in black wetsuits surfing on surfboards.,mscoco,260,190196,0.30000000000000004,0.75
6067,A man standing on the train with a suitcase next to him.,mscoco,4087,618394,0.05,0.1145833333333333
6068,A cat lays on the floor playing with a toy.,mscoco,2539,736398,0.65,1.0
6069,A person performing a skateboarding trick on steps near a public building.,mscoco,471,175378,0.1,0.5151515151515151
6070,A banana in a bowl has writing on it.,mscoco,5145,175948,0.25,0.6666666666666666
6071,A side mirror of a vehicle showing a street sign.,mscoco,5786,563579,0.3,0.625
6072,The kitchen has beige walls and floor and oak woodwork.,mscoco,1232,365533,0.0,0.0236111111111111
6073,"A street vendor sells magazines, water, bananas etc.",mscoco,5770,593962,0.05,0.11515151515151516
6074,A bunch of white flowers sit in a vase.,mscoco,4842,365049,0.7,0.625
6075,A white speed boat on a lake next to a shore.,mscoco,3833,180451,0.15000000000000002,0.5555555555555556
6076,A view of a downtown restaurant front with signs advertising food. ,mscoco,2454,486730,0.0,0.02645611156685805
6077,A person poses while skiing in a field with hills in the background.,mscoco,1292,620095,0.15,0.5294117647058824
6078,A crowd of people skiing across a snow covered hill.,mscoco,5464,84961,0.85,0.75
6079,A large orange urn on the beach with a city in the background.,mscoco,2667,700358,0.1,1.0
